{"version":2,"hash":{"type":"Buffer","data":"QUXXheA1LhV+AHy2ojMlrAe/k1qXQIq2t504SBmhRSz+MGIo31W05kKlp32ku4dFBCOeDi4fakxhEPBZTpoka/GMBebhDJAFdpUfNEjEN7GcHNur85/JSBpNfCbIoiUaz/Aya6eQv8Ah+6Ij03XYS2KkcSQe/GLblmt1FR5aeMk="},"indexValueMap":{"mewAgbLtjMNoQyZje9+t8rQJWkb5E7Vp5QtBCd5a1po=":{"valueMac":{"type":"Buffer","data":"A1xJ07igKCzs/LmXpY1or86d8VbkpnM8WNFXVJKomHM="}},"HNzWyTrHGvQnmVDqPrr+LaVTzs6DczucYcOZ753xA30=":{"valueMac":{"type":"Buffer","data":"fHTQRjU0ejOrMlw+RtSGvh4HCcBYEqkxz9yPBOeRTFk="}}}}