{"version":6,"hash":{"type":"Buffer","data":"W00ViQdcaXcnQM9DDOB0oipN0PQ2g4UKBkTXb5IUa680VW8beLwpO6ivRNK90CPkRG32q488hc02yTKP1xWu5rHJt4flUFCJojOGxxLt6WsrXssX1XUIDn6hQggZ+sdVgWG+oVoKir3kmTuSDmUzekkNGbWFwoQ1FTQd6p9S064="},"indexValueMap":{"A/IalWxiw88kBSIn6kICCwOvjbV6Co7ieevbj0k8lmY=":{"valueMac":{"type":"Buffer","data":"1xs/m6Zkmv1MskY+K4rO0v9DlgMwWL+mnxm2GLSVqXU="}},"Bf5yMkxebZUd4zNs4MCrUeSHZGEbL1N3zpLVJpudVnk=":{"valueMac":{"type":"Buffer","data":"dWCJLt9cCSW8N67WuowxZ6wAIglccyHIw8JOWOazOMw="}},"CA5NKb7Xmea+bDyBrQD8P7SDxpCRTIrzh/KEZskRWsk=":{"valueMac":{"type":"Buffer","data":"EstP3DCc5pa5gXpW/+wj263NcRfxOvfycau/R3HsrQs="}},"Cnt3ucaNHIeyj9buUhA0jEC5Kz4+4O/8Wj1jRLm+a/I=":{"valueMac":{"type":"Buffer","data":"mqezQWZ0Q38wTb28CyGEh4fSvTGCbqFPzQRoXzAsvQ8="}},"En3+Kx+NIyyYtKmrWxo9z+oRJuTMJr5/clpQHiWC9zU=":{"valueMac":{"type":"Buffer","data":"K0iKAhHue5JGUrCt60cPgbG7/Ep4FqMGDJRckgvBCEw="}},"EzzKfaQrc9tur36RJLeZID1/cCZqP6QkEEdygNEyhYs=":{"valueMac":{"type":"Buffer","data":"AxuaIVAUr7KiyPbkDbV3utYL8ZfvehdLT60jro0wOKE="}},"FewgrabtlWuLjprAVRoo++u+I5p1v0CyRcPEh6ihhYI=":{"valueMac":{"type":"Buffer","data":"t1LFEFDi9E8TQ1eArTGlWTGBLVjHWMr7u/dZKVAzyTU="}},"F3zGDXJBguicvR41YTg24fN2E/yrN/aeragfYjuMyA8=":{"valueMac":{"type":"Buffer","data":"dWKlNuL1MEmPDnZJ5pgqUUIbIa+L4uy29+MmWYX48VI="}},"JL11vzgn5xOCQOmEOSkcePLWxJLcWyjBvj+m+WPbZRo=":{"valueMac":{"type":"Buffer","data":"pleoO+u1jh8IEvCiVHfbsBmgIRhe4uYhTUGhy7hPe98="}},"NQctBi5Z4cp6CmQlebMiOFpOQf/EDPWVeHC8+NV+gOs=":{"valueMac":{"type":"Buffer","data":"JrBRzDhDADLzAUVkPT5phW/9qMDJI6FUdd3jYKBvZQs="}},"N34bX60tgmuXtNFxWWjXVl9/VmGLy7iEIpnyX8ftf0o=":{"valueMac":{"type":"Buffer","data":"UCSNwxhHmjxxyK/E/P2i3iXiBnzRkI4ye1kA8kyEFPo="}},"PeHwbv/O/uruiE1+MM39dv7sZTJ8zutZUzCDDxHY30Q=":{"valueMac":{"type":"Buffer","data":"SoqtDdBuF10kbFD9IB7KSyxhlWhLTWgS1RzQGXtAsb0="}},"P0l0RuqncLy2h87PnTSrcdbYvt9QkystFGnZrVgZs7k=":{"valueMac":{"type":"Buffer","data":"NDuE4rTQNdM2S4mVFGDKCH8kWRlPXT50N45bNUpd19g="}},"RIFK6Rh8XWeYS7jsSdCH31qFsx9H9GcF8Jl+//4mh90=":{"valueMac":{"type":"Buffer","data":"b54yla79H2yvzg9OexhBTz6M2fCnhWzxKBUqAxX4vyM="}},"RzsjfJcCoUAOgLUEY7y2SubwYRggkwy9vbcH1+cH0RU=":{"valueMac":{"type":"Buffer","data":"TO/8HnGkS78G8PY0EDXj5z+03eKpesASv874OdzN00I="}},"SGfaCYK1tYDjN64GgSnadhMrxFeU4TzAnGJKEby0x8A=":{"valueMac":{"type":"Buffer","data":"S7ydwhwu27o6EsKCI3D3YlDtyW5XkBtgn+6MTeWieYg="}},"THli6jP/ODm7D2Z2K35utRV5VgGmJeqZTmCY2uNRF3w=":{"valueMac":{"type":"Buffer","data":"nCzHF19Nb/wM5BySDLLvQ34q0OEDsZDvNAIIsQ6C+zM="}},"TUCX//eFSXroFpK+9rvTUbrbwQcSUaCnJ1IGxBP1Pb8=":{"valueMac":{"type":"Buffer","data":"rvr3wxFsGlFsw6UWmh2F9QAhZHHnp4HwO/eai93JWM4="}},"VPxSz3jZsjt0BYLuCSwizDVZO04JvFOjHJueXAVV0EY=":{"valueMac":{"type":"Buffer","data":"RkQuGOYuDamYFPSpjUHM0NhP8XbgucG8d2GlTJqq3DI="}},"WSdiotQEfRyEXuSq8u9/lHNrbPxvpU7qG3p4FIyLY1E=":{"valueMac":{"type":"Buffer","data":"KpI7Ck+HTq0KivktrFgYzPYsnun7YtVqGwH4FJuLlMk="}},"W+Wre1IyLzRCGcXmE589ouDk8nwW/t2WyVnL2R9d790=":{"valueMac":{"type":"Buffer","data":"+VUwG+dNBoUGHTOf3tlFdlTJYLNw/a7CrPEMLv6Bo30="}},"Yt6aTNNxxxv2sqDaOs/YQq7+kFnB/1HGEcnkebnn3K8=":{"valueMac":{"type":"Buffer","data":"TmvVOpXiF0gi3X//WFkfrxqQUnSP9YW5OySfS9M60QU="}},"c7Xnv5bwP7KrOwUcU6gHppOdI+3tx9Zzl0hegjRIZGU=":{"valueMac":{"type":"Buffer","data":"f+W487Cu/PrzbIUK+pSNRFeUTo4p9l6sUiyTefR6zvI="}},"eaTh/PsAYLccxYr2Pr/DR9bL2q6UdYRNSM0bqv8nCIU=":{"valueMac":{"type":"Buffer","data":"gbvOMkk2jzPIhdXq1kyP3OYLHO8VIEA1oBmGZNT4Zzk="}},"ehyghFfSXfQ04DDg8EIg4M7aoFfn99A3CQnz41mM4aY=":{"valueMac":{"type":"Buffer","data":"IKFz4hNMSshmbwtzmXuWsWyBzoHSKzVH54wXG+LpRRg="}},"hI+XnWInRt+SLjCkAUK1ZxWnPaSs8Ufi6XoZuLbydU0=":{"valueMac":{"type":"Buffer","data":"cU216wO3OeKUW7FE+SC5j7S/PBmGkNMkumhKxCfUd5Y="}},"hjd7JpMIR3xPoaUGsbNnccdmuBdmQktkY9SsvU0RH2w=":{"valueMac":{"type":"Buffer","data":"GQnKJN8JPa+z0KtuOLHkZbZc+u0i4QRnInHU4Wo91b8="}},"jAKlIhxyV12EgQqZtTzqauhkiJwlOwlKEy+zXxauadc=":{"valueMac":{"type":"Buffer","data":"GWgROupSW/JXLKauZqoVDaW7ZJDlkTs7lez3igNENEI="}},"kDoBvOiaSP5ab1VyycSz2jFKI8qsfSeUgZslxjtB9sc=":{"valueMac":{"type":"Buffer","data":"Vl0IsBqIie/7RV/4n4PvGItgJzYUbjezJP2o4Q9Ja0I="}},"kkfU/gKxy+8kySWcF0wk30Qtvd9ZPsspZZJbqrYRHso=":{"valueMac":{"type":"Buffer","data":"P2+AFGqclklnpSWI0whLbzpXgXkKiSoT2ra81pPqM8k="}},"kxifElbbf/bJJePSGvAksv+2wCgBZvzMDh61paDLd2c=":{"valueMac":{"type":"Buffer","data":"TE1YNU5xrzFbfpS1AuxvdK9XYQaKSaYw9xukpwboLWs="}},"le+y7rrMoqQ9bW1hq/KxoEIMZyd0xod7YpppN05cRNQ=":{"valueMac":{"type":"Buffer","data":"xlQDuNs1fZ/+2tzqxaJHFj/NKGvg90AUsa58sR3vfQU="}},"nriC+x6gWGNHvLJ43OyL+SgiBVYofN7Z5yysgJtff08=":{"valueMac":{"type":"Buffer","data":"zUqF/qtETEZHp3lYi+sMRUMUrS2qyaG46BeTzfG3siE="}},"pnHlQNrsCcWWuaEfLDHY2F6DdSGeDwz9cD/NDRvlZ8U=":{"valueMac":{"type":"Buffer","data":"vOuZC4RLLwFOFW3rl5NwDht02COJnslGZYGh4tdEcpM="}},"sqQFzMejnrG7aPJOZ8E1RWUpKGVsoFVc4xi3eWTgPZY=":{"valueMac":{"type":"Buffer","data":"d2li3mT9e7eEEE8KrY5jPucXTP6rRS0m578WFsguylE="}},"trvPIrTO38MZrXqHgfhbsk8FxRxYhc3D57wm+/3P0e8=":{"valueMac":{"type":"Buffer","data":"UpgH+jneaArCJOxWyWHZuPSelZcGrvqOKpmetEK7YHc="}},"wR1vg7anJFk+Se1AsGAhlP0mEkT7Xtr6Y/I+SV/4WNg=":{"valueMac":{"type":"Buffer","data":"0iiDC33H/ZgQudAl75kqiF+4WBuma2ObDz3eX7jFT7w="}},"xz+FUQ0N80IjV95eWm7g605chNMG5uK4EEOT9eYDt/k=":{"valueMac":{"type":"Buffer","data":"1lAYArry1vdDNpK49c7o4xPMiIzfNIqWlp0YBFL3vhw="}},"zqpGxAF/orOFNoddDcMVy/N9DsUt5WwclGQi18fdtww=":{"valueMac":{"type":"Buffer","data":"p5MB7ITf5qkTY5/gynEM8GyYkk8sai+FLLCea8Yh2Y4="}},"zvMdIlsvabsG3DkvLKVvgrPJM6sc8ZyGwQXoPrTQ4sk=":{"valueMac":{"type":"Buffer","data":"+2vU8eRaPgilEAu4W7wriWF6/NP7RSdKCrCc2oW1/Ck="}},"0oB8NExjGLi8Mwj+G84CI3SjvCXP+ZE7LMV/Ub60E/0=":{"valueMac":{"type":"Buffer","data":"x50ZlcUhRsUwEZ1/HqkiCmSTQ/Q8q3+u8LbcirFb8iA="}},"2ICG0r3UZm19TpNMDMxn1+l4pUi4/mekgTmDO8ClBUA=":{"valueMac":{"type":"Buffer","data":"Ts7AxIQuL42IuXzVD1IF8uALcq6B2giisgvC/dIeago="}},"2JUYFh1QWdq/NpipVz7o9/TB1KjKYWKGlS3G16LnbQI=":{"valueMac":{"type":"Buffer","data":"y8F5toWYam/4ymS882KczxTkoJzeghjgKzjcay+Xm3Q="}},"4kmvZEP8Pzp7ymlQt/bKbQkwJJakXvsmLw+VuRJFEUI=":{"valueMac":{"type":"Buffer","data":"Uie3aLswRGZpMCuMncJNfE0Khu/OfvaxLDF7ixsEeq0="}},"6W8kwGOR1HjCgThFueSwH7dlANtA3iqPWNteZ6W9iV0=":{"valueMac":{"type":"Buffer","data":"nuPOHfHP+Ub2YWFjeAeIpOwr8/o0nrMwPWNRiLkXLk0="}},"6tnAyDcJAmBpkpYRFmv5dGT2AJrPbk5WjHpWQDtJdDE=":{"valueMac":{"type":"Buffer","data":"ELz5/NAjgd4IZFTpl2I/UglA3cq3ffBz/jbSIHOZSnc="}},"7dSLFObKfc8g/8Us8govRIUxaKXEaAfLafoYOTQW3IE=":{"valueMac":{"type":"Buffer","data":"XpNxfdWOcqyFp5BSE/Lc1NumK4kY4P1dACMvz9u0cek="}},"8xXDfh38bfe8GgPZuoFnuDztyNapXfsUL7Z09mekwKg=":{"valueMac":{"type":"Buffer","data":"bm1KNbMKJkzti1GxA8JoPW1G/PNv4TsxXmEnHtt2ZqI="}},"9ClzC3w7G6Z65ierQ/SrdJvyPJdEsQoVconJ73W1DAg=":{"valueMac":{"type":"Buffer","data":"1oougHNNgSldtH7kfvV9xZfIKSt85tRkWIFtLAI6NYs="}},"/pfBGLmzJ6arh4azw5rkDQeeEqh1jEd67CI5Pr9v2L4=":{"valueMac":{"type":"Buffer","data":"Q8vJFcSqA1rK7fl+4E37zHszEXPrt0QCdI4ojcQ+l8c="}},"/9CKCUJLqjIpLTiskdPRqXOoacKt3r0Pfqv5MrmzkhM=":{"valueMac":{"type":"Buffer","data":"lLT0EgE5vH1ystuJGUmiAHLkawLlIcRZ/R11y8EYXI4="}},"nJTmVD5es8S1H4Iq0dk01oiWM3oulQvE7DOs2t8LTDg=":{"valueMac":{"type":"Buffer","data":"sgsPodHh9OjnzOdu5ITB/afGIUDMhDytzWngy5IwYpY="}},"TsLUj7KeeCURibzBXt9s/xoBaIkOv5wq4ijTQkN3QCY=":{"valueMac":{"type":"Buffer","data":"s554CFH+k7y6lRu2j/LI9M5RC7mpqLzt5g6Aywl1Pn0="}},"PeASBmxcoX/niYGoj5EN4Gl4iw6mk5hYprnl3WFNZpM=":{"valueMac":{"type":"Buffer","data":"TGer/E8ii2HI9zilnvn140/FFAnmCyY8ipVjWOhnpiM="}},"+aawZlJ8P5au4CDRTbr3nq9jE5Jl1DJVIHFXpwE4nWc=":{"valueMac":{"type":"Buffer","data":"DZHKTHKJHFYnS0NP4dKaT5Ua4u22xMysDYtIDiRsOdI="}}}}