{"version":3,"hash":{"type":"Buffer","data":"5wtShlmWyov2r5pJ5IRoLG/KHVhPfRoRm/JG6CZ0sUCoQ6+fn1HDsKpdPL6Pxy+SQCCpVqkLNmOseo9ZyHZBwAKOgsj8bbY+coKNNsDFIniW+Pk8hpLtyrEyjTGgt2a5HmX0IQ0KrDwooOqvR1QQ54bNQNlJditqmA9iqgG88BI="},"indexValueMap":{"HlYs3Ik1lZjx/jpqRBFml+mryPwersbnuqgeyKQjZjs=":{"valueMac":{"type":"Buffer","data":"/koo6HGHq2YhpMKIojSrRrM6c/1ibpo3M8AFcMbVLwM="}},"Pqhs04qqUjP86TLRA7hu29jk4TU/nb4GKXRV64lwnxA=":{"valueMac":{"type":"Buffer","data":"ot1q8Eckg3xZ6dHMDzM2Lj0uXvQqG8lXp4PJKLO3V44="}},"f/4NpV3n+pDkTTRoUYBtVhhkHd8o2nkMiLxH39tBfOw=":{"valueMac":{"type":"Buffer","data":"hQ0EHphbajYWCpqS38N3RKbPQvo3+/Gs3q0l1m4KhN0="}},"8CgFBHHoWJoz7e1RTexdV94l0qdOodKZEtnA1b7Wx8c=":{"valueMac":{"type":"Buffer","data":"SKZiNZJZmkqhLwcmPHZFYBFJ1irLHCVfQkDpieZ7SW8="}},"qUV1e3EBK51xGw7fxCfmpEnwinmFV0zSoJ9kb4zTtYc=":{"valueMac":{"type":"Buffer","data":"/b4hICiNf+qGclc4LJVIQHHNlktoXe2ZIcGuI4bwjQo="}},"aCqKFsqeDJWSetzYOmerXUECJNPbHPufmlyY/r0uSPs=":{"valueMac":{"type":"Buffer","data":"vWis0s7+utTtRPy2oq0t7RpJaIbBr/KXGffA7ZsiAiU="}}}}