{"version":14,"hash":{"type":"Buffer","data":"jBcZxmTWi1eTng4FE0M2fiW8/iR7t2zpxrc8hnoHRB3mURb5sv5fUprYwVeD8mM6ocAgGMhHbl1v9EICW5kpzcce9y5hKREE+65dfxoGRwwZ8tXFSIFsr3tNRmhe3br0kI7JY65ZPdfs2j5xI9rQEROx4kuHSxFasFawAm+5/7c="},"indexValueMap":{"ABvMmqfF8vV5XeybIg9MQ8BJa1LAAhb+ViMOuiaHvM8=":{"valueMac":{"type":"Buffer","data":"as2K4SDIf6qS0Mx77yr+KTWgFoCLikuWRA9MTLy3uRU="}},"AXG7aAvivW4YMjESoLlV+Fn4JsbbNnocccRVe94lpTk=":{"valueMac":{"type":"Buffer","data":"xO5e/FaqlV7mLM6E9YsQIY3r6EHajPY0IPelhWzsNgI="}},"AZGj289O5z3ayCFB17FOgHENtC6Uyam1qcASMBPoeO4=":{"valueMac":{"type":"Buffer","data":"Bcyru0bINy02JNur36rSqVhk+sbdDSiI1dUSECgje3w="}},"AkVLHs8AaNWkgYlLxj1rB/lG2hcW6D9+aaG2Whxj6mU=":{"valueMac":{"type":"Buffer","data":"lB9AMFbznpmHdSuDLxaOTYrpIZu+Zk84wJhKSXhS7FU="}},"AoFLott3w8l3+a54HqH9bOuk+DHj9YgHE8If5r0WkIQ=":{"valueMac":{"type":"Buffer","data":"hl85qPEFuIICXPg8AHSpoOTMNgqkbrtswjcC3e6TmaE="}},"AqvGvJe/hvTZPaXSO0+85tZH9MevV8vBrYnjEtJGJf0=":{"valueMac":{"type":"Buffer","data":"qwDHptZT19lvO2WUHMnLdp6CZAEnwOjW+FkmqPQiChc="}},"Aug2ZP+wojbpVx8cUnJlLIQ1NYf/teid2JrsKbZmn8s=":{"valueMac":{"type":"Buffer","data":"kYCjUJFsRIN5mzwGD8GRqQLsjSTMP0r0rbcnO6n+f4s="}},"Ax5ddiw0Gh+vNQlQsqN0GjOroK5cDaLtPDbWmaESgCY=":{"valueMac":{"type":"Buffer","data":"W5pP7ue9LF3upVY2MeFeleqmq58rsEF+HSWzCkvlYTY="}},"A2bShdsXuhlOtko6jKun/0XB/NXsm3i1AfP0ym4nVk0=":{"valueMac":{"type":"Buffer","data":"V1SO1bcHtm8XPfE/VGbrLTnQc3tnhmra2HjhdWlLfyU="}},"A6CTXGoUvbANlaqwmvXAlIB5nfXlKhH0h0D65dcvnbU=":{"valueMac":{"type":"Buffer","data":"RK7Xt+wU2iuMTWqrlTTb7mhmHaFro9hU1C4dhcu0HZM="}},"A6wcR1PFl9SmwIdo+TwvN+hEY/acmHH96vXRFFyUw8Y=":{"valueMac":{"type":"Buffer","data":"a4bOvtmoB52npVEKw3kEKa1yAC/9eXHDXD00AhHnxV0="}},"BARPIumlg43wM5YwJzsPCCkQ2hnHdcK8E/y2R0pLsi0=":{"valueMac":{"type":"Buffer","data":"9ew6KpgRm4ZBHzAQ1tNpt07Vo38zitxNUxHS0ZYvZYw="}},"BGpG1R+KC+gFtaGnDu02FkF5F2JqU+QkG7Ox6CY268g=":{"valueMac":{"type":"Buffer","data":"D7YALKd3cupMBs/KTiqmkQdfls+5O32udJTtuI8PPV0="}},"BHPehdbDiJg4oa7oj23SmWfRf9Dr8SgvVMJXYOch5NM=":{"valueMac":{"type":"Buffer","data":"1E9Sp0uLNkWCHhbXwo7BqLqqcNXjSBABZZz762wHjj4="}},"BNUuq1yVMuIHPvRh2XJp9jFmDnEEOpKRzQJxOKzkdp4=":{"valueMac":{"type":"Buffer","data":"42GledU3kmVmJbzQggtnYsDtVTjqrnydG5s1gTeYXoI="}},"BP7pI5/FVyx3Pzq8r9CxjjJNBhR53w8UorpUvPld3os=":{"valueMac":{"type":"Buffer","data":"wP22N4jAJ8y7LD4IALNXHJ751MQXDR9BCn3roTCLUDQ="}},"BU6l79Lj+StECK5nGfDV/WJREaE7TtU+xg0WY0bMrXo=":{"valueMac":{"type":"Buffer","data":"hX1toi+Nbdf3yFBK6ctjMIVqanvvu8DAWeG+aEFLdec="}},"BXMnfBlKc5rT4aYa/g6C7rpHFdX5TUFDWc7dTEn/u4k=":{"valueMac":{"type":"Buffer","data":"L8ss6fs1kM2IfAGxA21w8swhnD79hSnOu1R2Vpi/rCc="}},"BctTYfPfv2ccSPft/RDh3L0v4Fxnj2uhwMdMvmCVbrw=":{"valueMac":{"type":"Buffer","data":"U5eCeebWyFsxRXQiyG0FG0ILID5gQhe2V2WwoSgQ/VA="}},"BmcXrkPzU3xDisi7uRepiXW6h8qZ8AGFUVJyqx0gsIk=":{"valueMac":{"type":"Buffer","data":"OyuQUIsh0aqSrWk8ibK8rm1usQ7diArK/MuQXzvjPO8="}},"BtWNLvAx4BJeI7Qp/kL4LtkT6Ct6vsMiuQrxbpXkdoM=":{"valueMac":{"type":"Buffer","data":"IoaaeINRMw/5SM4n+NW2ldqcJgxtzyZIBoQU8+0Uw4E="}},"B4l0w9/itbl7G1/Nu08wvIn57ihQ/ORUcFt4OandXag=":{"valueMac":{"type":"Buffer","data":"Y0OBRqtjLSgndhn4SmsGmds5FG7tGPUd6AdKyiKy4pg="}},"CBka9fFIcpg66PnqzJVeBnvuYo+9NYvTrega5TNQwEQ=":{"valueMac":{"type":"Buffer","data":"q3Wz3oqqcCcK1Jt8asR4Y8Va2LFXd647OWujrpuec/0="}},"CJvi3oec5BG3yTrRlcRG4dpJgOXwjIDmEu2fCKXFdcI=":{"valueMac":{"type":"Buffer","data":"msavUVxtWjmss33cirhL16VGd7vq+MQYf0YadbFQZlg="}},"CKdvPa5lKSvu5T5CKAV4KLZVj8eqPZWIBEJva08D4FM=":{"valueMac":{"type":"Buffer","data":"KMWLjw1KwT0VPHJYjrb0udros/qs/CmQOysS9RwdB5o="}},"Cd63Wkl79h6VXRn5KVLrJZKl/0CDDrQ7wDlWRBO9/Qg=":{"valueMac":{"type":"Buffer","data":"9MS/YloP9ia3aHHi1qtCMM4V/ZgDvMz+BnrfZPVTH0s="}},"Ct7w0jZoquf+5RvtJ4aRTQYP/tXS/RYSS6BUcL+p5rs=":{"valueMac":{"type":"Buffer","data":"OJMb4JyfraQ+HF8VGoSzOZXKEVMadUMnN2k0hHFdqJA="}},"CwhsfB7PFTMKrLxIdB68LNcoVZ5Yr6P3Mjqn79GDc4Y=":{"valueMac":{"type":"Buffer","data":"r220pIONhGvwR9AjQE034rKBwwzs72l5XJ114XHOG3Y="}},"C9KeasbCE5uJoWJeHyGS+1eYrsI6/q5BjZTUX1Hoi7M=":{"valueMac":{"type":"Buffer","data":"3wtXV6JWWzOOkp4YRac9aGigDC6XWSPJHm7F3ekuHjg="}},"DGk6WNMT1O9+BYT/pGCy0wFHNk/N8QYUtYxLUj4XdQk=":{"valueMac":{"type":"Buffer","data":"7SHVS2lKX3DWp2E4HikiaJqteEaxKDop9nu+dpI4qyM="}},"DQmxCindXWdCrgrlDpRag0xTGQb58LEX1CZTuDKgktQ=":{"valueMac":{"type":"Buffer","data":"nP9EPsrTIc7ZJJvPx3auhoqMdHCXWafqE0N0L6ZDxps="}},"DT72RkNZXU7RJAykRZJhwMXCMQv5OkMEKLpSKBh6qig=":{"valueMac":{"type":"Buffer","data":"7U71K8+J5Fd9xTGHXPMwP49qkNeGVpJ1iBSJ3l56BwQ="}},"DU42wr0eyDQyvbhSgwGEcnKSiTBexX96eas7St6UWHo=":{"valueMac":{"type":"Buffer","data":"4GRYOMt3qRhXQBjlGVwm3o8v4GILzkdM+GbPpiy81aY="}},"DVrFPaL0VDM5PX8NNsKtPbbS34oPSox4DoDrweiGKRg=":{"valueMac":{"type":"Buffer","data":"wb+QpDlqPXpECoEq+TPSegraVtj3sAi0N2gyjBIt1Jg="}},"DbwUOvbFf85j0hdSks2ghDPiqaYdBdoMlrh0JfQ4KAI=":{"valueMac":{"type":"Buffer","data":"E4xlLzTYUkEH++u1lW9EYQjWdhno703E1XTD7uFGXA0="}},"DoW8syx9Tsi4Uh3gLJKZ0Ag/roZWjOgV7w2U39qRxK4=":{"valueMac":{"type":"Buffer","data":"OSc8uFxStthj/2oyMubaC+mrbDOGSdXSbyscsgxhdlI="}},"Dw9ti1O1eL8JDaxFJKW7yfc1kEQxdjanAfQ4KtxC620=":{"valueMac":{"type":"Buffer","data":"B4cNSTHuBm9iJcSSF5ygX3aU1YRug8gqCnpLIcoEYZg="}},"D4mM8zM3dWKUJELwuobOjiXOGSVSdrsCciaHtqbWuvw=":{"valueMac":{"type":"Buffer","data":"cwsOvelbSz5+bDjH9dudOcnA5Fy+/3CY7Ql1TJvkYgI="}},"D/KU7o9X7Qz+HThI/+4SgtXl2voVY83wYFFiOl+cblA=":{"valueMac":{"type":"Buffer","data":"zwaS2amllh5OorAAl4hn9KfXgvOR3zOEx0C3HsFYSbQ="}},"EKEPFyktLGZGT/2gaa4i3ft9h+AN8XGDzK0/Z3LIu3g=":{"valueMac":{"type":"Buffer","data":"OUD+bWMaPYvQvZdf3NFi/AM8qEHDxgPafIas9ni3vj0="}},"EKdXup9ml3loIDVOtC0U/iz61aZv2F0f4rkr4HscFGw=":{"valueMac":{"type":"Buffer","data":"tHuA29RX/oMJrPq3AEL3I4t1A+SC1U9qtAzurz90rDs="}},"EMrs7gWLL+7Z8Q+WNhdZRgMzbOOvxQ4sOqR8U13nWb8=":{"valueMac":{"type":"Buffer","data":"D/rKAhoqOOjKO4FOcJ9abapOGb3x1RwH6SiJuDJhRuM="}},"EOyWt9vg9dKMSxMnP4cJCxfU2ossPCTpbijTL6yihvg=":{"valueMac":{"type":"Buffer","data":"zjYyIde7dPV5zRqBulJcQDM8gO3y1gPIjo2tdlePnPY="}},"EfQX8Z+aBOOsFhbqHKRWgECaw1bXwIHMgATjTuZ3mJA=":{"valueMac":{"type":"Buffer","data":"bH6XgxISAltc2Q4s8FwL5KoTVmCpXvyaAuThL0YpMd8="}},"EiF8ZNSQs18wPoIfzyLkYPeJulUiMIcTAnEQzstLOq0=":{"valueMac":{"type":"Buffer","data":"gyGnRJM+rdj+UV4VHm1KZ+d9equD4tvQnAD/FSZWQMQ="}},"Ep32/F2WCleWOlF3XsVIi5Pu0pMiLGdnzbjpl8xynw0=":{"valueMac":{"type":"Buffer","data":"Gr83JifYzGxG7WFomA0I8XtuK8fprGWQ+TmONX8bYkA="}},"EtjAa1zDHUMHpbchJf4GURlfAb52IbJKKZjGhGf6Q68=":{"valueMac":{"type":"Buffer","data":"HZqqL3CPS/BJWYUsB1wdV0RtMeGz4JfPnxeBeB96AW0="}},"EyCWk/skQLGsXGoDbPkMehsMqNbuGyzY1xKv/d1gbYU=":{"valueMac":{"type":"Buffer","data":"jomtA9xp2xqPREIJ203hT1isLH7KClyWUlYRSEadEm0="}},"E8pvWYZRdODqLFAtR7n4wBBEO317qoPdcyUfm70HaAM=":{"valueMac":{"type":"Buffer","data":"M7xn0Sum+WgDHtE6YEcGUWcjy48e+NJg1P3KvGzvvWc="}},"FLoikNVrr2gN0bYuQ0h66+zjNrjQKcVqFsCS33j7edE=":{"valueMac":{"type":"Buffer","data":"vqsk/UKX1Dg9mGhtr1Qh0JMoQNI0u5kw8ySbheC92Ko="}},"FQo+g2GURmzGpAOyC+Jblki8+sjYu31y/0adOxJ9lCk=":{"valueMac":{"type":"Buffer","data":"v+sTpn9PXmQEsQjJPpZzpPPgiaVM33CUzgPfYt0zf4c="}},"FYeagpIgGyJVZXG3oOhgJ1HTcF7C/not+nhbxMPOuh0=":{"valueMac":{"type":"Buffer","data":"z8AXT57xSSZBRtu0mLadBfaoUfP6ZUaS5T3LsJN0wmI="}},"Fmzlp10yDWzMQYiEmsM895E5ajak6yNK7RgscVhiN6s=":{"valueMac":{"type":"Buffer","data":"kk6xPNZHI8W/sfSxPTZWtEK/HJgixNNQLpiEuDo3zls="}},"FpDSixCTW5tMfIhS9h8OAvEOxo3uCtfE3W90LgGKwLc=":{"valueMac":{"type":"Buffer","data":"ytiNR4UG03rTFjl38qfW0y3bH5RohU9vwzQUACEt6p4="}},"F1uzoQPCro6GYO8tgyI0PFS78HDzzaVzPK7cOL2b0BI=":{"valueMac":{"type":"Buffer","data":"2/Cu50Q3nb0rTkb40XZwauZguzH2ZPnN8DvWALprBAM="}},"GWj5cTUKEYXoFuQvHTUrLel/y+ek50K/1/hrRKkuomY=":{"valueMac":{"type":"Buffer","data":"8BlRL/TnbG3wixhJd0h8BkRd+c8f1Shr0oU1od/Aok4="}},"GaqG9KnxjCgq4grwjtcYvH2oN+yRGbGLoHNa/EL5jMc=":{"valueMac":{"type":"Buffer","data":"y+cFNdg+DYKz9AIwphwBxPAz/hvB+3UlnvBZS5p6ehI="}},"GblIKx9a9quxgF9yp94vly6x23+WnDAVYsdD2b6KyFM=":{"valueMac":{"type":"Buffer","data":"lbakXlbyb4xhZHwBbdsY6rddKnO8RzsibC7wLlGguu4="}},"GhF1KTJye5IHDQSwnL5+Y+fdw3Em3TlmbU3/qwU5P8U=":{"valueMac":{"type":"Buffer","data":"KYmdF2Az0CKQaiwPG0VLNFicgls1H3BuA4NMvQKCMwI="}},"GkB2ArIyt24OHcELpUrGiufuhrp83ENVaP24S7rMdqs=":{"valueMac":{"type":"Buffer","data":"B88wGR0XnGh8oqQC/RLqe3Tz021UCaEcxy03IdBQmao="}},"GnaIcg5DIPpJkW1xwIIvQtKYuic0D9FnitvNqlqICYQ=":{"valueMac":{"type":"Buffer","data":"s1ocWjcnP7lWedR3AJqq0PlaKWMWI7MagETFKhrOI0s="}},"Gu6puSgLfQ/hBzZdNQVAzhV28QAtwpLVttg4gexC5zM=":{"valueMac":{"type":"Buffer","data":"nwGuxh9lpeuP3fiBG9r8CDkwO6vDtXafJbLpeezz7N4="}},"Gy48cWrRHVNmRFf66uBih7VD/X4kYl1Huk2rT9J+rW4=":{"valueMac":{"type":"Buffer","data":"Y/lcfnOfU/vDcel8A26qu5cGVQtIHcWrj49h1y/1Hsc="}},"GzNlQH63GdnaGbUez14XxODGHXWRBb0NjzXXzohzXDc=":{"valueMac":{"type":"Buffer","data":"jyorS+Tdi3ObjKN7bqo3OCSojmqKIwiC1IQjFOZUwso="}},"G/6WcW/zzt5tY43mEeMbb6Wzd6qDRiq5BYKc4qWiFCM=":{"valueMac":{"type":"Buffer","data":"53Ajdn9J3csl53VwrD0ubZhKMOyvTXSqHGFjrLdIms4="}},"HDQDp4Xb9UdWjb7x/Qahq7+FvWDScntfnCjFJxps/RQ=":{"valueMac":{"type":"Buffer","data":"klAAi8CnLJvQ/SUa5Lz2/JMl2R8S4bZdpYE3tBQEXt0="}},"HG8zisKiaqeOYhfZDk92XaKSvjwwT1mqmImUoprYoGo=":{"valueMac":{"type":"Buffer","data":"pscphPForhAcj4IYOXvYNa3Ly6Mrd05L53ylidYyIlo="}},"HRecGwKZ3wfbL+rTv6zMrvWrigANpWS3nNrZuNe/z9E=":{"valueMac":{"type":"Buffer","data":"Nb8CnKAu9RgsmjoWT0fAiVq3O7WvEVOQpsk7oyfSuZI="}},"HVLADblxDdzCL72vW4PH7+XJzpFjvpnXHAp6g6A76mI=":{"valueMac":{"type":"Buffer","data":"aHWajZUTYpafjABTzyFpu27ycoj8iFOIf7IQ1Q02u8o="}},"HZ2gOTK1PiXIE+SPg5JlVpncb+vHlv1/xdQ74SvjfrA=":{"valueMac":{"type":"Buffer","data":"VPuR44ypcGcXBAFr5vqQMzBMyqXDrNMnR8/X1/S2d3g="}},"Hl5aZT2xV4dv8wV+HoCoc9nGo0qD4BpNbMljIlKrkbY=":{"valueMac":{"type":"Buffer","data":"Q4qmsXjG6kLxdcWuq3LPAqRSGKJH3kCVONQRRhRDRs0="}},"HoWhYc3p4rhefb1QtoBysIOfnDLIgMthhqPdQO/j5TA=":{"valueMac":{"type":"Buffer","data":"ePVHRKf2BdLexhWNQCCGwqKKMljpdEFtr0yyIKUQHEg="}},"Hyn8SmzjiWFTrB0riRycQAgMLThbPzPZwM3bYURbyS4=":{"valueMac":{"type":"Buffer","data":"4R/mJcWnsOrA8X1gn2iEjvsBq4Uv6tKNHC9THktxQuE="}},"IE11xDSXZFu6Cn7OWYTNDXEzFfZWtjpibnPj3cKzUEQ=":{"valueMac":{"type":"Buffer","data":"kGIz3IvjcrBQYQEvBZgLkldxjAIp4GogWy3DykQ5P0I="}},"IOp+UfmLf2lqFpIDXbdnApPPIbdoqHnM5+qsAZ1/mzI=":{"valueMac":{"type":"Buffer","data":"DThkaRDZnC333GIuSbi+0tqnYl6Um48y8imoQGdNDic="}},"IWlvp5TQC6752V7+RqQRdMFwxIh1ZPZmAdMBm3bxZnE=":{"valueMac":{"type":"Buffer","data":"dvqxn489s/XY3FvnBcwF/nDAAqs6qpt85ZUnQ9Bd0xg="}},"IZNnRt3fhZKxfi1qoeATHTRRsUI514YM9rsVQTbnWMo=":{"valueMac":{"type":"Buffer","data":"Ho9lDNFoa0Wyz2YDNd6Xbsw9cSfKmdicni/hA95Wt7o="}},"IeEcqXh63Mc05NW5l7IvJL18fgs5/Y6X0m834m36buQ=":{"valueMac":{"type":"Buffer","data":"aLHTSyjCIcejp92lnITZ8YtbM+EOHeslBqK5Z0LF62o="}},"InzobLV6k88fc9i8Rx3M3/vop5nXpNThMMPD0cmOgZc=":{"valueMac":{"type":"Buffer","data":"L6z7AaqjY8BWXdUTQxuaNJN+ZvCoK3KBTt1F306jJrA="}},"IsnsJWyKvoRLruoQNlbVgK08l6QgbkwSFui1WGjMEws=":{"valueMac":{"type":"Buffer","data":"W+IKlYeMMCkpYQ0SRwcizwfZRi3FrYaeMVNebns22EI="}},"JDt3FtY2gefiwQXo4TVe9g7XLcCZR1jMonX9+1YhWJw=":{"valueMac":{"type":"Buffer","data":"ryy2y28GYF/jxYZeC2tQlZkjUgx09Ic+UuFOYOPBVy0="}},"JKA3LKG29VFbIF73sZw99jcWbxXuOJQpVn81e6Nq1nA=":{"valueMac":{"type":"Buffer","data":"eQ+z/XNfbbKGnCa6jwmlDX1aoiAKP2c9iOmV4LR++4o="}},"JPspkbLa4ITX+fQSMEX4aSjPEZGlVX5c6+729lpOLbE=":{"valueMac":{"type":"Buffer","data":"Oz6WlztymuwW3ZcN9ZM221vs+spadty8TGHc0OY39HU="}},"JQBtlMWinaJa98jKXjdB0R7pjOqkgsXm9QU/CV2RHEI=":{"valueMac":{"type":"Buffer","data":"63vrSiLEavHl3YgAq4Zy+cWRzz0zL6tZihm2zfMr3oE="}},"JblhV/SLcMaK0raI6AkF+L2uTOUWXeYX60hlFI38OYU=":{"valueMac":{"type":"Buffer","data":"IZAuXm9uhicSqblXnzGQlG14k9sa0MMzO4Bt/SdIcIU="}},"JhH4JjlV4h+/DHyO8/9LjoHSebZ51vwutjEygLxD0nw=":{"valueMac":{"type":"Buffer","data":"X+uZkTB8q8KGZy2RNw745kHRrIkjr914kHOOZhsCoY4="}},"JhIorAyjc2Omdlm9YdKVLnW7KUjMEuKl46/Joej/uN4=":{"valueMac":{"type":"Buffer","data":"McO2gy46a9sywI+2k+8YWYANvME/sKxuO7I9YVbg1Ro="}},"JjqqZvykrj662XYtL3pkEKyX0Ln1sbftjPVhTJ09YiA=":{"valueMac":{"type":"Buffer","data":"7q0PAYqFgZTVI/gVx8uDNL8vcVn7uTVOCBYrZ994laA="}},"JsKZy38/ahlyXCJdf8aAsuWO+LRTNK8z44OaZrrBmA4=":{"valueMac":{"type":"Buffer","data":"YM9RrePbS+3KN4IWZ0/kaw2mLS5v6Ax+gDnk0QcKnvk="}},"Jyz3QVvHtyMVuLuaM5uAXYbkRv2zSYOo9KWe9Fl7mZw=":{"valueMac":{"type":"Buffer","data":"tw0r+YObLeHVP8W/jfvixbt8SwgS4vsx53LTmz7AQKo="}},"J30vSve4tyLArl97WN/MYrS9TVqLah7Erl//Cv75wqU=":{"valueMac":{"type":"Buffer","data":"V2krmvhKFNOLrO8/nsU52CI8CzMbfJcJzKWcEiDB198="}},"KBS/XXj1oKaIjNnhForW9jIz+8nLmLgCAtvqpy5HlCc=":{"valueMac":{"type":"Buffer","data":"EHsl78x2bkyRQziJo1EiwjYiAKtOyuCCIFmYZ7pI1jw="}},"KST4FR+izaRVLVE0gtvkvEQiSaN/5MFys5Y3w0e/yxU=":{"valueMac":{"type":"Buffer","data":"4c0EtyUhPdAC3T68Om+4ccBiD/Yw+IgjCT4kJWSaVFs="}},"KU2eTVn4xwPoqaZbVs2juH/r2UPV7xleIFLpAwfAvG4=":{"valueMac":{"type":"Buffer","data":"pfxnUxh+0AOLTmK2hxwv9lPPcSZsjSlvgPGCHF0AIj0="}},"KXLxWU0AZ//0qD2nsoTdLeUu5lpvgDDWlyKpNc2GGjY=":{"valueMac":{"type":"Buffer","data":"pfz5sezJL0UlXkremyO3I6MbMzYYQNccoGH2ilfCl8w="}},"KoHYb+qbHyEgfHFr4g/T5ktamfigw9jRcFI58AqrU1k=":{"valueMac":{"type":"Buffer","data":"4zA5CpZH8exMcvrMGcZd1THbTAsyQX9MfUWkF/ZDC/U="}},"Kqv1AhAaKr+SiHu58SBn0AM2/uzBBhLz/HMZl7gL8k4=":{"valueMac":{"type":"Buffer","data":"iX6PjLbpkySdISpX5wMpdsMcX3mGSnEWcFaNe16zPQQ="}},"KrneoT3kE/2S72pcOzNWDu/dRdljL25+9SWGGba4+PQ=":{"valueMac":{"type":"Buffer","data":"T4K72SwANTNqkfG7FTgQYuC31E98cn3hWiRuxcE90R4="}},"KwBeKItfm0kJ6S9opM5stSlQPvcqW2UFfExZDY0R91g=":{"valueMac":{"type":"Buffer","data":"JH/kr/rZ8vL8ScXMDWgx1Nt7405u7xdeh43leZTEIiM="}},"KwSNAL/qJ4O89oU/hHikyr69CMitcepdp+QQcV+lY2Y=":{"valueMac":{"type":"Buffer","data":"gTh+9OHsd3a8y3B5uMBqMbDrNLQWEuH7KCxtBqueb/c="}},"K2jAPi6N1Pj9Ad6FVY7XkXNZhNPxkAWZBdG/f47KPXQ=":{"valueMac":{"type":"Buffer","data":"UBRLPpD9rMMsgI2zWkFUzIrMog/i/M1uufgc1NMsjTY="}},"K3vjr34lMbZ9ecQqVfvMsvZQEM2UbG0uZCC94SeY+Pg=":{"valueMac":{"type":"Buffer","data":"r4sKeEaO5mflWH9cLMR5ABQDNHvM0Du1+yI/vWuGvVc="}},"K4BF6CphQ/RQcYRnExO8foeTB494ngN8is9afChmlMI=":{"valueMac":{"type":"Buffer","data":"VLUWE9IbdcSHC6VAN64UvSPTX3iJdqGH+00OINvcw0M="}},"K4fcqNywLAYbnw1aQNCAIpJXbsN/naFRCozNlK+SrGw=":{"valueMac":{"type":"Buffer","data":"Vsxfq2Gra04QCCFwYjFmxBizKuGRDPBF4/Kq5Bgzz/M="}},"K9ZD1SDi0sZ8ZwsyVKqtVh20oIuJdAJuT3cDfiAaDIQ=":{"valueMac":{"type":"Buffer","data":"qt1+xq7+D4fSZ4WEXJtOIDD/pgI0AK4ZJJ50qySeQ38="}},"LB4EXTZw3D+pV0zszzhJAguPfgoUCRyswhsz6RQCONQ=":{"valueMac":{"type":"Buffer","data":"PbBf1ayXnoIwExNSVE3y4zr7b2kEU2bNjdtj0caSrkA="}},"LFfT8XIt7d1fFl+dufKze09+HL3oSe8dJTp87Ghjz7s=":{"valueMac":{"type":"Buffer","data":"2KD39LV72/eBGwQoMwZN2wkyag5D6V218Vt4lWdxYtY="}},"LOJUdHHmCcEHps3z1Ic2bByPi6vg84PbiPnGt4oDsRg=":{"valueMac":{"type":"Buffer","data":"3lK3fdTd3VNvgCwqcbGHp2H1DMiShn4iYCjb+TOf54s="}},"LVvV7Y5mzNZM7jNcETK/dUtA8pcVinsHjmS1p64zpGM=":{"valueMac":{"type":"Buffer","data":"qE45cvCLoqM+C4X65wk//jshSvOSaZ8CV8/i07ROQjg="}},"LV+hpjjdUILSPM4zozLsoxfpsWSIC/X6t9cRU5zBLmA=":{"valueMac":{"type":"Buffer","data":"z+XjalDPpxoN2e8krDHAUOygdHHKhMHe6yZ4OP/N1h0="}},"Lb6uH4EThhawvQ8RHoTltdGpKzXmZR+SK0OHBFadrDA=":{"valueMac":{"type":"Buffer","data":"YojGDMMTDj4IFrKGo1t8CQSRweQpIyt5MDek6vTS+SE="}},"LgMyaX/g1WDbR4icPfwCdtKShfk37E0jdbMo4BzhfyY=":{"valueMac":{"type":"Buffer","data":"q7lv8quU1eCtjLJL85BcDHxqyphPgce5RQ25HgiShT0="}},"LkDSLKsM/2x202sbWlbz1pINzwNbu/2I+aGXa9AS7Qs=":{"valueMac":{"type":"Buffer","data":"8unej6rHX+pPUtXfQYjLt0ocdGYFzeYKPQuEFcEn2/g="}},"Ll0kCDD07WDiXgQ1n8KCdfb1NG9U19gPhXtuQ1pts+E=":{"valueMac":{"type":"Buffer","data":"mizgCVfRs5D84HrEoakOkTNuyUIrdKGRzqWd8CGFxq0="}},"LtnFDIiPvk9aznyYoWIBZPhCVKtMciVDRpfweniusfE=":{"valueMac":{"type":"Buffer","data":"3dRf2rUhutG26Ml6N0LD7TBKYQ/ICz5NccguZDHI6lY="}},"MD/t4TSGoCPUo6Vc2ZqcsZbQ1bqHdDe/ZJs1EjCxu9k=":{"valueMac":{"type":"Buffer","data":"68iOH9IGhgQuaI5CF93WhxVY/RMzLbWJFiMhZC7O24U="}},"MHfTgZUmzvdUzUsjbFLwXby8HV/hX5XexwP/9ACYCso=":{"valueMac":{"type":"Buffer","data":"udBOevAd0TkVc5uNqwGahf6mL63vfL9DDmr71Uy0TnY="}},"MH1AImVeg9hDa0SK/4u0mC5Qhz/3TB+H9zWKSV9tPcQ=":{"valueMac":{"type":"Buffer","data":"8XVxCW/xxjm6G+/MBbkwE5B8nFkV0bwnI8XCMgm40H0="}},"MWHnQLawQrgl9G0q7s9OSHijv5le8cmaeOZ4p62RkZc=":{"valueMac":{"type":"Buffer","data":"FE9HswublE46Bxs4q5FyaEohflnlqLqsucRzaa3w+hs="}},"M2NPUc2HrrPiYK6rTkocRKpqIcJYoOfUa5bAqAOpk8w=":{"valueMac":{"type":"Buffer","data":"B5a+tHm5PMyZscP4Ge0WommhGEFz4TEgdzotw7N8R9I="}},"M4KUkg7OYtdP9cJ8R+s5KlEtZfU17aPlyEOOcB7lCYI=":{"valueMac":{"type":"Buffer","data":"poTWgI1PHPuhSpF3Xo27EyTc9zPGfX8u0jvDxmQ88Uw="}},"M4UXNRmvkt7QCJEnkNPwXZK3ipY1ptf0MVM7Ue2eArw=":{"valueMac":{"type":"Buffer","data":"lv9/SdaDyZZ/F+3BhKu4QeszKRwxhWYxV3H9LuFwBxs="}},"M4/XENBRp/PJfAolXeHEh3KhCOzjzRNYOyEhj0z2z/c=":{"valueMac":{"type":"Buffer","data":"33qiFmc1e0czz03BkZyuz3EWxhlX32BoC+wex6dQcxk="}},"M9PI3/36s5qlcDXb3WZjcS9MD8K+7EbY8pP2LxrKwug=":{"valueMac":{"type":"Buffer","data":"8Rk4ULDllrQlKr+XPJIwsV6wE+qmU9TO3D0I02Zz8PE="}},"NE/L+ZaaiqGGcPd8vkVOnu/BgcqlLPy5dZfg7YtRzfE=":{"valueMac":{"type":"Buffer","data":"sFP4nfc+mYEFLRHyoXGYVRDDTeHefuqOsTGRPOe9HA8="}},"NFf+8i1+jjVjlGLKSo5J+P80u8rBAW4M46KDMLdbrkU=":{"valueMac":{"type":"Buffer","data":"d4pdnIxE5SXe6YlZ88bP9pG95+yE15lUIjYywiIcFKI="}},"NIXjM9tsSXkFSLoIVa6fD7NXf8VJENEnygImEDtE3lw=":{"valueMac":{"type":"Buffer","data":"H0iziS2PxiCbUTOzrKECWLAaKwQ5cM7FyrtGbl/0IvM="}},"NOYCEu6tjBqBVhC8njPOE6obc8tGj2/L6B1QZQ/Kqb4=":{"valueMac":{"type":"Buffer","data":"pc43XaW6Owv0skHruG1ojPm2EjEAx7l3bQ4BDnxm5gQ="}},"NSJsn4FyCuGw4sPn2r839v3R5Zg7XWpm3XB8Al3EdHM=":{"valueMac":{"type":"Buffer","data":"EmxTtmFscfnqWzQsLN5+ert1BLGeZsy6+aFndsWpB5A="}},"NUaFZ7bGj8E+Bppkm9EcuH3P9sotSvdVE8nKpg2WmAA=":{"valueMac":{"type":"Buffer","data":"ijEdOhd1sYxroqbxH/8trtu3xjmYQ/hJVr+0V2ZRfvw="}},"NVeG0SyCf7egSIDEVwHzMwpDSBE4M8WoVEARdgb+MKs=":{"valueMac":{"type":"Buffer","data":"3ia2pEwCJa8jyCuVuvDBJlvLpYy/Qpt8IqASzOjiWWs="}},"Ndryo664+qFMax4NYtaA82vjmPAhpW9Pq/WSjkZRo10=":{"valueMac":{"type":"Buffer","data":"HAiVqwAUSIgZllvVNKMeuOelAE0K+tIaOV1P7W90VkU="}},"NeX2jgw69saNwh4luwMP4OPgn2yMmByDx/VSg0DgnoY=":{"valueMac":{"type":"Buffer","data":"h2gmsijrqJATYX4B7DYMVBCltrw4d1eLwArj8BZi3ow="}},"NhOfnHCKWi6iGqmXYqmSEq6SCtTGnTZAVMYsnJiC7iE=":{"valueMac":{"type":"Buffer","data":"8VUN1d5rgeQv99Kx/ycaDU8JfuXM+JR8KB/krZby9qI="}},"Nhf6P+k0xR9Yc7G+KGbEczPx12Q4nqNH1g+rMYF39uA=":{"valueMac":{"type":"Buffer","data":"zDZ0qn2AoVBuNRPL1Wh0WmR3R4XhP4utVX/VXNwJ8Ug="}},"NjcoVfppkWQdog+lslJ70lUu8JQ3Dq/Zkse7EFvKY0I=":{"valueMac":{"type":"Buffer","data":"kNm6W7EkmU28ypFPADFHdUrUjjx7X+nC3U7VQCRCSns="}},"NokmlK0c4LmtUMzdCSpQ/0AI5GYbarvSfHxcCQyVCQc=":{"valueMac":{"type":"Buffer","data":"ocpR/cZjR2vYpULecwobDM4zrZ2yUv96jO7UuIdbLso="}},"N4AFarj2S6G7mekcZaSUY0sLi4eHXcVRZzOfaWXllfw=":{"valueMac":{"type":"Buffer","data":"PQWEFh7WqWp54MVbNbaSeJhLQAVkUvWWaov8IX1euPs="}},"OHXUJU2/Me6xtanufh73S1rh2R4x/iRNJuuY+UMX0Ow=":{"valueMac":{"type":"Buffer","data":"nZ8BzWohD4BfLVBCxWj3Ay98fCsCVcJCUXSJS/eAigo="}},"OIWv6ooO+Tbn9wt8vk1I4DoHp6cHNpKBEkk63EAnJmY=":{"valueMac":{"type":"Buffer","data":"f0nQjLesVT9ffpD8servNhzCHqNvTPaZSXzQAf0bhvU="}},"OO7v3Y10U9Pz2TjbbxuCnpFE2KhzdBFvzTjyX95nSJ4=":{"valueMac":{"type":"Buffer","data":"zOAGWEyuWNkAljCW5RyOg0flzJJ/s3GKt7o5tewILDg="}},"ORFVfZFcCmlU4TcOO0E+o++Csr615oq5bID6+QS5fZE=":{"valueMac":{"type":"Buffer","data":"QA+y9Dhmb+Ovqbtm+VSXrthCYgDmmQCzdwwk6aAWN/4="}},"OVOS7TiWl44RtpbWKs5/B2rpXL0JCUDQSKh9r2TxnBI=":{"valueMac":{"type":"Buffer","data":"/30d4wsMqZp8XfvhC25JgXP7OB6AUoa9F5IC3FtylXA="}},"OaMC9WRqh80xjGzwc/U6mEMFrNmhuHUQdPlPGD6QMXI=":{"valueMac":{"type":"Buffer","data":"aXcaouDqL8/P53HAcDFLmw/5n1u1HWyyZYgrUx8ljBA="}},"OiPUBJpyDDJ34w/unBe9ROr1+J1Gkl7uOhQIZCag1z0=":{"valueMac":{"type":"Buffer","data":"pfdywHalC3X6088WkkBOecpihtI2cRf4qzvvo2V7Biw="}},"OjcvVTFTXCo06Ty9dKdV5qPyRFp1rQtCtQu+OfxUEF0=":{"valueMac":{"type":"Buffer","data":"u02eVaU55bV5cpu/yQSCCqUurg1jm4g5RldQs3sWRYA="}},"OpcRTspnv7RzCfOS0Cw3WnWH4tPbC8rlEmswxPpoRSQ=":{"valueMac":{"type":"Buffer","data":"QFqUTyyv2B1+2QalJ1/ir0rqvvdGRyfM5BYQdLg5kZo="}},"O0JMGtBesOATOLlAXgyoQR8Qxt/L6f1ic31XA/Gg33I=":{"valueMac":{"type":"Buffer","data":"9FwIvMpPCHzqeQ/k+GBWgtzjNNsINsQk6yYeHS51ftk="}},"O0iTRt3XI9RoqckTksmCj33j4BZL6Q6kueETThRJ/ag=":{"valueMac":{"type":"Buffer","data":"m7bGpII2tLmkRk7JSFG4YGhlOLrb+Yv+OTCi+IPH/34="}},"PFe6txTxBm8NeENDmHyLO2rDwZSMRaTp11q6sXHvYdU=":{"valueMac":{"type":"Buffer","data":"Wu8ZkP0q5iuS7rIPnEVwnKA+lzK0ZYhA69WapIPw4O8="}},"PHnNc9KYJt8b/AbqvlVgE9SY+QM5rENvNEOw/7TSH2A=":{"valueMac":{"type":"Buffer","data":"fk3HS86t5x7qlSDLrWRU7A32Ym3VYxXVS7XuVJEO9VM="}},"PLQDxMKYSkK392No8VHBFoDbrGScjbQo15NdsZgNhww=":{"valueMac":{"type":"Buffer","data":"8KzF4AKTM6pcOyTUVT9STlNcP0pw9NZrnH3pFOagJzQ="}},"PVRlXVHVeCsunimINuR12t4nWPMJmXjcm6ph5q/pP4k=":{"valueMac":{"type":"Buffer","data":"jsNVr0ulQvpbwSNnmn9G5KVu4Glm2e/SQk/0O2g/DPg="}},"PY0Sp5hzbqo4wajXjGAMtzC6uRMP6j0R7pdFg9llLnQ=":{"valueMac":{"type":"Buffer","data":"u0jy2N6vwA/Maj2kM82iFTJckNracpFabNUwzvk6I+U="}},"PY8grTFpEk0iJEs9dbtSxWNlUMhTQmspvtGFOdRT1Ko=":{"valueMac":{"type":"Buffer","data":"E32W8Ze5sc9R4ydTFTT1EXXi7q5fZ6yotzUHD8dKQsM="}},"PbKOJzR8rISgcCrgjT3hVLIuWkjhe95tLnSJ3XYpoxA=":{"valueMac":{"type":"Buffer","data":"JQd1zgHUujfjubP3O2xpn+/RCsLgy58SmlUxvTojcAU="}},"PlIY8RzQ3P3KmKGfWu2e/L7tdfrz4sjcw6A2dZKMMQ8=":{"valueMac":{"type":"Buffer","data":"H2TBrywSh3uIozNWWyyo2TtBLqu1dG9NUUWoZJ2Qt8Y="}},"PleLpmPOmXdRNobOoaXH425bg3KBWGeAMevCxJ6691g=":{"valueMac":{"type":"Buffer","data":"0ig95xcuKgqcjuGJ36oaGXiLUzxIUwg8ZNEupPKU0pY="}},"PucPXTAsa97xf1VmMCcd6O4bC2BYIDgnQ2fRSyR9yI0=":{"valueMac":{"type":"Buffer","data":"clvdnyMAfl6CmphX6v0nMDhxIRrn+fHFirEjrtvidTQ="}},"QL9gSJhkvxJCUY3wRIYGqBlFgtj0Nv5EFZ2hhEuyTkM=":{"valueMac":{"type":"Buffer","data":"8RbPKhNJot1mSyCdvmKza3GK7+hbjuPnAqo6VwXfBNM="}},"QkXRMsJfCuDzTeGq3AEFOfuoaDvUFUEBwl3VQ55ZiZ8=":{"valueMac":{"type":"Buffer","data":"DnVcAEwdICW9n6oKqmHYndPFEB35I535EQmRFg8XSfA="}},"Qms78GMQnzonl3ISYFoxD3F1rwBovybQfN5GI+Y+AKc=":{"valueMac":{"type":"Buffer","data":"x8+SGjalZP/a1hjE15ls9FO0X09LBVj/0kVXKyUFNQs="}},"Q4UJGM3v9pB9y0tmPIBDlatdNv3FOkYoDYsbU6wldmw=":{"valueMac":{"type":"Buffer","data":"T2xPtJcDer4pi7gyR4NHCF2lcowINm/D8GkKEwYylOU="}},"Q5E3uaZ3IbeZbbPRWBRpgVyduYBq6h2rPf/4z9K0ptI=":{"valueMac":{"type":"Buffer","data":"1SjwRNokUNvIz2jCO/O5nlz+ePFRRlMMnHVZgyeKMqA="}},"RJti+hI3UW1BmzLaJ6ht8ceN6KmZxz8NfGkKwYlRB+s=":{"valueMac":{"type":"Buffer","data":"1GoGe5zAbywUCjn2gRuL1t4/PbYUBxgRt82T37kdeC0="}},"RY4i5Y20qSAdivc80z7n2iLDx00IfpgeDnixejW2fSk=":{"valueMac":{"type":"Buffer","data":"QAVNm969i8R8mkjLXzp+zbvJDx0/Q6MoYX+eJXEuxFY="}},"Rb7RHHKgqBTPw/iuWsPn6seYUoSj95KUHgyWVM3LQ6Q=":{"valueMac":{"type":"Buffer","data":"bLsjyoEB9BAtG+bQl/0mdbUmrE5qwPRAvvALCHUQVKo="}},"Rf30H+e8rXhfU3wKRW5aNoged1Na/o6u/k/BK95YM1A=":{"valueMac":{"type":"Buffer","data":"mGRsY60bZpyBpcyXTI5QqdEPWs27PKDYxemb1FbP8Dc="}},"Riwzus4Dfo8uo+EQdkUVE+cQWkAHxY8UW/YAfMGCUkw=":{"valueMac":{"type":"Buffer","data":"fkccBxLplWvhI2eqBih8G+gECKUm6OthathRBAufm3M="}},"RqkKhu9lVFK/Y3WHXW+ObnLHK1WL+wnHLZWlWVbfHp0=":{"valueMac":{"type":"Buffer","data":"DcbFz2v93Du2GKzOV1AAgQCsQ0fm5PrYPIZoSgq+ao8="}},"RwfvYyAbZRM3n6lV754/a9H2rnIGOK1V2u+gdAd5Ryw=":{"valueMac":{"type":"Buffer","data":"JoApEmPKf9H3O39SY07S/hyu3YihbJEgAY+NwAqeHZE="}},"R3Izbou8DbKJInKFujPv1Z0FTq9S5+gGSSm82NVbx/I=":{"valueMac":{"type":"Buffer","data":"XQOPs+/qvE8H65Xuxyfq4EMQl8CI5XsCvCuXPjZuPJI="}},"R/bKVPiONP07JI+P6s0HOkboYXykSeeYxlvtMDz6GQs=":{"valueMac":{"type":"Buffer","data":"UDanPZp6JcOfxqsxe2v8vFxYz3hjPvTtvyW8tjJfYTg="}},"SCnlnxW/Bl7Pyq5yc8oeolQlp3uVTeQwiVKQtJ6fPUU=":{"valueMac":{"type":"Buffer","data":"YfaTapQuLj3wz2LXlvUo9GHn8SvKDKuKevx2j/C5WsE="}},"SGc3K8opUbo0H/omnJjt3Zb6oI38o75KfrjDXNvypFI=":{"valueMac":{"type":"Buffer","data":"FyJ0pLyRdZ21XZlvG7R4jJqaYUGK7zur9xAbJB0Rdzc="}},"SP8g6sZfwT9ZnpRGKQzFC/nzL401RBsdeFxNFQWotX0=":{"valueMac":{"type":"Buffer","data":"tKwB96j8T/YEhzF5QD1+lHBpX9RgxrHp53Q2ifF3/44="}},"Sgh+et3bMBoIDYn38i63gbwGKfGhIKglmn1ZOM34f5w=":{"valueMac":{"type":"Buffer","data":"W42UzwHrrgavMkTMHpYcCcEs71voLTJCjqXM9e6lEuQ="}},"SinE0QibqQdZbNPHZ8WfMt6FUwgvr2HMGY42pcZapFk=":{"valueMac":{"type":"Buffer","data":"MwY3wUiYFUMmnET2Ys/Sxg2NBjo22fJcwGs1awDMFsA="}},"Sq/5oPtHatuqvzXuAPMpJtgPTT+rNTlKOI2f7vwKd9c=":{"valueMac":{"type":"Buffer","data":"mwHNdSXieIn5bdEgJayd0kPB8t8CTMydN3hjcvst+Xw="}},"S50GqgB2MKLq+0ZiwOXlXGStJdrOhl2jPzBeMwAmpbk=":{"valueMac":{"type":"Buffer","data":"ciW/QKFPR6popzQKsrMPpA91HOn7oN8i7bdmjOHRfic="}},"TAu/NiDX8WMy+qfkiBgu5Tf0LdO5knE85EWw0J9nIvo=":{"valueMac":{"type":"Buffer","data":"qSZX6ofhGXkGTJnFpWnAR6mLbrfIpdQPtlkua04pWTo="}},"TGnOCKGbiT/P9fBJJlLVFwX4zcmmnL3m9wttzI25C2E=":{"valueMac":{"type":"Buffer","data":"Tb4U8N6RvJCG3+Xm5dG6pFfiNqvlfOkr/+GxMBk+8zM="}},"TQ+rtKjljSSbRn9Do0Y8qNNKAWN0eh7EbRQZmzgLXdA=":{"valueMac":{"type":"Buffer","data":"haJCya1eWSPWKvahFDze6pRWmqn7V/K17bv5MODDPic="}},"TT9t4RgSumIsSk/7f8MrdMS7hF7OKleqePVVNSUWEfI=":{"valueMac":{"type":"Buffer","data":"hOdIOxjxqOizRXRE6CWd+5oSwHXoSO9kZ1On0U+if0c="}},"TXyz0q8zS3TFg3Ua2uL2/s6R95UcuM18Y3lXhy8fABk=":{"valueMac":{"type":"Buffer","data":"U3OoxtU/SCmMldceuDdzXOs4UznTivEofxie480igFE="}},"TX6Ysi08Hw8Q1xnk1/QpgxtF4JcJHj5O1+GNeqP7wEQ=":{"valueMac":{"type":"Buffer","data":"8cLI8gOukmf9ECSyjGpQhCVy+xEStiQPiz7WkocIteE="}},"TcUgyYm+wXStJ4k/43rQcjtwSuJNuswrbg5bX6Ln7k0=":{"valueMac":{"type":"Buffer","data":"u8sQ3NeVca8ZVsnd+b4IwHVcUWHNN+ej9VBlxqEvQEA="}},"Tl+iQPFvfahLZrZtW3enJcJJGz/s4h9DSkUgraXSz5o=":{"valueMac":{"type":"Buffer","data":"SmjEPskV8EQ7kuHS9KUS2v8H3ByHJ962yrWXDZpqqog="}},"TpJ33TmVrRkfu3TIeNiYYQiatKYcfJ3YTiAbbg60FFA=":{"valueMac":{"type":"Buffer","data":"ekoLy29HTSRys1cFvzrQ2ElNYiZjwk/fF0EUAz33Emg="}},"TsSbZqtPM7Q5T1smuhak3nJurHtkckj02Kg0fU0UCWY=":{"valueMac":{"type":"Buffer","data":"5RKnaK7cDU0MtJyLRB/R1taMydkP8dFO6G7GA3X+9ps="}},"Txv4NLRqVi6vrtWOFdNCvGFTM16jjgsPjfzHsG4QjkQ=":{"valueMac":{"type":"Buffer","data":"hsybvB03GUxhfFrWWOzNU7aLhks1l6gc9gyll0eq7tU="}},"T5FEpGq9p1+ScNbx0h+pK47Ri0aTYyTr+f3fXlkuHiA=":{"valueMac":{"type":"Buffer","data":"MoOAP1b8x4W5yZLdk8+6KC+XplKFF9cx1Q4FBfp1BV4="}},"T97OmsMzvgOmRV9XcrBnHmvTdthwmSCJnvkS6iA0sTA=":{"valueMac":{"type":"Buffer","data":"osumBOHz1iGXDF7HLksSgfG7mCGeNKirKW+PtGB+L/E="}},"UIoZOTAC3Lw9Hbprs+tJx0bfM7Srsy9OFMc/1vMeDnE=":{"valueMac":{"type":"Buffer","data":"/OoY3WWxnsveQ4dLftzWqnUO28TR1vgqeghQxVKqKwQ="}},"URMUY0NxQwuPRFNGV+sDlwEtBPjML05Y0ZLXtjzL+7M=":{"valueMac":{"type":"Buffer","data":"LwhKZDNgzpfA1is9kyumyTulOoTwfaDkG9xPYfs7+30="}},"UU17Giqv5j05GIYq+gpcAeRffFZulIoU443+NbnM/Ss=":{"valueMac":{"type":"Buffer","data":"OvRwPPck9E5tI4+K6/e2/5UWmdLZHYD5F5N8j/8sXpU="}},"UVFFB0cfq5ez1OM3oHmJwKR455bib4gaLMLBhMfkaQI=":{"valueMac":{"type":"Buffer","data":"kFO2E/WBNVnzctuN4vSXCz1oqR++Y/fb0NZuBVaNotc="}},"UWnrpkp3O3qSCcJTWBPPHHQvEZRZZRkpdYXhmZDXRFM=":{"valueMac":{"type":"Buffer","data":"2NStRWKGQAGkNzD+l2G6OoHni4AuSWmkV7CYkKnKbls="}},"Ua2wDcyOktiRmnBKjbAN0PpkgHUN1jPzOswFA7nCHmQ=":{"valueMac":{"type":"Buffer","data":"VqJunCnj9CN2XdIsuILnnB+ISxVHPR7ffEJFVxxnyLw="}},"UgXzpmxRgEcCWWDKHQ7E/zxQBY216m8Pz2Vrxa03pGM=":{"valueMac":{"type":"Buffer","data":"LfvGFpD2/hzjWgNVDM7wsYylXxDqF0q2xtn8tL5HGiA="}},"UiCylluyi8HMn3t/gGSFz2fh783AFrDVZA/lKVJSE+Q=":{"valueMac":{"type":"Buffer","data":"Q5FMJ4xl+LyH1ocmxsZRKkCfE13Vxqe4KUu/FAvTIso="}},"UkzVxgpGZeQ1m7fBKTVVoFUs96UXNKsrhOqIdDg8mFM=":{"valueMac":{"type":"Buffer","data":"Dk5LKpuA0j3VSaWirnoNnDZkr5Sdo+1gn/9rLyPRxgM="}},"UxkuhUQLiZFdTr2R1rpzmkTgSwlM9fEJrV2SLMmpDJ0=":{"valueMac":{"type":"Buffer","data":"1uH7hEnnqkS+CmPcYkN6NLw9JXRGDT7Q2/RoJhbXVK8="}},"VJNwIfY1CXzg9mvueiP0GSsc++BiegSLGqLOx+fRl90=":{"valueMac":{"type":"Buffer","data":"rGx3UNgwTtjWPjhu9XjI2Q9KClJhGtrN2zJCjGtHo5E="}},"VJsOZ5/J7VQyRQDPWlHEGdhgbeWQdNZa/0/k4FC4zvU=":{"valueMac":{"type":"Buffer","data":"RJlrTt9VxRz7tO6gyheB/11qudH9SEB8WgsbJZOFfm0="}},"VTtMY9khhOQXep0eBxxMUUOS9bGLVBokMgL4OPLFp8w=":{"valueMac":{"type":"Buffer","data":"3MTNM+PcBnjUyWOEyQvg4XkAYvz4OLQzsmaSitBhA1g="}},"VZO/YzDdxKiwpLZVflLDeAxDpLgsAEP8/mMyBGu60dI=":{"valueMac":{"type":"Buffer","data":"AQ/e6b2f+njXwoBrehr6g9KBc32pziik3YG+DHN31dQ="}},"Vvwax4F43oVN3MXAm3japfkgTxSgJKYVM1TZacHtSSw=":{"valueMac":{"type":"Buffer","data":"ukAbBWvZAogm3kURuE3+FIWDunnx1WrC95j70nIc8Po="}},"VwlyFMPhQQ0KCwnOkQNuTptyEOfRnSfABf2K1Nq4uiE=":{"valueMac":{"type":"Buffer","data":"/QkDuLdq7Dv0j4O7XxpHmURL3kuPf1rlgPT9hU5xXSo="}},"V4Pwq/QMcwOabUrGZIdobywWOu7xpFV/AqZWSimglYw=":{"valueMac":{"type":"Buffer","data":"JVAwJsr30vHa3WUNiswLtlMudqmgtZXA5YAPZ932X68="}},"V7tq0RJvlfB3SQOmYEfQIGGEvThzI7riTyvjQ3J1z84=":{"valueMac":{"type":"Buffer","data":"851G8t1UZDoVx1D1wSY1d//HNtZjebnVgNWao6E0KP8="}},"WAMI96PGau7m9frzp1iXCPzyeAOXV5k8+LDQpGHAVfo=":{"valueMac":{"type":"Buffer","data":"fIrpYXOdwskQn0PezN7w8TSDR1MXooWzZqdU2b7yWfM="}},"WC6KXlANPWeOWgTMyWBUdqlb4i6mIrVLLIOWowwwaOM=":{"valueMac":{"type":"Buffer","data":"NhVp9v7cV8OfWcQrWIMvMwuyDMojeLQvma/0WvHUOfo="}},"WFTHCspk6HGVJJodawhEoycwyw+J7YVMhTfAoYKni7E=":{"valueMac":{"type":"Buffer","data":"Oyo+ihxbjQjbVbEwVvieinLiO9bd7rhlxIUH3j5yDMk="}},"WJuO3AfmZ2hZk42dd1wTegkHdTfWWEi6ubN5qzSuECI=":{"valueMac":{"type":"Buffer","data":"AcAscbAjyhJuVMNOoeV+nYirVEWHh4pPs52Sh4bNjxQ="}},"WLrnc4anSRDsg6zAMKzrkkWK8mo6bwepzvMLd4Zi4bg=":{"valueMac":{"type":"Buffer","data":"90KKx/pKiwAbJJiMS5JZVYUflLirDFxA+KiKARuG1bo="}},"WTxYfgpVJxY9Jl/F1awOHYK/cqWc7G70xNSF+n8qxnQ=":{"valueMac":{"type":"Buffer","data":"8OVuzU1qS60yhc8go0nLEM2Ot8eQBYE/HaBQt26GecU="}},"WZlOJtoP53oP6SADMBfYj89yJdzjtqNEd/xsbPwSV/w=":{"valueMac":{"type":"Buffer","data":"zQA8fgnoMHC/a2AUf5EBIF9iQ9mEgoMc2Z7YslyF00g="}},"WdMuDJXmB0a3gLf9q7YXedu6yjpBy5K4upRnKUpB3RY=":{"valueMac":{"type":"Buffer","data":"6svpXmIug8eUrrFaAQGxkS5URtQexSuzqOnszcjYGaM="}},"Wjl4HLwAEl7k+lMdsVVSE2XB+Ilr4y2yAfAw+fTfXDg=":{"valueMac":{"type":"Buffer","data":"0HSEWrOLKcm8udoR1XdEUVg83ujw5x+THVtyGpXaUEU="}},"Wn3gmvLVc2TxtFsoqu58ngJe3y/xw6PEQ6w8t9NWDQM=":{"valueMac":{"type":"Buffer","data":"POG2pwYVZOoxTH9g1QdMvIdfIawBo8TaCdDk0YVGoI0="}},"Ws1Um1w6fwzG023gCcxqXwViUKgcUwGWlsV/cRbl1kw=":{"valueMac":{"type":"Buffer","data":"CgWc+ddnW31VOm5ekntBiWqyClVlJujMIQLIXKi1GKc="}},"WyVIHOToEomoKjlL8OYPSbJteAKwHotm92zO5Xbk+gM=":{"valueMac":{"type":"Buffer","data":"BIxXxBLVLv5Zs+ERGingyrqZX+HfO6E+bUTZQJ/R+s0="}},"XAoUYNSpMbnnTrT2TMI2c05hUfjru5uQ/B7jG0vj+OQ=":{"valueMac":{"type":"Buffer","data":"5g4v8UQqMqC0yz4zm6IJih/k3QfTrA9//bfmtZkOhoA="}},"XG18r9ydS5IE64X54trAPB5Y/2Q113SSVWIA7zE77M0=":{"valueMac":{"type":"Buffer","data":"PZsf5C3oj79ovOoOBcssYC2tJ/xt6VskLc2qN7LEfRg="}},"XG8mKcNPQyPnpo+LZB/3Dgctjo+smtFA0RYox95zImg=":{"valueMac":{"type":"Buffer","data":"pMe6NijhrvoXI1yZyLrV7X4CnrYUVRMP61jgROsLjJM="}},"XL5qUrhghKXaVsthe3W0L9OkGtvS+c1JkBbo+T1Z1vA=":{"valueMac":{"type":"Buffer","data":"LhrzxzCILF3QGvveXL0ZOSVwA4Uwl1YX4OucyoByhrA="}},"XYazit1zVVwL+Lt/5CNWxMqf7CaIiwFg3i9IzJqnBBM=":{"valueMac":{"type":"Buffer","data":"UTBzCFBr8WMoGieE45j8nzzGtavRyEhssDRzbmrE3jI="}},"XyfFqlkiQLOhMNM9g1pqm5NpArbT8rSkUVYIqUXCwuE=":{"valueMac":{"type":"Buffer","data":"fnGleNjKgw4YGEslBr7QwBxdgWy/WQc4XiOVpcMJGrI="}},"X41Y6r1RQfeDQ8CcwaiPHI0mpMyQQvqXjGRaH+W5Xps=":{"valueMac":{"type":"Buffer","data":"gMYFJEaccpbrr1RsgDaF91pMh9ov768DSRBPIxS3Aws="}},"X5SbyiKfJE+lEB7Z7M44O/IVdgewsAPwpb5tVJDCzQ4=":{"valueMac":{"type":"Buffer","data":"4drKZ3ygtW6DGVYR5j4+xPs5L+OphxXgtetdVHLZ4+o="}},"YD+ghFC+DImk7SCWLwZ7XwLAihSNNi8EQN73pLmnLx8=":{"valueMac":{"type":"Buffer","data":"5TrTxCTjszmDgJuseez25/4IcBzAk92jeRnGUagrVYM="}},"YPojjCrukThMD5dFQNblmLQHM0exb5lnHRTg5ZiB0vE=":{"valueMac":{"type":"Buffer","data":"49lVZgtHSSsW7vCdDILy3Hop98Kdv0eGm4dRzECVXCE="}},"YP5x2kh42nuFRxH8azFKZ55QlElflszi+ZbrYWK+w9s=":{"valueMac":{"type":"Buffer","data":"wsPQ8QSq1XpohxhAwthawQtWQJekXxYFw663bSwQpfI="}},"YRx6nOc/P764627DH6vJYfiwbdu5jf/58snJWbp7mbw=":{"valueMac":{"type":"Buffer","data":"wUApvsnOzfINXvhR8anRbHXO0oPJn98bErY9CgGdccA="}},"YSXMjV1x3VnosFBi0zezwfifoyKEj2Smh0Ud6z2k8A4=":{"valueMac":{"type":"Buffer","data":"oTA4q3RITI1/XiFIpYkMrFMI2KYB5IjAmXa3JT2k37Y="}},"YiohNVW1qOusOTKbKdsstzrPU39sx/ptU/IKXKI80so=":{"valueMac":{"type":"Buffer","data":"JA8OwFtecYMtLcQKOkf6ExPmZkmLyuLLf0FzM3PQjgo="}},"Yv8E0M5lzMrLyVy499Hn9NgocMgMIO0Ub/ZSVFhCKyg=":{"valueMac":{"type":"Buffer","data":"n5hOEoRqk+1TgoLMNe88HD2QUo+mIwJkTNhWodCUFek="}},"Y4dytRXNUKM43O45PRRAf+oY9Ew8yYYiuv8IjGrhlu4=":{"valueMac":{"type":"Buffer","data":"8ytMeJi9i4483QIFRt+nTFxZU8CYmXdluAS1cMXblWY="}},"Y/msEPIBTAKcPAosZGLnZQ4q9oT0HgXdbQtqqICOs2E=":{"valueMac":{"type":"Buffer","data":"XvveiIwqDlYPo3riloDxxcvWrOm2XfjW+3Q1ZyaqF0E="}},"ZCwxrdWQvqYoI2p2G+E2aNKmKr2XFejrAF1pW72TncU=":{"valueMac":{"type":"Buffer","data":"euYdRGvx7kW8bV7kEoYVjwdAY9UnvScLzqTcqoQeC28="}},"ZDDu+rBkGWaDGgVVD/sd9KWzm8SavTric45okB19eCk=":{"valueMac":{"type":"Buffer","data":"XxTAZ2WC6VfTUkUD5EQI9qw1bk4qqGDjaoEtK94puSQ="}},"ZDp492G0ZISB8a/xNYJbxnL/AOPCwlI5u1T8SD+05hc=":{"valueMac":{"type":"Buffer","data":"MBQ5SqArxEgItcpWlHqA4WRLobAxPAZSlOnvHB+MHII="}},"ZY3ZPH4CcFEMh8uys73Zg98ZSqJ/B10HexoPNIUgHKg=":{"valueMac":{"type":"Buffer","data":"4id4mvOwq1D06Xjt7mlgj7gsQnt006Hb35p8ouUvWys="}},"ZaZXJVHqnLlTZHG3Yu5CIb8b20QFz3bCQeDwo99lMVs=":{"valueMac":{"type":"Buffer","data":"kyCHqsDbSy2OdlTU8PcbI/eWXVUjSZ5cRRRndiHV9nc="}},"ZdDTodibUaEX0BHaoZvJKCfX+koODQXzuKIv7gqqqUU=":{"valueMac":{"type":"Buffer","data":"8MwZsF5QRzCCeM66QYrZ1c76BiDJ8WW0occ9xlnw7ws="}},"ZglDKaD7++Xd2KtEbM20I8vOevA1WqavU5KS2jP2qM8=":{"valueMac":{"type":"Buffer","data":"bVcUdC8nKj5vqxMT1ZvTTcU9pZDiQeqlpyXKNzy4/Ak="}},"Zlkn6g/G24RJp+ou/O8lbtL93wcNLDPnuPG+aSnBe3Y=":{"valueMac":{"type":"Buffer","data":"oE5HCaiqo8LWS99WeeiZj5bwQvM3lVaklKAH9I0ntTg="}},"Z8D4LhCfMlkk1in3SWZ9MwNvJsZBQ4aDIe4D0pegwuc=":{"valueMac":{"type":"Buffer","data":"B4yjfVMhw7NAtDx/UHnag+RVJXfFrP+X4K7bvtRrDqI="}},"aGFiRnecxiW6QX5dh8dCfH4KT35L4Sd+QZDqcUY638E=":{"valueMac":{"type":"Buffer","data":"61S1nQqztQns1IZ+b1jr+9+QVBVMelJk7vT+lRCrQMU="}},"aZsp8F6BrI+TQcYkzkCn+fetLedfnhxBZjxg5SOsuEw=":{"valueMac":{"type":"Buffer","data":"wBwUKfg8FYCzMk6zz8kzB/Qikibx2Zh1kW06tyw1A+A="}},"adE4FrmWUW344lplCPZOWrGKESDqUeAFn8zhV02QQ20=":{"valueMac":{"type":"Buffer","data":"hwrLrEkuW6TcbKbT/jjUzF7e1nDw32N1a0obTGjKqnY="}},"ak/WJz6z76Ajb9MNsxfVCTFy5v8yeIGf8TqaWDzqX5U=":{"valueMac":{"type":"Buffer","data":"iPKToXivSHraHD16EpPl0f1H5kHNUG81CFKI1h40nLM="}},"aqg2lqD23DbByL3BFtKS9VE73+E4nzB4cWsAP/2qchg=":{"valueMac":{"type":"Buffer","data":"X4GSo4fA4P1wkaKB/csBxLIj8KAig0AuG0kUzHP0hLU="}},"awAzOgyqfdPYNGjWeFBtgd7UgNgaJh+I5epffnUQ98w=":{"valueMac":{"type":"Buffer","data":"ygnCJYf8J0ytTfeseVOuXVLkY/oD6LvQ61HSKlFL46M="}},"awKMxhYe6SxdN0MO9wm3PxvBXKqz/QNwKqEzctCSCUw=":{"valueMac":{"type":"Buffer","data":"DNwHJRw5SQ/XRLdyeZdet7Wr5o7uDmLD98DIqLn/gy8="}},"azyk62mYHf+e8Hd/v3Z6mf5C3Qa91LN4baQCMDREZig=":{"valueMac":{"type":"Buffer","data":"eODu6FxivDTvNJZYC66YNnes/1w44u9Y2m9ZSW1Ts1s="}},"a0y2v0TUR6/SXb3uEl74G7IyYi+L3gYcVx2GjVLyF+g=":{"valueMac":{"type":"Buffer","data":"JFg/Gz3UBZvh3olb9cJWEFskU/BLW93V52xpTKPuJBk="}},"a6rEhGEwjzJ2dXGn/SrU9rxSHz0Y4HI+UB9oDUPtytM=":{"valueMac":{"type":"Buffer","data":"MmFHx9u+EOV4U9bAsywvHZARpgyb40/O0H+m8STansw="}},"bJa5AGLRIBA3RjZUuWSegsrh5fXynp7r6q0+a/R8x0k=":{"valueMac":{"type":"Buffer","data":"PWdVy7HNWOEN4a5PVlFw1NYl7uXsRwN5ezAUe6lBgXg="}},"bSfqf/je8jfwP6OP9R4nBwFfkVdAdvSaQlS/8gK3p1I=":{"valueMac":{"type":"Buffer","data":"NOmIt1bl2ny49+kTzLYweIdWqiv8txs+bgPzArycxdo="}},"bYgs6D8/kT7LT6xxouy6/HJvkjHrYI6f8LQM1ew3x44=":{"valueMac":{"type":"Buffer","data":"JHH2YqnpoAJcaYpWvuAgLRn3KVLqXyhCq0+aintmi+o="}},"biwGm2lOLVRw7XnmOpX0dY5jlghnRxk3RiWByaU+KDk=":{"valueMac":{"type":"Buffer","data":"pJr4/LRF1ZFvgTaYZ88AUwfb/WrstnDHcT6zQYx4KbA="}},"bls1l44FSRa0Wu+j553W8L2dAbJLUvvnJnCwtcIuXZM=":{"valueMac":{"type":"Buffer","data":"lQgHomBu8ETvGPZzZNiNNjJD5cHvj3lDzhNe+peiSEU="}},"bvzzwS5nT+sfRA4gZRo23PWxhV/2oNINXh1g0I9uPLE=":{"valueMac":{"type":"Buffer","data":"udh+8IeWRbfVlv8s5UV5FFEeZ+D1spYhfRfAzu40cM8="}},"b1EtORoR0V7Oh5OXLUOYzvzvxPuNxuDK2QIBvClJWRI=":{"valueMac":{"type":"Buffer","data":"62y+4H62pLisaxNRj0BbfoDSUnFtifjA/Qip3GzSU+0="}},"b3VYZQgx4SstClHvpu1RNIBLKNxGGBOfS7c8B82jZ5Y=":{"valueMac":{"type":"Buffer","data":"T5kO2VgmFckHxRyef+0BsKBk4+RPysTYog7r2YC1gvk="}},"cFaBRodJ6xFYAlqpnExHToN2JFMx4a29bYPvxdnAKmE=":{"valueMac":{"type":"Buffer","data":"t5040YoeyranKWBQiYYuRcTV0zxnKY0SE76/HhWD120="}},"cIbb0ipcLPLRibPXman7G4jRLrElHjO3Z8V3K6Y9SU8=":{"valueMac":{"type":"Buffer","data":"qeLTeaCMaYMibbiyx1XAVg3VJfKTmgnSSElSLDuP+tU="}},"cTf6cFpVrmSY3yaxe+caXfVnD/qJuK0x7LLG6c3sd4o=":{"valueMac":{"type":"Buffer","data":"CK4aqO4Cwh70yZpXW/iXLltzviZwUxxvWRQBhz5JtDc="}},"cls/YK/GD+gj+F+5vWByMY/2nv7aNEibekIWVInKAsE=":{"valueMac":{"type":"Buffer","data":"6lru5rijMBD8oK1+Ps3hlNBW+N23HkW9roA9HsBGCoY="}},"cmgDCRKbVy6BqzmomKIB39t7lwsZtnkVyOFWRPtSGok=":{"valueMac":{"type":"Buffer","data":"rXjCULK2uQaaCifEEau0z2OyJVjXAl21oKIuNSLjV64="}},"c3xbZwM7MC8mB8fC7lDEULL6pIXD4DVD596WQRwYB0U=":{"valueMac":{"type":"Buffer","data":"dYOQWsE/LpJ8iAONod7S4XIpe88X2XGZUn7ee4ET/L4="}},"c+nF2OYI8OvhweKhtDUWtDMbkXRLWXJKYvmr0ciR4Ko=":{"valueMac":{"type":"Buffer","data":"7jy5BXakLIn0ZDS931sJ1XPyEyLfBJEVZhWl3w9vkgI="}},"dDOwwPBih5/XuVuxf7vgo0e6b0cNxloZrL1NpAfK3CI=":{"valueMac":{"type":"Buffer","data":"I8ci5yl+dfa09/tcfP3ooYAiavrBxp104xrAGIeDA/U="}},"dPmWhOX48LF+OggnHcE0avjZhMzZnfPEk50DsvGHF1M=":{"valueMac":{"type":"Buffer","data":"0OdCAX+0Fp7LJwHuI44Xu2cQFi8jlgidoiIjxpF8uog="}},"dYcryMDMxFidyVQxCSmH8I6Zans1DDegxMrgYaObR1Y=":{"valueMac":{"type":"Buffer","data":"/sZ9xvbiM/drISYz7cGTw+xtHe4VeqTDbkOaoVzPdgk="}},"dbWVGJ9yEakXXx5dg9V8fE0gYffds9eraj3reh8ojEw=":{"valueMac":{"type":"Buffer","data":"MlOJzzZ6v2WtUO1krJgzrzEMKS3OEucJPODx3UXal7A="}},"dybmC+HFVvYQVyZ5I5HXZGY1rx9L554NWNStaLvCnck=":{"valueMac":{"type":"Buffer","data":"z9S5Xli2EiTmiJmaJDZ6VBOuP4S0aNA9O/LX2Wa8iAQ="}},"eDPHzbps0Z6e14LzZrh4S1yyODHso/eg5Ja6Airdvvg=":{"valueMac":{"type":"Buffer","data":"9oZ2NivVWDFGL3BmLcr67UaKCBUhkIa2tImNVL9Rysw="}},"eElfJK1C0v1FILhl0pLZlkDqyYDqKVzqiw7rIiROXBo=":{"valueMac":{"type":"Buffer","data":"JOvFYWvI2jbot2W1QLyUpYtrqJWDvroPpjPhYybm2lw="}},"eQwdQJCRDrtofbgUo/ElZvxEp0CghTa71q/oRtIBWXM=":{"valueMac":{"type":"Buffer","data":"uSt7cOovcX+5qKYIU4vAs/PRNPFUN0Pq6zWKiFEDtng="}},"eYfdefEH1aDAHEHPJHzXiSY63/qIuXtDbDoQ8AY7vH0=":{"valueMac":{"type":"Buffer","data":"xQ8P+TJwqV6/Xkg0DTtpO6kurknLUqzfT0cmVjJBtMw="}},"efg3Yvx8iQT3n+I9/cCuudVmIwXDMlVSXef4YAo2T8g=":{"valueMac":{"type":"Buffer","data":"CR+MAxVxCxQ7cVthAlHF1RhMQL1xl835u4BMAF3OeBc="}},"ekGRdQSqBnaXff5UFHEzcPCM2pflLl6C9WizScJnDjM=":{"valueMac":{"type":"Buffer","data":"n9ewKIaPToINWbW8Y5P5UDI9ZO1CVdnVrQU6UohziOU="}},"enGqRvMc8Hkboee8GB20TvlLi7MbTIVlAnZmVjxtoj0=":{"valueMac":{"type":"Buffer","data":"12nq59iHPp+Ytx/dbMMlnb/RbOkM4Q6JG+vV7sagnNA="}},"e4KBmhYydAnZcYwHHGn4ABJerhIWBtqXA1SQr7PGMOo=":{"valueMac":{"type":"Buffer","data":"dj5uB7XhH/iRXcRslUe169RgAtv9tzaMaf0L8UWY+RY="}},"fB5Uk8g/d5rG4d/kcMs2bYUz08yhMYbNAlR8UeW3yz8=":{"valueMac":{"type":"Buffer","data":"p4tXwetx4xZNpMOtVsv/XQEBRQL+tzTneBljkX1ZrZY="}},"fEBmNVmRPqE6ew6iOkkkKYfwikicYMakNbFbJO0a9Xk=":{"valueMac":{"type":"Buffer","data":"Oj0kgfp0kdVdYsU8/UXmZidJD2ZFLLTYn0gf2rIgkz4="}},"fTe6DPBP8hhPQj/Mpgu7ElJqKhMkXPB4ICuWMKNYuc4=":{"valueMac":{"type":"Buffer","data":"jNGq/U/WoxeI6blG7QGGSQLCErueTwEn3kfMCzta67c="}},"faft1v1HhK2l04cNeFwGhERGusxtvRBALUuWc7wxmUI=":{"valueMac":{"type":"Buffer","data":"8FZqVzrp6gNIrinBLaZsVI9E8QZZHzre2qcLNvm4Qr4="}},"fepehRJv6VXDvkiwO1hRkyZsn6qf2gAd6dmxPWkzr5Y=":{"valueMac":{"type":"Buffer","data":"FaNGevgV/0bE77v4r0VQ6PVSkmydxk+r+eUqrpHdFwg="}},"ftRCKKpVposYF4CWGVRfjPvQlyX1oHIgqGhzYj5+8aA=":{"valueMac":{"type":"Buffer","data":"OmQR60BqmTSR6TiaiGiQ0qPgCKpzUEW3GU7rnFsIx2g="}},"fuaK10muDKneoaEDu4owp6Sb20FobNfHI7juZbiRlqM=":{"valueMac":{"type":"Buffer","data":"7RN6Pf0H/Z3D6tYYT9nAfvXmTiVF0/E+ZbvppMcugfk="}},"fvXkTFnXyRBf7UCEY3TGjDdys8O/LPV7jTB6KFmRXjg=":{"valueMac":{"type":"Buffer","data":"c76fSfBr+SYIS04jNg7xs+hBAju+hNCSf9XFFqboYaA="}},"fw3nvFSAeW0PUK/lggJYAJJxQxz1fzCQ6s0FuJMWRvU=":{"valueMac":{"type":"Buffer","data":"/YSPptrCixDPTie++sMLw8wl4HE/Uf+0WTOXm3VKn48="}},"f4uq+iPeHSAQ+QMVXUo7EneInFwfvSRx6xPDqo5EUz8=":{"valueMac":{"type":"Buffer","data":"c7RFrR16AtSdq4OTyuHbofgl7LRPcjXB3iA9kQ/48kY="}},"f49fnfK9oXQXWYtpxvEBc6xSyu98MIJETBVGjY1gK58=":{"valueMac":{"type":"Buffer","data":"Dg1n6qTczL0leIVqsqb4LkMgimWagiJXPKdF9K3XQhg="}},"f/5a9m71invl0KeqBsWRx/hyCB2XqCsM+6lVqMijkA0=":{"valueMac":{"type":"Buffer","data":"MImsoBgLFPkT/mI6eFsYgNG0GospE/K71nJ7I5twDgs="}},"gHKNv0B4ePq4muPLEcUMng2B6ANC5SLS7jqU/kIR4Ic=":{"valueMac":{"type":"Buffer","data":"c4aNqu01lDZlTpddagMzTfCpg5b/wti7dQqt2/zqRQ4="}},"gJ/gCxftVxmg9oU6JP8yRAJ/XcQ1M6ghpgLJLgPyP4c=":{"valueMac":{"type":"Buffer","data":"h+TdBMwkS398mBEJfOn9Z0GuYex9M1lTzrHjOU7AA2c="}},"gWP+zWj4eAKNlt2J3kzfrLqhKHFO99MOXX3XFBfwX4A=":{"valueMac":{"type":"Buffer","data":"MuEv+wxPFzQjKqfF11TaNa6VS3cnfCBvov+AOnTEW/g="}},"gXItO7Dp0Tj8Z15ulSb5BEEWlOcWAhWRBYr+iyE5F8c=":{"valueMac":{"type":"Buffer","data":"s0lqg+IJL/PWLkf6ZNqskPBxi98J+dSMqvEIMR6k1Io="}},"gZJ/jzls4lq9FoTc7WXdxH3Bn13N+VVGUNYPVyPsAZA=":{"valueMac":{"type":"Buffer","data":"PFipR/z2/5K5yByHt9wTgS/6YRX6rU1Nny4b4KACFMg="}},"gbaxn7LoZeqA4iyMrDZ6gy5fI8/NNHNb0WT9hMbDJWk=":{"valueMac":{"type":"Buffer","data":"nc0BSg/EXjV72QrnRxFQNYZMJ+Ug5plaHmmXyxe5qso="}},"gb766/kAUJS3NdbCgRo41VavvdUpYJcM9j5E1Kbo078=":{"valueMac":{"type":"Buffer","data":"zZPQaQ6tPilm98N+PGwEYh1H1GCkhbhYoCxMSJBSgQs="}},"gegIv1hMfXLQvegO/BKxzPVLg97HjLhU0r9JQh2P+VY=":{"valueMac":{"type":"Buffer","data":"IHVBNh7b6hRYcPD6LfDQ2+HBfgAzYXD4MS6XIPzCt9M="}},"glBCzs7fxinF4tObL5dH0xWueL3qH/OPKYigqkwS0AY=":{"valueMac":{"type":"Buffer","data":"/ewr8fPWsaw3SQYPCy9I4aX8wqMaysGeGnqfo+Y5gOc="}},"gwZwpc5b8fAZOO5gpSv2xXbpNunyPqJd91aouooy5vU=":{"valueMac":{"type":"Buffer","data":"Z3xpbNbsvWDriSxLZIw3AYWqTV16rsbEHqBrcGkTYG4="}},"g61NlsBspXPwCcUzumSTipm+DNkMtc6WvUWiJIvOGx0=":{"valueMac":{"type":"Buffer","data":"cEHfCCNFG1ro6hNItRM6RMbSOq09u8eoR3ha8yaEnMQ="}},"hMJT5UdUmb1ugBh1SDsXO8kjLUMdLFXewrIn0HF0Ib0=":{"valueMac":{"type":"Buffer","data":"7qHB2EgxNjuCgOJdX96bVILg5FDSZ4oIWmwvMiBXVH0="}},"hR0Ms6vvHMhcFfkPbDtae5Cg2Pd97fGfLtFccA0jPgM=":{"valueMac":{"type":"Buffer","data":"ClQOQve68oFnN/jLZLblMuumsW02F7EOxWNNg/M+Orw="}},"hSsM0ebz+45YlXzJmHNABPIFfYEJfssqR4f0KHXG0FI=":{"valueMac":{"type":"Buffer","data":"KVFA/CelUEdSYg5htVb+ASyjWI2PQRlgsDmLQ1BPoZg="}},"haSIjweQP/W6rzhBxF65ZWjUtVm9HCLTddGEVK15hEU=":{"valueMac":{"type":"Buffer","data":"PTyW6D4zVq4O8lF80AJv5oWdF3k8pqjjiMW5Wu5rLfE="}},"heyAP6E7vXT8IhDPGuyX4QLCTCvmviv0ZSvQhret0aI=":{"valueMac":{"type":"Buffer","data":"IB8VFtd/A4Crj1yzTBcZu8VMqau+YiHb8EUyMaGJO9o="}},"hjtOzNNLczgyCk9mW1ibDQ1hY5viU8LjhnoAInmu+ys=":{"valueMac":{"type":"Buffer","data":"RlI+xlqZBDXZcnwZvwizG8UnFUC8CFKeO5Z7urDCS7U="}},"hoIZ5dMo38JdpPSaEK45l8RGf6F2v7I2ODD304rOrEk=":{"valueMac":{"type":"Buffer","data":"lhdKHkbjQKq9dH0AHKZGRgLWaUdbNVBwM7tNpPSryMk="}},"hptH3pCXiXtbqAS2NyM9z97VEBZDyRawsMOMnZFKDJc=":{"valueMac":{"type":"Buffer","data":"nIgqvGrcqLde5fZVwtLamhDgWJhDTk19jRjbZ/SvMOU="}},"hpxpaw5Qy4YkGdbzqLU6A+/OlqMzRiyWh6zOC65P87I=":{"valueMac":{"type":"Buffer","data":"gAux/PMlLmSQYGuZ8YJK8F8g2pe/jleCAK7yhywkfKI="}},"hruWP+YWZq0eefTsRdSI/uswZZcejDPcU2Zk8YwfNRg=":{"valueMac":{"type":"Buffer","data":"Vlh3S53v1XOqfNEK8VyiSSowSDPMVG/zCTRfK31yesY="}},"hr7XL54p2O4eejgpq3+PmpvI+YWyH2LMhqT/G7WdP+Q=":{"valueMac":{"type":"Buffer","data":"LxAb8G0yX4+MS6LqQlTwI57hX/RciD23xayRWH/ExTU="}},"iAhUvOLPrFQQ7mqVrh/RVz3RNp1KidSO+rs7zYYn9QY=":{"valueMac":{"type":"Buffer","data":"79F3yGQuVYEJKxDIzWPkqJuL3tOrD537nncLCX2b36U="}},"iA6LT9HtNYyfdfncyjj/xri/2sH8X5ltn+cFqKhfzUA=":{"valueMac":{"type":"Buffer","data":"IxIxF+M89S0Acr7JzCe4x8SfxyFQgkM6ZWj0uV1r+5w="}},"iHM39OtRTl3oMBgvI8Lj3XVyZvqAbtC5p7+jS4VZkLU=":{"valueMac":{"type":"Buffer","data":"Q871e1du1yxaw4m3VQn864MPbaRKxXYLg3+jEe15o6M="}},"iJPb0iC2Rnf8KjvrILYkrdktwl4i8yZJSWcdUdM/ZQs=":{"valueMac":{"type":"Buffer","data":"BqMW8dba7kLSvup1JFIR2dYbbD/QHWpAZMtWzcxn960="}},"iXUsD5nLGSffJoawL4il89mSbIUBLH8QaW/XRiTvyVo=":{"valueMac":{"type":"Buffer","data":"YImx6Aa1zVestztN4HkfFa2+8p+qOKIiDHN9jk2cJ4o="}},"ifR9427FqEKuDkPJ4eVH+yz3SbaU8bhJZm8lV3DgOjM=":{"valueMac":{"type":"Buffer","data":"IbSfaH5GaRpyfJmB1Za6xK2OHgLmHBojzAfGQCDmhso="}},"ihtxCYc3qmuKCssS15cWUEJDs/wd798xqP8152HO3qU=":{"valueMac":{"type":"Buffer","data":"MNCsAg07ulPNXF/pOV8lN6QRYEwB1zeyZVzjKdvFt9I="}},"iswRJN2PcAU0KjODfErPUjOPEtmnbGLcOHYHrfFO/Z4=":{"valueMac":{"type":"Buffer","data":"lSnVqxaLHDR2ZDd0JIf1viMfLvmWN9TmUgwnEKmqwMk="}},"iwIAxildCzB4GipA8J+03GBLWiCu14Y1x44vSnatGj0=":{"valueMac":{"type":"Buffer","data":"3zLOgrjou4P7CsONbmhJiiznFJwbVQCr/IIvk5ovLHk="}},"i+G2rMKd9JvWqcTc0YNy/xZiYCdfSq0Dj78fzlY5dlI=":{"valueMac":{"type":"Buffer","data":"ioaJy006sdzlzGa/GE7SmTKGGRKfEsm7UQ3cV786tv8="}},"i+OYqJNYSKJjTm3k1maKnbbGV4cLvxQLAX2gBNWY8EA=":{"valueMac":{"type":"Buffer","data":"Y1wpBqJJzLNH9oVv0Tr16RnI2ZmjHOG4kuUm5py371E="}},"jCK3uhwKNfH5HE8NKDeEIkK424FlCZ7qjrbV13Hu0a4=":{"valueMac":{"type":"Buffer","data":"ikpB6a50JimDtlZ9bF6P1YSbvXJCV0aeEloZKuJkSnU="}},"jaS13MEk+pgapQoeQNYl4QCKD6+FIJQjmBkLa2naOzM=":{"valueMac":{"type":"Buffer","data":"NzTRelz8JrFwpGV06W0SY8cLKqHILo5VL1CeUcmnwcI="}},"jx7wT2NL2N9X8ptT0zHYOM6rpp/VGPnf8e/kibAqDYw=":{"valueMac":{"type":"Buffer","data":"K1kunNGyCjpX0UD97zUb+GOZkJsbYYATcpElNRs7e2Y="}},"kD2kk7+sjxc3nSjMiKwUh0AXlGtL7bSzN06QLLfYdtk=":{"valueMac":{"type":"Buffer","data":"/31HRW43gLNnllm8xYSDcDf/ageCOjtW8jPJN0o9Yf0="}},"kGYyyr/61/qQTQgUqMxXue9MrVt2BCvU/bu7bEEAc30=":{"valueMac":{"type":"Buffer","data":"ppnM05sCWyJXv4b+9CPIYAeKP2F/9KwNUJ0vuLD2Aqw="}},"kHLc6O7kYKjRCdOJtsfbIEyTqO7ffd3z2L4NpxXUKA8=":{"valueMac":{"type":"Buffer","data":"xLRQ10wAv2VvcRs09hEwbTysPSrA2Z2TvewkoweCdfw="}},"kJXiiSywHTWHJpcwKzdNFBubAd5UVSS9dVS/93KZHRA=":{"valueMac":{"type":"Buffer","data":"ZYi57Nd8N4UBYeoqZg3tvLWSkCBOA2s/avXTIkV0NSw="}},"kLTTpwPueMSpJlv2DDlcGs8QP3AoF/qg7Veq5sA0T6o=":{"valueMac":{"type":"Buffer","data":"vxyN7OOVYFuxeMRYknAWsPLCK/jtBJ+NI0oOQ6hDkQ0="}},"kP0wIYXlu+qJhlFpTrafpzI3nXi2XTzas1TpoPXUB8w=":{"valueMac":{"type":"Buffer","data":"TmZZl9ZTD1EX2HTYbAZ6z8seNZtc9AjtUkrE8rzAJUQ="}},"kUwcLPhP4SUN8p1CMMTsA8n9LIcjZfKE1JUFJnOmP/U=":{"valueMac":{"type":"Buffer","data":"Ll8DiAYaOJUTRJpVgkxIioz5u/6zuNNfHNkgUY6HoIc="}},"kVGZD+AKOtHGaqG2igQyeb5gjZA6jUXAx7i6a5V6VO8=":{"valueMac":{"type":"Buffer","data":"lFtvY8espSG0sbUZOxg2p6/lpapcxJBOKzgfyPCnCa8="}},"kcSkBfx/JnW6e3uhCUSZRw5DQxlUKl530IbXS0CZxGo=":{"valueMac":{"type":"Buffer","data":"VaTycrCvsb7+ym6kAkvJlYCl8U4o17Masxu2/QL1MWE="}},"kcXbf/WYrtWJJZp/+TmRbCaL1JwzmRvEkzSA4cr7WIc=":{"valueMac":{"type":"Buffer","data":"Rn8D6hHSzWtljnCdsylkneBZ3gMCM/RbQeOc/wRfXXU="}},"keSgrei3NUu5BjNkudbJ+0xzbqAPbMyInTAfHqv3uhE=":{"valueMac":{"type":"Buffer","data":"w0BuNHEKRZR9KRTxGUALJ6kdYpDl+qbRvMnS81GCo/Y="}},"kfeFX/pB2tnmTcggR8NaP6K2uEq0oPutfRVsXREWH3s=":{"valueMac":{"type":"Buffer","data":"sOeLTIi9SY6CotzFIMw2a66lht050epNJafKP5qgz1Y="}},"km007cClEQmBmLBJyD2hx98K9Tld6gVBc+ImjhjYTRk=":{"valueMac":{"type":"Buffer","data":"C00Wa8RYjtPwSnnFoMTqsUExPV7EcN4AX16T74RrEFc="}},"kqDxXVg1wnEGdWZlHjQpz0QVTLNA0/+0qMJtPuQv0Dk=":{"valueMac":{"type":"Buffer","data":"RL6dli3fxv9cShS/Jl7UYaKpHBU0Keuikq/Qe9mjIHg="}},"kxFi4aOk1KDK4w53paRB6EwNYXjjYJpiz/ddrM6qiSA=":{"valueMac":{"type":"Buffer","data":"MbTN9//FOJi2tpbdHEF2DpZ3bo6lpoM7gAdEVoc4XbA="}},"k0W22n03Xz7I+7HeJQbLbZQWj8kd19Fy1vYI64EgdAM=":{"valueMac":{"type":"Buffer","data":"YNnuBk8o7TwGtR1WJdP12m/yO1w6/6OfCkw5vQQrMJ4="}},"k+rMc/RRFT9kdoKB8WcoDiX4Fn7y5esTIGshF/gpEUk=":{"valueMac":{"type":"Buffer","data":"67tmx/uprPADH+eAAtnAWpfGPjpXYSO+tHlVQfLnSdQ="}},"lDw9+Z2oQ8UKEO51BlpGrQb/cTFml1Kdc5cjDhzHVws=":{"valueMac":{"type":"Buffer","data":"iMNh+HG+eCYQvqVQUmrlwffMi+49X8WMyIlrCHFbzis="}},"lEOXTBUZC+o5Sq+PXkOyHjMvKczuJnwuDlTKB3epj5Q=":{"valueMac":{"type":"Buffer","data":"Aoy9UpSetDeZa99+M/R2HVLGBDtbDssJdgCpsaB2g94="}},"lM4rxyAFXPpNBW8dI5201RPSTdXj86CnEc9YLnTdn+Q=":{"valueMac":{"type":"Buffer","data":"wh9C9ApVdhvTTDAr5HGFfbpnWSdKvTdeDPoFWS/FoR4="}},"lSn5KRGLS2a0+llFTEl5nF3w0IOWtjPmVP8cQHsZsJo=":{"valueMac":{"type":"Buffer","data":"0P8GMWdYji9Xsp8ar9fbl+roKtRucNthUIaBKKvUt5M="}},"lUNS5igcANcWPc9QgmDHNorNHN5w8kn+pOviqD2Ft00=":{"valueMac":{"type":"Buffer","data":"lNKT8AVBQ99jw09nb+zkmmtLVYLQqqRSq/odop0TfAI="}},"lkZjZpUTvLlFio34xm+Dv2Gnj4BleQ7kmqfk55qjLKY=":{"valueMac":{"type":"Buffer","data":"XUm60cPebtsdZ++1qXZ2dqY1nr3lR0P8pT3HafkZJgE="}},"lsw/yojiZsO5i0rC2a0dZMFASV9HU/QDr/p8CM+MyZ8=":{"valueMac":{"type":"Buffer","data":"zq6b4wj1WXHX1vI2t61SGT4078Xe84zSw/bun3lZdjE="}},"mCKA1pmDfNkvaQEkM6PZW20thWNFTFGYTwqZ3L4UKdQ=":{"valueMac":{"type":"Buffer","data":"c7A/fhkWNT4URyvbVKzlzibXI+JZkdCstm6f0uVRj/E="}},"mGqDWR7KtwanD6I0r5INz/SN3ldAciBEJ2I0IfozfV4=":{"valueMac":{"type":"Buffer","data":"4f4B103GLX28iR0JORXBqJzKxhlo6ZUmnxi3j+HuxUM="}},"mQDvoMsb3hfXWj5JMm6nW0Drv8Xmg1VZezFNuMN1NVI=":{"valueMac":{"type":"Buffer","data":"loVL519DCdq6l/gsKCnkF0NzLOD/R0bfJZRgD/0m9t8="}},"mRGCrVNirhqNDsolukwdnwhHR8Dfb5pVRO1UOl2qJWo=":{"valueMac":{"type":"Buffer","data":"Hfu2QX9BPlNVac/GwS6ORJjuxbD+Kmg/706QqpSLEws="}},"md0E2IVEw+Z/HG6jUGAY8iNz/+6IMsHfpm9iBFbgW18=":{"valueMac":{"type":"Buffer","data":"m2I6ZFM6BSpoLEeeH9BXI3/71QGfjbqIelP7wCLricQ="}},"mqMSqWC4JFf+RqwwNM+DbMDBeCqO8GeyapnBl6YLEps=":{"valueMac":{"type":"Buffer","data":"53lAqm62G0idlHKbu9UmxXQZ2GLrI45yKCBsdC1We6w="}},"msnuoSE+psfehTxMkByAIAOHnhr+ifM5pziDaOJW6eo=":{"valueMac":{"type":"Buffer","data":"Efx5PEncM4ZjMt1/79doIUqXhjjXSWWEqt/ebYDJTgQ="}},"mvSC2WWk6eRbvG4bB2Lq3noDZ+t8Rx98jaUVTs2Yv+Q=":{"valueMac":{"type":"Buffer","data":"SAvNdGFvt3MmcmIRCwcZTlgn3jS67NIyLk9u5K663v4="}},"m4dG4oOZj8zTLhjRnWLSt08mQAVQfpugjsBPBad14KQ=":{"valueMac":{"type":"Buffer","data":"nYpN10XpK8gUIctRC2gE0RVBk3nVrYX+Pm2inQ2RR9Y="}},"nAh16JsBFotPVdPabkjVDlXSEvTdGrx5KG0Dl5klEnQ=":{"valueMac":{"type":"Buffer","data":"nfI/if+83Eqt6zz9UIXD85M9wkWxwprq1f7x082Jyss="}},"nPuRXD2Dnk2LGr6Losl5tcoZhLp2YbOcVmhcFQVLBZ8=":{"valueMac":{"type":"Buffer","data":"yx8Aar+MGhIrUrO9sF2wTGdGi8mtqloRSK0XkQKazzw="}},"ngEWaV/LjoKYxFrH0Pth6cAMvwvJpNk12Fpw5TbNBUY=":{"valueMac":{"type":"Buffer","data":"pF0ZWQdxkN03Nv/Z0QD5W/v5NM9BXJW3XJD0h3Buj0Y="}},"noe8ap6BAPmE1J89QK0xhcD5uGQB7pI9AsG8XEaihSo=":{"valueMac":{"type":"Buffer","data":"khSQOdZ09jWn2pRJsa4V8IDnd2bSMo8gXSNTkJnisKI="}},"n3KZoDjeMYyHgtqxxGTVEBtAo7J29w0dVTDyapKNr0Y=":{"valueMac":{"type":"Buffer","data":"HcBla2dYP8Oeo6bpGmXe96qFlVDNqvf54Hdc09oYCcs="}},"n6YLQx+DPlauLwxMqgaDNnhidvwJWW4i9KpxhTHs61U=":{"valueMac":{"type":"Buffer","data":"oxKTWT46fYBu79rxSsorQe+lAp7Q94sGZLiNp/FSX9E="}},"n8YxX0uiF9Iswbcm/9hAQzs8Ag+1HDIS1ngERk0oE0I=":{"valueMac":{"type":"Buffer","data":"ejqm1xPZWA9qu4jh9CF9oFEERCRgzqsmMWAp7NqjR+8="}},"oNcIdbSbmR1CHYF9pZB2sbwt1zrwApZ2mtYceMxoe+c=":{"valueMac":{"type":"Buffer","data":"1RONTTpqZlRdVN1iCgHqrPZ9SECqrwa+pGmp5K2MmG8="}},"oU4JOfPSQ3eIHK26x6z3+of6hgEKfld8rsyiCMau0E8=":{"valueMac":{"type":"Buffer","data":"hohHjm5lK7XsJuG0NiSqHeZXsozuvfcamA/ZxFMpLTg="}},"oXW7Dtn7QiMJeYX3joXZU2XCCO6sOLkxpEbrwolqGz4=":{"valueMac":{"type":"Buffer","data":"WsAawRjPUQiLZRm3jIdDFj239o+p8xXkdrWlLRyucYI="}},"oZOjGFT9pT+HCpxatQEiFyqwi+h+Jm/D0fJVLnab4so=":{"valueMac":{"type":"Buffer","data":"WQvmrxMEpev2u1a4bKmPhOgZjVFghkwgd22eMSWakZw="}},"oZel5QThbKcmdcacvWgBk5yub3HEjCEa4/ShWq9nB0Y=":{"valueMac":{"type":"Buffer","data":"ayn2HpiJGSaKUxGMrCoDbiAcElifnBIOAbMZZahU/Ow="}},"oajX8WWyRGtS5Osz8nRmrWHvq1qlEfJjTbDaUXDDk1g=":{"valueMac":{"type":"Buffer","data":"tU5zPlDqDG8sYeLE71n7PjvnNypIU2HehaAwgfvuyM0="}},"odE1M/NEdHWuWSzO3ahrix9qv2UQcLqbiT4z55PnXsg=":{"valueMac":{"type":"Buffer","data":"4MUul5F2hesMvLw5riaRYs6Yb6Sn6UvftifL1pUQe/g="}},"ofjwfYxBN3Rk+G4W5VFvQ4ezOpLwrrfVsV70JH8SAJ0=":{"valueMac":{"type":"Buffer","data":"jgaOw2rz/95rbQtgYbzFrNFlhgHpYliwpPBu8pYUt/c="}},"on0fjO4PnRnY5OpadkKrIHXiA1xPzrpYfJns6kfuPjI=":{"valueMac":{"type":"Buffer","data":"FMkrGaSQSF9F/+NSrCMA/TuyGTIOerp4R0ad96TGn5Q="}},"ouaZnwl6r9uUbutGAsDbYDe0cWGmZJsTmpYKhZx2JfY=":{"valueMac":{"type":"Buffer","data":"kxYYBTnUZghSUXkY0QZPzIO4uqhoA118koxKYsNOTnQ="}},"ou6HMH7h3HBmlNTfV/h0h0EAvXlNXRT4t2su4xFXrh8=":{"valueMac":{"type":"Buffer","data":"pwl2EHy/RKzJIE5qv2AhkC5jKNy1UiNUIuR8kCLcqK0="}},"owfpJYtb02NWNaNtmtVivo9DJgLe7vY7cqbp0qkgMIo=":{"valueMac":{"type":"Buffer","data":"MvWYM3e+PUnhLCBu6n03MHBIFjSi0W3tIP+K29d/7l4="}},"oxlHYXD/CfrCZeKp4GWHmRWh5e0QAMHLZ4CEI/KFMmE=":{"valueMac":{"type":"Buffer","data":"j+c6cPpa84ASDsA6a+ePLx1vaZS1gthnyfgqy+WAEtc="}},"ozneFxXz2a8JinCCB8TydEwFjvYrQaLydO8NHU6oh0I=":{"valueMac":{"type":"Buffer","data":"NAc3wHO96qoprZAtls5onfb13mx1d3d5tTlDoCgFNok="}},"o1sccrGOjwMi5O4WpkEwPBAwnSvWdlUn5ZCLvEUbI+M=":{"valueMac":{"type":"Buffer","data":"s+LW7xsFMlToRHdMdqc+Pl+RcO+R6q8BvZJzhLLqbrw="}},"o+6PLn31b2xjJ8G6E9W1XtJIFPPBF1ud00SzQfQmQ6k=":{"valueMac":{"type":"Buffer","data":"5SIf/JSvZpaa1JZ1VR4da2e+s/HmQriavqYl6f6G+oc="}},"pGbgjneoR/WWvIjKHRf0zditTNMwOQkBNHmpNaHe7E4=":{"valueMac":{"type":"Buffer","data":"bPejF2t5LFCi+yjuDZqEBMQe+NAAlYaXZP8GC29MKag="}},"pIRIh98Ge1cwFV/JL+U2aSlG+T7lcOpw8Bg3JJ0858g=":{"valueMac":{"type":"Buffer","data":"8UdoU8kMIa/bKReTFOURslhFpSNgrEOL7D7ajkvH0/8="}},"pKOgM9t1iraT9Nx1VoG+nBQllpQyz2eLitd/eihpKkc=":{"valueMac":{"type":"Buffer","data":"Jo+a+a+HcGU1Spdiow7TNupfq4RndatEqxFMWwbUM2g="}},"pWPcIA8G1rbJSFajdFcU5Vac6CcD9s84NSwBOuBrQL0=":{"valueMac":{"type":"Buffer","data":"0GGCPONpntqMwtzNiw8Z3/BsJise46ZgIaEEYLWyHnM="}},"pc85VCBJ3j/5pT/0Zb4ijXaaCV0K4EQ/OTv0e0uCJAM=":{"valueMac":{"type":"Buffer","data":"mgf9TqfiX6d0ElHg+9mqbkobr/P5wYgVIbwf1th/9Bc="}},"pdOBFqzd21kXcq56JYhVgBeXD7xZGmG/4QIkENITaX0=":{"valueMac":{"type":"Buffer","data":"FzZxBJdGxYWZHrTemlfNA3wbFjw3PJXmH6Ur74wmfp0="}},"pdXWo6ZTH0JdjBSrBp3Vj9alozHhaDIyeg7IPPRkBkA=":{"valueMac":{"type":"Buffer","data":"SrOSgiN8xmKYKgtTuBvqDGsVPcWTJYKkz0Xp7o7lLhs="}},"phbeFJcWz6pE9EWCGs7GXYKUxIhklzMa1nDlvnvWyao=":{"valueMac":{"type":"Buffer","data":"BDAkKQWNcQk3Pukhs4I0NWRbeQt+HABw3EHgtRnqRw4="}},"pu/yNm4aN56wz0ygsdsuGK64KnE0NlImk2XZT32NSVQ=":{"valueMac":{"type":"Buffer","data":"4mlhfmlPpzB3Hzcc5FhDHjbREQ3sUsQGK9/k7Ic8fnA="}},"pw6n2JJF1qXVORbaIvBgahhr7ojPRAF51fSQAFeC354=":{"valueMac":{"type":"Buffer","data":"SC6/SLFlXRVQ9dIwAA9Ny07sNAzQgTXVOzStlXqarI8="}},"pxIm+OPJIl6/CddlgelSi/9qSNZL6mtIRj84IN3VhNs=":{"valueMac":{"type":"Buffer","data":"0Xgtt2/LyFbszNbjyzyo9aTtf6XFwiPcx3CwPRUHFus="}},"p1fT//mU7BG12JgEdkvx18033fUhoFBkcZUNxZwjIkU=":{"valueMac":{"type":"Buffer","data":"OLTez80qXMlJRcI28eOS3vt6BAGgsOSCsILcTzy4jf0="}},"p9KGK6GNZ3WT1Exqws0iRmYbPuZUgvyLJX0UIYGPLIs=":{"valueMac":{"type":"Buffer","data":"2Lr5MxmqKCCZsel7y4Z9M/GpDPg3nk7iIriFXaByXvY="}},"qLny+Q4cr+IlLREK3BeAlJW3p0IksHr2YdhOZ6iynGo=":{"valueMac":{"type":"Buffer","data":"o21Jnvg41ksnGLfuk771bqRcmKvLVtuJz2nGGllJk3U="}},"qPHfOkctCv51OeJAojgiRr19Tlhx39Ydx1I1SIdRasY=":{"valueMac":{"type":"Buffer","data":"pOocByMFFHPQWPDRb0Ee12pqPFhZIWdonlUb8ihFI0A="}},"qTrE3XKED+258HeI3HXXj5vTJVAZOQVy8LFp2OL2J9Q=":{"valueMac":{"type":"Buffer","data":"IoIWdOkSK3JHC7MC9BgIoEzrDgQF0Hp/KsPP4egnPWk="}},"qZqtAWbKhy5RzR0wWEZlHr3AAkD8Ong9nB0inb3mca8=":{"valueMac":{"type":"Buffer","data":"a6SnhLoh7x09rXMFk/wOLqyYUms0MaSOoH4aYJD4Hdc="}},"qbgSB1lnUHgIwMcyFGTFJl2/GuR1+CVZi0EePDdw9lg=":{"valueMac":{"type":"Buffer","data":"74u+zUD7HIr03PxAN2NYxRsmxPENBqnjs3RSY1i/RyQ="}},"qxbv3lwE3Pt3ioR8086AdBzk4vcga+L/ePSscL1JXOE=":{"valueMac":{"type":"Buffer","data":"sFmJVP2ePwvwOV6DrjiRxvRD/wclKRX6v5Yb1VXCKTs="}},"qxcb5LKvrl1hAw800MmAkQo38KAhkSAJ8Zlqp8GU0C8=":{"valueMac":{"type":"Buffer","data":"kIlaw7rPlPXHHVlufbkipjnM5vEOXlaCYJaoVr0ykWY="}},"q0L8rc27Tp70Ns9LgI08boYAR/q0CJoGdysBT5vxLU8=":{"valueMac":{"type":"Buffer","data":"e8Jt10wdHGEXs4CjYDDbHrnzk4tEdRTKPTjHyb5+jSU="}},"rDpkwXIO/NUAHVwKeTqgjzP3tyIf9hzq2eD5Q//sBBQ=":{"valueMac":{"type":"Buffer","data":"vemXvbbIPMa9sIEBIMQdgnq24rD88EcU/xHn7T8SXfA="}},"rE5fuIzrf4YOHgfGl7sxwbyE6R9wuxfVDrS+a/jJtMs=":{"valueMac":{"type":"Buffer","data":"sXpi5BOiAe0pQMvj4ULneTgk7e/L4VzjLUqCNZ/uB+g="}},"rMQ9nc9zFn8r6w4/MrHQRotJ20VOGhozbd6qpieqNoI=":{"valueMac":{"type":"Buffer","data":"0nDLEzZLSGv0wX1W3vloxC6GHgOGFjInrePV7KT6r5w="}},"rtHBLsH3uaB39SF+oUbiaRL6dRaMHaEWtWW3+8XOWJs=":{"valueMac":{"type":"Buffer","data":"Lok+f9owDTgcwAhgBOJ5FRIt9NVS8J95xl+ye743+bA="}},"ruqbKx/0rk0BZTjCGiH52fysVqI5nZO3IGeVDt+kW+M=":{"valueMac":{"type":"Buffer","data":"KYRkrXoKyhECXQ9F/pjkjV8kTbckYQH2MUhOiYMej9o="}},"rzAJjAlcm7VzLlq/7dqcW32ZTTPkKO8X2aahThSKnHk=":{"valueMac":{"type":"Buffer","data":"HQC+fFWCThJNKu9v/2YY9m8/PLo1r3clleRxNdY9aHc="}},"r5a0gaKMw1sfD48S/7lkJ+9Gt6nWHf9i/iIHQZZOoc8=":{"valueMac":{"type":"Buffer","data":"pjNYJoSngb8hMi5BJ5uYFjYCas/n7v5Ugw9XNDZ+8JQ="}},"sDZAPt+K6IxlBnkvfv7lJETwhiJrHrR1k/Mvt8AsicA=":{"valueMac":{"type":"Buffer","data":"sD37DGxu5fhhYw3D3Tz81GdfRyB/ioteQTRwO1OUkC8="}},"sGSqLzk76ekzS/bkwrEYtQStoYf1LjLGLOwWQ5D56co=":{"valueMac":{"type":"Buffer","data":"0bY1holE7IXInMMjAWx+kcXVRocyZARTIkrC8kWlPgg="}},"sQEDRMnmQ0IK6YZV/8gsKFNN0sy2RPVGRLyg5meV6dk=":{"valueMac":{"type":"Buffer","data":"L7/zIEcW9tmFcEFIrpdkduyQ3C5OzofQk8n9wF5hQJs="}},"smBhojoO87wIrBNHeMIShOYESkFRzRnxnNVMi9CNBbE=":{"valueMac":{"type":"Buffer","data":"d7PjcfZgLVj1c8CiLAixGA7akLr+csk6aq1UZN/SxCs="}},"snjf9g7K86q53mHx+oqQFeqN407GuQjtSDXxhGY2T3I=":{"valueMac":{"type":"Buffer","data":"I7x1hK8CFRHmEbCoMmoUNohCTm709pDH0lekhK4dbLw="}},"svleyaAelPdcEoyTA8khWONJWx3izjywnZLApx1bUZI=":{"valueMac":{"type":"Buffer","data":"DYfoxb806Dm4PgMlPNvB2d4kc3zu/fwdT+XYD1ryUlg="}},"s6H74TqDIfXNOiOebXiDCV09MSvqOTaUg9Y6Cyx2G+o=":{"valueMac":{"type":"Buffer","data":"2y3G3GQM0rAnUciDCn64Uvgi/f/XJ1PKjTBIxd6oOPE="}},"s7V3YuytM1ozUOjCvrfpxzDz4pQxR2q0FsdjGATD3CY=":{"valueMac":{"type":"Buffer","data":"+stQfHH6rVFRT5ni10tCl52gqkfeWuPQKJ/37Dchuq4="}},"tCJpbUkzibGSpt1WaYovQ80dO+fHfhTJZbSZD6DFCyY=":{"valueMac":{"type":"Buffer","data":"PbdhQbtBj2Vm9oNslh/tkVY3V3Hye/MjKOJjmfNJ5nc="}},"tWHKzO7ceSOpg3n2KmaVU46llTHv9FcyapN77P3crhk=":{"valueMac":{"type":"Buffer","data":"M85DARjJLzWbl0rp12YrFOv6VpkSlG+JA6qA48TThU0="}},"tbS4AHkh0mxGm5PCOCsx7vEE2pMfRAq55R4IUeemFj0=":{"valueMac":{"type":"Buffer","data":"A0oh929ayY5G0fhw4do1u5W4QOc1fzLFICQUq/J6lcY="}},"tcVZKEiqjpdDdKicGI1ndT+eKi9ffyqwZyGuw7AFfmg=":{"valueMac":{"type":"Buffer","data":"+rR6HMBqT50U78qMNHXdIlcGJTIuMpsBOqyLJpi5BCU="}},"tcuoHzVFwfIR1PcVzWqh33vr4tgiwrTVAuddMlDsHs0=":{"valueMac":{"type":"Buffer","data":"kl28of0IaHkJkrMaCjQUZQtqzZLu9MsWNvp6QFEFR9I="}},"tenXR2vyyAkgt2qJr3vBCZPCSGskQUpbd2nTAeGKqkc=":{"valueMac":{"type":"Buffer","data":"C4TUptBkzZNfrvRq0Hng/GNrVm84Abap+c9Nf7RVcS4="}},"tmzBM2TxeLIB3h1HDVCJ08NMsV3Lzh+UQfKreaPn83w=":{"valueMac":{"type":"Buffer","data":"E2VViSivuou2B+C8v0h+2+KUmaIwElxDGFpnGC/5IvY="}},"tm0BKeUF1QZ9p3aWuT35AYLG/irMw/301eopN+TJw+o=":{"valueMac":{"type":"Buffer","data":"kj2JZa5f6NOn7f8p7+i+OpUfvB2nn11NBTjFDXe37ag="}},"tq3MugYCiRBVGz4gZXG7s0/ewrkrg5dDgTGIpubBsus=":{"valueMac":{"type":"Buffer","data":"HqSd47AIJq8uK8Oe2BYIWXd0Yb+SJUHsHHAK8pV/jfY="}},"t3QS9U3iMD+l1MHN0DedNDJSXtCZs5sxKrrFmms0qZ4=":{"valueMac":{"type":"Buffer","data":"oSv3XtBEX5xpJOYLf3GOYjmDtnfr/l1p4Iro4sbO91o="}},"t9sh5em8Dw/FvJsgNafbuQs1HcpZspwKfxBLPJiMaJM=":{"valueMac":{"type":"Buffer","data":"Z3D8ASSGPRYZ3Ln7+VwHxt0NVIL68wYCjGuAxM3xk88="}},"uCdUj3gL41nvKh0f57ZJ5t/sM3tj8NvUn0BRuD2TeNE=":{"valueMac":{"type":"Buffer","data":"ByI+ganALF2ob2N4jcgXfUUVyisCqEaZGBIip9GcS4Q="}},"uLzOWaaMItbNcF0XZyRTVEAkr0ziR5C7C8Sk48/VMdU=":{"valueMac":{"type":"Buffer","data":"j1oRnI/Rk0HBwBT1LPSymK+dy+dzc4UQ4LcG+OGxZj8="}},"ufuQ1nyCSLPB/tGn7xKmO20FyCfYwaCznLKsk973kIA=":{"valueMac":{"type":"Buffer","data":"kOC4SfQEV1VY7oTSojGOoMsg/pvi3hEykL8SemahNSI="}},"uqr4MkSSkrBUtgK7lmx5tkydP/WHdVnSBMhb6wMVViA=":{"valueMac":{"type":"Buffer","data":"VR/LmMCENRJbczdPjiy9/xMjX7MUyRZEEFunSLwKkMU="}},"uv71L+pxMQc5RyUAHBDNbPJthr24TQpNmiB4fZYu3UE=":{"valueMac":{"type":"Buffer","data":"P5Qz6kcRjeCCDH01BtPi+o4nRrqkMwyr9D0uVMZoVBY="}},"ux7//fLs0p+sHfo9yf6xudSBq2SR/VVUUAiKjJ85ijI=":{"valueMac":{"type":"Buffer","data":"ElGvZsLHE34VKMsn1kFSUi1C57w9TSVCJhqxyHS0ljk="}},"u3Pow1RMRDkEHxp3sFY8NxJqtKH8/D9Atl+krWWszzg=":{"valueMac":{"type":"Buffer","data":"EAxjqd6BQSVHGbUSaqYk+29vL9ZPBqA/G391xPBjZIc="}},"vCrKspP2x+ywkPHZ5lnV5Mk5ROs9VogAFhVqujZuRSs=":{"valueMac":{"type":"Buffer","data":"/csSn5ehcGIr6G11sXaRDmjLhT50/LlJlUsDVAfU48Y="}},"vF2/xoLUW2YzJmXpkWk+SJ+pr7xM+uUxduh/wwIDB5U=":{"valueMac":{"type":"Buffer","data":"XdKQO8d71Yt9eNyHZIUl27dKafmSZfxi4Oijf+/jFVk="}},"vMavKNhw27eZQppYJrAstOubd0DFoa57VGjcx7SlQME=":{"valueMac":{"type":"Buffer","data":"ZdOIwovZto+XUjFaLTQN5oERrEcb1z1ujewZLVT3bqQ="}},"vSYPpS7DSSNMVNegvjJ1xQJG+jIZZ8kl+bU8PzbsLZU=":{"valueMac":{"type":"Buffer","data":"BQ9sALtA1SIikuUgQJzNevyEKRpwP9hW4Z6JfYdU2Uo="}},"vYiGKJ6V38D03yQwgX6twoycQTB+gM1neYO2YT32Kxs=":{"valueMac":{"type":"Buffer","data":"lnXokrUaADAKwjZfHYdkuFmm55qUkEmUYiJYU7lCccI="}},"vaWTMSLbfn80bTUnFHVTJESDp6YaVT+JLKHAtpGh26Q=":{"valueMac":{"type":"Buffer","data":"EmoYz8SQXTc6byjwuQjnK+PNDqGDMUr/UJ/FSOHVdsQ="}},"viB2Gyqyvq3D+bfoSWm7YnUY5/62ZK9gGye+B2I6obM=":{"valueMac":{"type":"Buffer","data":"3GbRxbq0TtCThxR00PABNj0fVjMjmpUnq1k7fCEGo+o="}},"vodBBdUWmwI288+6VClkitoSoJZAZXc7iB3+3sXAhyc=":{"valueMac":{"type":"Buffer","data":"sR/iA1XtbsEHXktZmh94IF+W9ix3Mfyyn+2MMiQpPBQ="}},"vpwYAaaBqx2umTArfWxLU2aFvZUqj7dVgA1V0VVO/gw=":{"valueMac":{"type":"Buffer","data":"OXQX/Mk2U85gAvpBLkjDFNEq2zqb3sX7BH4pp6sXcUc="}},"v8U+oL0q/4kGUdHmh4sXYe40SjdL+2UyOCbA2WJ2f70=":{"valueMac":{"type":"Buffer","data":"bEXHtjgK3Rwwc7TRlBNYnvXBFAmtv2O20zRROOguwC8="}},"wEHNOEEDJk6SZ4DdLMRgn22HIW1h0S9UHlPT6jj6isM=":{"valueMac":{"type":"Buffer","data":"rWR0gOl1HpMcK/JtE4bPVKKEWz592WVMvWFwrW6lUtY="}},"wIzKognvbvVtv/HAWG30xHpJpRcRRtNTwObT5WW02j0=":{"valueMac":{"type":"Buffer","data":"4YSmNgtbRxAm6yUDXP3L+ludasBe+agUPNSvHDzVvDI="}},"wNk+QYAhTSljEWIsbM7qZNK13YXIgn36u2xsGgp2UcQ=":{"valueMac":{"type":"Buffer","data":"hbi09PSPD3qIOhhWuR+U+iC900kjXhPlPGcLsmIfOno="}},"wT04ba9RO2/O2FnWDOTaGrhxzpJWsX4CW8wsaJzNgw4=":{"valueMac":{"type":"Buffer","data":"T9QXVDjmHhOvyL+1wg15l+aU002mJUmYakbnMW8LVaM="}},"wvzTTj2smsJZXJWTEpheY8Jx/+sQRBneV444OZ2BXxM=":{"valueMac":{"type":"Buffer","data":"tUWl4YppeZhyIaiNpMSS1J2UEzDXoRxNmHYxRRbFSm0="}},"w4ZXiyXNno37euxyPWbATU7a4m9CANx5IXbkAQz+v2Q=":{"valueMac":{"type":"Buffer","data":"G/m8zMIU1twetVOxNlBXNK2DdpowWGm9aLBsXgC42do="}},"w8Tt31ZWC5BvArprV+CvUkkoIVLXbrQ98x3aWA+ovYw=":{"valueMac":{"type":"Buffer","data":"i8iLaDf9UXg1y+ndvgW38LCexlvwE91YyBZmdzY8B08="}},"xA8DNHkddafarTiO7OvPoNjnX7fzUMrqDWBPYAn+TMo=":{"valueMac":{"type":"Buffer","data":"0uUuNYqmqDxpI0aimTWcBRSZ7YMJIXaeP9HYKUdUlHg="}},"xCajazdRYvPyzAiFB1GQQviKHpfav9ZGQBUUAWzII/4=":{"valueMac":{"type":"Buffer","data":"692noYW43W9z2ZpMkV/iSeO+4swDSPXNxUC/re6fLl4="}},"xHDvganucWshobFAHU06Uab49eR2B8bBlRPEFC/5qpM=":{"valueMac":{"type":"Buffer","data":"OA4FWiitz9yv3fFNEFvUNdbPVt6aKIusEBQb7fPmToY="}},"xbOe/WfP81nU+g3N/ybEt/WzqbLbBdi3nRqsC71KOpI=":{"valueMac":{"type":"Buffer","data":"xk0owkRymdON1GzXn7QtX7GN7b528YeQo90ehJYgekk="}},"xgsspTBLZw3GYIpeFM6qtU0XjaHffC+qVKZUQKCxNBs=":{"valueMac":{"type":"Buffer","data":"Tlq3BIJhhZZviY5O4Q+GfIlyC34l7EYud535F0/fTd4="}},"xkGO4f5wWEsbarX7e7H8PjD5RA/9mpejDeVbvcs173g=":{"valueMac":{"type":"Buffer","data":"zYly9d+hCdTdRpT2sdB7TnD7DlmGipR+1U7VYAgAaRk="}},"xoIqz0v+2VjQfokzHyVTNZihTcFxWX8osRpxUSlSruk=":{"valueMac":{"type":"Buffer","data":"yP92CFSarXlvvZjU6VDQkxsx/ec0gcFZgNNZvBXnRTQ="}},"xokvD9sO3pbeGdlRKhtBvHJDEa9keoSlOC6jGCC7J4c=":{"valueMac":{"type":"Buffer","data":"ig+hx2dZ81zy4DB/xBkMqfDQFfPHsYD0mhl4owtASUk="}},"x2gg8V1ZW7o+eJVCSlFYYmOMuPuCSgxOnyTDUgRo8LY=":{"valueMac":{"type":"Buffer","data":"EEZikeT+W9w79iJJ1OOp38lEDisRTtIS1eZf+zEeY5k="}},"x8QC9LbMWqhBJdNDKrH1/IjgXhxuEKUHTSO1et4B9dg=":{"valueMac":{"type":"Buffer","data":"bLF5o+dch9SGm7L3UwIspQNZJDs9oSZhhq9Q7kw8WM8="}},"x/3juoAUo2syc5ExPJJvYZCLsX7pV3JTxrEm8P2TDjE=":{"valueMac":{"type":"Buffer","data":"CfkylNLKTj2xJn7E/7LnwXi9LGnvoPJfBUhqTZ3RJNw="}},"yfjockbdk7ldsByWulNrxcQpVUdGrySHf5aDpdSIQsc=":{"valueMac":{"type":"Buffer","data":"+i0RnMhLBsLSW4ukqepm1uMaBu+0FhrClHyewoo+c2M="}},"ytv7Juajj6VKKyRNJ6lvGY/zIcgmPzlOfZuSszm+q0U=":{"valueMac":{"type":"Buffer","data":"H+u81rumvq4UssFCM6pTdeyfcX21JqV4r3r4PgeDQUY="}},"ywfa0gNfCPqXYaHCOFAXXOQV7XiPb28P8sdjAdPXkbw=":{"valueMac":{"type":"Buffer","data":"vH2axSzDH3vTnko7dw1RmfEqHAoBrBj9tG7WemkpLfI="}},"y3BHLHG1/y3EgFeMOE4IUXZIZ3s4nbVzavagCCRB7kc=":{"valueMac":{"type":"Buffer","data":"RGd/G2XxlUHnQJv4r+G1DtY+RaOuLnhvaX7YQ3twShE="}},"y43fgOHbNT6tpmiC4rDAV8n72ALe5hmqeunNioDmZAY=":{"valueMac":{"type":"Buffer","data":"rmayW/cBHT6/+xSeIUtO6SWaMCO0YuJbJl5DkOGOQOQ="}},"y8aXWfoVjfG0lTM3TgA/0nB5qyWu4W4eQhSiTTji9h4=":{"valueMac":{"type":"Buffer","data":"JRxOjqvptdoyzWp+U5JM3+9zZTeG0z13MmnPmL1OTaU="}},"y+j1ipCCZDvhVRL4QhLAVBzlCOCV37iOtb0H6mMy0vw=":{"valueMac":{"type":"Buffer","data":"veHruQrnjLbTxbkfarSb6l2mgnQnpDCfz5ZObOiGBq4="}},"zDlcFuHMNC4IR39iMDV/Fw8G1S3ug9XTIzpvTuz/Sag=":{"valueMac":{"type":"Buffer","data":"dpVoj2vU5TL/CJcb/95MpLUt7uo2TMxBghHaJrBKKpU="}},"zHnjJqUz6B9yVLBiauNKaW2Nbn0DY9EpeU8NLoYQwkM=":{"valueMac":{"type":"Buffer","data":"fJhnV5gP1InHx5L8kxx9uXig/sFW/v7+F5VOuYPxRwo="}},"zcibp8uEvJqDkb8ufeDRe73pin+JGbNxoUlEMSLF45o=":{"valueMac":{"type":"Buffer","data":"15HDiBoFvLeORAsnZOulUHSVFudgGC7MbONVRqPds9Q="}},"zc8rGYAMHWOlblGV/AEP72CdAxXon3Ite3KbjMOc61Y=":{"valueMac":{"type":"Buffer","data":"KfvK+S5alf+bemhBAfmKbjcKfJLdh9ToFT5Uhyo5IWM="}},"zmOcWfCP9a18M/CorfFSy9yCAxH0tzC2HbVRp2k02uY=":{"valueMac":{"type":"Buffer","data":"BRxoweZshTKAyJn19afxx0+eqZgPj9/4ZYmK4HZ+PlU="}},"zmeaa/j9KG5bNRKuLr8IrnYguaSgheD7FthjV7oGZYs=":{"valueMac":{"type":"Buffer","data":"m02FycojwG6jPGgzFQ2KVL6JFpkaV9Mm1rPwdf3xGTU="}},"zrX4UsF1Rd48PRAVvAsuS253BTcT2MYy7QBT9DGFN3M=":{"valueMac":{"type":"Buffer","data":"OvLUu2F4EHZvfpLI57eZAx+iwn7UMBSxYpSh0VwE9nM="}},"zrtqiv9u4xs70b/sL925TiXCNuX1oolk0aXq+DqG1Ig=":{"valueMac":{"type":"Buffer","data":"tkHuNVpO2HsP1bwHaD1cyenABGzybU4TdlZgdk/jhO4="}},"zwVUOA/JXoKhSKibFmoGTr4d9se41qkkiglMIgtZ9R8=":{"valueMac":{"type":"Buffer","data":"wKnr7CvtV5irXHTRAOcb8f2rp0+Kp47ZppT9qFKakj4="}},"z01w1boQUWRB97AIgOhUZUz2lUUaX0mxw8njjL8YxyQ=":{"valueMac":{"type":"Buffer","data":"cSKlQzucIP8x8R0MY1OjdafYm6Sw23VNZeMDBajOHpM="}},"z2e7f96STWfcYY8fkuU2c8uDfa9+DhFyd9zsK9Eme34=":{"valueMac":{"type":"Buffer","data":"bCIPu0BZDSWd2MYtIoWjFhEVLlrVr66CeopPAfuTGQM="}},"z4QGzNaPLaJ/iK8C8a8GLqDi6FsslMrFDbb8hs0YW7U=":{"valueMac":{"type":"Buffer","data":"FE33qo6+1AksinRYaHtLHBf5Jol+p0Sn/aGUZfvNTio="}},"z6eda3m0bBv067nTqewAX7NdpoyF8pp/Cc4+a06gb9s=":{"valueMac":{"type":"Buffer","data":"2cF0RyxkKL72LHQ42nnt9pLUX44MB30RnvdzzqquDts="}},"0DzARQu6stW52AlyUlv/SfSBXtlMFY68ndNqcw632Gc=":{"valueMac":{"type":"Buffer","data":"QIep3wczTN2hE/440bKPUGk5LTM8Sl+9qcGbApjaTxU="}},"0GZXlgObuf1q337wGRzfWvm3gg720KOdp9xEzRWGPKg=":{"valueMac":{"type":"Buffer","data":"qqfFMZamSZDwSPQSAT1p5n10vj5mmdwLprxpQr/O5a8="}},"0K+U8/PXO9TWmIqoPtyfQ7Az5WUpXwoL11ewwpaprKE=":{"valueMac":{"type":"Buffer","data":"LrBZCZ+queAGlOlDd3ZCP9sd4ZEae622rhkIY8xMwag="}},"0NLCGg4AV0WgHOfVoNDCKFVxJlw2g5BY6lQ7LoLo+30=":{"valueMac":{"type":"Buffer","data":"hkvikKzN4x3ly5KibC+LG78EbNwy2TUubd/rt8eJZWY="}},"0O/WfVpp0+z5WGBZph6u0Vdlb1ayBSMYrmXxytd/CXo=":{"valueMac":{"type":"Buffer","data":"r3+rTo13rf6D/kdKiV70Qt7t5tnniKV56FiFsq4dfHk="}},"0ddeME1Cdsme7pGpAfQP/xTXnVB9A8Ir83hUzC9+C2s=":{"valueMac":{"type":"Buffer","data":"yx5S+Ou50SCbP4HC+SNCe4K1MTRCdyOtRBYB9IEARCM="}},"0k4S6RPRRS2Boc49OQY02zbLhA688nmHwXcyULkfNOk=":{"valueMac":{"type":"Buffer","data":"PuVH9EMn5HGdAkXU6Uvn975M8xBRrd/STANqIYltPRM="}},"0m8E49oHX6O+a+Uus2ajGNq+d4GNKbSzBjmN/TtUi/A=":{"valueMac":{"type":"Buffer","data":"PlWEuhRhpchOWGQ2H3RR6Imub8uS0tCgPiWdpfEfhLY="}},"0tSoNDMjxeyF/Ei7FC8x1KEAQIc2rj1TjwXCi/5MJM0=":{"valueMac":{"type":"Buffer","data":"O8W128B+B0BXvbNu8HRZY5UVveMX4xg54nINxq/xyD8="}},"00vzrdlz8tCIQ4UqO+F6XmFppq5EcvRAHXVpsiF6fIo=":{"valueMac":{"type":"Buffer","data":"IEYbt8CiGDXcAWYlmdtFnTRDyPhzK7RxepTYN7j13E0="}},"06Zq1qbMuVJKlUad0fjiJ7y6FKMIlycsmgENHTju9wg=":{"valueMac":{"type":"Buffer","data":"t1+0ETxhxzwhtR//RtU/jjfqZooOhSLp4shO8j+EsRc="}},"07om6XbgjG0SMla2cuiTNNymnvYwcWm85zCtFIfct1U=":{"valueMac":{"type":"Buffer","data":"MfM6BDrp+7v4x8Wmsve3Z9sBjgJIezvUSYHGlAGy7OE="}},"07wTEzVGuQ8Z3secAnKEF6XtFti8ay9aIRMKD6QCiD4=":{"valueMac":{"type":"Buffer","data":"pwLpZxU37PcQbgHexrn8fHpvZUq2bj9K4IHhTY4u22E="}},"08RpaAqiQfiI/ppEG0BYfbWK+gPVgASFHnhKOP+Cpv0=":{"valueMac":{"type":"Buffer","data":"ZJreWD7eumkB3gCEJKMr0TxeYUIywVt4+x0tN9dkVqk="}},"1OOUwqT9jRExJytGF/c0S6UZ0cFp96ORhzLO4WN0tao=":{"valueMac":{"type":"Buffer","data":"eTzeeGsh/h9IHZT08gQT/uBp9OJghn/5ce4el3JjpIw="}},"1Rn/zpO4VEm26pbPz66dX2cETuspFkpDZFWdR4hVfwU=":{"valueMac":{"type":"Buffer","data":"lhauwpT2WCH3qI6VaF7CsAijgQJUZ8qjonogG0T1tnw="}},"1UgQiKKpeGCekB3//aat89IP/iMYganjESugMd5NCeM=":{"valueMac":{"type":"Buffer","data":"sT/paMqkbKNxTAuEt3DyqzK1FlgPZEMxOPDxJo6oVGc="}},"1YjlqRNaGmH5lEl5G/4sdTypO/7unG6XE/Bs/r2I+is=":{"valueMac":{"type":"Buffer","data":"2lTkt1Gyn5YfJ9FHj7GdA+JX9GNnUJAn2iniGE/zM/E="}},"1gLSvu2zdsfQHAMRtYZJ9EBuyNVknbAvbxlrL2/dph8=":{"valueMac":{"type":"Buffer","data":"B91DU/2VsCXZkMQivABjfyvoLszeqPbiSV4ec+Z8zao="}},"1iDHdhd2T0Q8xPe1pck9Mtw9UnjaXZ+lqjPsMq9XfO4=":{"valueMac":{"type":"Buffer","data":"luAsPsmBYRAkzlIjBOCc8SjVi588EnE20nXKTnUprRk="}},"1oxh55ViigLdNh8kah3WKDiWagSKZZwF/yZsuLt9QbQ=":{"valueMac":{"type":"Buffer","data":"5I+d1AP607wLqCNsLHERH0jG7SxlDVtPuqx8gtUmcMs="}},"1stWd8hV504F74slKKyldZhaoT6kr5XRjLbVAD9e7cs=":{"valueMac":{"type":"Buffer","data":"iWLD7/kuPVQKOXA5AKUx2hHSPiHbvXBEbvzA+Ditd6E="}},"1tQ46FEaOFolAgaxAy9JytrEWR1EMPpGf2bw/NXWRSA=":{"valueMac":{"type":"Buffer","data":"bCP1taBKTrNGxuVIlBS7dOH4g3XwTbZcMRlu8HsCd7M="}},"1tcXmcyWNba+K0Ct8C5Sp2UczZXALbrUvWPe8B2Ps4w=":{"valueMac":{"type":"Buffer","data":"qhV38aMQfTIdp88vcoCKbSCPinoc5cCmC3/ul4Wp6pg="}},"10nMR35/uFXJZVpCwnmi/IUxHQi8S7k9ULOKfQLc7OA=":{"valueMac":{"type":"Buffer","data":"/VohdL59e1lJyb19QwwP4lBwvODteoa6Aaf8Fs+Ftcs="}},"11VpBK20+2/RQwX0jR/1MuTuUgbbWJvsdUpyWbj5l6E=":{"valueMac":{"type":"Buffer","data":"c3HpMAolVeC4G1CHfiNR9ox5XJ/ZICMgl9mRaozBtZY="}},"12t0nfsc6T+3p/QwVzpQJNo7UElK8s+tGiRpCFhCMrw=":{"valueMac":{"type":"Buffer","data":"7L1hVMskgFIN4d9uhwVICOoPVIjcSWp13Rru0o8fHNs="}},"2EPSNago2JW0JYnlWwDiC6M3eC+hq1GZONZw53AGXMA=":{"valueMac":{"type":"Buffer","data":"ibUie1GUADpfF0nD+cWWnmQbXnNqA4SMAC7eGxhI2aI="}},"2FGuGWR4KtERci/ihcVd/1FQRO2vYs6rrMfjMbCQtzc=":{"valueMac":{"type":"Buffer","data":"0j1yYUSDizXS9huRgwU8Uht2Ko86lCKKE4ztDmDZ36A="}},"2J5RD11TwDA5n4gLsEuMqzS70ZxwsEmWBxHN9nwye90=":{"valueMac":{"type":"Buffer","data":"ht6bGcjSqUjplSuCLH9/ApatLK7gxAixkSR/NHE5QIg="}},"2TbFApAmGCrxCa17rxdewXBdnUdt/qEqYZ9IrJGE26o=":{"valueMac":{"type":"Buffer","data":"4ItMqCtY8eFWOpSeD6ZYsD3wj+3ut3hxRMyjiuIZ+ws="}},"2aOauTkK+BWZWdke9MqZnUbixJjCaLIVJTFKhm3KIVQ=":{"valueMac":{"type":"Buffer","data":"06tcKbNs25xlmRZ/ldQsvPefSNYBISo6KprhNALQr4w="}},"2tDiw0fBwqYRvwgu7qVtrAKk5vZJdzaEirOnvIFig2I=":{"valueMac":{"type":"Buffer","data":"NWr0UF4eWNiBrFBv5+y43b0ii25jP0kT8sN7hyqKYh4="}},"2vuYKIWeaNwe4Nc4DSt1vaN5Qwfv2tbKvTDFXq2291E=":{"valueMac":{"type":"Buffer","data":"AIdomTNRh+t9jPusmua/Eht17ZEmGNCsXrH507nIf7Q="}},"22Lf43TyE7d653LnNfshhdrGewy7oSIOPEO2p/Kwqko=":{"valueMac":{"type":"Buffer","data":"I+AhD7sPRncCSGe6TsQzz6EMk/yebTwqV5Z67KflGWU="}},"22ku6s4CrSEsQV7GlIhLk+2ZoxC9u7m7cXuUP3ZznUc=":{"valueMac":{"type":"Buffer","data":"qBAEBy62uSso45AITGy4p+tiodRqSUMDZRv1hcx71NM="}},"23r8XfN8LnHha/9gX5ZGgLDB4mrQ09U3iuEE/lmO65s=":{"valueMac":{"type":"Buffer","data":"YghH17IxHl3DSjgP1C//+NO6uHlyJcD4vjUnAE+hCUo="}},"24qdoLepLj++2vbISE3kjRJjWRSS9PLEIbl6BA00TrY=":{"valueMac":{"type":"Buffer","data":"n7qfF5wftFhPix87HEpd5TcbhBa9HHrSB8TwvJIoouM="}},"29NFByELLuNCqlYI0mePG6qL/QHNFdnZP9ER74k1g44=":{"valueMac":{"type":"Buffer","data":"Lm28KJtHaO6oS3TWhD5vtPPzze4ToR5ZlOWAp7T+gB0="}},"299HdehcrIdbCLxxWTq1/YKgPfdpNlxXKI/Up9C0ZxE=":{"valueMac":{"type":"Buffer","data":"kbQFKZK4lvlHrZpWmL+k2R/pj/2PUyRMSJOkVwXlW5E="}},"3AKfiVpN3xVczC6wdJez8mXJgBQ3jztxE/Rf1SDa9sE=":{"valueMac":{"type":"Buffer","data":"Lx9Vblblo1F2pTLwg7HBH70NKVj3VfGCAjg6R1F7AK0="}},"3Jq4W3KOe/LBQe6YfGFRJo8kODdSpzud/Tnva20rLIU=":{"valueMac":{"type":"Buffer","data":"/et+eyboFvrsXqBE6Yrk1HkXRpEGfqYN+Jw+Q5J0dn4="}},"3UgFkZ8FmIFDWr22NP8o8zveaaJllKKB9OoGfMNCr7k=":{"valueMac":{"type":"Buffer","data":"8cAiHwVF2DjuUxqrPzI7mDv9PBAhl+7icr4Nxn/O71k="}},"3WAcytTEsxIFgmT4Hnz8h5UTzs514vlF23p68Hm2HC4=":{"valueMac":{"type":"Buffer","data":"owFW7FyTr6INSFh5Sv/Z1JUKjGmkSKdkAK0P5nudsWU="}},"3hPL9GZtqn6Xco/X+8WGBeu3rzoH2wQAzC1ZjwdU20Y=":{"valueMac":{"type":"Buffer","data":"5g4b6NJj5nky2+VhPn+ho9pkAZ34hTgmPNYPBDp7gXs="}},"3tgE2tM2LN7y5DQsU7e116k2ttwn2bN7MeL6TwPTgVA=":{"valueMac":{"type":"Buffer","data":"OsbZ60M7kST71YWirfEaaN21Fx+F63gR6s2bMtry2NY="}},"3u6jTDnx2aQDq0DhMxdpKKqm0YIh3jXINVLZnls2XYE=":{"valueMac":{"type":"Buffer","data":"ts7uWdZIfsMwkceYaZGXHLAUX5uPFOV6jlPp/2W5XXU="}},"3wVRwA4iBzqe4CcEuY8lFEjUmobIIuCFfSvjea+ZCzc=":{"valueMac":{"type":"Buffer","data":"+1teG7GH7DKESMulUje0+pm/Y5Bq2T3apuxi57bindI="}},"3xTwtjhNDLSzSg9HQqdyrNWxNySeM2thrQZv0NB+5/g=":{"valueMac":{"type":"Buffer","data":"Dk3sXiN+6iLBJEvxgacrjyZ/cyVF2BL34e3+fsKP5Lc="}},"3/GmajGOzeuMJuI7lGEpy1Ysj0+p8qG8OZBwn/bBqAg=":{"valueMac":{"type":"Buffer","data":"T3lfWwOABs5bFT35t8oNE9gC9DyVPryLzzX91Fjn0Vs="}},"3/J+ubh8zz37DzdMBtF3UasgvcVcIb9AvsD+Qxnw29c=":{"valueMac":{"type":"Buffer","data":"3Tb2gWhVIitQAoaY2p/3vBcS7gi13gpjBrXOc3y0cEc="}},"4BDw9LmiZIYj/mEthwqLSiGCcb4o9TBQkXG3ltC5X20=":{"valueMac":{"type":"Buffer","data":"QfcCZzVKFtefqjYzWUSAZDsVdxKQElMqHGetJfyR92U="}},"4M2xe6ws8t3r3vp0DsUfMyaR7QNQANeK6+oRaUqYAfM=":{"valueMac":{"type":"Buffer","data":"JCPApEch3kqFiGrKys2e2vJCyTKfb55QmUgVoI8v9uI="}},"4T6wSW4hnHs5X7bmityyntOE9Zf9WZYgbz8ShavJyng=":{"valueMac":{"type":"Buffer","data":"PTXO/qvlc9GI3gUrLYVzsJIXBbTtehooLCp/mOGyJvo="}},"4UMOPV9MtYipNQNuyjdfqObSPNSe2Pbnq2WIuHHYe/4=":{"valueMac":{"type":"Buffer","data":"4V23lCtq6LnxBBuFtmB5lOfDlbavRblePE8PoEzWsXA="}},"4e0G+ve0f1+IhOV/UZ2hn03CFmSRI/pooNRyB82xe70=":{"valueMac":{"type":"Buffer","data":"BF7Z2GRmzENBKojlgXjbhU4eVWTj9syLyF7H7JV5vBg="}},"4h78DtRMa8w1qX8CKsNoi59HM1qWE4TrDsofFy/jNpk=":{"valueMac":{"type":"Buffer","data":"/sNz3cinckojXuhBVXpIXROotZka5fCaHQfOkQb+32Q="}},"4jshYwx/Pt9IKhBpb5GvbxlnJgMNhVs7N70+Ffs3bSA=":{"valueMac":{"type":"Buffer","data":"le8no6uOl6BySUa/+v6sdRVB50Crx7Znlehm5HEoJMc="}},"4kJRyfMDl6IVr9RDB7pH3OyykyXBvQcBFIqy5K/9A30=":{"valueMac":{"type":"Buffer","data":"J43jFq81T1aaYOf1CGDOO1LzkQVezGR+0GM9L3faYBo="}},"4v6mHK/vOIPF4XwdYHbGm9MmeAe4IWrOClf03oMErV0=":{"valueMac":{"type":"Buffer","data":"1EGfGjIaTXeNnTdBWXwv/FHZgtbVOgcT/NXbug+NKKQ="}},"43zaz0QzWktSfgHQBSpwtjdxO5b5M0Hsqtcj1cyTN/U=":{"valueMac":{"type":"Buffer","data":"tiOCWueUq7dYt8CtyIN2RR7oTvwJW+jI5D6bwTz9ouQ="}},"5AIhADyP2niRN2lgMHnYXhnzRcy9y01MI0h8SFuFSYU=":{"valueMac":{"type":"Buffer","data":"H22kwyh8r9O30KH30aaf1TjFzG3TPk4WNIPEMn6CVw8="}},"5CDKAhKAINi+WXUQMnOkFhzmEa5H6YRvMS+msfRVuAY=":{"valueMac":{"type":"Buffer","data":"QsuAZTS98PZGJuh5+PmzYlWgyEcL9mjokfeQkhvHHQA="}},"5I2uFZPht00DmleSTgmTy5+cVVSKKxj9J6gz+v+WZPg=":{"valueMac":{"type":"Buffer","data":"M82YCjCAYB53fOfCslbgpD5WUwRDxrdb3vSiKzkgjgI="}},"5hPxLUgOUjFhg9OhEGrN+lHZHcEofWgpo0wvZsauRg0=":{"valueMac":{"type":"Buffer","data":"h55ZU3n9rTDbj74fJrMsDACl5sTNodTxiolVso8zwYM="}},"5oIysilqJNoMFej3Og/lwrDjfe++q24/yjUtVARDbIU=":{"valueMac":{"type":"Buffer","data":"hV138KCAMcSoJEmn61+aKJoVJBLPwE+Q4+aEJPapqD8="}},"5sQnmRVRPXoIVmj7tUr9/vvqZQmjmZ1Ri06e7bHfemw=":{"valueMac":{"type":"Buffer","data":"HgbkbNeIyBorVeVg8DhdEjHBsyq8cPgVE6s3RWjdVWI="}},"55jXrDX82P3mduQ+1SYNa7LCHJp+5n91Iz2uBL66hfE=":{"valueMac":{"type":"Buffer","data":"jWfdVYj2+xXW7ndUg75RhatwNCT5T2AxPvcJAIo/MTc="}},"59kk12MEyH2INN2ulsm+yQ2dGWzsXd9St2ArENjVKuQ=":{"valueMac":{"type":"Buffer","data":"wVEErX8GukfAb8IKH6lwfKHGhRCoTJUFFdPKptLN/T8="}},"6CzyrQxOeyRymfauXUPEB+e8qHma19wAdqkSClu0Ifs=":{"valueMac":{"type":"Buffer","data":"XwuXUACCc63Q9XSVXIVxlJO8uX+fnUWfTXzLceu3AYg="}},"6N/fZw5Agc4Mu1U+NW8Vdrayg1fq7g9BG26qWsAKHnA=":{"valueMac":{"type":"Buffer","data":"1J3NfjYIDYizMninz9bcyGM+ZOTKKLm5xdDFnbluMUw="}},"6QX0p6D/5tc4tyq4tGXKk1QvFD9MExji0CAI9cnhP7Q=":{"valueMac":{"type":"Buffer","data":"S4iBFoPnBycPK6IvBnckr6fKaMtLH3cQzXM8cZxaLCU="}},"6YbcVXZsln01QyiM71pkFgJFM1NfUS75Lvh/GVWcb9k=":{"valueMac":{"type":"Buffer","data":"BU0+Ee37O67V/5LunFLZUS2tPeAckl2rENeyL0RdutM="}},"6a6U8+XTQDi0ZteXKBbtmyXsVp+hc9/bRR20d77BSD8=":{"valueMac":{"type":"Buffer","data":"gspu6RY83Yr7zt5AYLgwtdwseOA4IyJNdhvJcUnYHMw="}},"6cc3wk22xZ7u+iUS8pVkzJYIXQ9pMpuCz/szllBsosc=":{"valueMac":{"type":"Buffer","data":"RjMq+njlSWJSKybggDPsqhSHoRr+L4wraNpxFtMCtMs="}},"6eIpiCl5s2U6nTVuM3q26RObx8oYqEpsVEUBfJft+qA=":{"valueMac":{"type":"Buffer","data":"zSdCdO2tXzveSoWUzBCa5wDVpPA5IVNlc9+dZQQ9gww="}},"6gTdy4uPKJbnk3FO+mwzlPTGnJFXz7rnsTzE86MbsKg=":{"valueMac":{"type":"Buffer","data":"YKzdQoPPoXd/Jsxkp939OKmR866No0D2ACU9Y73UgLo="}},"6pXrE5Fb6VFpYFYwx5UxB+32svaCATNxSBrlLVN8JGI=":{"valueMac":{"type":"Buffer","data":"wGbN+1WrknGNWLKb57ZerEyDEU0PbjTr25A4LZ5myvU="}},"61AHXeO6s9sBE8UKLL1aAjNGJuk5/J70nl5Al4ZEeKA=":{"valueMac":{"type":"Buffer","data":"Mq/H7rsph7fXwB8J7pTqxQBT3Pr2T6ud/tctOdS/w8k="}},"7Dv2ua/c3lE3SHHHQw1ecyYn2Wryqwuj+4REDONNFj8=":{"valueMac":{"type":"Buffer","data":"Hi7LuqoTQMU6Nr9QTsCo6Alj4xHGZfujH8LYDHxEqng="}},"7LfYS24POpy6ScrvZD4jR7XjC4wMIz+fF/W+TKqzJ4k=":{"valueMac":{"type":"Buffer","data":"5IGXg8gi88LphNEDERjqAzFxJWJlyJx/ObRBIXgiDC4="}},"7OmuLykP5OH8BkXPETxzw7I8jUuivojaaLoFV2vxMQE=":{"valueMac":{"type":"Buffer","data":"gJD1YOm4Io+sPE/QUxIAym6gwcid9NcHlsbpcJO4wAE="}},"7RGG57+VqAnfscGhINwbHOS5apVfvKuYBPEUrSG8JXo=":{"valueMac":{"type":"Buffer","data":"QSQrPMgoN6tO1L6nMnFFo9djUT7es51YYSTMxe3z1A8="}},"7TjAhXbHzhVYcttiyz6VfnK2Mi5B2wPslm1j6ZOF4uk=":{"valueMac":{"type":"Buffer","data":"4KfzorovFXpaguK1cqKkvBGr6/XK0igSFkRXFLfcEXQ="}},"7WfPxJZdYRd9a2U6TDKBfnjQZqg7mrGBUb+duzxibHg=":{"valueMac":{"type":"Buffer","data":"48crqcpaDwFKvzq3hDutjBFUvJLsTdj3jgb+sQTsR8I="}},"7aALt9uDWDtQvkYnyJ/YLXR7Jk4wgNV8IG3KFzbesZc=":{"valueMac":{"type":"Buffer","data":"dlpW6ZK99dNZ3Atx/SwXLOCLRlgJ00dDzhgih7mZiF8="}},"7dQjYb7dA+FuZ769n0pftc7iNICdOxKFFxV+6UPf29w=":{"valueMac":{"type":"Buffer","data":"5iN5MWRuiP2k4hNj1h/8jgNLvjiuci/03SM+Wf4LjqE="}},"7if9FwYHkTEtjReEreiMrVw966351gQf45cjQ1O5pPw=":{"valueMac":{"type":"Buffer","data":"2XcJR5gC54SvMTqxRjSns7XTgZ0gc5W16oxnwbbXDU8="}},"7jjK2ZCpPJiF9MFibzLQf1bWzGAw4zByL26RKpI3f54=":{"valueMac":{"type":"Buffer","data":"GNGgxDOsi9iaDPEoUYKLNvPDhYXnm1I4A1FVK1a0+uU="}},"7jsMW25VwQQZQBZWjvqw2hcIQIgdgYUEia+yNEFGfFs=":{"valueMac":{"type":"Buffer","data":"CevjdoO11M2WO46eW7/5AaKkAmpWxdOYmlOfTNL8IQQ="}},"7nve+J0pzqObglO5marttxHWUK6hSvooGWNXWpCKI6Y=":{"valueMac":{"type":"Buffer","data":"9N7E3TsRyU0rAQvq2RI83trw4Cq+YhKyEBTMrwGLMVs="}},"7wyCZ5xk/R99ltutqDolhHKTwsPoKxjvfOkgZI88NPI=":{"valueMac":{"type":"Buffer","data":"LhcaTgVo4qE7NA3ssMyLVVktzlRIwI5U8oxPVzZiWWU="}},"74OoEjRIuMmQ13evpp8R8tAPt46C1/gAW6MfnkQpZPM=":{"valueMac":{"type":"Buffer","data":"0yyYd7ppTOXyi2bgo/tR9MLz+bQFnIQyp7bSijRObw4="}},"74Py7/SvpwUwyDp4u62cy9+CX1T0srw/xZaiAC1GaAY=":{"valueMac":{"type":"Buffer","data":"79KC7Kai3pCt2hLPpyc7Qf39NqVE4rFb6bWwf5q0W84="}},"78ds0pkkAz150vG+ksrvGo9BvhmVuVxJmuYcAQAwgok=":{"valueMac":{"type":"Buffer","data":"r82ELJllZ8NGytNEx/sRiMHklDZDwGYs2V0UYIakQok="}},"8BhoGDTTOS9ztHxCXiZ0wu/vvibWrRxz1rZRML9eFRw=":{"valueMac":{"type":"Buffer","data":"e2G8z+Y4LxG5rSYYFUocfONjeM2W6Nucj/y3oJpe+NU="}},"8GIhPxX8QajLDiP8uYDoS4PV6+ziRaXdTblOsl4mhDk=":{"valueMac":{"type":"Buffer","data":"iCT+vyjKchNtRscBQex/EtzojxU3I5CXJx+2jqJhR8E="}},"8IeI8aPXQO5Ul5nsryUemHVxkd4aiBDlMZXbC1VOYm8=":{"valueMac":{"type":"Buffer","data":"tfnlyXVV8beRyl2G5KJ+4iOHgpDWtcUMLt3/yoitKXc="}},"8Sn3Y92W022SfvQbTBQxuwW+T1ZAkVOIDcFGf3lyKRc=":{"valueMac":{"type":"Buffer","data":"5vdYEjVrM31Bf6ggu45NVLOur0nmRRRQih+dy6QcTfg="}},"8UrHsOJtX/gvVaXnrsPuCW+7CK6mmvZStSsWi+ZSdfo=":{"valueMac":{"type":"Buffer","data":"M7VD09iyfOR7g62GMehR4u9WiUGOEbempNa3yfaGhgk="}},"8ar9dGiAw23SZotRBJUNgdbOhLAMFHlLPFMRBpcoSj4=":{"valueMac":{"type":"Buffer","data":"rgICUTW4W2guzehGRn8ywErl1oO+0gFP67df+HSnclg="}},"8b5tPoMAztjTWlMfSGsua9qnu3TGd0W+ozzRUyMR5F0=":{"valueMac":{"type":"Buffer","data":"S/j0g6KMKrJXFTkJ0HGSB+7siN7KHBZPByqwzy6Lgxg="}},"8idRlelyYr9Agq4TOLfQy0N9p7oavPaG3UOtn2jZ23w=":{"valueMac":{"type":"Buffer","data":"ee/6nzknY2obDMhhtrBSH1YKof4kRh0qKETvQaJ/5G0="}},"8k71MvvxWTi0Q3FNb2htD+BOEI/SUL+oeFOyxse5cIQ=":{"valueMac":{"type":"Buffer","data":"aaVkRGz7jxAlpDuwk2pWUYO/9ktqs+8cbxxI32gDuUE="}},"8v69Ad+vcg7UDjXQLZ+2ql3AFNbmOpdJfOPiHe1z5dc=":{"valueMac":{"type":"Buffer","data":"BvVp1KXe45Aak0huzpvUf3yKOVSjKyYBDWQkJzrZPJE="}},"822D59+ifjh9yh5atWI3kCe5eNDRAWbGXrwMMuqZORo=":{"valueMac":{"type":"Buffer","data":"Zqaim9q5/+jQowx5OOGIw84Y2vJ9So/3wxV89rp2rJU="}},"86lSHoA2+L1fSn3T9Ch/S/VHayDiiV29GvsHdX3LMdU=":{"valueMac":{"type":"Buffer","data":"CjN8sYMCA+szsHlrqU9F6TUJw4wayUFRF/F6bo6uBCE="}},"87WU9FnaGweffHFFayOpVE0VjWpqFi3z3WjFh97lV/Q=":{"valueMac":{"type":"Buffer","data":"SNZbydfcg5b6cDPl7rWmfim4Az6Ia99Qbxux0ktCNsA="}},"9AfMaa1CoIvxX12nBDNJXlQZJMFGBDLz7Sq1HO59KOw=":{"valueMac":{"type":"Buffer","data":"TlAPQyUCzysON1HzXnhYNClm8XScyRZwuRCFdPkhuN0="}},"9CMVj7vqDmN5zfBq2keAkTdwVVHaGGVpHcy7u+gyurI=":{"valueMac":{"type":"Buffer","data":"NLaKgdDw4BHQO6/q3Ova6I20xRQhv4AqfzdZ92Xo0VM="}},"9DQ9iPSHC+3TXnyiEy32FB1YPJT7hh01JDZZhYP/o4k=":{"valueMac":{"type":"Buffer","data":"8fgDDU9rNAJROAlO0f9feMlktl0KO77fQddOT4NBmBo="}},"9LKbZ1ZK7TrhrWDOUkYuUTON34vP1fy828+KNIbeBX4=":{"valueMac":{"type":"Buffer","data":"qdlb6g7oDmmxrDWSzF3Gsb6x8MUOoWHEVrAhGqOcvZc="}},"9MfMIJgH7dacN+KV6nM6UstmKak5jycarEccfNWcgGQ=":{"valueMac":{"type":"Buffer","data":"ol81SHOxOtKfh105T3ByxAiSsP52m4AFqYnvu0ZZYeo="}},"9Pui3wVHasv9bu7g0Z/UdRxvXmmw3KtWTySY+bsFvC0=":{"valueMac":{"type":"Buffer","data":"vRUyslk/n+8/MebP1xXM9+g9p/zzOREyHnwWppx98Iw="}},"9ViDnDI09yJW5NFgX/OhKWW0KjTR5z+hV8ETDQkmGEc=":{"valueMac":{"type":"Buffer","data":"JKuuVegx7nMb979Kv/A18id8tUApRQU0gwx5PYs9qAQ="}},"9V01oZrgTiWl6NI4FOBduS5iFPYdJQvN1cBVrSdmAp8=":{"valueMac":{"type":"Buffer","data":"9sdhTnVTE74LXbHsYjhJgh4gK6FdYYFs5totywiNM5Y="}},"9bExjoVpgM20UjGkh+2oElZ519r4snhq4ESg54S6EWY=":{"valueMac":{"type":"Buffer","data":"mP+qNjMrQqEI3jZ39TJDGqdX+mjGx7Chq1wG8lpk+0A="}},"9cNDR9pkI7ujpsriQaGkWddCCZkKiVm+jdMO/+FkQKk=":{"valueMac":{"type":"Buffer","data":"Nb2wqS93g4mGR/fD6hcWuEv+W8Y9/BX4Yq7/FTahqs8="}},"9kaSYa3SEMvSjiPoUNr8e6gexSx0DNMsOhWpCa19j3M=":{"valueMac":{"type":"Buffer","data":"K4vumiV0tasFBwCCkw5U2TIJTemr/3iuln6YS/fDd+A="}},"9tkhl8C0PZ+oKV6sJ5WE/KfhzqaPtGMxmDqa46TYono=":{"valueMac":{"type":"Buffer","data":"cn10ly2pB1NEdiHn5BSj14LsZiBo4anbLF4H0R/eJm0="}},"+DisZ05Qx52tGo39VxhNsu+EJ0yV9Tyl0IvAj7Rgqv4=":{"valueMac":{"type":"Buffer","data":"XPMF9SFlwQxiCHVyhHVRlNmLJKii3R/Qo1ue6a9xDrM="}},"+EssVmaC/s+iKeE/Ci5hUk30i5EAOQZZlDDK4gEQLtU=":{"valueMac":{"type":"Buffer","data":"gIfUuTbWI8lCb/oEBkW+qiFQqtkn/68RJJ4faCYW60w="}},"+E/69DFp5b/eViBXfEV0p4d6nY8/YhO2lXOjuXL0MsY=":{"valueMac":{"type":"Buffer","data":"BzLOrhUEVitehztYdseScOFbME1aNVVPjkFbJiUy9j8="}},"+FTsqZXThUZcxoK7Hl4EkBAFm2aR74r6XF8jib0nlXs=":{"valueMac":{"type":"Buffer","data":"78ulk9yUlt5MMslO3R286Uuzb8BCa4duHt9u/RwbuCA="}},"+I/w0pL8LAuERryJYct2YoHvFXpOT8g2BrQefQi31uo=":{"valueMac":{"type":"Buffer","data":"u01+FPuQl8oE1nS/FxyJJoYlJhEIYmPg8se2Z26DOQ0="}},"+S4eEfcdQS4JvoqwD1C0OAEn4wJAWOwRJrr7f2RBoiE=":{"valueMac":{"type":"Buffer","data":"oTqABe3SYFrBhy1WgF3hkwAelnnOA+cSnyfyxOfxzVw="}},"+WNEU+nI4DaULGCLyibSRUyluRMIKGh/WqmjxqmxoDc=":{"valueMac":{"type":"Buffer","data":"FI7SSdLRt0R0OpqZzIzf11wD9k4LV/xcCm6hBGxxVLw="}},"+ZUZAwQiSe+9MJd8xHPSAsZdOiSlBtnTZYAuIyFDmYQ=":{"valueMac":{"type":"Buffer","data":"UtnZ2h+n29IIpRVUDgw9pDmjSGcVvVJjG1A3uU0PsL8="}},"+ZYx2o0G81e1HTWtaC/icMOxi9eMNJe6e1mwRw/hGOI=":{"valueMac":{"type":"Buffer","data":"Jvv7TGiFrS1S6tl6QUguPsyyuNmX2sgkRYUyGiT4Swg="}},"+d0DwwwRVlg0t6MqDHKTAD+rXGr62all3qgBmqgWwX0=":{"valueMac":{"type":"Buffer","data":"ZvKep7M3GyeXxnuymj7m9g2RyjJW6jXL5te5h7WTpp0="}},"+gp2x8xLMmmuesjRE5Y5zTh4turSG7KqdA8W9Q48a6A=":{"valueMac":{"type":"Buffer","data":"llzIlrlerypVOIk/RMbT5K4PFaDORQ9y44WygsfqNbk="}},"+iboh2VZ+tzxsFnuDmJPCWxOa1c7Xhv28XpnbGeKfyw=":{"valueMac":{"type":"Buffer","data":"FPUvdaDP85MC/Hiwxg4BFkSd3iKG5tgOpnMa39OdKH0="}},"+j88lGOFEe8yyHzTZjuTCd15/dy+do8A+ZtmbgnY6Zw=":{"valueMac":{"type":"Buffer","data":"OC1uv6vKZj0CezOWChXsDRYs0VmGD3DnUg9j1jaZJWY="}},"+kMCesH2uwZ0psWVMp7D9uMXFZBUfbGVzC6hCRyg0D8=":{"valueMac":{"type":"Buffer","data":"4qneaRybHb9gTmCG8ISeeMmtrwpOGPOdCx8RVEbbp8M="}},"+m0ML+KAKsYWulW8yNUaY+ED0ql77p3iHGu8pBUfvoU=":{"valueMac":{"type":"Buffer","data":"bNbbRq2zGAAy4pTEaXJFaOM0KQsMkGT7rgnELTSXoJg="}},"+pmHC5g22MV/2xOEJNxrWAGgIV+xi9UPe9LaHhoVptc=":{"valueMac":{"type":"Buffer","data":"g0T0HBfAng/C6oBO4fMigBBPkXVUnveiST9HFYIWtog="}},"+qmvFW4TD5aV1dsdyAUr2NyFaOI2MJDQSFC2tiC4HvA=":{"valueMac":{"type":"Buffer","data":"hoCimPL8NJiVkGd99DeVye6yBPvsKPLAGaXSbYvVQ4o="}},"+0D6Zx/KnJCcx93xKhZGlfPrGF4AflHWLWkyAAimdP0=":{"valueMac":{"type":"Buffer","data":"vIchwwJST9waJDKlNc+/7VYFUlSOIJrPiSx88KSMCww="}},"/BdQZ0V0CIob2X2aTvIgq+aTEKT4ve0suQxB3/cJNcc=":{"valueMac":{"type":"Buffer","data":"IgWKHrDKfHRUlF7lPSUD3oi4qXT4Cz5FbgPDG7jCBCw="}},"/QUA+3UNBHZnlmM/7joHLrqF14Cu4cdcnZV3N/Ub/+g=":{"valueMac":{"type":"Buffer","data":"bmxB3u5TfT1HKE6uC2VEJoMhQxsPv2aF1FouUQhMkM8="}},"/Yuy5S4+BtfgCJyxMmp+y+QAAKscE84miJ2AnDArY1k=":{"valueMac":{"type":"Buffer","data":"riusmogEhZhwks3ciLmY5mBhLPgm3xSYxFkEpyMJv7g="}},"/d8F6MUEnDNm76kekwOghcIpi/CbL3QlskpvR9ym2nI=":{"valueMac":{"type":"Buffer","data":"CCVPxj4pGp7PBwhKc5d9+iLVOwHaEyMvHe69dO1HEFs="}},"/fzmfk6NjL7RjU+uJyuyLOqmH9jPirt00WmR1EC/2JU=":{"valueMac":{"type":"Buffer","data":"TSsHZpwobC+hEVbCJUt/Zprbdq1HiXmmML34ak2WQ80="}},"/hLB50RMLQsjsAO+oigtzVlPdPT5/ZXXYiIfjFSqvaM=":{"valueMac":{"type":"Buffer","data":"dKVTDT+ylSbTPu3oDD4+HgV3Ir6JWlSqBW/OqSbklNk="}},"/6cYkO/1zlT6ZUMz7CNAYS64Z9iXHx3TnCj2KF+udjw=":{"valueMac":{"type":"Buffer","data":"VlZQBzh1HYT9KmHdmTSJ0Z6CiruxjzzQJ2RgcevcQ3E="}},"/7gf63dda1AjFSdkK4l/dvRmMIGup3HGup51C44DR54=":{"valueMac":{"type":"Buffer","data":"sFBvUJn6+W5+o6nIA8Adkrfze04gEisgNENU/E9f2rE="}},"9Nvbq8ALygh2U7c5CTw4/YhaKWfc/LO84QhYsz29AYM=":{"valueMac":{"type":"Buffer","data":"JSW6iSv/ZLOGsyCQ4uPcBhGNI4Y9H8lhds8N5C7Uctw="}},"RomSrcs410nZdI72z/PEKjp4gP/bg2DziBAV9y/O2Tw=":{"valueMac":{"type":"Buffer","data":"ZTZFFYdgTPDUUH7FX94m1hcfou/mGjCrrLYUhE77KpQ="}},"8kHIyNjCrshS2a3Oudau3f/C2CP59OdZ7LTQ/pgRB00=":{"valueMac":{"type":"Buffer","data":"FW85GMxejKeDdrPlF9OUv9k4Ru3pB87GJJQ0DPSviR0="}},"cW2hKnGR4rFgjWhelsrOJ0tLszQPDRcEI5skR7xoI7g=":{"valueMac":{"type":"Buffer","data":"cWfzTo43PJwNGoG8gLTF+5BWga+p4+Xuddp8IzKEBIs="}},"ls/nmkF1sLNpj/Qd8hK1GWxnyheWxzT0lJMByPzEy6Y=":{"valueMac":{"type":"Buffer","data":"r2OGk5mGqkfj7vo4yXAgYisRsvAaT+SVprmLdiWlZ8o="}}}}