{"noiseKey":{"private":{"type":"Buffer","data":"uEDM0dVOTfOTb69FzRgma9xJecTNuKbAKaJTUNuQU34="},"public":{"type":"Buffer","data":"/ANYkjEGTU2lehm8Tt4gwSU7FQPV36xcuD+/ilvdkVg="}},"signedIdentityKey":{"private":{"type":"Buffer","data":"4GxPu4n66EdUWJWIZDD2hL9vLQPpaPaMBhN49fb243c="},"public":{"type":"Buffer","data":"oIda5XVnNtWaOOX15e7YO1br5254qJ2A5qqtpX3z2Sw="}},"signedPreKey":{"keyPair":{"private":{"type":"Buffer","data":"+CPIPbj4ew49cHRoiSv+1C0/dVNFpK6nWTX/rza/E3Y="},"public":{"type":"Buffer","data":"UPVDacjPOF3xBRXpm0M7RIdNjB8RiBpWWAbF4ikPYmw="}},"signature":{"type":"Buffer","data":"4xAPPqJ3EJsV4yy8KfW4Ad9+AvFvkIRLZAmW5Ax/o5xKHunhfHABe6Xm0/0z4onfKSJRjc+CFO2b4mB33onWhg=="},"keyId":1},"registrationId":180,"advSecretKey":"xVlORD6v48I+lwguYG6zDp/3U4TPqfw54wlSb4ROPBA=","processedHistoryMessages":[{"key":{"remoteJid":"923099914748@s.whatsapp.net","fromMe":true,"id":"56AA086C6706C334A0C6CE539E26B96B"},"messageTimestamp":1690799362},{"key":{"remoteJid":"923099914748@s.whatsapp.net","fromMe":true,"id":"5A7A9975F0B17ADB834CC92B5EA74B4B"},"messageTimestamp":1690799363},{"key":{"remoteJid":"923099914748@s.whatsapp.net","fromMe":true,"id":"8B198C5AC733EA3A28ACDEFFCD1BFFBD"},"messageTimestamp":1690799381},{"key":{"remoteJid":"923099914748@s.whatsapp.net","fromMe":true,"id":"968281DC1F532954B2A060A666AE84F9"},"messageTimestamp":1690799395},{"key":{"remoteJid":"923099914748@s.whatsapp.net","fromMe":true,"id":"3265095BA064E7D0FC4465AB74E70A9B"},"messageTimestamp":1690799396},{"key":{"remoteJid":"923099914748@s.whatsapp.net","fromMe":true,"id":"23006FB4C8184381FBB08F415A41D1E2"},"messageTimestamp":1690799397}],"nextPreKeyId":32,"firstUnuploadedPreKeyId":32,"accountSyncCounter":1,"accountSettings":{"unarchiveChats":false},"deviceId":"tniKx-D0RxSvFra9_SWTmg","phoneId":"f90446b3-8ff3-43fe-9fc8-c74cd3d8b67b","identityId":{"type":"Buffer","data":"IyckXTep/vPdL1YVFaOxNxlk3+M="},"registered":false,"backupToken":{"type":"Buffer","data":"fqj1WUKshgkhwnFP7RbZjFJwLLI="},"registration":{},"account":{"details":"CPr1oMwEEPyZnqYGGAQ=","accountSignatureKey":"ANgtWxzz995lb6Ai5H81kDJy5xhqgRs884hIKH/pTGQ=","accountSignature":"5MCc1KkIT6LN3FmzhakJdGeatcHgszfzWu7G+eD0Y+ePhujdj0ZPSja8yCuJk8RZbI2rT6MbwWP+/zZONMZbAQ==","deviceSignature":"aSpyHp3RBKJjLJcJV8oB/I+yutP8jeEexeWkUl9HJJ4ZZyXm57ltkziOMR10ueftbcEAYtTAK+rUpl3oIKs1ig=="},"me":{"id":"923099914748:17@s.whatsapp.net","name":"Unis"},"signalIdentities":[{"identifier":{"name":"923099914748:17@s.whatsapp.net","deviceId":0},"identifierKey":{"type":"Buffer","data":"BQDYLVsc8/feZW+gIuR/NZAycucYaoEbPPOISCh/6Uxk"}}],"platform":"smba","lastAccountSyncTimestamp":1690799509,"myAppStateKeyId":"AAAAADWr"}