[{"senderKeyId":1841133837,"senderChainKey":{"iteration":2,"seed":"NJnQ92s1y1Sw0e4KZgusUhAn7p0FTXLEcka5mJTwoFU="},"senderSigningKey":{"public":"BZCi0OaORmnbs9opokg6zRCpcT9Ac6TIl1JBOGIxBHwX"},"senderMessageKeys":[]},{"senderKeyId":1841133837,"senderChainKey":{"iteration":2,"seed":"NJnQ92s1y1Sw0e4KZgusUhAn7p0FTXLEcka5mJTwoFU="},"senderSigningKey":{"public":"BZCi0OaORmnbs9opokg6zRCpcT9Ac6TIl1JBOGIxBHwX"},"senderMessageKeys":[]},{"senderKeyId":1841133837,"senderChainKey":{"iteration":2,"seed":"NJnQ92s1y1Sw0e4KZgusUhAn7p0FTXLEcka5mJTwoFU="},"senderSigningKey":{"public":"BZCi0OaORmnbs9opokg6zRCpcT9Ac6TIl1JBOGIxBHwX"},"senderMessageKeys":[]},{"senderKeyId":1841133837,"senderChainKey":{"iteration":2,"seed":"NJnQ92s1y1Sw0e4KZgusUhAn7p0FTXLEcka5mJTwoFU="},"senderSigningKey":{"public":"BZCi0OaORmnbs9opokg6zRCpcT9Ac6TIl1JBOGIxBHwX"},"senderMessageKeys":[]},{"senderKeyId":1841133837,"senderChainKey":{"iteration":2,"seed":"NJnQ92s1y1Sw0e4KZgusUhAn7p0FTXLEcka5mJTwoFU="},"senderSigningKey":{"public":"BZCi0OaORmnbs9opokg6zRCpcT9Ac6TIl1JBOGIxBHwX"}}]