{"_sessions":{"BcgwJMLz1+7VsWcHeLCkz0XbiwWS4oHwFOZcSadzN9sh":{"registrationId":1268699839,"currentRatchet":{"ephemeralKeyPair":{"pubKey":"BdKUMONsEgStWnWr0I+US/37S/yLYiAizZdASwv/7Igw","privKey":"qEILJP+molFZfoKjRxF04XcPxV0x0Y/4gLryNUDQbVc="},"lastRemoteEphemeralKey":"BTDQ2fr4mWFOJMaJVchZOj246/DDfAV4QSgh0PasNxsW","previousCounter":17,"rootKey":"yAvH17HO1ZSnbA9XbfjT7STb3aT2q8Cwncdfgjr9RAc="},"indexInfo":{"baseKey":"BcgwJMLz1+7VsWcHeLCkz0XbiwWS4oHwFOZcSadzN9sh","baseKeyType":2,"closed":-1,"used":1690799991154,"created":1690799359230,"remoteIdentityKey":"BQDYLVsc8/feZW+gIuR/NZAycucYaoEbPPOISCh/6Uxk"},"_chains":{"BavlFrpXZR/XGeR2Yt3slHQQuAAHvfLvgTIVBahuKhYs":{"chainKey":{"counter":12},"chainType":2,"messageKeys":{}},"BTDQ2fr4mWFOJMaJVchZOj246/DDfAV4QSgh0PasNxsW":{"chainKey":{"counter":2,"key":"xC7l+WBHlulh2C5PKXFSfbPBSHZg1BijKpcdEQNehuM="},"chainType":2,"messageKeys":{}},"BdKUMONsEgStWnWr0I+US/37S/yLYiAizZdASwv/7Igw":{"chainKey":{"counter":-1,"key":"92/8Y3NETCIROjx//S7mmx3tgFO7EVnK/RAWc53SiZo="},"chainType":1,"messageKeys":{}}}}},"version":"v1"}