{"_sessions":{"BS8Gh3tBbZSYax/rxXEaBX6+GQJNtFfhktdSS7FoCuBB":{"registrationId":1184,"currentRatchet":{"ephemeralKeyPair":{"pubKey":"BV+UI0KL+fQQ/vCGzkQMPIzu5/Ea9xRmizFPGZ6xF58E","privKey":"SCwIAqOU5IXtYtge9TDjepEd5aZxKGYf6jfUJnLn4Wo="},"lastRemoteEphemeralKey":"BV+7n1lJVTxZm7iKwxgXYKxvnBgyOgSgoCFfl1LvSdpK","previousCounter":0,"rootKey":"08j9rh7hrcSJxYrcUwEaj2oMU/nIQaq1PS/zEP6Q0S8="},"indexInfo":{"baseKey":"BS8Gh3tBbZSYax/rxXEaBX6+GQJNtFfhktdSS7FoCuBB","baseKeyType":1,"closed":-1,"used":1690799675286,"created":1690799675286,"remoteIdentityKey":"BVRgCTERBspc2AgosRmEgiVqj6MKEPJMLEqGPyIFDiYH"},"_chains":{"BV+UI0KL+fQQ/vCGzkQMPIzu5/Ea9xRmizFPGZ6xF58E":{"chainKey":{"counter":16,"key":"3sU9zjpCJO5efmuuf+Z9HVWiUIpvfouvGk2y3gO1Wzg="},"chainType":1,"messageKeys":{}}},"pendingPreKey":{"signedKeyId":1,"baseKey":"BS8Gh3tBbZSYax/rxXEaBX6+GQJNtFfhktdSS7FoCuBB","preKeyId":158}}},"version":"v1"}