{"_sessions":{"BTBj6aaj6FqDjHqLimaX3rWHf+rnKq751ARsIumx9Fk7":{"registrationId":68130826,"currentRatchet":{"ephemeralKeyPair":{"pubKey":"BQ/nX9Jsxe+suyAIfGMSznaorZ8U+S17+RPzaTalmchk","privKey":"KK4v2kR3oS+juSTA0w94av3L4T1ExTFwL3m11WpKjWw="},"lastRemoteEphemeralKey":"BWVQhOWlyv+1bDHgZegvG6bfPj0kcGjKoB7KFaNHxEdz","previousCounter":0,"rootKey":"9JBPSM9kU6JhuVUOPYp01ql07dpYLZWe/zwlcHSNu/E="},"indexInfo":{"baseKey":"BTBj6aaj6FqDjHqLimaX3rWHf+rnKq751ARsIumx9Fk7","baseKeyType":2,"closed":-1,"used":1690799435985,"created":1690799435985,"remoteIdentityKey":"BdJHu+w+8eEPvtPCCP+DWoz3iagjkJ+YmLPKUKBl2XZx"},"_chains":{"BWVQhOWlyv+1bDHgZegvG6bfPj0kcGjKoB7KFaNHxEdz":{"chainKey":{"counter":3,"key":"m0doKnnHVFgvNWHPpaxsayBBl0zpAoyRD0j7vMObGdU="},"chainType":2,"messageKeys":{}},"BQ/nX9Jsxe+suyAIfGMSznaorZ8U+S17+RPzaTalmchk":{"chainKey":{"counter":-1,"key":"Njov0eygb54Fsg5maOqTNArKZ7cQuqArYI79hJAVh0A="},"chainType":1,"messageKeys":{}}}}},"version":"v1"}