{"_sessions":{"BaxCOAehZxiB/tRdMAnMIK16bY9iywtu/vokejwczEkv":{"registrationId":639869567,"currentRatchet":{"ephemeralKeyPair":{"pubKey":"Bff0A+qUHU6O7oY0uN/zUepedGws4Ad9Ax7Gx+ERsT9x","privKey":"6B/xj2dNZ8lnkgOncg/29ojkby4M913rtb1nVsqTzGc="},"lastRemoteEphemeralKey":"BSYot1tUJ0kybgqayZR3LCza97gP/U6m+vU5VJVU9lQD","previousCounter":0,"rootKey":"m3zy7ZqkG+t8x5PkapVc4T7mSeUo4Z51dcGVddI+bEU="},"indexInfo":{"baseKey":"BaxCOAehZxiB/tRdMAnMIK16bY9iywtu/vokejwczEkv","baseKeyType":2,"closed":-1,"used":1690799541463,"created":1690799541463,"remoteIdentityKey":"BYajBMeRKCOkxyfzxNdm/TnKJNVsDihgYPGvXGMKWI5a"},"_chains":{"BSYot1tUJ0kybgqayZR3LCza97gP/U6m+vU5VJVU9lQD":{"chainKey":{"counter":4,"key":"SKy3JW+t+vf1dVl57lCs4M/NBYGUjeM1wQC65ck0fBM="},"chainType":2,"messageKeys":{}},"Bff0A+qUHU6O7oY0uN/zUepedGws4Ad9Ax7Gx+ERsT9x":{"chainKey":{"counter":-1,"key":"Ah8EFxmOgDutjPgoNwLA3UkS4fEwTgXhygcmypo658k="},"chainType":1,"messageKeys":{}}}}},"version":"v1"}