{"_sessions":{"BR3+OWgklQi8b3uXzCOaDKtRNqiSR/3RU8dLe8PGFeIZ":{"registrationId":210,"currentRatchet":{"ephemeralKeyPair":{"pubKey":"BeS738v1+sMHuaVFEmkzlxox7otkLCnT5ezVNTZaoh1o","privKey":"2MuZ9PM3L/YEsP5CY1IWGV/4ircXL98MtEw+QiKRME4="},"lastRemoteEphemeralKey":"Bctx0eaHW2sZdsvFyY/mmPL+9HZEjAd6B4gM5LAk2eNB","previousCounter":0,"rootKey":"GvcNycPMo1VZaBOatqyCzjQ625l0yxG/OoyyltslWJs="},"indexInfo":{"baseKey":"BR3+OWgklQi8b3uXzCOaDKtRNqiSR/3RU8dLe8PGFeIZ","baseKeyType":1,"closed":-1,"used":1690799675278,"created":1690799675278,"remoteIdentityKey":"BcSRPOeBQ1I/C1ntq+9JdjpaqAM3vqelNhbGsB95yuV0"},"_chains":{"BeS738v1+sMHuaVFEmkzlxox7otkLCnT5ezVNTZaoh1o":{"chainKey":{"counter":16,"key":"QunFZHUWj4ZoCc5+Hc4m5JCjSspAUQCmlUY/Tsk62BA="},"chainType":1,"messageKeys":{}}},"pendingPreKey":{"signedKeyId":1,"baseKey":"BR3+OWgklQi8b3uXzCOaDKtRNqiSR/3RU8dLe8PGFeIZ"}}},"version":"v1"}