{"_sessions":{"BTAYnxiQyYnuVd+ALfVqV8fbAylXM8eKWMePiXMJFhNW":{"registrationId":64801726,"currentRatchet":{"ephemeralKeyPair":{"pubKey":"BSR11K1FqrHLtD9Zgh4+mB99wDwJoK75YcpQImNGHc8R","privKey":"CBcAIdzHGbLGhKeX1Cu80OmgOgYZbKO8NtBa+vcTr34="},"lastRemoteEphemeralKey":"BTjrn5QF455m5ZaMolVJJsD2JYk3y5KZUscONr+zzt1J","previousCounter":0,"rootKey":"mQ06ZtM5EpJsqgyXdoSG5QLvJsI9iTINC6gGjKARubI="},"indexInfo":{"baseKey":"BTAYnxiQyYnuVd+ALfVqV8fbAylXM8eKWMePiXMJFhNW","baseKeyType":2,"closed":-1,"used":1690799685084,"created":1690799685084,"remoteIdentityKey":"BWcvmdeXsZrHGeTC94NeQCpdNqDvbU+aMnjSoPZ+fxA1"},"_chains":{"BTjrn5QF455m5ZaMolVJJsD2JYk3y5KZUscONr+zzt1J":{"chainKey":{"counter":1,"key":"dfRJaRL0JlrPudwqp5/WFwY8Bgcd0IfuigNpxFSMeMM="},"chainType":2,"messageKeys":{}},"BSR11K1FqrHLtD9Zgh4+mB99wDwJoK75YcpQImNGHc8R":{"chainKey":{"counter":-1,"key":"HXiET4RYPbsK+SxaPU8HpF9rO6uuBXj3OdRiXxqt3C4="},"chainType":1,"messageKeys":{}}}}},"version":"v1"}