{"version":26,"hash":{"type":"Buffer","data":"S0Xhyo9UCLsNXBSkl8Zzy0Gvp1ggvzKCiKTjW1LAvZ17Kp1YckCWNCz5LBJ5G7h8J4+KDFfxkuBzPGk/y10+HZhSIFDy9VG1mgxXhtvSIv2G2MqYltOXDIxsAWTdTaiHtqv8OGDWXvRiQa2hIXwwpaMi9upaAVd+IBz7bAxmZ/Y="},"indexValueMap":{"HVd92I0Ot7GMt9sZkLEgN7fdRW4BHXRE2aT6Wws2piU=":{"valueMac":{"type":"Buffer","data":"pdCGvlyr9883bOMVY4ZZHtfxyi81y2QY3/AAEMHv/dE="}},"IlX6tCcH4AzizMgKxGZbVilhJ7WuQywfuazrc9nJtow=":{"valueMac":{"type":"Buffer","data":"SoC1wS8ttzuNtk91slhvz8ZDynziwXO4821Vx8DhoWU="}},"Ox5Txsj4mcBIViuvhjTQyH9JsoOjqYNW8edUzCLyeM4=":{"valueMac":{"type":"Buffer","data":"XWezI739zaSHmyXZe7AE6S2mPG5wEiWzvojdqQNaeAw="}},"QENrg1T5cXMSVQ9cvBKgqiXZhf2D+3GdXEMq5avTJWE=":{"valueMac":{"type":"Buffer","data":"NR3hnFqc18Hv1y38lyeKwVfoV91Zlk/SqUS72Myxlfs="}},"Vk7kishWkDviOMShelqusoMPF9JEsjfjMZGkWK+bSIY=":{"valueMac":{"type":"Buffer","data":"VNblKMIKZfpHJ/GrDIc2aN/ZireemPlluPyjXPiPeCY="}},"XiM7W6Dui6/ze22GjSDigQWwkpPQv8zyJx955Ii/ruY=":{"valueMac":{"type":"Buffer","data":"Oxg04shi8+oMlgb/Xc7OdDYMtfNJ40I3bprZ2jfGlEU="}},"ev/UDGsrQho9uZ60HQaU79B9vCHBAZFTb4hnbDpTx00=":{"valueMac":{"type":"Buffer","data":"hmDWLw/+N3YZZDLP6Mo5Ql7idWDNv2emdutMIMixkvM="}},"krNkS6clNplxzHR8ojUFkbEuo4gzO/rlFcV89IbEnCA=":{"valueMac":{"type":"Buffer","data":"NQWhE+fLrjOLC7/jdttTR3IXChyUWQODbMIHZThmY9Y="}},"m7P3y3aMTL6PG6DM01AhcdaTITUaw6WuMOHjMs/+BF4=":{"valueMac":{"type":"Buffer","data":"GW/7sPjB4QCPMvtteztf6iWQx6zReEmIax89DaQ5feg="}},"tpb3XkN5wum+a965/k/BqCkbi7P53ilLfep0j5gaKdA=":{"valueMac":{"type":"Buffer","data":"O9DVb6UUPReHbnKxlePOZ6kcSMl35Wbv1+4aMXevYcw="}},"ujzUjipSwvih5Ruqa+JfJh7I26Nu73khfNSIIA9stSE=":{"valueMac":{"type":"Buffer","data":"TMsVhsAMELFzRBNUGy3K1vnAym2WOdf2pXAW+F4rRfo="}},"uzfzGC1UNWlq4xeZ06tegrMoyv+b9Doj5D75DweMvvg=":{"valueMac":{"type":"Buffer","data":"Vtw0oKODxVhMnAv5BrUz81OXY8y2p7xIDRZZ2HYlyy0="}},"3TgrrxIvCGzQeNni8JE7Mn4gD1a4kjazUVGBc3xjzr4=":{"valueMac":{"type":"Buffer","data":"l5JaKF9if/V5MdSLjRetX2XhePw83Xg+akDXEr6/FB0="}},"4OQdgiBeNVYE9LC+tp1dzF38BqF0iNtYIIrm8BwPKoA=":{"valueMac":{"type":"Buffer","data":"X3IvbBSEzLrFac14j55+YvL/GAisbow2gAf+9zu6Qm0="}},"5m/1A/JzeIbb8N8yG2MEEe5poEtM/HEYcCPskgy0QyA=":{"valueMac":{"type":"Buffer","data":"Q3jiigkttXNbd82PKo3KK1hZe88HkoYUXapanzLjmW4="}},"76nu5iF6XawFHvm6EHD2tl9IwTne40WoEXlJBrJsjZU=":{"valueMac":{"type":"Buffer","data":"Qfj4wKQlXRP7yTXRN7Bny98RRkRNukzcq5gOLzW3q0g="}},"dVWXBuS4jdoFL3CJ+wFDgrhWlwk32IswFQ0Eim9lMTw=":{"valueMac":{"type":"Buffer","data":"ptO4o9N3yWcMKrEbGTZPAJ2HtZkye1SlUVsqbu8hZQI="}},"g2yy7q9AZkhfuF0wS2yt30qvRMOSmWduoqxta6dV2fw=":{"valueMac":{"type":"Buffer","data":"LrBvRIPDyggJR7JX0flRiKRvaxQQCgJbA/OWjCwKXsU="}},"PQ7YP1fxg33US1YHaBXWyWInkq0fbw+8K7QfN1qcpuY=":{"valueMac":{"type":"Buffer","data":"n8iPmwp0d0PZBjr5rFTcub9JtyKD91dZIe4TR6AH9Lk="}},"7dRiUxJ1nLM03S7gxNrjk49oqpWD0AHYSEVWh4nyYeE=":{"valueMac":{"type":"Buffer","data":"9uOwE4wTptgdwleJ+5YleeXXq6cHv4WMMNXp4BsNh2E="}},"mj/BkNOrMKmpsJFl/nsz7syd9NkanORmFuuD+VYvoC4=":{"valueMac":{"type":"Buffer","data":"O1LrW3atTIa/Tc0l9PGl4EpXMK+vrz33qGglrRkNX7g="}},"nPypvPBGxIuRHAUr8VrOtPyJ6h4ecHrfAkPpxLA4wqs=":{"valueMac":{"type":"Buffer","data":"fqzX6+PB69rUsEiXfubC6JgYRTEFZUIcQ7TYjHwbr7o="}},"hoViuo+pwyKwBV20xyhwM1BVroGJYq59TpQGrP5esr8=":{"valueMac":{"type":"Buffer","data":"b/CadD7ALHe3Qx+io6ry29jDmorVX7SMZroYzxL3rQI="}}}}