{"version":846,"hash":{"type":"Buffer","data":"DrgSx/cmj+eGnswiddRwwzd6Ycj4igUKLtHc6p4EybkPcqx8ntlo6VlbIw5lzKOZQNUMG+np0DTgroLJ4aKzC38DoHgOJMcpkn+gxbZmyShmv+3wlf5igG8TVDHa2TUuX5NvPD0KybF5pvOoHzKTASrqDx2gNyg3aixLjp+WyR0="},"indexValueMap":{"AFzTP3rYaVAZkmgHoAfKGkMkn1dCZ4xbCEIMX3Pt/ew=":{"valueMac":{"type":"Buffer","data":"rt6O6BouBfuwnSRDKtVKGgxf8lBVtPdS1UglfWWBLDU="}},"AIUdXdusVUZejrBxZJpTYERl0l81wDw1ilEasOJL4Mg=":{"valueMac":{"type":"Buffer","data":"1w/S/S3v9rdEdrb/XOaEsTqbgrNkHLP9/5ZszD97kIk="}},"AJkz8yboauvAV0gM/QE1OBowMva6K46QSHZTf/PkE78=":{"valueMac":{"type":"Buffer","data":"72lAHedPKFc8P79fkRGV86fhyoG1+REEZg9/NeJxPQ8="}},"AOCxUYprl/3AVuPuvUmfyoE8BXAn1XO3IJnax5arIbY=":{"valueMac":{"type":"Buffer","data":"VtyuOfzZaKraL5kqJS3grsOBvkg9DUKH0rrgcLqjYPI="}},"ARPycr1UBGKSOhqjzusA9rW7WfaMcHHnk0cpeoz4c2k=":{"valueMac":{"type":"Buffer","data":"va2q4jAg3iHuiC8jN+/tAibfaalpQIsaaXwFx53lQHI="}},"AShPGXoWOTcFBk1PKG80OgnNEaKAHoyCywOj14H54sY=":{"valueMac":{"type":"Buffer","data":"wkijeORZ9DLgtCZw6Ad9rx5zI1JCl9eeJSsDPN1Hnrg="}},"AaSsAV3b2JXtBrMq7/sdFdWimFoofGe4PitYWGoq4kY=":{"valueMac":{"type":"Buffer","data":"KEhVSUtOY3tU/1oHXdF7oVJWhTWqpVKfnHoEo6iuG/k="}},"AbL/cdjuW3E5F/YdjB0zxM7ZiEnYYRuDSyH7QTwvIzs=":{"valueMac":{"type":"Buffer","data":"Dn0jfhU4d4+1YfR12cZK/Bge1G3FD9UXUI0nf4+PUsA="}},"AcnTdFSM0Wd3W2Oeg9bkYJNmZS0Bv9lTQS7W1q7bah8=":{"valueMac":{"type":"Buffer","data":"aDtpqoAEPusJimFAoXUEnmU+wsXImCAb6ujPyiwrUgU="}},"AdS8SGfWuXGWQq46ZrUJo7KH3l0DHhdimsuCYTvKEss=":{"valueMac":{"type":"Buffer","data":"jnOHelmapvMzap7OqfkAK7vvqmESfun1hxXqsAMDiKU="}},"AfnOI8rZBOxCUyrvUlR3oTRaHJDeMMJ9s2GqhN+8An8=":{"valueMac":{"type":"Buffer","data":"o5iKeJKc/FdFEnCLD9GCOFLtDdIrVgEmN32kH424nJA="}},"AgW+xGckGx1H+PBOO+rBjgOF9tx8Q7nOClumgYK/gGs=":{"valueMac":{"type":"Buffer","data":"gRlrYEkk/nSYAXO7lGNbtlqELIuzcfC/rMCUtSX/ll0="}},"Ahq6GXvjS9jMwm56Mc+aHV3LfL07QGKPtGs6mCeaSYk=":{"valueMac":{"type":"Buffer","data":"rezb+YTlkEleqxRfIVD7N1BPx3kYmgSPlp26zQzrQEw="}},"AmIoOg4W6g/Mnw8XR+IJfwns6RXfYd0Xh2DfH7rtA20=":{"valueMac":{"type":"Buffer","data":"Zz990dbvxCGf5i3PTPlzXq1v10ExnwlsXHhXzpbOJa4="}},"AmfyUrHJ732qKkVxGOsZAsE69X86Q40cev8A+iTV2oA=":{"valueMac":{"type":"Buffer","data":"B4Vf0hXFsauwojT5bzY9PwU58wF7ElDndMkKTGIj//g="}},"Ar4pKE828CYHtq08LIv/8oqhU0FU4TUVe7xzd/vflCQ=":{"valueMac":{"type":"Buffer","data":"RMeV770UTgqjDjJJXPJQVJU7YV/WGG4KJ3Q1+ZUvNis="}},"AsP5Cxxjz67j0z0kX2jfsXV5N9yKTCPLfZrBEpWp82I=":{"valueMac":{"type":"Buffer","data":"ZOyGA80tRg/VeaymDlmJ6E+bavmulJ6Z2qbr6XXMj20="}},"Aw7fhU1LM3ZwYkzi0DMlSth4xPD3+D1SQynRt89vQIk=":{"valueMac":{"type":"Buffer","data":"3c3aco7vvw1Jp/ddgZ5FepAIzM415w/XBZ4LMTYaYOQ="}},"A8Lk2herNx/1p3yWR6gGyUofRpzBWsnlYQ8SVplMJ4A=":{"valueMac":{"type":"Buffer","data":"VqItMkWQr0s0E5HrK7epx43wuJ49wRKqxJRDBiIdX8g="}},"A9trcViV1zsUIRHlC5k6+T7tAENI4JkXbb+0r9dk4PE=":{"valueMac":{"type":"Buffer","data":"PXAo1pNDV7wUhHR/XGXTfCRCM0v83vXDz7jyXB7mD4A="}},"BVdtYD+eW8UN2+HEGBkCsvx37FjytF/9fnom6uotbyY=":{"valueMac":{"type":"Buffer","data":"Zx3wtTwMCvHs21ZXGay77eUK4RsE12dIVtdueSNCK+s="}},"BZvcSLEqd7CpsoD285MIqCC9P2/d1gLsgrzn6fHi9CM=":{"valueMac":{"type":"Buffer","data":"DbZcawpFjG64/fgVFPFWmFhtY0xOrsanelohtT5G6gg="}},"BbbkyU6b4dyaUavtfNIZcVPUzf0gZryVE9siyMNKxKk=":{"valueMac":{"type":"Buffer","data":"iERxD9WtxjLP7xF20ajIaowo6Xxi8vp/soA3aiA3tlc="}},"Be/qmsoEpNLLoIRdsBb9Io+PDou97M2c059immQM+UU=":{"valueMac":{"type":"Buffer","data":"4KteJqyoFZetRKI/LKYdH/6tD7QokTjEwd0TgyxsA0A="}},"BtnBVWdZN0OXzc9EeQHot3+51PU+H1T0BuSBrcPo1Ug=":{"valueMac":{"type":"Buffer","data":"AiT1vwh5N4KXD0kYEJOndq3XpX16pVjUm0fNxGVBKGE="}},"B76kLAr1sc3zEOGa+6zA7uOvaiEnV54Qx5Mm3G1rhGQ=":{"valueMac":{"type":"Buffer","data":"AHX9CMWvh8BY5gD+I1lD+ctlO8Ftc63eP3cOoXZr/k4="}},"CHFJjbLnMbg3HjthyIdNs4IqP1FGjuxt6atXXjZHa2w=":{"valueMac":{"type":"Buffer","data":"WhOYdEjSs9Rc2CuhhP7mv73l8xMBWVf9OSNz380zK6E="}},"CKrkYUUqZZ3iNp9hldI95kXIEB/oyypu8TEV2RUpy7Y=":{"valueMac":{"type":"Buffer","data":"reG75A3hP6cF1VnrS/R93pUSMM33f+55ploitR2yUF8="}},"CQjYDMnvSJWd9dcfGN1juvonpVAsvmuR/xfoZ19ql7U=":{"valueMac":{"type":"Buffer","data":"H/9HlWbBH7LYNf539Ag8jtqklnFXKsdZ7scnKzVIXVM="}},"CYA9QH77U4JRJkxSg3Liv6C+mL8NCBfHsx2HICK+8oA=":{"valueMac":{"type":"Buffer","data":"Z1QGt4A8/g5BZRT3uwc/4QkmuAsDJxoC5WPoSt+6oW8="}},"CfPCHzra9/NOU2Z2Mlu4tPoRsBUYsmkKlWeA26kSprA=":{"valueMac":{"type":"Buffer","data":"0TjlyIrRMYstMlUpHryffa3xIXb1X3JIDP8JBgfpSfc="}},"Chyds+esyVM7Wgbm2EGmwwSHonM31m1VxXAI7T8+LJ0=":{"valueMac":{"type":"Buffer","data":"OMb7Tnn8+r5JjqRU4dzDeH/UQ/h2hlrD5DUOYFpBwQM="}},"Cl9jIh5ZTLuJj9r/Ruf0ZiTtcT0rKTRP6R+HYivaRso=":{"valueMac":{"type":"Buffer","data":"NCrKbD4obRcR31lPK/UDAIukCTBM/bXqory9nYWbCrk="}},"Cmsk/03OgT+o74BdqC2N3zfNsPLS2briZD9pMhtB/8w=":{"valueMac":{"type":"Buffer","data":"K0p41pWU+T/VHQkDUaIcyx9tkIjk+lMJxP5uHXeHL3g="}},"Co9q1GhgNkUO7W+qJoJRRN1W7OMJK+xb8VJVVPD2YVw=":{"valueMac":{"type":"Buffer","data":"dBSY5VNlrWCbOyD4zB9UzXyidKVlU57Kmh7CZlpHQRk="}},"CpCSVaUWX4vNvEcoVAUwSRkXpag4DiqktKPFJkyX2Bs=":{"valueMac":{"type":"Buffer","data":"Rex6hX3MQMAr2YYgCCFEGMNTZOW3u2cq2L56iz2Nvhc="}},"CpuB9H8qLlSdi+cBdietxLP9H8pB63YkJM6kbq1OiEM=":{"valueMac":{"type":"Buffer","data":"FE9eAaaTeAGt9NRVc/IlxNaaeInUeap1yghcgXbhHoA="}},"CtrODAVD8JcaVzKbgo7VI74TyqHSusxYOYRXLjek7hg=":{"valueMac":{"type":"Buffer","data":"9qi9rf63sBsq4RWs1qOCgxhe8vTwAJkIv+waEN1Dzck="}},"CvuEcn2IlhZs6x4wVov3/kWHZVaSteBZgWp49mEXGC8=":{"valueMac":{"type":"Buffer","data":"m/sZYHhfSZcJO0IWCwR02HeovovyEFnZW2Ce8eadB+8="}},"Cy2biy329OPRcqtEOLMdAEfc+eYH4V/UMZmHBAU+NvI=":{"valueMac":{"type":"Buffer","data":"DZUD3t7grORY17XVNFxYBcAFmEnhXlx3aLkpHlmtWT4="}},"C3tegcvvJrBwtU21klqfCZhH3kEyjBLO+7pHfEcwG3Q=":{"valueMac":{"type":"Buffer","data":"XX3dls0JokSu8FE85tY2i1oGpXA+5Gjwc+f6a2LT9KE="}},"C+LJrUm1SWSk9kq3aOgzxvKGKdf/xlBuoovqDxQEcKM=":{"valueMac":{"type":"Buffer","data":"JS3CezI27u3aPaU0kYPfSFONUUGxhuxZXgRHm92FYek="}},"DEHMn0EAVMmWUKsQ6aSL74WAY7am7JNZJbjw4VqDIDs=":{"valueMac":{"type":"Buffer","data":"cfKNbVJh6mEJH+7lzhTEZOEHB7rVuxaHvZys4n9WDxE="}},"DLeEM8SXzbqRk4RhxzYk7qai3u1cOUmgn41iTzaSkq0=":{"valueMac":{"type":"Buffer","data":"zfn589c+oWmkkULoik2CTNs2MMe2g3HNNRAfj4K1q6c="}},"DQuDuBsoXhKBR7tsbOceeGULHpwTuNz+SJiUmr+gHWk=":{"valueMac":{"type":"Buffer","data":"TG+hZy12UDc3SHcnRIi8heG7b2P+iEPSsxdkULXTPbc="}},"DWOIj4G+HxJUiojcXm1uRi3JxNsUg2RTunc44Ro2fdE=":{"valueMac":{"type":"Buffer","data":"Al4XQcKtfqjrQJbREqVX9hjTbZz0cVPjTndWKvbVZK4="}},"DnpgWhepO6ZugPb5lWbMS1bo+jZParWwSp/UpuoJNmU=":{"valueMac":{"type":"Buffer","data":"dmceh8utNaGyoVdjfCn9Sjal09VfRz2p8VHeRhdZWT8="}},"D4TtUomg+08EBOcDtKvgx8JKCgmhe9zGKz2hSm+Eysk=":{"valueMac":{"type":"Buffer","data":"RCz3190MVDISeQ8rQ2XDHHV+1tOnEy+kZdxGU15KMqc="}},"EAVNm5W4gYSnpfazdmi8hR8k4+tNj0mhSvuLuKufyLQ=":{"valueMac":{"type":"Buffer","data":"br6W/2msHjKvLpMIkRvd8CM3zWBJKWzYH67HTRSP1ro="}},"EL95ASSE8U5N6WBTo7TnHp8fnV/kbqwKBbUJev7rovY=":{"valueMac":{"type":"Buffer","data":"Ms3j0d1gcg255mTU4FKT/45ca4f+3ljBEDpkPAmdIUc="}},"ENAWVjhHyzbaDZyTqC03P0z/QC40qXwgLzkXF6ZUUto=":{"valueMac":{"type":"Buffer","data":"TIUaOrD/xCeI+dzCCQBWD5D+EnAwCz5uKpcbRohWWrI="}},"EVBgdZPVqs1vcMToRY65MLBtNtGljqI5+WfOBYLsVTs=":{"valueMac":{"type":"Buffer","data":"CNMbaWynn9IpDK+PCgBwg6yevKMYBVYzzfTi52rzZmc="}},"EaxICROxkgMvyK+2vqzAjPgePXXQO5u8lWdOb7nYV+w=":{"valueMac":{"type":"Buffer","data":"urwCwdIJi8msb4xFVyeQbWHUsHRTJ3707leYqwYThKE="}},"El/ML99nfp+RBfsh0Em0YcOWIyj4GhcxJNPW/s7KpFs=":{"valueMac":{"type":"Buffer","data":"BTCUaPqGViGnutD6Vg0cgMV71Davy6m42KTjCrTcaSk="}},"EusEpZHELerT1htdU9cT6rKf16uvsd2TpMBCZ+/HWBQ=":{"valueMac":{"type":"Buffer","data":"Wf1G7rV4MB/Y30qiD1JtbqIjVBkR+gcxjQGef/vZINI="}},"Ev4JYTIeYlVXcJqGabFvINXYWjQwQRrBOA7Vpek743c=":{"valueMac":{"type":"Buffer","data":"tOHnSotv8Wkx9rhQu9jdJrY8sARN5toQhX808lwDCdE="}},"EyFq84tAu2hKUt0s1lZowtDcJoZ2prj+DS0yifQn/z0=":{"valueMac":{"type":"Buffer","data":"KkbpFy7OqBFeEVh6stHye7sVehUVHera4h9B0p9dXFg="}},"E9vLYavywhfbjBTDjkeCcM7kZL99L/+hGZBFeZwk5XI=":{"valueMac":{"type":"Buffer","data":"lDWU4qx1jGGYANxC6PfOUZBxvT28cgaqnU/ot2SOMBU="}},"FJy+X1L8dDW3d932G53QdRmaoLNyx2EAx8VvVjSlros=":{"valueMac":{"type":"Buffer","data":"rBSCDGnznVYa3Y4VkmqijKMrTKkeZ5cS8fv5GHK54+0="}},"FWhVfuHELHyF75kwuW4KzUpQourmBTs5z6zo200UMXo=":{"valueMac":{"type":"Buffer","data":"jId6PKTYQUDWLpD8ZcgULrvif36xBRIP9yyxXI1Sb7o="}},"FnS1bT1fvn7Jq4PzTSDx4X0xfTLjaJrXC0Vhn6W7iRU=":{"valueMac":{"type":"Buffer","data":"KfqIG1RodrM6BAwgb6U/vGJrDB5s8RPNgsvXpF7t69g="}},"FwE8FoENutfQ645rp/LGOHnZWbr/PZSmDcLCUBsAcCU=":{"valueMac":{"type":"Buffer","data":"VFaVWs5KRvNYPeqTAwgYAqSmOnSkG6j46vVvaRYDGjY="}},"FxZCgW3dPkSMMdipCmILqHz2ujvn39oBREMxGkaWLq4=":{"valueMac":{"type":"Buffer","data":"axx12bXWHbGvfHxfSmPLd4+sWCy+vQ2Fw7M4OcYXb/A="}},"FzahXdasVBeV0qwLxUkHLNXJ/VCr2xWsWFhsRhpgAVs=":{"valueMac":{"type":"Buffer","data":"PJfDFLdbPNAQccBQu3efriQgsNDT+D2+oUoEboLQLQ8="}},"Fzv1WGhgpTKs8DgWpsDbxG7MumOIGl/ZXAxToS3BARM=":{"valueMac":{"type":"Buffer","data":"0X18pP8Y+SbfZAv6+5MPnVXlkbSMFs6Xm0VAGm2+bEQ="}},"F0ivAXnRmBQljLN51+/RMPEyKhYNqYF8Kda2E8ok2Mg=":{"valueMac":{"type":"Buffer","data":"1IcrDMO94a7XlvMeJknGU+UYuIrqvMMFuz6sU5TXLN4="}},"F2Kdrruslew3VML5djbaSzckNWGhzqtv4m5ws2PkbEg=":{"valueMac":{"type":"Buffer","data":"4c4PldN6/JKd6T8UL959DBxjeyLcjtrxijlyjGdC7+I="}},"F/q3S1Yww7ZX7gvCipmNxavXbRFCGIB4vJieYDcK9aU=":{"valueMac":{"type":"Buffer","data":"BzEY9HnVunf0DJAXeIuzPv8TfiStDgm0B7K7JCUqmK8="}},"GSZ2xPFCIsWwJ2Rs3RbxeFCcfULi1DepTc1HKF9FAkI=":{"valueMac":{"type":"Buffer","data":"twozQvoNr06QcroKFOw2ElggqxOZ09DxFjcdJ2uW/gk="}},"GXLEz7hd0LBcn6duIbcmIacNWcfZSddtJFWlqe2fZ8Q=":{"valueMac":{"type":"Buffer","data":"vrrkKCuQjWZc58TYhQyTRg1fgieDCaQRbxZGuhWJYPs="}},"GYLibnulBAfba8Gy0hfO85NvZzdqtG5nFhkcCggFLNk=":{"valueMac":{"type":"Buffer","data":"+UyBG/JOmziva3xrU+WOMwDcLS9B4Ygz7mgju2zyGq4="}},"GmbQgsYIU7HVWMiLT6ttN7yTrGB7PPWjZHsgKn/JYMM=":{"valueMac":{"type":"Buffer","data":"NhkevVmmp9eSn+n15dlQ80cbUf/Ls2KaBo8NGTTchpI="}},"GtgDTJH3KF6UlwnPDv33aCaMQ5VtN+D5nFpUQxLEzvg=":{"valueMac":{"type":"Buffer","data":"lH8Sp5WsCVR19M+E76fS2hEAwYtwCiGCFcZjRFQLkwc="}},"GvEuvaS79Z/5DbwhBrVVABZMHVZ2hLfe+A8/YJQbfKQ=":{"valueMac":{"type":"Buffer","data":"wRTCQFAzIrVJ8SKDweKcjPHi68W3RlYHYKvSY6GNVKU="}},"Gvy9dgUWYHKbKxyDEtJlYAgeBZ5L6FzNbFPWu8fF9Uw=":{"valueMac":{"type":"Buffer","data":"MRJOQmSmmlIeOtZY+90mrqM3THgORk3eVQJl69M6tUM="}},"Gx5bofpBns/H7pbbXyz4G+3occiYGxfZeWCB3Gdk0yo=":{"valueMac":{"type":"Buffer","data":"3/N0EknLuMlM3iVG0KBZdceRZ8E7VkSkednz9APBf7g="}},"G3sv5NC3nbSCod+RoogfygflN+wPNqNCMnYimMopIxI=":{"valueMac":{"type":"Buffer","data":"hplSx+bzhkuhEuJhJw5YgLt7Gl56ycYbpcF9dNgX2LU="}},"G3tMMbHTWxgcZJY2M441zRXx5P9wxZaSXaPj8BXtgCU=":{"valueMac":{"type":"Buffer","data":"veZQ7xqMrWtm3ZbCIVQFPa7US5QiemSiSzcf1lEmd3o="}},"HDrQXtXqkozt7hYWp+gh9MET3KRsmodmJZQlMFfzry8=":{"valueMac":{"type":"Buffer","data":"9BJ5kN9YD8e9fJFatuuVUmo0UDa5DEkVdpezzat968w="}},"HTmOA5bpXO6uRyHr9Jwo7tAljgTK88tafCC820kAOns=":{"valueMac":{"type":"Buffer","data":"Lucb7NYriHrFIt9FY8UMYUwoIR5crqmKDbkp+o2klXE="}},"HUos9ub5rgiKlktWP98cwxG501SAeD1r/gFJqR0E7TM=":{"valueMac":{"type":"Buffer","data":"1kLE+IC3LyqdsDfpc8wzO+z5bvuK7pKN9bx9B3Ie4SY="}},"HbkRB8GCUZxluIoHFttO5jb9g4lDWCAlpQ+uk52qftA=":{"valueMac":{"type":"Buffer","data":"iluBm1Twy3JQBYR3wGSVpuDik106gnfWy2dSpTQb/HU="}},"Hc+DOWTF+ywriSHjZLqtnxgTvGqN5dzU4meosHTPLzE=":{"valueMac":{"type":"Buffer","data":"nuYpsIbneF2Ac4QBnrDHxvzg4RztdJRet2ouopcJuA0="}},"HnEfrQZFs5/hqnzBQM3c4wF4IchA50xIZmneVN/d8Lo=":{"valueMac":{"type":"Buffer","data":"DSJy+PDRli9y7wokC0/B5r6tZdD6H17HODisIXVus8k="}},"H4ARL5fiNPO92o1/xeH1kJhvN0XMWSAnttRjpPI3YWk=":{"valueMac":{"type":"Buffer","data":"KlxhcxMZRx3RzxCJAvZ4rtYfBo9oNUyZhSDskRgRdPo="}},"H66YkH+fYWZY5Ujd+yZ5Y32ampRxh3YTFI8XAbyr1Bo=":{"valueMac":{"type":"Buffer","data":"7/mXh5Q137bvqQUU5U6VhcSh34bZcBrNCm3w9cZtkt8="}},"IGay/sxlH9l+yK+xIfO/dUzlnagQtIVcpxiaBc3KGt4=":{"valueMac":{"type":"Buffer","data":"cWfbfE1SioZ0qb7c4+8s9atWvAUxK5waril0V7J+aO4="}},"IQJW8Zux96oCH7LQ0hGPFQZsaO+0l2sSa230iYJ+bPk=":{"valueMac":{"type":"Buffer","data":"gr4MvzfZKpRV0f7whElMYIYiaOuPlh8cDvrXmwH1wsI="}},"IS1HzVDjUdtKOGscSV//5NyAokEG5IoK+FKVKza6JiM=":{"valueMac":{"type":"Buffer","data":"nOT99jrBqQvlrijdcoFaNtSiHZ+kymM5uPjfgNteY0M="}},"IS+EGyInvloEQEVnFSyCOePz83C5C5otGIpPzDBWzbM=":{"valueMac":{"type":"Buffer","data":"DbBimVrHEggKQmdcLIClR/oreKKMY8y584PtWFp1ilc="}},"IU1c4Pz6PoWzclMa+dUG04XClO++POQNaUY2yphBYPg=":{"valueMac":{"type":"Buffer","data":"pXwurhSfW7CUhFbYfsB3iBOv40AG7Zn8JvkRpSaCM1I="}},"IiE5e5MgRNKWjfCqhe6Bh+0A1y2AF7PpTV7TJznMG3Q=":{"valueMac":{"type":"Buffer","data":"5OgktAbBux+RJmVRKX8/VYqeHyZX0yCraZaVbBeVcow="}},"InoJgwsssymsA9sqpbTpiVXkbAeYWn0osX9mFzxJ34c=":{"valueMac":{"type":"Buffer","data":"qHgprSOOJt4LeoPFJmHUZSeTx8VctVbmHbvOgIbrd8c="}},"Io6zu1tYhSUjgT9sWpkOB2cj0SMH6V3WuxBtCdpd7LE=":{"valueMac":{"type":"Buffer","data":"Wm3jCfB300aWKGfqWZgGDncmVh1sbZ/zBnDXgc+EifM="}},"Irp4qZwkMCaHYjs2ATzmuQrmeaoXQaRDly3jsIoPRFk=":{"valueMac":{"type":"Buffer","data":"I3jbeFSskpfYVYsAE94G0jdvfmw10Ok1i1cp3SH86O8="}},"I8DFoaDZqmo+OgMKs7CjrYKby06U4k11RcMNZwnuMg0=":{"valueMac":{"type":"Buffer","data":"3IoG6zqnrcyPCkSa5hdvw9mpzQknsg/YhtzvQyUT+0Y="}},"I9agGJ7jPNnaMInAE9/AGLQl5r9rIA96CKiXMiQBwyg=":{"valueMac":{"type":"Buffer","data":"IGX2tCP+gNAlJ52O5oziH3hWq4q6aqSGNAZWcFt2pow="}},"JDABvzU5gHFZ5wGcXdPTAti5IMk0F+IxaJnjhlILkoM=":{"valueMac":{"type":"Buffer","data":"sy6zaE8y4dmZIS2DrKEEQ6XoVZ4TN9gKoPE+CxC6Wmg="}},"JF+nYEO0KKyZ9AxeA6Wb558DjPckbTGH138xbAlc4oc=":{"valueMac":{"type":"Buffer","data":"X2mWcJgNGp3gbkGCw/czITNJMIo9O1ys1NFomqVYAgE="}},"JNdPx+DZKPJCaRhF5uxLiFbtw7f+AHrD+fK/y35dFU4=":{"valueMac":{"type":"Buffer","data":"/rEZkCVpT/1poMNK3aahWUMZO2uYQFWrb/bs/5X4F0I="}},"JQJNJyL4T0GWzzkPAFY3MRf3LvCXWxWVYFf+DRAdVb4=":{"valueMac":{"type":"Buffer","data":"Y5HRhXDSRBDbxTRLuqnaWm6wATiibkbwaHluyMMtTDY="}},"JQMnDYQKmSywuHGMrTssgbrqBO2NXwUItRdrbPKxDfo=":{"valueMac":{"type":"Buffer","data":"EjZFm8Bvz61wfwWhHyC2/hn74yVXQvOb4AL5DVTCL4c="}},"JTiF9Y2+5kAt8D0+IdWTYYGOUE7hAK1J1OyChdFsGCQ=":{"valueMac":{"type":"Buffer","data":"0z/mKcPTi99/Yg9zC+BmPHwHM+nvjh/C24A504zaIlY="}},"JUv5S5l//4Y/qDN9ZPei9RmvXuFksHmjGofwkSTeDcY=":{"valueMac":{"type":"Buffer","data":"Tg9NHslaBI/535Gz2KdcgOOoG0Vrf3/Y1rF9hzqj9mI="}},"JYyuP0BodFTu1YBEbIm7xegEEHH6f8ktDVgiYdwkASQ=":{"valueMac":{"type":"Buffer","data":"VEJpfAGoDWbEXfr2cjbLbulMpKNC12p8EVDyfLqN/T8="}},"J6y8iCS4F9KVg4tFF4XFuVeAkzSFaUEXemDNr4iFTUM=":{"valueMac":{"type":"Buffer","data":"Tyi2DOtYHBeopADVyzE+R8gO8tjrC/VEKDQtEn8Ldis="}},"KHxEt/Tzkc8Fe8NuA+ZA/NBPNijxHUTOMA+R6cScSSc=":{"valueMac":{"type":"Buffer","data":"T+aUhAQfZhSSQP4qX+mCC5xyQH2qqMY14GM1F5E8fGU="}},"KRGEiGrb9tAm4+3QwED2jfB/WJPu0OkV0VsSgRVR4Co=":{"valueMac":{"type":"Buffer","data":"RE8aj0mvyJ0rOGriiOGIPrhUHZfODzQyKHHGGyVX/Hk="}},"KSew1T6F05k4vNqs0+AsIQvluxqjIJyFXlruo509AHU=":{"valueMac":{"type":"Buffer","data":"JO2GxhmAoh4awqo4FjlDQSwLC0XpHhmS8ffCqucRMHY="}},"KUk9B98KSDB7SaWcQRxfpinn+nynCK2lCxgyvx8swKM=":{"valueMac":{"type":"Buffer","data":"EzRccts63HYURy/MqKBkAOlHdu6kmE+6TDXe6FSFuaw="}},"K2EKTk3HaQddhQYKurooY3xxF6RgVFJ/7f2jiGMl7Gc=":{"valueMac":{"type":"Buffer","data":"U7Dy7SveGOcejnwp4Ccmw2VOI4zzeGVDGILmdkaOS08="}},"K5K6XiBk8GfWaIiqCxq4Elsz/eHN51TnFZ/AxJ5uwJQ=":{"valueMac":{"type":"Buffer","data":"rOXn79mzNuOG/oojNMq2Pr2xSQtfjh/UWneSHkky8WM="}},"K9ZEA32I2MXQ3gsl6szAf1Vb2PyPuLOXtHwolW/DcOg=":{"valueMac":{"type":"Buffer","data":"LNRlKm3H68jSlPFpqBsM4ItUjuKw5kVLtuXfk0E6X6Q="}},"LHpM8IYhSGcnyXkek/3geGHWlBsFlELbxtSlwwSlNxc=":{"valueMac":{"type":"Buffer","data":"e6VTWXRCky9x43ZkjmZpb1ZiX51UYBBqbTnrd2+1tsc="}},"LPKn1yB7pxX/u9yw7EtLNf/dpq2tCO5QIPTgmup3QYk=":{"valueMac":{"type":"Buffer","data":"4e1u0yyqxmxHZRbN1LK5jzMZ35oTkEkS34i+owmybKY="}},"Lb92t1wKD0uyYNXEJBC2+NudJkRHllTmZfd2qzx+vBQ=":{"valueMac":{"type":"Buffer","data":"p7Oa12tyVVOi8UJijMM875c1eGGyKLURc2xzQ/mslmY="}},"LzZKqQ82XA5Zm3iBdltW1lK09Lq8qsX7ZVBNBGjdigk=":{"valueMac":{"type":"Buffer","data":"zzutPIm9V99rmq+448/3/LzEDZt50+2X8st575T0vKA="}},"L01BlXaqVXeubXtvXRwoW9THXj15ImzqJKQmX2vcN38=":{"valueMac":{"type":"Buffer","data":"8SpDo2Fn56FVZr+1PW++88eVR2Vvm4qQkvPieiFHJAA="}},"L8IEgx2UXIksO929yRCQgka6eq8I70FKeR9AFVnvxkY=":{"valueMac":{"type":"Buffer","data":"Jt8qg7mXvnliWa+949UX9N3Wgj6MfAyUejXzlTD6SsA="}},"L9PDHW784SocSQlTIjwh3DzYNrH7mpr8Ik6NC8b470w=":{"valueMac":{"type":"Buffer","data":"zTND7I4+cJGdLHp3MlK/lrLD7Y+tGmFTfpDXrtvVUow="}},"L90pBvdqXpfBWQ3bte8h0M9RldGDg3EmbCDs/xxUxxA=":{"valueMac":{"type":"Buffer","data":"hI+hEvXVqSKQzdpkcsYDfn2naCqQoQw1mZSzl5ttFl8="}},"MEt5+zfUo9Km7M5dYGaJB6T/WT6/Ase11bU57/0LF7Y=":{"valueMac":{"type":"Buffer","data":"1A9OawcBnhdjhFGmeSbLbKaQxLO8EeNhEsAsHBN0O7Q="}},"MV7y9oZl1gFe7bzyJbNCAWdl/0I7D9/vAPOUfh5vHtE=":{"valueMac":{"type":"Buffer","data":"tVykSDAmockCAU/egFm3Wpz3Jswrj2xbGo4fiEFjsdw="}},"MWXtz/8HtJkVseUXoBq15so+DDQo+hdrxhyWjAJZJV8=":{"valueMac":{"type":"Buffer","data":"TgLv8NE1TOULRoeUhwjaN+C0hwAF2W7JWlltmbbo6ZM="}},"MaCugu3PuE5PNQdI+Y/tnBEG6dQYntI1P7sBvyWMrIg=":{"valueMac":{"type":"Buffer","data":"Ine1cFAkWJV29Pb//ykPbtcwT0We4VUv4qy/kmstbqE="}},"MbkYX7H7st3kAIREZh8wyaHHqjANz964J8fc70OGNmQ=":{"valueMac":{"type":"Buffer","data":"6vEAl0aEhHQH30NquV80rh8r7j2opqomGz0S5UMb+Lc="}},"MppLIUgqltKSsYShIf0jRg98cuLoF+WFGgNrUh2r2YU=":{"valueMac":{"type":"Buffer","data":"MOHezDq/uxVQLrNdCUX5VSt3FMFGN4KASxLN8juJMEo="}},"Mzd5rUP3z/a9tcmS3QS8dT5rMK88lfKb5/zExEBPzfM=":{"valueMac":{"type":"Buffer","data":"GfT8tK15CsUUPqvx0p3gWFgYhthy8BvcUiIwvVM57LI="}},"M7RQi5h8eCKDZrr8cxkJXpe8rY5NStqViMARoLmBoqc=":{"valueMac":{"type":"Buffer","data":"8vAvBfv4wqHEcW0yzla2qOictyGHfyzVa721O3raHc4="}},"M8SGguwb3zqZDlJPfbzJ6fsqyPjfsz++XtxbhU1yGRg=":{"valueMac":{"type":"Buffer","data":"B9tHmF40PMx+GVZkdlbGPrlNskxUNu0j/O7IxCQdg6s="}},"NDRYZeM3HbamfA0V+xFuNSVRE6mrg0HGmlzfCcDoG0o=":{"valueMac":{"type":"Buffer","data":"jApSn6kO6jz9QEq/xP/dln8wsDzvgjX57Sh18qXPHxQ="}},"NDZWV17yF2go4KVhZkkRxX65rlMQSTGE9/Cozttcy/A=":{"valueMac":{"type":"Buffer","data":"NxHMmFORRXzp/rwJhXey95KMjKGbO8HVh1XJdhUN/j0="}},"NGfd+ZCg/gLjYLbsbeP2J03IIAss+Tv2qG8KkXzpcgA=":{"valueMac":{"type":"Buffer","data":"OQgEWCURfsyFMuCRM51SHILMtndJkJ6vtFJqbxFbOjw="}},"NKvzqQD5cYqVSd8GCN70GbIiJ3Yu2aDaiRfDjCC9iCA=":{"valueMac":{"type":"Buffer","data":"3Wo8sHAy17qMwVUR9op/RkQh06jTbUSehEUVJPjqcsA="}},"NLJR/c7FRpElh92BYclKKHRIg8RsFkR/4LpOrl0YjZM=":{"valueMac":{"type":"Buffer","data":"ph1ZJu7Qi0wXNmgnoeUQYPaih0OcoeGL8PdHa2KJfhI="}},"NTRViefRFWQ0/GKb1NW7B3IkF7yZxOPJeG7+ARy/uvA=":{"valueMac":{"type":"Buffer","data":"YKRNXfC5bmuozArtsI4X8C0HBbBXFTn2Ny9RM7/DwqI="}},"NUUrahdIKPvwfqbiVb4f7Qf5njpUCGbXS8lXM9GDV78=":{"valueMac":{"type":"Buffer","data":"YOEforqgqa73Gk1NEG59bqVwX+jG2maE2Qo16KHjGOE="}},"NY5j1Y8nCp7bW2sxBFjZxEunMFl3CtQIlhm1E7zoztY=":{"valueMac":{"type":"Buffer","data":"K32XAUtvPrMPWxVY/LbT9o9sJkjQT5kzAOH24vV4xdM="}},"NabegRpqwdqSR/+8d31NGWeTSk00gEQLrNl3IomMT3Y=":{"valueMac":{"type":"Buffer","data":"pQ9q9C6GXHuYMseHXgmOTIccPZe3B5nbGh70g+tuMWw="}},"NbRFB1sZYCUqHtotIN50nzAvwoQFWHrPr30duVzEh4E=":{"valueMac":{"type":"Buffer","data":"Pu+0fsujZsP/Ma+xuJNxC3gIf0DwzSVBzzpz2BV7UME="}},"NdvycI0WhYw1PBRQl6iPxHs1WR9TvSO+AIygnnBhM0E=":{"valueMac":{"type":"Buffer","data":"Won7RXp4hsKR2U5iesRh6IMBXEAhpmWfLcDt3EifCt4="}},"NeoaMrBoHkamhxB2/LlxHCRMpFRwwsziQscLcK7Lxfc=":{"valueMac":{"type":"Buffer","data":"Y3PFNNcXEft2di8KPWTbzLA/AvJ3BXNRin36okMzZ3U="}},"NoWM23k8lNAbFCGEmEFoKhNKsQxTfD7kZDpi2QhmtwI=":{"valueMac":{"type":"Buffer","data":"zEJ2FJjBlXWVTiR9xLkQRlVQuMpM8bFXGcpdwnxjTag="}},"NuVuH/1hXY2ReA1iFUCC/JpSPGcukEtrvW9GPDKsOMI=":{"valueMac":{"type":"Buffer","data":"8LkGF4QtcnSDhotUcNLckiAM3UdW07+u0yvn0tO9VH8="}},"NubkNoqDoGUF0tDkAt5tPx4/6q/mejzXr4AY04AtO+Q=":{"valueMac":{"type":"Buffer","data":"ttdrjVI7Qmpu1FEPRyDQQDInQ5sUCdNPoPhxZXiD0Gg="}},"NyNZRtEzuz5tX8UTM2PM86dEkZfuzrrAxE0fSZbXQoQ=":{"valueMac":{"type":"Buffer","data":"9lBTpm67fOzmWAOZEAjsys0UBF162m2il7YyA9zepzQ="}},"N5Pt3JGBqvS0xY9bGtAwIqaz67rvdgmNgtHvjLUqxSE=":{"valueMac":{"type":"Buffer","data":"iXPYiz2AFtXhem8vsQFOm8PsD8I4L869pra2xSuM72s="}},"N7oX4/waz3bXVwBLv2ZS/it6HCs2pwx8rxUea20Y1wU=":{"valueMac":{"type":"Buffer","data":"aK/AkzHnD5V3nl5fvY7H2V20EVsdPjlCpnZoJgsmmSI="}},"OD3MkqMZ58EwNvVlqAI4diQODpCXubWFJzz1II2eyQo=":{"valueMac":{"type":"Buffer","data":"FzEPD1gKjVtKpMWLdfC+4y0eMngyF7611dmf0ZF5mng="}},"OFWq3fuVuxdwe1TvCU4T6SA9MmqxDDhpfWaxEAJNpEQ=":{"valueMac":{"type":"Buffer","data":"Dp4W7UDFFnhpTuS01lxU6UZbow1yuMnMAKJtMMGBQsY="}},"OGWyp3cE0U0AFxu6S2KXt0txUsvYjsAG0QDXeLemurU=":{"valueMac":{"type":"Buffer","data":"nHOHujV2X1pcXPTEQ6a58GW4W7TI+HmyVNjvLSTfPPU="}},"OHubkea5eMMRlG66onK9GEhhhUhvWDr3ZEyCJ3+6u3w=":{"valueMac":{"type":"Buffer","data":"eKyQIIzldHsbsjnBU1DAkPkAmT309CcvAT7/oKvOQT0="}},"OIQGr/tud4kVOdP4WtMMq4yN0s/nlMLRWcrwgSWjQQA=":{"valueMac":{"type":"Buffer","data":"sWZ9Z1o+niHyopyO9XWuo2FKCiSnFFMNoSboHmnZTuM="}},"OKJ6Why2qiqgIH+cs8xLs23fVd3pAgTPTgB8/IT3z5I=":{"valueMac":{"type":"Buffer","data":"v41VhTkbdBsv91p/E5Oe6YGNFig/4dMuCbjPa3ugaJE="}},"OMGtkEZ8ucSlW0qHIHEUapBTzOw63BOiZhr6YmRmtAo=":{"valueMac":{"type":"Buffer","data":"18s7dtxIT2KcpO2Ys77nLIwW0mkHlaKxCBn8VExygOY="}},"ONUL3SrXgUw1rJPl0wj9LOZQn0PY5G55TJf3K7G7PUI=":{"valueMac":{"type":"Buffer","data":"TVbBILiDF5iNpK/JWOpvyrqb2garNc43JygGHlyfKTY="}},"ON5w4Ph32WZtZUpPSOKq1HjNFcE4DSyBixtSSV4dDTo=":{"valueMac":{"type":"Buffer","data":"zQFk5HE7BD6nIGWRoPKS66QuzVZP6LpURJczvk/WoYk="}},"OOArdDgUEWSuoCVPAmNL7oABHuZkEoZ5Z5FZv2R/aW8=":{"valueMac":{"type":"Buffer","data":"ZULmFVq1c6gnKQSLsNyDaA1ecv2Tsrb1alA859LaGHo="}},"OPxjdrAVkqlAWCBK90extxtlW+3FiTSZvTBomTHrNfQ=":{"valueMac":{"type":"Buffer","data":"Q+CsOQlCt1T2hMZHNQMOCFRkTe+jEunYZYq+0DwXnO0="}},"OVBuUiYsny6xLrFbQP3QAwD+OcTTgWRfS/VVYcAS4W8=":{"valueMac":{"type":"Buffer","data":"hdmAq+uhrOqDS87qMqIdQUJxoHWbpiPuXddheLrQngw="}},"OWEe2W4+sgap+AeOrp3aQncar5ZWh/2DtmOYRtFQ1L0=":{"valueMac":{"type":"Buffer","data":"ydKSpWsAb36i3pgMlUTAVY4mrdCj0jonuIcFuTrksgM="}},"OZvlS/cUeI6oFIuicvjEo1q3uABOQlmRQxCPqXdKcW0=":{"valueMac":{"type":"Buffer","data":"lbF5oYGdQyUwKzR0bTAAObQeSPQNLrHLNlznL0Eqidg="}},"Obt3QV2RkCQLh40s3OciEtGCi7uVJaWsR9o5ex/yCv0=":{"valueMac":{"type":"Buffer","data":"62Y+e+qcmVRDVdt4Keoe1dh7isv3k+1zZ6p9seIUsGU="}},"OjO+kCtxovY8DKTt4WU2+0H0DVAMszqJ3SvZyzlaqR0=":{"valueMac":{"type":"Buffer","data":"cnftB0PAlsAgc85yEMyCP5143+knw4j+U1GjNhGKNYQ="}},"On+/W5y9aQz1gqNuq7RYSHdJ4qHYwffPaIiv40jKzwA=":{"valueMac":{"type":"Buffer","data":"U4dEmOJU93V7YyTjzSamFIJ8767zv6A1Q0WnKo1MXj4="}},"OuJMbWKug3pX6UFjF5sjv4GIqyh6GL2er9zXziFE2vU=":{"valueMac":{"type":"Buffer","data":"+44cI37c+3WVH1Pwj5PujT2Cm9qQ8grzIEkgNwnm4Os="}},"Oujv5jzW1Bx/DQcBgkPmEACqiHnRecrExZbQbL2/MLA=":{"valueMac":{"type":"Buffer","data":"RNQMeJiRh+ZiJe952fUwupGOZp8YAMFd6RnO+ZBq8+c="}},"OvRA23pUoLG9u4mQtNsdp9df//JGpDz5QdDg3xP5/S0=":{"valueMac":{"type":"Buffer","data":"hv8kBl1aXa8smOSGT9+0oiKsFDV5Fn3+CaGgwkcNhSY="}},"OydABGAK2RBR8LJVa39i+dypfCnxXNUNa8yrV0C8V1c=":{"valueMac":{"type":"Buffer","data":"hNohoqsiNmiwQ+9I621wVc4UsT07gtsY73qBueKBLOw="}},"OyylMRf4E8PvzWN7+z8g4Uc67oAbDDC0pTYvasN8A2I=":{"valueMac":{"type":"Buffer","data":"yoHTZX4cjWiL9v4NmFHlrh7F7Wr8ud8TTHsKiWPVbW0="}},"O0drbKDWXeHbOheh7coUqvPc469T6KHw99fxqH/j7xk=":{"valueMac":{"type":"Buffer","data":"peVnCgT27UBbfuV+Px608bza8SRWPrQQkB1GDMshzjM="}},"PHBLoWqEHFhdV0nedq09MHnQVouFO9h/FeCr7O0DmWw=":{"valueMac":{"type":"Buffer","data":"e4DM8Sw+fFCq5j+XdKIknAdQ2qbPEftBSITlOHRsO8w="}},"PHCrbFe+FB1zloSkjyhAfifFDvADvCenyt456SY08yY=":{"valueMac":{"type":"Buffer","data":"U8mIPdy0CgV+GMgbAxtDzweBHCCz5z6G9o0q3EmsU4c="}},"PTJOtcjA04fCATHv968RtoL2YDukjIYK3EFPYCTuTQU=":{"valueMac":{"type":"Buffer","data":"oLKf6lUJJqbtDLWSiyeQGQGseKAPi3npFR9TLXkD+q0="}},"PUvMXM8H+0njtAa5TYTP6kp5Q72u1G2aqisvWMAuhA0=":{"valueMac":{"type":"Buffer","data":"9zD4xO2FFtO+GaQTFHTxz8rh9WgfHeZJyqQUmR1EaXQ="}},"PbeWzshIi/8vwwfUObU9EP6tZJ7aRGwQi57SwjjvFNY=":{"valueMac":{"type":"Buffer","data":"gvWJ3XDLHVrcmO+L48rygEOAhADINs3lS8A7o2CpGr8="}},"PfPl5unhy0Wi4uCi9gSLngz36r6wNPpra3UJ8T9g3kY=":{"valueMac":{"type":"Buffer","data":"vDoGlblxJ8UCmxCuwIEOg6lxZmoPxkWuZZzPuA99FXQ="}},"PisT9QKuCj4kWrRQnhTYH7ctvprqvdcIVKYJI0v+aFU=":{"valueMac":{"type":"Buffer","data":"s6b7B4sKjALZlbn2SW6lOMozZD9aKj24oUBBDZkpo/k="}},"P2gYK26oaIcbjespL1zW5NnC8pveM1XG6Cz58foCabQ=":{"valueMac":{"type":"Buffer","data":"mLS38yUIquWxapeVjYWRaLdp4vLIdeSM07hJ5KdPhz8="}},"P8muXpusFUG5E25k0ArL1RO2XYTQ3DPpzKR8n8kn7RI=":{"valueMac":{"type":"Buffer","data":"8+j4WTeLaQpK4cOvp07dbmNS+CnndYAkPyA8TumOgTE="}},"QCBVQ/IeJTbGpm405FvfDhySQKAvvoaYayi3Mt4huEo=":{"valueMac":{"type":"Buffer","data":"7a9BgbxyEFGjFJwVqmFUF0PEQacX2VNYQu+AOVANd4Y="}},"QCZemUfi3irwC2M2ciQTHJLn44TebqXeSnvDbnFm+Y8=":{"valueMac":{"type":"Buffer","data":"XY2KSBCfqPvVB8GNIaWrii82W2s5XpmfQnggcYpONEk="}},"QZBfMDRmQP3uPmItVQlEKszrJDxCwyq9oKCFKp+RxlQ=":{"valueMac":{"type":"Buffer","data":"bl+oIoncuUcPJpiofn5rgR//n/s6E15FfbNEyj+GDWA="}},"QcWWy0o5uF+swZrkoZK1xAMR+Kwwdr9R94FVd7tYx3Q=":{"valueMac":{"type":"Buffer","data":"yKJsKPiCdi54KM8jPNQN5oCvFIZctDx0Ues5MTGfRRM="}},"QcigfOWsAIjI+tV2fu8YooIikrxPZqKKDQNI+xX4/HI=":{"valueMac":{"type":"Buffer","data":"+Ev4izd9uph4qkvHJp5HLt03J9epzsOSq9TcLu5R2Gk="}},"QjTm+wfwlMdA5B8p2T6zaQk2fTxMrKDTEbnomB1TIpI=":{"valueMac":{"type":"Buffer","data":"ofJm2MXthxUiNWlPRwkj1e+wp7ucRzrNOPcibp5xPu8="}},"QlWy0e2CWC7zvOheSEHsJDs1ppnrmTINKurPBMg3ka8=":{"valueMac":{"type":"Buffer","data":"v+lUnTDMwQ7BVZdzwpB1gAEtvomBS37jV/LC1py5GzE="}},"QpHYQ7u2A1T9zmif3QHR35P7s/i55C7EjMePWiISlKw=":{"valueMac":{"type":"Buffer","data":"T716gRH8yixDmGxxkS3IgFitPZ7EZwP8RdOPTmsyfHQ="}},"QtKGCq3LPiEx2dmbLoDHMm5XHpt+GqQaCn4NUyP7wpk=":{"valueMac":{"type":"Buffer","data":"7L6CdCYXoQvWTYj0HvNUZUwBtozGhHkkp/7eNQk3amw="}},"QzemrB+K3FAIC4kjCTJMS59ZW//guMTe8jGRvf09UMQ=":{"valueMac":{"type":"Buffer","data":"LBzKq9l8XHTEntEx/CE4gJE6iYYgY418/Y5CTK2hlDQ="}},"Q3JNpUCVNaTHNTjP8FB+8KDGsvsI10i30oVJvBK6hI4=":{"valueMac":{"type":"Buffer","data":"di5KJxxU7ipNnoNnM8hdxcPFSujVQ+7PJDeACSKuUfY="}},"Q5vTWTfEMBAVj8FqIUTbB8GckOWZL8iZsuApH2dIHqw=":{"valueMac":{"type":"Buffer","data":"7QrsyLz9Mvz2ASwG6P51ykBaxc4OiZnlwjAhoWKCBqs="}},"RFMEJMRChs91WCc4sNpiIoKU0OauQEL0/qiDtBIq0uA=":{"valueMac":{"type":"Buffer","data":"VcDvW0Ga5Qc7nMfq5L3DcDevmAuWe5wRQM6hzOmbX0Y="}},"RLJurwS4Wt1+kRNmaaA9Cq1raOMQQTSpkOJxDtk0IVc=":{"valueMac":{"type":"Buffer","data":"X4aCjHH4266nPYPmQIjmCVV/VMOVEPAB0i+gB2zETk4="}},"RPzS+NhxnFIcl2heJB5viH8QMFbg+jMhhAqiMtdl5Ls=":{"valueMac":{"type":"Buffer","data":"HjEj8JTjdrnXQqV1MKuOc6kp5oKEKJXdZSY6OTDS7B0="}},"RUMtsJt2pxrGN7zFYexfBcWz5yHpXUfj60jvr7nyAA4=":{"valueMac":{"type":"Buffer","data":"s+vdf+HX9BRZ6X5M+prJfRJnlKG/XGbNu0uY2veNPA4="}},"RXlgRUUxnbUc1Wv6ESeWDPxbeDNNOtYscx8Mj1hMizY=":{"valueMac":{"type":"Buffer","data":"BCKhZxVbgIf/tFGvd5gU4/L3nduQsiNKU/u1Admk/7E="}},"RZEgjwSbkJO6Z/c5YJvR6NcxPTm80EeXq8ibL+W5qH8=":{"valueMac":{"type":"Buffer","data":"LV3zGR9hLJHaTRqi5hbEB7SGzUDCVgUcF8OQtcBEfbQ="}},"RaNWOxMhvUm4/jdDsLHcOsNGzehj69z1EXp0Usf5ZhA=":{"valueMac":{"type":"Buffer","data":"ipiLrvkcYtEw+34+9mPE0mlMC2if83ZADHYZ2tNqy/Y="}},"Ra+ZruQqhWHu4RUPMXjpLf9syHnGhTzr3kEzkf1vJpQ=":{"valueMac":{"type":"Buffer","data":"2+sYOZM1CQ2a43KpHRO/WApuL2exMf460SF1DVxOfmg="}},"Rcq3i229tiH1B9UnNgDTagVnEwoYAFZeFKkuV1vr3+Q=":{"valueMac":{"type":"Buffer","data":"aS5LWzSBTIhgoahmkTV4oE7LITSnpW55XmkaoQpCikk="}},"RfQrPYjsE9/qygzkA969oOe71iVB/1FyLkjW81f8EzY=":{"valueMac":{"type":"Buffer","data":"OL7GjzMxQ2PdqTnY/tbkQR/UjsOvV8AZv3GFGpj3gOE="}},"RiOEB5Cgxkug/+MzJBxdrhl5Takj35PXM4BuoA4nQHg=":{"valueMac":{"type":"Buffer","data":"aJeAj+as2n0yeQeeVq5ojng2pOIk08nuH/+VMe0bSrI="}},"RjeSAWesM8BiNbdjvZcnq/rGBFKb92mXNzAf0i55X8c=":{"valueMac":{"type":"Buffer","data":"4ykKV4phy5lH8MiXLFefiIhAeQTVy5StHI+bG1dufcQ="}},"Rk3wvBFJ/kaU0UhzN9m/9bCqbq2Qe1EGEsY6CYYmvSc=":{"valueMac":{"type":"Buffer","data":"F3iNot3zzj1FWgy04vINbHDXjfUdWtVQI7N8I5Gcyko="}},"RmFVIChqoeHFcQm/f24LCLLNW6nEUk0U84BiLH5pkuE=":{"valueMac":{"type":"Buffer","data":"1OJMWvcIYOZA97oDZ3cpGXJDy3Q5Av3pfkpxwm6GW1w="}},"RrvBQpiJxZxoXqfkMKWTsx2vNzkLnJn4dRJfWxRYX/w=":{"valueMac":{"type":"Buffer","data":"WnG0qcZU9N47PcsmhC+8ah6/KWwSFlioid1vRpvEpN4="}},"R368H6iW7fL6qWlrgliuT9gRYRK+GyaLFcmOJzO1acc=":{"valueMac":{"type":"Buffer","data":"kR4p2fZtMQ1Kuwkzrag3fRpMIALfcHnKrk701pnzYlE="}},"R+koS3Qq3/rFLwsCedr6hdn2J72qG1BsKGco2sHeix4=":{"valueMac":{"type":"Buffer","data":"/H8U5852+JcnqlRkD8QNLYD0M3e/XPpyG2Yi3PJV1DI="}},"SA3vkqJdW98ZOnVowMfBm6kRv8iZErd9FLlK5szEK9w=":{"valueMac":{"type":"Buffer","data":"eIVrgr/BHCSZk9mNLLLBrUEr+ImgKJGxm9JJ0hCIWiI="}},"SG0ImTkHPne4IrRcyGO64diD8IwbeBqYGXDf7nocHRM=":{"valueMac":{"type":"Buffer","data":"+p3P0zFbEY19IsZF0lB/+XwmdD/B0+PVJPROsHw0AHM="}},"SJqiKUtP/CEprFKj6wlJoFdhcPe3O3p2RWxHnrY3R3w=":{"valueMac":{"type":"Buffer","data":"cWZDPwYShF8BuDhvLf9gtbvjDNRR8r5k4l9ksv/Nn6U="}},"SO1OUwf0zJHkuBtJ4E2zorq7r7qIDsmzHwBnTCdoEuM=":{"valueMac":{"type":"Buffer","data":"1+3lDiw+uNVJuXmKq4E8te8s2x+hAO/zfPphAkEl+z0="}},"SSNWVQljU5POdIrLwwCx3jWzHdcKsapJpfM8MRo/aB8=":{"valueMac":{"type":"Buffer","data":"HrfKN16uAfAUzHPnUZOVkzHqhOKZHE3YtbGSY3mgZtw="}},"SUJGrKUaUPBdIe8mrKDqPHNMxFEQuwyrfV0yoTUSIjE=":{"valueMac":{"type":"Buffer","data":"f/TeXCFgOZXUvMW5R7H6ZuRZ6M0lJxQPce76ZmN3mPA="}},"SakUtad7ypFJRkS3ZnmPrv6lXibZn0a4qNXvL6egohU=":{"valueMac":{"type":"Buffer","data":"67hfDbwTD0/1HLjfftOYmovT+w+5arnWyPSHyDb2Dng="}},"SbdkSkUDefKx29ZKVKcpuEZZ9mgGZkOSjNvy6w92Ics=":{"valueMac":{"type":"Buffer","data":"Q3R5egiWnMbUyXwyZzRjOnJQXAJOExQaojUwTUH21lM="}},"SddBe/cAuNGOiX/XlVa749n7WHIDyD5fwjLLUIQVp0A=":{"valueMac":{"type":"Buffer","data":"Qehq2WnEMGDiZV02/Y1mHOQevSmWz3fc0qVuccuIzv4="}},"Sha7J6SRU/B/Aj368tJXQPGYSsi5CWVUlARVOZy4ek4=":{"valueMac":{"type":"Buffer","data":"NlCviq+mEW1gStPlagIdD7osnUz6js7owteYJ1AIbX0="}},"SoD9ndFUoSsqw1lRrn1yIWKivZX0xVsowOusqagxbjg=":{"valueMac":{"type":"Buffer","data":"NmBGjHlHZgqyUg0hrI7DRN16Edl5InN6eeP4HClY5j4="}},"Srfd6HIzAX+NN4hEbfusVaYsnnU1TdXrOi2RQi4QztY=":{"valueMac":{"type":"Buffer","data":"x3TZTksJ0CoL1+9Js2bhEMX8Qn2OQM92TkRj35DQXhM="}},"S0AB2lJRNrvqBIU3LkEsGFQa9WMIWBeJOwoqs1nqMR4=":{"valueMac":{"type":"Buffer","data":"D8G7khbCUEbPtrRBU83/JthOpkeW9sAed6RHUhZdRNM="}},"S28fxc9afXeNmya1opmu6Gvfj0wuYA06RqUZWzXJwFk=":{"valueMac":{"type":"Buffer","data":"E+8dEOLw2naVALeBpJXuAYkUhyZdTU0V9l8RgTYXd3c="}},"S5vIpW8AHK69cth9iSUcb6JKrYElo4L1/dIcueL3PQ4=":{"valueMac":{"type":"Buffer","data":"IeDYZuu6Qkf8Amx/k8mFjYqU9cNehDNM72WmuIs2LeA="}},"S7mwKr3ZerfZgax9AWe0QzjdcUu72qf7+dADYj2kHro=":{"valueMac":{"type":"Buffer","data":"UJwwqGH5wk251GSkZ2v94mZaNl4ouuNMqEv6q0dZCu4="}},"S+67I8TFDc8GnwvArJnnXNm6vu16ATjHC3jHfV3aPq8=":{"valueMac":{"type":"Buffer","data":"a5uL0HslK5lw25U7UHam5JHYHLtJYmgISEGoDXGSV5g="}},"S/OGoF6Cyi2a3gqesLXNlrhv3ACTqJMxhm+FEpbdJJA=":{"valueMac":{"type":"Buffer","data":"3v8ARrlS0NSTFI45WRHMUYpis3mzY3IFfYlv8moGwoM="}},"TAQbhAQLTmruwPR36cGpHJ6aNeKMhP2sdD26eBrIJEQ=":{"valueMac":{"type":"Buffer","data":"9/pyOa0qR4umIFWxKckH5Plcy4hO+0DyK7RCWXzh5mo="}},"THda0uw1wsc/UlQ+25LtMfV5se/gC+CDYO5sTtASE8A=":{"valueMac":{"type":"Buffer","data":"ZRogNk8nv0KsKOXl03HOXISEdpTF/lJzEwI0FvsRds8="}},"TOUGxpGz4NBDZQxOp/gCJu82PN6wPzOFrp2dbfBFRh4=":{"valueMac":{"type":"Buffer","data":"9bV7a6X3x8CCEQ7Je2E36rfs/r8fYfJ/wtkTMPLuHJs="}},"TUoZjCeGx/iD3gSWHINN5IseIHVUdj8X7/9qfrOYyLU=":{"valueMac":{"type":"Buffer","data":"ZREgfZ4lfuj7sD2DYZ2fub8SgjuGTKoNeTKtzN4DShY="}},"TVwAc6EK+WHIJT/jB1Aya78oRfTkD6cej2vHB38G1Os=":{"valueMac":{"type":"Buffer","data":"WU1WSO1jzsAbWrdY8XoDMq/Yhjkc++cM61cFkpEuDDA="}},"TgkkTqA/v6DU3yfYdefWE3I3ZXZXG7lj/LvvJUQ9nRI=":{"valueMac":{"type":"Buffer","data":"I/e0vHZc86OtzBJtH3hcZY9Onx1+ny2k+RJ0FadzONI="}},"Tju+51H2f9fwjMx3C5Dsbd6PvG2GFMWBsYGqC58XPO0=":{"valueMac":{"type":"Buffer","data":"XyuV31YMeouKA6pik00nw8QLWwzMXEPgpiT70gQe5N0="}},"T884YMZMg3EjRdTdvBWfy8sy10u8Slb8HeguedN5/xU=":{"valueMac":{"type":"Buffer","data":"4G20GDLxKmytIi0c7qOb16E/SPJINj7D7vLxxIsDZaU="}},"T9fXV/bEARDB+h79WnG5RyTWJ/o1MHCM94ZnMYfFCF4=":{"valueMac":{"type":"Buffer","data":"HNdSVaH/mvPJf3WLLWwbB72OZQm9bVASlfmrJCxGWZg="}},"UBbHfozzG+xej0F8IIXk6g9j+3Y6FotwXxeQegikHYQ=":{"valueMac":{"type":"Buffer","data":"KrqRDa6HaoDuWrsvZ2z3wRDZ+ZDbCAECqePN6hVjnj0="}},"UFHSGD4UbpUVL1302pmS7nVdK2XaIc2kfnbdXIhORhM=":{"valueMac":{"type":"Buffer","data":"541XhnfxQTWBpnRvp3/k8sVev0s9ji6x1624quBIA4o="}},"UOm60KMeZaXBNtvGm6ri2OfUE+OyKnKoCeA5ScHqess=":{"valueMac":{"type":"Buffer","data":"rWyf133Zt01QsA7gCCBZo15VycP9oD1cmBZGB7zG4jI="}},"Ubp+S5olMexhtv7oi+zim6ne6/UsRCvP5sqYSMetmt0=":{"valueMac":{"type":"Buffer","data":"g/FX3n8JxyuoyOFltGXeXPkGbDj4tmKmjCrWJdw2KT0="}},"UjgaqNpaxPVTXcZr6OQ4EliTtTSwAmHuPscTN01+DNI=":{"valueMac":{"type":"Buffer","data":"ObRxziPKqNcuLlH80r36msnx4T4uN+gIalDVDNKHOb4="}},"UtRcKp8lmfPU3+F3zAtBjwoNp2YJTiuZGpjZkhCF9C4=":{"valueMac":{"type":"Buffer","data":"B5pvfv6PVIkAf9C+X5fmLaniqiz/21wmDsV2kt2ldJY="}},"Uu87buk6JWJ4APEO8/cRtNeD1cY3TcZ+cqt9Oa6q++U=":{"valueMac":{"type":"Buffer","data":"8n86PLy0U0NlMXytyKJhl1XA+meKpYdz9Z12uDTIo0o="}},"U8gyhuAwpiMyvPaAt9YbltRiA/5cZlfwskyoEgJ2hgQ=":{"valueMac":{"type":"Buffer","data":"zOeHsCpymZy7kCEgDUT4A7i+mXfH9W0j5OZCrtn5OG0="}},"U95qdRuVmV77z4lP02dugGxFZohYIwVqd84Rt6yOFDs=":{"valueMac":{"type":"Buffer","data":"anCWD/s3UO64RQBKxSkqRUYb5W/ob+bsi6OuCsvSMq0="}},"U/I6LIEmOXf2aACIOQ5ucU6XjZaD1Amn2Hau8SnIIUw=":{"valueMac":{"type":"Buffer","data":"RuBCT7AL7ToVt7T99iC0MpeYN7TcRRXYO/6b2i1jki8="}},"VFp9WFQ+kThZH3o+Xitr7STWDf+3JIg8m1KE53Ah0wk=":{"valueMac":{"type":"Buffer","data":"o8CoecP7HINF3ydoIuThPUt7J25WnU4PcuAs/oa7Sl4="}},"VJDYif+Me11REeLyexNx8gcmTm2SaQtsFJpBdBW1uxs=":{"valueMac":{"type":"Buffer","data":"P2ioLIwz0+eWD28CBEZigm2sOYLU391BTBEB5+0Owe4="}},"VKywnLzzn/eQvfJMH/NmQhP4DKwoDVVMsWFMG5zef1k=":{"valueMac":{"type":"Buffer","data":"jqbGnFZxAzf1leakA/cxJ8YO4aMOybT+ON3r3rV05Cc="}},"VK1yGlcgboCEXEsGCD28x+GgcI3jqf1kAeyr+Pd3VaA=":{"valueMac":{"type":"Buffer","data":"c4CZGHXGW1pBcnJ3cNqjOC1vCLpzDjSH6tWCdtueiCI="}},"VMP1LnJRtks5HinbRFt51JPq3K8U2b35M96Q4+E1OvA=":{"valueMac":{"type":"Buffer","data":"+ltAHXc49mGoNtkLLfopSaUskOPdFSBxepwzYyzIRuY="}},"VVucqyZFfEBLADPIefpZk1YPsrXmrFIPxMc/FYKl4jY=":{"valueMac":{"type":"Buffer","data":"j3wbBHuIzA35wGg+DbUquxXGgt/T8YbPh8YaxpRideI="}},"Vg3sn6TAtznurvRSqTi1TwduDny+d21mMTr7MwG0q4M=":{"valueMac":{"type":"Buffer","data":"XTm4vohs6I+Gxq6gI/Fbx5jhyBte+67o/7fFt589KBE="}},"ViBozq1cGNSqO+1cESK383GJ7PIJAYiGE3TcHN4gdaE=":{"valueMac":{"type":"Buffer","data":"e9SMgmDkqYtsAFZymHWV2653dM2QYFLyNZZNNiJ5yHM="}},"VlfYWhJAxfDt1lW0MmorSGZAfy8ni0TnsXd+NEI90P8=":{"valueMac":{"type":"Buffer","data":"CR7jVIbJQ43T+4IDK72qj2nC2Ws89zL0ciot1MYoj00="}},"VpgHuVp4GddwxTcg4KgnfKLV0U/7F8fx1ebnvxDPHEg=":{"valueMac":{"type":"Buffer","data":"F4EUwCguQeLmcwUsmIxf2FkaZXXoJyiAuHJypZX7a8U="}},"VxIOC00zVgUnsYSmxfHJBYau5o8CAgY9ZzEiMkiiJTc=":{"valueMac":{"type":"Buffer","data":"NerWSHULqBUnL4O81gUMYy6fI0Nvdm4CCjj2sJET6kc="}},"Vy9bkt7gWNqhsfKzxcUXmRWD4Xa85JUAz7WctWq7tr8=":{"valueMac":{"type":"Buffer","data":"IzfvfG1qQ8l+VJtwLH4lctpEZfcbzd3tCA+L7tDgDB8="}},"V9USYlK19Eiyc7act4TA+Bue9PWfDXUxkaIrxT+cHEU=":{"valueMac":{"type":"Buffer","data":"+CtwoNrWJtwaaFYrwQ6H3iToH+zuKOxHI0+KnW7T5+I="}},"V+a131GdMA6Iwd4kXfJBWVREJ6WFDh3NPDqIXfAclsg=":{"valueMac":{"type":"Buffer","data":"sL1xQfxtruLGKEUx/oCevHTr+F3RdGz2mIMGl6eXeig="}},"V+tibeZdZa4IJCWk3p2grHJHDqULDOobCL2pGK6rAAQ=":{"valueMac":{"type":"Buffer","data":"2CzRH58Iw+6eP3Q8xCvWl7K89fMpd4UVQZtRJQqjTcc="}},"WCdvO8ZauuG/Nb7TSp22VR/OPaDw0MirX/9jA+iN9Vc=":{"valueMac":{"type":"Buffer","data":"v2aNzFhhwLa5+Z9hM0xvd5XPp47h3tmg3DwoThy/OqQ="}},"WDjbaKyB5PlkX/62l3FSHFm23y/bwS6aIL8NxUPcoZs=":{"valueMac":{"type":"Buffer","data":"ROQy6Nn2e0+Sa73px1N6vKB1qJ4TnMhRdqiUrXVF4bM="}},"WEzp99fMt6CJN2CRcqu9aTEccSbrmAvq6pnh5rUGr3o=":{"valueMac":{"type":"Buffer","data":"NmphTvIr6DUn7ReZ0QA2Iyl29rHpbfhHIMgQL6WFSiQ="}},"WJbPrslT8B3pLUl7qE2EQ2Ly1pgVVfViyiTmwruqW1U=":{"valueMac":{"type":"Buffer","data":"A1VvO/qSXm1U9SO796qR0uI0EOWINkaDw0VV2DmRlxA="}},"WNPGrK8V/mhqPB9zO+xH0MySDBXlIhBHG3MaI+DzC8k=":{"valueMac":{"type":"Buffer","data":"4F3N6uslEFAeBDOtZFE744CDVZogf8x+/iITnL08XrU="}},"WpV7GsmaiFZxImJMeCNmK+W4uDHBg+NcvDV6OoK5S7c=":{"valueMac":{"type":"Buffer","data":"adoWhC/yOHilr5KgDf47tOGuYDfMiEDV6X/gSFfxvtQ="}},"WpYVJfl9rqqPtnXmdAvAUdUB0HKfP8xaUPRAyEPO1Ic=":{"valueMac":{"type":"Buffer","data":"IQBou/yMUwTwce2rQKgZgMmscqN2fqEIAN3l0FDtYd4="}},"Wp9+qNm6q0KfjdeiveIRvlIvOjiC5Wu9PnJOt+rN10A=":{"valueMac":{"type":"Buffer","data":"EdcGcqacNu1MUqJ/c8GKXznQTD3hgD2NqXzRu4hR3Mk="}},"WtxgEmS8oWI53Fx4Qrc7Y51AMkGryWmE53HdvRG4MOo=":{"valueMac":{"type":"Buffer","data":"70v7CJfKFA2nuUPaBJkqhs35NtTS/MrH0M/1C9TTMkw="}},"Wt2bELeM/krFIVARFU7M0uPZ6wbVneNhsoqVZ+UOYSA=":{"valueMac":{"type":"Buffer","data":"lgTITtaHq+5lXLv4i2g8SaiPItGe1QGno3xSmMsoSeQ="}},"WySV6qw6DpXfZa4lR7gyvCYQr/iSHXGwSxNPgGNu4qY=":{"valueMac":{"type":"Buffer","data":"CIaHoIDBgtl8P4iGFW10dYKdqNV5A/cWPk2We697AAg="}},"Wy+ICIhe+CiOra3FxJyeiklE/bOlk917WnWzUcgYGT8=":{"valueMac":{"type":"Buffer","data":"1p6bkC7uOiPdzYs6gw0JpgDs0BFVoAWnDaGUwgjzEso="}},"XMM2H9MUC+kayke0rRQ8JrWOBst4qK9HD5hR+F59+KM=":{"valueMac":{"type":"Buffer","data":"rvJ5UQhOD0VWQA7Mwz42cjIC23IWRI40FO2gD6tNYJI="}},"XQ5ooX6gm77K+t97+WeBmAfwS4Ywwp1EWJIUt8lNiXA=":{"valueMac":{"type":"Buffer","data":"uVJBCOtb7CSITGvPETzz2e9qwl3M/EFPesfZyiJmaF8="}},"Xh0bR3kfWDBUtk+nDM0fj6Tdhk4rbalVzXKWPZCUKtM=":{"valueMac":{"type":"Buffer","data":"07TVmuulJLupcpu+hQV7IIEdrW8i1vhQZ06mlOBbGBU="}},"Xm/Bt0xqIrlDSraVCZ+THVkr9G84SlAJsx9l0IrtJf8=":{"valueMac":{"type":"Buffer","data":"+38le9KSMyMKDQl6YOYrqWY9wQh4iSusv4JNPiI42j4="}},"XnlrxBByjXVU7zIzyI019JMCPunhVNz8fgquw7zYAXQ=":{"valueMac":{"type":"Buffer","data":"zqNUCsp0JdmWsmGX2eKrxr3wyrwACxEEtL/DTyYFLxE="}},"Xt+F6v85WJc3q76pdpH8jmbV8/DZ8nciPGVhVTu5YLo=":{"valueMac":{"type":"Buffer","data":"3hmMhZshtJSBu7Re4RC0OHmDMU+Ykmr7SpPrLj97gfc="}},"Xu3BLILr4IngpTg2Ybh86BLYftDucy7v6339idAYetM=":{"valueMac":{"type":"Buffer","data":"0V576EIy9MTI+qKVytN7/baucq7eo4kcUHmw2jUvUO4="}},"X4k9f0QIJiU5o3r3y0r4IFz9jv54IOtWX9att+BpP5A=":{"valueMac":{"type":"Buffer","data":"49fJm9xiT1jOjEsi54I2nF1x1j45wyqgYhVtTe1ABOg="}},"X6iF1H6Gxh2IhSKDA661EP00WsyQONPk9ooSV20GNtc=":{"valueMac":{"type":"Buffer","data":"d73dPL5dZl9NBNh3fXhYKNSvCMNEHq7i3sCRcHUnUXc="}},"YBd7bJphjocuPidjXWONmM51VY/N6PF1gOHUb7Q3hOQ=":{"valueMac":{"type":"Buffer","data":"iM93m+EqD9d+aeVub7UUVXuVzybPOCXtj8/B7lmxQG4="}},"YQJzIozq0hHC4Sg+nCFQawn/4BOjaaldYl7nDKgvag0=":{"valueMac":{"type":"Buffer","data":"DIy28qyTPtkXDjlFAdWrrsudrcMbXc8t4cok7DNhNlc="}},"YQRExrxJlxiz30SHl0kQDyLwFf3whdGr5PetwoZ/8VQ=":{"valueMac":{"type":"Buffer","data":"ztNRgN6PB87hE134N5AT0tvMuDQfuoC/aEaqQZrPBtg="}},"YYKEVl+Gsu9H7xhEHT6dg+s5NhohpE4Bc308H/MFOKs=":{"valueMac":{"type":"Buffer","data":"wbmlE1nvipglPyOz+ZVXtwvs4a9WJ8cs3J5ipv7WGD8="}},"YYSAQXSmPBO79efKDLpX6HqFRYTdeRU5PO8ygCxEpwQ=":{"valueMac":{"type":"Buffer","data":"aqoEjrKs/jSgAb/WgQNtgPZ5smTbJ5GyJb7DylxeMXg="}},"YgZuhZTB4Y29IIsdkymufdsvdNvyvrxE+LKhCsRcyDo=":{"valueMac":{"type":"Buffer","data":"8sOkmXrQ86vtroPNV44nF51zLVf1I7C1JPU7flaYS7o="}},"Yh4CAqLLVg3uPEicCx0YzlCYP56y0CbxLLtsdDsB34E=":{"valueMac":{"type":"Buffer","data":"wcUTCL31PusOTTLbowcGCCoQML7dE2p55uwIQpRfl5U="}},"YlaE53z5+TjHKEXP+fYO8U193jZnT4PKGk2T1JG5v/o=":{"valueMac":{"type":"Buffer","data":"/W8qvVui7anptvKS5L+JehvinrJTBPImYoCOZ6QLPso="}},"YljUiEKF3sb1SCFDE6QZLzXt0EL/cyfB9qAAo1Gc5AA=":{"valueMac":{"type":"Buffer","data":"EFXsYcykbYmu51AWvLsukvsnwIXl0U3m1yhhM7G5mK4="}},"YnjghFr+v1Y/LqYbhdLgtngz9VvcERnDyYGHFDFinNg=":{"valueMac":{"type":"Buffer","data":"lCQzdkEBrB+zNwGMjJljCd9zPWbidb8CzytGyL2gKrI="}},"YqP4tLjhoESB93ZjAXiwRH/eugFPi+5YWpYpcj3vlSE=":{"valueMac":{"type":"Buffer","data":"JTbUeuADjxvH5rK0zJrHS3lt0UlxzwUIBYRODTxUJPk="}},"YuklQXdItwOByaD/BfgEpLZcKGoq4Sx5xb4k1TUAyL0=":{"valueMac":{"type":"Buffer","data":"/w6iIBmyed/e9rhxrvd5hY4tDfr4a/olapa/JLGQZBg="}},"Y60DTQXhHYoRKSVn1i8lG0Sh7pkpnxPu2Y8Ii/L4p1s=":{"valueMac":{"type":"Buffer","data":"ql/hrvtKit0Y/TK74nFDAX8GMzMU+VJvcONVs+D7+0g="}},"ZFQjXoBYIQVVWXvjg2Wnh4HNAMJhjEzBHkvJWUOxqkA=":{"valueMac":{"type":"Buffer","data":"Bfz7V/c+M14/n2RLeOB1N2bxI9hQbkomPw9qHCEPwjw="}},"ZFYw6Pyrd6B5Un8utlFKcbH+NLOkE1uWoO6EryLxd94=":{"valueMac":{"type":"Buffer","data":"KV7JtwJ3+54syFA6B2inzXPCApepbVeFufPShjayWVI="}},"ZKRU8jpzyE68t+wsXUlFjUlAqBVOJiUA5YOhjXfS3Sk=":{"valueMac":{"type":"Buffer","data":"9zrXTncWNJjtvEsSgZCY61r74SmaH7q1PqqE61RGR0g="}},"ZPE6pzU0PIf1dbvT88uzSTrcAT8Ta//YefgHkC8XL/s=":{"valueMac":{"type":"Buffer","data":"ZJ7eWoDWhNn0ifahyKKQ9QGsQygwz9z+hmBG+9GMtrc="}},"ZVCgA6PNpFo3pYzvCJMhj5ehFOZn20uFZKWxVZ+YtWc=":{"valueMac":{"type":"Buffer","data":"yB0g6Z6wQln11V/QB3T6E9A1vUWHAByIl2KBkLvHpfc="}},"ZdB1iKPuUh51+lKGGNizcxfu1N0doTYQiEoloLvRQbM=":{"valueMac":{"type":"Buffer","data":"wAZxc8SMJo15HNXyvsE36tq/4SeEmaYClzqvff2ad2A="}},"ZgTv1bUWw0MnGV0Hkmym/IEibDnN0TGymthtmq3/YLw=":{"valueMac":{"type":"Buffer","data":"7GTwDlN109fQBLJCabmJsXWv2yzZUykiB9RuyMZS9j8="}},"ZvK6DbTpPwYmIA7ZS4xFbYlv359Lyh7Savb28zYOi+M=":{"valueMac":{"type":"Buffer","data":"AcpCWUSlYP2DFOMbi4P8zHpAIAxvIDP9hQsqDqXPO9s="}},"Z+HuQF4cJgA7eZKU1HBHDbrAt/6Yq84oIRE8EzxK+KE=":{"valueMac":{"type":"Buffer","data":"IvkiTAHAfg8XtUOzXNdxlAXnQ9IQ5UtN7V0/vUYG4KM="}},"aHikJY4+c8dVQzKTIl1YjD1cy/8cWzFulrfj9QSy9bY=":{"valueMac":{"type":"Buffer","data":"XPH6BcksfU4mjlr6IMomEjtejgGVzNXGUM+POaI2RMI="}},"aIfwOkR8c+OAcv2MCIuXrx3oH56vueTUgxT0l40B5Rg=":{"valueMac":{"type":"Buffer","data":"Sbx90ALqw1mubP2GqG2RspjS1FwKn05IMIrexnERcho="}},"aXeqHUA7VJ4OwxH2jmVVuKou5WSfIe3bR80dJuS+ZXk=":{"valueMac":{"type":"Buffer","data":"RnDpvuUH/gqGyd8C0gzEGDme/sPrGtcVFUK0JZ/m9Uo="}},"aZN7qjPkukjQqFZVsPVJIY/pMBP8FGxl6cD8tCQp2KA=":{"valueMac":{"type":"Buffer","data":"AGZLB9uOBL96HCS3XUo9MX6xBaPrTkntxYb6rU3lsBk="}},"akK6eeTXCpr/UFHx6yufyjCPTMSTMEeZHgleDgZPqBM=":{"valueMac":{"type":"Buffer","data":"cJNNHsTt5jIs34pwZDnlqAYwLFTBdtJlhFodxuCygf4="}},"apkL8IFSpDkS9o9zYoTTuSq/6WCsArfo2IoMXQYawrs=":{"valueMac":{"type":"Buffer","data":"sHTFRSds4l1lzhmQAkuy+K5yGdfjd6cAbVPqY08IWNw="}},"at0emILgD8MTKVbwiySDv19OmMbGWObla6DJBlGtgc4=":{"valueMac":{"type":"Buffer","data":"TRkDUe67Ld3LLwACjivO5oAX9V7Ak4xPLQJQhvcftE8="}},"a2dIIgmjsH0PPChKdtY3uOaiDxIGH+Vq69cSqzkzKvg=":{"valueMac":{"type":"Buffer","data":"9u4K88XwqqyhOSAdgq/qx01ovvyFC4S5VH2ELEZfz04="}},"a/iLn9p8asnMa1RqSQs3pES5YKGQph7jcIEJ9ooLOic=":{"valueMac":{"type":"Buffer","data":"dzxN7QzYjN8uF+h4GpKzTqBWs81Y3BGP2D/3PgWVAnI="}},"bBemvQfiWIjmLseOzCLlvUA25bAtwHxc9Vulluou3HQ=":{"valueMac":{"type":"Buffer","data":"7PJnZKvE3TKwPk7YMB4tz5MuGrChw49aTo103ocPh8E="}},"bFuvP7+iGjw3NPxbmOAWjRwA1KEEsoFvELv84IjsaEY=":{"valueMac":{"type":"Buffer","data":"V9zdn3/kpIXzV26moo+P+1zD1Bmw6LyG1Dua3FH8MhI="}},"bJPqF//26E5cHYfimOpxXxD249mpc3peCFC5aP45UHI=":{"valueMac":{"type":"Buffer","data":"o75fgAmEkwLX2mjB3+WbUL5LQg9CTaoYxjJnP+h1sX4="}},"bKl5XNqtZdRPZUdC4tjvw+QlAw0A09f1WOSVx4a4bW0=":{"valueMac":{"type":"Buffer","data":"gWIWqcCdAlHgTJJKi5TSutU5w6+XrG9h08InnnbqnbY="}},"bi3W2UAXfi4RzVd0q9SQbi4mi71yMm9UzNTHvmatyXw=":{"valueMac":{"type":"Buffer","data":"qMd6GcWPjwzoCOXXhs75cHI94KO/tmkuYWKGpdpDtAU="}},"bmrk+JwsmTrCFQmHKA2YjWNhKuihlh+drK8QvIyV23Y=":{"valueMac":{"type":"Buffer","data":"6D58vsWWmgob1VXkzBjHrg7oZk0jCpigmkAgieX8XG8="}},"bnDJDboWsSgcJx1E02K+QoTBiWsFXZz+IA+Cr/4/YII=":{"valueMac":{"type":"Buffer","data":"Jd4fULtJ3coIGIZ0KN/SXEhQSFE81VuU6c6N6IvOoQ8="}},"bouzRNRClzEG+YJElhnht5gP6YSrQi2rAgs57tYy7LY=":{"valueMac":{"type":"Buffer","data":"BG6XZ9FTfMgBksSJN9H3jT9q9EO1FO/UyN68g5T7IJQ="}},"bpPCc4eR8xYhCh8Fk6TCdjsJbk8tupafqSDTtO+wlEU=":{"valueMac":{"type":"Buffer","data":"hL7ilfAqXB24uCVWtrpDYI4VLwm8avcWSpyKTIqav9Q="}},"btSXZxxqtVvzVNJy24yd1+xL2Mk+Y6S4U15Y1OOCZ/k=":{"valueMac":{"type":"Buffer","data":"MzMe+NmQsJykbbjw8/kzMWB6gYTPZh4yVuNAZCzpae4="}},"bz9JcUl8a8BRRYgbmiLSe29bBTc23fUsc3am6dhTvvU=":{"valueMac":{"type":"Buffer","data":"HWlOMJg7DiOvAJdg31khMKn02Qqzooa+1IGJmRq45+E="}},"b4SO6+/kdfn9tKtQwb3RbmjtinffO1nyejnLfugQVOo=":{"valueMac":{"type":"Buffer","data":"VczbvpFbt6/sx+WAv/567+sEb0e6kOAw3uor4yekLmM="}},"b+0lVW9XBHTel5JzItcDaptiGW39aQ8/gafEXYuV7xc=":{"valueMac":{"type":"Buffer","data":"rSgH3QNkl7EdSslW6vFJkmdoLqtSFq/uRkIa4YCHje0="}},"cGOy9urlLuLyz+xFPp1BIEFjCNTpikO4TGYiofder2g=":{"valueMac":{"type":"Buffer","data":"HrM39h8vb2mWHZFtPelJL599Nr+tkTqJ9YhJnYDVG9g="}},"cO/GveKH6GCyzzAPpsFkitXNm3SVFOvbGB5NUQfbiFE=":{"valueMac":{"type":"Buffer","data":"bMmZNpU1uZJxCk+naE8xyP3ht26D8jHZusmop61G1g0="}},"cW2RLTRCw2Upqb8DZby0cz85s1JHZVNakCcgNmkh1MI=":{"valueMac":{"type":"Buffer","data":"LvS649xWp/WZck4jG5KJD1UGlyLiW9ihSwmptjgNs/I="}},"cXzQgguDPYnPjPj/m/MVJZrmy4ujfE0aVe/Zia6acbc=":{"valueMac":{"type":"Buffer","data":"+eFtXo2b8Mk7juZ/LNPNRS3Yj665UvFJ0oyKo6hq/uI="}},"cdmvdHoG0sZbL57lXyIzPDViKMESLJD0LYberVviTKc=":{"valueMac":{"type":"Buffer","data":"aPIlMn+arip4F0dXqDejh9wXjizT4ykQLATZ10Izlh0="}},"clvGzMX2EEzHaS0MV3bC2JC73z7GpLJz9tlZuR7JbGQ=":{"valueMac":{"type":"Buffer","data":"WwlbFzz+iNmkhndH4YvhDVGVncvCriW6SvyENGamfuo="}},"cstsbKXjN9PlZ4ZFkn0aBA9f+EFBRnPaAwWtxvo5+Lk=":{"valueMac":{"type":"Buffer","data":"zu3EnpIGBYdgZkOjqYEwDVSk4x/1guH3KTv+hXzvDMM="}},"cvH1V9kMlCahncL+Oaoo0IIC06rXcHPjfp5feqvHvEE=":{"valueMac":{"type":"Buffer","data":"2aepVCFxRqxvbO0eZ7yACAKv9ToMS6zfK+0yKyHWv+Q="}},"c99ZLdWQURvOp6NyVlk2Tp1A1WsxySZE2JkxmUk1UHg=":{"valueMac":{"type":"Buffer","data":"889Zqg6XfNSBu2Jmo29BGhgf7Pi6+QJB38T8lXFy2ms="}},"dK46W0okODvAC5glH1SeY9xoXzZI5lZcZ4sgj7zp0aE=":{"valueMac":{"type":"Buffer","data":"AdHV9aHCkjISfTWI24BLcT7++ioOqUNH+jNrJ9CbUGo="}},"dOeKdvicBMdZYUnIJHvF88xL/wpfnVdvdHC3dZhiyJg=":{"valueMac":{"type":"Buffer","data":"N+3FnV65HkyEpReSSsqbwy8v0gO3wRrguxhM05I33NM="}},"dWHBO7s52E0rLSJqqonwKp0/97pL3Oeqc70jPfBd8TQ=":{"valueMac":{"type":"Buffer","data":"Cy3V/4AnvWJM1zI5XsGo6CHo6beBReLslOuORr/8f6o="}},"dX0SdqPmCeJeqYWpmz7dsLQzcL9oCx94Url5WGy2De0=":{"valueMac":{"type":"Buffer","data":"JlEMusfBAaswItQBWekJ5XYeqOT71Ld5WQTOED1H6O8="}},"dYcoc++zSTOMkGOEmgx2W/FsXrfI2LEXuvpyy3LHN6Q=":{"valueMac":{"type":"Buffer","data":"QmyRKsEiC/uJOSpaO6MpHX5wfY9Q9B8yjSVOp5Xx2vk="}},"dfvbngR2+iVMgv8WXH15VHYBzrs3UnOcms1TtTW6vDc=":{"valueMac":{"type":"Buffer","data":"Jx/sX7743eRBndjmg9AbesonL1d9SVUy4xIY094rFfo="}},"dkIebRbsXIrq2805/aqBH/s5sH04ZsZyLv/iJWbdiIg=":{"valueMac":{"type":"Buffer","data":"Po/GleVMdptL3xVh5C+ma5bfnFW5ys7UkHFueToHI5M="}},"dlY0B7hryOgG/gZkO1A5+EfAcPIjBmb+AJ88geEO12s=":{"valueMac":{"type":"Buffer","data":"/iBHgNGpBaLIJkxeAyzhiOprxiMubUkoMM0FsvESxO4="}},"dm89KzEuXngapYV7GU2W4hBmcxSCmR26pSOcknArIxQ=":{"valueMac":{"type":"Buffer","data":"sFSnSXh7fj7EQAlZ2W+RTniE3lYHxg2aP91MEq8JXOs="}},"dv/PmThF9BJyDnSSWvlwLE6fn9jLwO/CFn1XFcfspR8=":{"valueMac":{"type":"Buffer","data":"YX3IIr3cCnXBD0zl96uFjvx+rcTRmgWtLaLpgWiZWxo="}},"dwDCqLO4hkNc4Gd03v7O5LRocmAYixJSXjnUdPaw9Bg=":{"valueMac":{"type":"Buffer","data":"GcwsitZ9CueTzmnUHOX1r7x6YOMgVX3+soLXzMvxNJk="}},"d0GUvAZUweqsBD8yjARfXI5BsT+z9jO6UMrue2yYthw=":{"valueMac":{"type":"Buffer","data":"A4IMlg8GxLJ0+eHfmqB9uQZTT5+GAyB9x5YF74QwOfw="}},"eHEAuwjLihXyKzpx64j7iyq01W/55GvAqquiNZQiAUM=":{"valueMac":{"type":"Buffer","data":"pOEYvF90QFeiV5oslMjuuBFJsquqoIMJOqH6XzR1hEU="}},"eMjJ2UxEgo14LvnWdf1O+ZCxjczRZdrS+3q8w+vC8bs=":{"valueMac":{"type":"Buffer","data":"IKY9P6mczsPezhutjiODIZWg07nR227bS1p70BaDKoc="}},"eSxzMK7IwBqG7iSTb0q+0PW44aB2yQ3YjguJxK54XNg=":{"valueMac":{"type":"Buffer","data":"OonjqgN3Jl1y58gWsuInYalqHOrvYwrlahDUmQyqyN0="}},"eYcsVMX/PFxAsNgpOEovMt7OrLJ8Z1SLLPsF+j5GWQ0=":{"valueMac":{"type":"Buffer","data":"KJqEx1oI14JWaFW3yOmU8WVB+fBNVL+TDUNQJpxtpkY="}},"em4t3vAYaMw5RE15wTRV1Y5FtjHPw9QUB0/44CplpRw=":{"valueMac":{"type":"Buffer","data":"YYioGAIZHPNrJVGRFFgX7nAJkQRhWbeZyEzfTWIA0b8="}},"esF2FSwurZ2GMEqrXB0+NwqIl7K5AJNPhCXV+AcUL3w=":{"valueMac":{"type":"Buffer","data":"rxZKJlGQLN5ZEHwWt2CaDzVCqb9QjBr8sK0/O2kLas8="}},"esimkYWmyBvSCT6ZS8AwfEnssmTmkk6grSvei06aJxk=":{"valueMac":{"type":"Buffer","data":"s68Nf1B4OjEkOU95WgtipUKuz2SnJe0KCtuaMYGwo0U="}},"e4cZaJqiiAAJhbEBOBQ2o/wPN0GahE+nUbZeTAgWvD4=":{"valueMac":{"type":"Buffer","data":"l/PxNP9LUxvXCyLzbfkvJ/R7kXj03iKcUTe480LuPeM="}},"fGOxD/wcCMMykN4Sq2GAXaFAau7tJcge4B4voGJ8jZg=":{"valueMac":{"type":"Buffer","data":"/MBjFefIXBL0WFi9/LPrIAlzVbbZHrjJkT+arLPmge0="}},"fbD77oCwGcv5pBbbyw/K7tkfIyKbFoFwh7t0ht7ttGo=":{"valueMac":{"type":"Buffer","data":"RneEIvsEPtm96SJWq2IDQ/dEb6IUb+LUUB51hU+mjPg="}},"fgYlkbWmxgC7gnD3LnVAWZ73iZTUuUDhM+D4Ko6VuRM=":{"valueMac":{"type":"Buffer","data":"6sGHc6ACMmbHZTAPfQCDjH4o3pNZyVC90wtaK4nsPeY="}},"flDXtEbx9sqwK8fHONh69w9/gHDiFH5gV/ZlTxG09Ac=":{"valueMac":{"type":"Buffer","data":"Am99UyJBaQ07M78rm6q53P5FwemMER/oA4tAUOvd95k="}},"fleULh6aAPPsYkyzkN8UDIoiUsEw3hS1qhhO5wl/UTc=":{"valueMac":{"type":"Buffer","data":"B3kUOkqM6Wa0qUbHdEuq2mjFGp/X0ImVB3eZj3JN3bc="}},"fmJm4unPxEDlHRJPXrrZykIqOHQ0DtzVTyxkXtEWA6Q=":{"valueMac":{"type":"Buffer","data":"l5NUPzj7EsHZpUEHUkQe1FEEUSLq5QqkUf/FVK+haro="}},"fpnouuX4vyECJcBzN1QcxHXB07IRctZ7xOYIJF62bh4=":{"valueMac":{"type":"Buffer","data":"MdpQaX+ljd3s99eRzpxStMAFAg4bWrHv7dtMW1enacg="}},"fswH5mRDe9+jpRxIkFyO6gycYsegscjCPbOkwNx9d+c=":{"valueMac":{"type":"Buffer","data":"JgVs5uLvWnHsq1BCnMTJ4D8JwUT98wsCqWCPfW35Cb4="}},"fxMQCmNYZUJusxVORgbqC4gOMl6bD88aeWY9tmd6LwM=":{"valueMac":{"type":"Buffer","data":"GBi3D4z/GV272m0ZkaXurzW7oyN0ql6CR2VAcXtFZJo="}},"fyI+BxKUcceBjspxQmmGkAsl+haocnMSpti7QhPgbNM=":{"valueMac":{"type":"Buffer","data":"KpRRRQ76obydSSnPnNAwDXtyV8qxavN5kCycx3UwmQI="}},"f9g9A57bU3h9wCmBDZB+xHoD9/YJ5Z6awJQZiA5sKxw=":{"valueMac":{"type":"Buffer","data":"+DhnvnzrPhfRCTV0bwbbQbRIlgaYdTfFiK4JmXo4ilI="}},"gNFmigDRbyw8Z3aLe8riqxSagoIl6XGyzg4n5Bq5Jpw=":{"valueMac":{"type":"Buffer","data":"J/rp5FM/RXHX+KfLjK0Tu8N/JyLZ2DBe0C8ovCK14G8="}},"gP+PO8FTzUltUCNp9595YP1qWnKs43AI7fCEJRaDeRM=":{"valueMac":{"type":"Buffer","data":"NNjYgoxOkOTkx+TJSQwuhmj+MAI9d/L44goqEYoG2N8="}},"gVfEsCmg5A4gg16YHoenrjwTEw/vYrtIrjftRiHr3eY=":{"valueMac":{"type":"Buffer","data":"RfnrIFPuwjkW8jCoYyekr6TzsIoDU3hcpoMIqy2hGU4="}},"gbv0am6rXtsyjvFDh3Lbe3x4+OQupXHA6hB4LGg4kFE=":{"valueMac":{"type":"Buffer","data":"MQ5+Z4vLLmaKK+/acmkpIxRLsGUxAw8y2Q4Ermh6LqQ="}},"gd1shZKr0c8hysweehtB4EnIdU2dCPpM+y1LLhYrJFs=":{"valueMac":{"type":"Buffer","data":"1IUSE2GFwfEyyVnZbyN9ybVaycEnoZQYdl3xo7aK0Ds="}},"giv9XMAUnLE5TUgSl+Pb0mWbuoRIJIsSv7wSXmc40cw=":{"valueMac":{"type":"Buffer","data":"Zr8jh8fwS1cvLvdS/mgwCjfa1Y98PWvzI4H80UZwnc4="}},"gj+bTg+2IFXyzTEuWhY7Xyc8fbzGLka1TrgEVoLyu5o=":{"valueMac":{"type":"Buffer","data":"wyGhPq1C/V5Tj/BBLzEQ+7gNWDmLZEyAB5Zv0N3DN1Y="}},"gly5FLwhYp2h65Z1eswjTEg9ZoSirvD8by6Qh3mr4+Q=":{"valueMac":{"type":"Buffer","data":"9IV7Dl6auVJNspPkweOhpk+TG6onR4h5+hH0/L8qfkQ="}},"gnyaHVLXyXVlctK8b7+JsSBRT8EuNknK0aT7e8FVwgA=":{"valueMac":{"type":"Buffer","data":"JHu8Gjd0VEJx2x3gRCU2oLhBBnRSnigaGgSNg6vCVo4="}},"goZkb9e6tRUcXstBF9z4pHyxp7gtAgq3+iYe+eYYJ9U=":{"valueMac":{"type":"Buffer","data":"Qf5Qj/TWNHOIE5TBKEADxpjmfe54P0M0inbBLH/6yps="}},"guH/SQmipxIqe05IlKK9Xjha6R/H5khGqWd6DMvM5EY=":{"valueMac":{"type":"Buffer","data":"gLAKEui/5vtc8QAfikBnD70QVMOmwRUgakzTK2YRCWQ="}},"gwQJuSH0SgCWXewEInogcOzBoGqSuwLZk6EsQQJPcWQ=":{"valueMac":{"type":"Buffer","data":"s0Sd02VCp0O1LBifa0xUDTkbrLpvT5dIzhbMd1dd4vg="}},"gwqzdYnR4T4P38pKFpHcL8GeJqwhxX11fVDt5Ku5FKQ=":{"valueMac":{"type":"Buffer","data":"DqMx6yLw/xshfShLLheSmeO4CLFpUj31CRt985gJslg="}},"hBXnmYoDtoh9cfNo0C6wYD8UI1giSOoo9NL+iPaG6B4=":{"valueMac":{"type":"Buffer","data":"48Kryl7S4hn5ezBB/b44hz+6MzptJINqyPro9AoO/JU="}},"hJA/fON3fJscmshI5fB4gaZzP6OB7jEDGrHtNtR1C9E=":{"valueMac":{"type":"Buffer","data":"l2Bp1d3ROsQRqjymqYNrL6bdYiFnOGdFm/3mLx82QFE="}},"hOfd7PXDLT4Tgk8IIbAnsgsDsApTlkvi44FNqtO3pLI=":{"valueMac":{"type":"Buffer","data":"NidLFa0O6uvWGIBigdJ/E/IW6MgIoGKLDQdRvJfpyQM="}},"hO5jezdpypDhnllvFA0LQEbcNj7iMmL/c9wBiqfFOuM=":{"valueMac":{"type":"Buffer","data":"28Upd+zTR+2H/9TP8zSHwQxGhoLdOgEKajRPPmMvB9g="}},"hQOZWYdLDy9G+lEPngyIaid5T1kihV4RiU/LEl3zf/w=":{"valueMac":{"type":"Buffer","data":"NhR+yKtRtzjdxae6V12fIdlFNu4hO+5r6PCc6Dj+TRk="}},"hWSTcbHIjYKXgYLe14BbEplgbRjqdqknauwX3EatVEs=":{"valueMac":{"type":"Buffer","data":"5y/cIryOnae7XbFrPvu6Lw/tKbGGcxav44vW2t930sc="}},"hes8BzipiBzMhlR08n9loq28+pu5RkjyyRIwbK2JZlA=":{"valueMac":{"type":"Buffer","data":"XRaR6TEL+sn11hiKbCwgQ/V4rz49i1vO8Zch67+Q+Ak="}},"hiRL2K02yBbVfhKLitg8TwPVxyslMjT1t+JwhsInKE8=":{"valueMac":{"type":"Buffer","data":"O9XHaNGIObVyRRr6u9l3i9wVLDtKZZmTuILjYSKAbM0="}},"hiXCjyrp+qDHtlV1JIIiduVv++2Ingsg80Dp/ShfXew=":{"valueMac":{"type":"Buffer","data":"ESG8UIUCAHJmYWU8sTQxop9YC5uKJX3c2xyaOwQbnWM="}},"htBqQ0HQlV2SuOsKoAwEUGmvqnICrZWkaHT3zkLe0ig=":{"valueMac":{"type":"Buffer","data":"rsdUwMiVPFowQPBqdMe9N3b1LO8ctdXpWs1B83rK7Oo="}},"iOD7ylAG3tXoCl6THuY4LT4sAJsRCqLsCOldUIsC3zU=":{"valueMac":{"type":"Buffer","data":"fZcKTrT+Cdv6oQI6w0Ax+tC13aim7+34DnYSguIP98k="}},"iOnNo4ZJe+ZEXg6BEd+8AOlmqtju8WGo/Qm2cCiEEt0=":{"valueMac":{"type":"Buffer","data":"U6VNrC87Sqm7bTvWL7+WgQ69Z7rBIE3yDdzhAcfVMJ4="}},"iUs8hGm42NQMp+/TkLp1i8h/jRjdboEXnEdkSMfSi9c=":{"valueMac":{"type":"Buffer","data":"rc7Qf6kfEzZAe1z98q2JjFcIwTDf3sIKIx4+ou5kRwM="}},"iU4gQwgkbgUgvKq9jhmsvYboOPv2oKo1OXc9Caqjuy4=":{"valueMac":{"type":"Buffer","data":"iyyZBKsIsBw+b5euu4tzgT9jYI6TEt5gzZwCal7byoQ="}},"iXHtTednNZBu4Sipoyp5uLlGiB7cSHkNspYnt+WREYA=":{"valueMac":{"type":"Buffer","data":"GiRNblhKD/rqeCVmJaIcy0NDNQbBfW4WU+wyfxcQ/EQ="}},"iYYoYzk72oumihScPhk7Wtti33n9/kFF47AmSH7yH8w=":{"valueMac":{"type":"Buffer","data":"ZdDJVVE84Vd/Ry3dtthT/mJc9wY5Qetcqeyn8clLtlo="}},"iYyTKwUpsZNjZwWffVnkBpQZJDdlCqk4LW9tv664cdQ=":{"valueMac":{"type":"Buffer","data":"FJdHt5FOH6iRZdiCrTjE46yeoct0DtSKMB/X6UmJjQQ="}},"iZRmGPczURLiPDRQJY9/9j8LmzhDZYwLwyZkmrB+H3g=":{"valueMac":{"type":"Buffer","data":"Rbyaa9xjF1m8tjBdgNmO3Cz9YUyM7d0bz5LHY5VOsck="}},"ibsqsv9BWhxoicc+WR/b8DTUkl3Dcqqun787TnUhdic=":{"valueMac":{"type":"Buffer","data":"LChq9hMd4imvtCyYdRIrNaLEKSvqkivRjyAz12WKLaA="}},"ifz7gMAbXIv82wfnBmrFYkDq7SE9S1XKdU16QqGfBZ0=":{"valueMac":{"type":"Buffer","data":"+E3woqBCpgsD15NQ2mxqDhjfB/Sr58JM4P1lnVffPVM="}},"ijb6tsx7AkkslTP8DTMTldRiAHpzz2qi1W78nULqJtI=":{"valueMac":{"type":"Buffer","data":"S8VIfl6aOsUKwjQSqkgw2/uuYDmnz1QC6/rDdHr3YTU="}},"ipN32+GioxQ+1SCzvNI+F6VqUDZC1Hu+8rTz5FLSJQU=":{"valueMac":{"type":"Buffer","data":"dXlnGSkxKgVVIDp1yhjfpI3/6wnWVZnO4oms7i6tssc="}},"jSMKK7ALp558McpncVoX/Afouu6SlhEmHNMe566tlbE=":{"valueMac":{"type":"Buffer","data":"0ZeKdrFvfy2lL1/BOhGxpa7nHOiHaPYDGVFbCJptTlc="}},"jXfO0NVcgyA9K+NyjAe/jqZucmLDRSKJrvX06d+4qOg=":{"valueMac":{"type":"Buffer","data":"ci/cNdD/JNczizfoMYsDEIFEwtKHFuQS0Da8l3rDdhY="}},"jvAsUPgrj72CxVpaBPPHPhRdP5ZbtAhpqYDkrpYksKs=":{"valueMac":{"type":"Buffer","data":"0eEvral9Dy2VtQs4AXtP3ULGI8ym07jPjl81FYwjzyw="}},"j10Y7qlO9QkEzSRS5Qe1VHB+AxDIh4UlbXrTMhPfzKw=":{"valueMac":{"type":"Buffer","data":"8wHg0kaiIHYCqrTPLBVcBy+oj0dIcVOXLRSHuyMZ6iQ="}},"j17EjJwSLajIPFgtUtR54NT2rQgfSb1Ld+IoBolonRs=":{"valueMac":{"type":"Buffer","data":"kKLQmfXoaZ21MP1+Hl0nSUuETz7+eni5e+gh0wBrVOc="}},"j2p9NL3k34jghOfz569WP5irqHq7NKNOHJPWtwE4wrU=":{"valueMac":{"type":"Buffer","data":"vPmlJmb8NJaP8ljw7jH/sfcFnF2fQRwXoqFM5jk7Udg="}},"kGorBjqr7iy6oAlnCIMiiIXT5hMyNBYJeAjYUOBXZl0=":{"valueMac":{"type":"Buffer","data":"ren6F51EwPUTGqw8ZCWQOwsHGvJNW3/9Fgh0dS4InRo="}},"kKeuNexiq/QsLEM7cLk2SiIQwqeUDBwI3JzWdUwO94U=":{"valueMac":{"type":"Buffer","data":"06+5TevLQ61SvkTJO041fvPszfb0aptTs5kf8CKeWkE="}},"kPG2zwVmLtIXFqyG/qfn7D4SDv9zVKsZBJYdGFQGPQ4=":{"valueMac":{"type":"Buffer","data":"gRG69HXJ57ZoULbKTdbk0izu98hEqPky9GFNlRdcCWo="}},"kUQ1L2cY9p2PTKwO7EEk5bGlr92DiMkcKuj/sbdAheo=":{"valueMac":{"type":"Buffer","data":"Z8KwyZFEp5XkdZj4sKCI85xltOSNeRUSa40EbaqqvGE="}},"kUVfFjFcgRivKDuX/o6DY2jQbqotYcoImRSjYIFu+X0=":{"valueMac":{"type":"Buffer","data":"o684hLiCr8HipGjmyj86qWys2NEaxv+bnpse2CHiyW0="}},"kXpj8D9jEY5IJ9bp3zU8qkknRzR1N8gfaXe/Yh5efWk=":{"valueMac":{"type":"Buffer","data":"qEZURm0EfcPp488WEhuQ+2TksEnspGPFkFqof3P2c4w="}},"kcW/p/Tj7D3z1mJ/rnleRIVVasOhMKRtQlkdybp99/E=":{"valueMac":{"type":"Buffer","data":"XlAM6kLAHm5PmMynjsmW2He1tc0Ji/fsnCNP7WriqFU="}},"khThqQEChCFLiNWh02dMFLDZaz+TxCdFawJ21PMXs8Y=":{"valueMac":{"type":"Buffer","data":"TvqfRG7n0EAifV5K7r2hUGyb9gFI9cD/jTiwQtAmj7s="}},"kmOP2lYs88M9526v39Y1ln0OLP3wZ3QA7XDvnGBgjbw=":{"valueMac":{"type":"Buffer","data":"5N5O+kQWRJG0m8ZHIw8shLHN8OSIrCtXzLZ+CDFLB/4="}},"kv4/S2AwkYvIK5Qp5meWu7wu3Q52nHLLZlsKbNM75VA=":{"valueMac":{"type":"Buffer","data":"uheu5yGuw+PYfwmByy/TfLbK84az0j3Sy+IWzolqxck="}},"k52EvuwwyN0xGB4uFA/++iyhY9hLYzMSFAn99nq6QOM=":{"valueMac":{"type":"Buffer","data":"D4O0Evrdoy/4gYmT1l5ghttmj1eu0NhuOmFVAbWJbyg="}},"lKFEHLcms5kXJH70zoJtl6dSRYyvM2bRidqCBvijQ1c=":{"valueMac":{"type":"Buffer","data":"g2Lj/VTuDSEmGupJZArStwsIrw54Z3VPOrCjwL+oyC8="}},"lNb1czHSjAHzrdMR0OLcFOQlrFy3mMD8vGgsMNblmBk=":{"valueMac":{"type":"Buffer","data":"kW1mter41Ebkr/FVyNgXvHlJFC54jyoplZJR//Zw7ck="}},"lXet3dioNKH/MUeDjjEkbawBii2eBz5kOT9kSTwPff8=":{"valueMac":{"type":"Buffer","data":"0eG6Bc2LapyCx2EPayeervSIqXojhiGmlueeGz7O8Y4="}},"lfKlPZ6/c+ZaVcdXTHO4RFMMorcsTbbL3ecZD1yLDhA=":{"valueMac":{"type":"Buffer","data":"aoo4e31GpVgfl43YHmEk73GArr0C7T53nJcFwEL3EoI="}},"lgWqa5FDVcn8+SA4XH3lmVzxplzBQT04oulXCngqdKU=":{"valueMac":{"type":"Buffer","data":"JGuoiYsyJw+RwQN1v38ZDEnICjh+tKCEyZiZLZ1VPk4="}},"lgnHzy3xHElA6d+Oq9DW6iPldnuLA+6UbUZxBUEvBVU=":{"valueMac":{"type":"Buffer","data":"ep1801AeqBI+PCOeDMRggBgR3BLIkU2IpKIR+6IJutM="}},"luyaEO44s3Pdk2OniGkpiLWZuZoPu/E/R8Pu4Z3F1C8=":{"valueMac":{"type":"Buffer","data":"P/wMxLBOCbc7wTh1HSsC0YNnNW0/JdYmp+IoA+Im6iI="}},"lxewT8zrNTlkWHIXCBUia4u2YmR6KteISfPrG6dYQag=":{"valueMac":{"type":"Buffer","data":"xvoZ6rAlPnWzwD3yh3/tszjEuWbrRb2JfIwGyBY3+nA="}},"l66XlZeO1fk0rTriPkWnD0iv0+Ff5arKrJ7BSvhvA0g=":{"valueMac":{"type":"Buffer","data":"Dk/+uXABz5gx3m1eKUBCWEZBfe4TWrWJb9XcP2S5X5Y="}},"mASwFcZzF+qaZ2472GP2CCK1YcKtBjmZYINSrXSa3Rg=":{"valueMac":{"type":"Buffer","data":"y1ZjPucm7HPVi9QC4ft+aVqZjfv7BC1aN1LgeOcmicE="}},"mbLJBpLlqDbH6heTvhOev4rbHg5LPa1oSgusUU3pGWc=":{"valueMac":{"type":"Buffer","data":"IXJjen7vDiLFAVVNcgiw7WefnkzFu0kqEEygKJQhUe8="}},"miS9ZxgiJ/i6wSDJ3Z+WyVETa4/H+TRTPrVCZ9WaRmc=":{"valueMac":{"type":"Buffer","data":"6/PmMebviAK2dbO92AfzS6k1YoM6W3Cw3kAEgj8uAWA="}},"mlW5DgTwCn6hEQNoKon4PMYRuDSfUYwGXu/wv5FEnJM=":{"valueMac":{"type":"Buffer","data":"mSLgSyeQYG2iU42fnVElCzq6uYt8KVkVkvW8JETW3Jg="}},"mlrDiD2s42GuQ6BPbip08n6ptHUB+73FmvpwfS5uEEo=":{"valueMac":{"type":"Buffer","data":"4xF4TEI20pEsaiL8nTYtwvUahCMBcIc/84sxDVz8FgQ="}},"mqBb3dnu7DJ4x4BMN09EL0F5n+zi7Ci0Aeyfn6wcC+w=":{"valueMac":{"type":"Buffer","data":"pFwLyouvgjb7RHMhljBoGy5W2+JNKFbNuMsCtbkB/mo="}},"msaaiM23cuUe/SNJ7sBm35kxWwzW/0PUl4EMB+tuq4M=":{"valueMac":{"type":"Buffer","data":"AD9eEFfSYd5nILtynWLAbh7tiLk4+odaL6sdommOR6Y="}},"mtQO2LE8yo8fTwaNmyn79SMrfZYN11h3Vofasut4/4I=":{"valueMac":{"type":"Buffer","data":"ucHHz4z8YsJcU0nCWsmXjEBQiAVbUzvlkCKYX+z2iKg="}},"mwI587y124oog21bVASfs5ikbCQysDcOq4TGGMmIG3E=":{"valueMac":{"type":"Buffer","data":"EJuV0hiL6+COr8IfBYUi5JuJxwcvH5YQbNfI/wTCtVo="}},"mz9OtsVl3IA5o/9d0+EYFgT3jeho8c6GxXbrlP/5hv4=":{"valueMac":{"type":"Buffer","data":"CTCUgzh+iJMLAB09qk0xvIrMn4b7iLNc7Qn7smdqIhY="}},"m3e8sp9qbAMyM7u0lkeYP3R+/JbgzyKJ7NM/x01rn74=":{"valueMac":{"type":"Buffer","data":"TurhW1WdpWbPOKVo/ZbXVoBfv+iR/KTxwpaV939XqrA="}},"m3neDwK6YbJrflDWBSoYpNV/znoFKqXhOsLzdzOUxX4=":{"valueMac":{"type":"Buffer","data":"bMD8MGzlZNbd0DkWSxGFuN7ckitChQxtjMlkiybs6rw="}},"m5LWYJNc82+J3ZSemrxkNDKFkW5mz0JqwUxcjVtI3wY=":{"valueMac":{"type":"Buffer","data":"Y0CEtxnD2tSVaX0nUJlkD5bVmg+pNml+VXmUzfjcxD8="}},"nFFpNGzvCwKgtSpfD+JRVginagSsYx7TiOgvA917lnw=":{"valueMac":{"type":"Buffer","data":"HTAn3sZeXq2boZ5TFG1/wnKM0qvjKL2GPXG1GsPhisQ="}},"nQxATc1YiNHyCyegoOWWNbdY7R0digJC5rF5CtXXZdM=":{"valueMac":{"type":"Buffer","data":"79Zjzm6wEMkIRYoSGLB+Vit7pB3ttMSWqKnl9CQ0jco="}},"nTXEeFV9z4U1LQyG7prWwUeWjBpkLOQOYIiT3CxH/zs=":{"valueMac":{"type":"Buffer","data":"zQxQ2jC7EdzT0uXMmVS+h/nVITTEhbSOMS0pmtNAof8="}},"ncmE6JtvdaE/7ZkJHRDoHKMuxzJXMBYftn242w2RdjQ=":{"valueMac":{"type":"Buffer","data":"O1ttrjHy1cnOWcWfIY1TTcmNcnXg3rujl3Q71/r2LH8="}},"nghoIb+EwkB6yfI4H59NR+CKx8tJDvB5HQG5dmi4fS0=":{"valueMac":{"type":"Buffer","data":"vJ+djFelXIECr28q5DOlz9dwwR5GHsMFej74UEeBFmM="}},"njg5xRxX4TRaBadvjp2x3xbs8EnPhTuRc7TQuXYNG+w=":{"valueMac":{"type":"Buffer","data":"zD7j1uHFtakgRXRWXuD6pxk9v/FF6vU4mEDmesjL5RY="}},"nkkyGCdoZCmAwZVGsq1u6Y+QgiaAOUegx6R8VwNBqTk=":{"valueMac":{"type":"Buffer","data":"vsRguN4JQZh2ykB2l3RJ/DypRI6JtslXlMiDAC1N4wE="}},"nptf967s8GngFqo1cYBhq/ZQyJu3icMQjP9fSrdt5BA=":{"valueMac":{"type":"Buffer","data":"S4IrwVXP13Zu/8Bczue9Lr04rbQl6k6hAbxlK5IUwTs="}},"nwxqXx1hJ8XnHy4UzGY3TpJV00jOD7Ab53mP3EL/onE=":{"valueMac":{"type":"Buffer","data":"V2g1bxNc1I7m3rIjSRt0GhKJHlvdcEWgcyc+b0w56Ho="}},"nxpe8ZDDA4D1F4FJ2LmDr7KkzN96GP81eyCGXboHi4M=":{"valueMac":{"type":"Buffer","data":"WEiN+MzSQj7b7dXZ4jCQuQV3U+fuuSW80vMngMJY9So="}},"n9scc6qup19Us5jFPZyZoP4l02dY5rhL6Vwj2WiCht4=":{"valueMac":{"type":"Buffer","data":"HNwLxOvByxl84teM2yGNdamjFzsnwRUr63L5MFGtSVI="}},"oDINDfC4QVdVaLD19++Q5A6qahcapbk3HOidLR2c1TY=":{"valueMac":{"type":"Buffer","data":"yvaCFPFsY7Wq4MPshLNykl2uPzJL/WQ5JpegMLqHVlo="}},"oK6PAYtxPoC3rPESg+gAMoLO5eXgj2VsAhQCmLev9eA=":{"valueMac":{"type":"Buffer","data":"wsGSlwet4Ixr9pv/tTI2jWv73pRndGgkzmK83i7GxSw="}},"oMLAdc/OnNsXyWCdRpCJQBuheaKCgRNSznRc/YaKjR0=":{"valueMac":{"type":"Buffer","data":"9J6kFu3xyumrMv9XxWH/TO73k4yI88sxbW/m/yzuLEQ="}},"oQda7cPcKiTevFRxIxB6vnL17KZSsnb+23uAS8rliT4=":{"valueMac":{"type":"Buffer","data":"Ei+Ks5DbBf3msg9CVH1bZNuIzd874ETlIn+1Kbw8YKA="}},"oUk9PEnA3pWp3Wi1O6n21ne5iySJWplEEKXiAJvlI9I=":{"valueMac":{"type":"Buffer","data":"sBbc/46Bd98eOdfGIYOO//EVS3bVOk9i2NAgl1Fxceo="}},"oXGAsVYBbJ3fULDVDvguWW7XAolQRWYAdbmP34UJNIs=":{"valueMac":{"type":"Buffer","data":"QuCEl/RpV9YLJ8s4PAxuB1cNNaxYAVDeC7RYGrZlBw8="}},"oYzXr2/Mo0o2IdY/U1jsIUo3u4dxmimQcFZCVsHOsu0=":{"valueMac":{"type":"Buffer","data":"DvEEZrATpmHhz7kdatUo87oDgqBXQHxt9m7SoDkXnSs="}},"oZYEFGrNxiQA8D1RQ92otkoAOK9ATKOdpB49x0glSAM=":{"valueMac":{"type":"Buffer","data":"GS5ICTY5r5UMt0xDKwxmKFyEc0hZlytxaD64a4Ga3OU="}},"ofUrEQpStomJPRgR45u9o/TXNOuzy9EAMIe7D+AXknI=":{"valueMac":{"type":"Buffer","data":"dXZyRnUrWmYBC8CzAk/ImHURIf0SQ0JMsufplxpweMI="}},"o98bcLGD2h8EnFf1457xJMURABF1+YEVQ1zTYG935Kg=":{"valueMac":{"type":"Buffer","data":"3OfpRhnfmdBAXN4DkZkBOBJL43Ndgur+VcEeFasFHyY="}},"pCl1vC74dWKdWv1v4Fai9On4/Vh8jxyYV8ZMkokVL8k=":{"valueMac":{"type":"Buffer","data":"ZBfdew4NLY5zBUyJDHTk3KckT8ChJ+QG9IfjsgiWoUw="}},"pC2x+sLmX5mGc4IpIEHHEKZezI/7/+vj3I2nLyhpGvE=":{"valueMac":{"type":"Buffer","data":"sPI1r3ckfztJ4ftT3SbkzEVanp0Nhdiz65Oq8BTMXZ8="}},"pJUMrxN45pSPuSZqPaSAxnfEJOHgSWWIjap+HT/qsEU=":{"valueMac":{"type":"Buffer","data":"s/kxNbxQ5PdxSdpM6xRe5dmr4sZWayXw0wvymjfUIGY="}},"pPCKVnTUBlCceOC/ThiAxaUp76Y4jZBb1pe45xMe1js=":{"valueMac":{"type":"Buffer","data":"WLeWxs/ns6CadzKa37HJRdsDn5Au8lwuCk8EFiJ6uJg="}},"pPTiLy7hXagGotvkxSvvQJLtbTwmMHV9bg9/vTzpfwc=":{"valueMac":{"type":"Buffer","data":"ljGaq8zNf5sTmG755pFQPGCcKUN6xLt3OO3PuHJhaXU="}},"pUMwT3v18a6kAfBHfH2jlxOy8NTXZdMtEHWua8EUMrU=":{"valueMac":{"type":"Buffer","data":"nFkTfKsIZMPrbxstm5sJv509IYG300btJlNpYTbGvMQ="}},"pVgt9wUdKeTNIxTqivXitiB3OeNfAuGdpP2qBunhgT4=":{"valueMac":{"type":"Buffer","data":"d/MawUBWs3gu/3LCBiUJoTY8oicQEFMpO5MY74cRDbk="}},"puY+s4BJfv7bZlB5rk0Dylm53jvqfLVkp9fxYZXmLpI=":{"valueMac":{"type":"Buffer","data":"TqaeGQ4mJuTUMLTmAN348MvJQT+9V/vQf3/tNYRlMGM="}},"p1t0PQpO0liTiD5V++BvrvfjYwddbzZZ3YhFQpDCV1I=":{"valueMac":{"type":"Buffer","data":"E7MVR0fVhYyw0YsL7syiC/5hlgF/TPuOUEEhqlAJNnU="}},"p3RUNvn4yY9w4ADEakkKRNQcK7Noe/aDu9BPeobyFy0=":{"valueMac":{"type":"Buffer","data":"pGBeNBKFEToHHXkdIbxTh/W5ezwV9pccQ3BUYpE/sG0="}},"p4a3q25mDJsYwhIDiiJwk71d+GRb2mnsA4Mpd4hWG3o=":{"valueMac":{"type":"Buffer","data":"2R9zAQWWgzmTppybf2hHu57RfvRsnjEbyIprYgDAW8Q="}},"p+eTKF8MrCWKzuceAESJHSgfVk0PtrsZfxdLzBtHihw=":{"valueMac":{"type":"Buffer","data":"J8rNptC+/TlNcU4R2YgEkJxaJYkiL0AAfceBsL1vfrY="}},"qD+BUVu3HBuUlC5R87PS6kTvO5DwKXFp3Ml9I3RYtHE=":{"valueMac":{"type":"Buffer","data":"in0Dl3tWVMAY0b0KuZhGdpkVNVGGuojbxcMBrT3tG1k="}},"qEhuuForsPKSr7+aPR7OA3+tpDdcC5zhaaWmZTy1Hb4=":{"valueMac":{"type":"Buffer","data":"42D2yCnFQVIxdk0bZ6YsZBIVrKHB1mIhb0PnXYuKs3I="}},"qgPnmlqhiym6Nc+bimZ41uXFQjua6BkgIoGOC+Q6FMA=":{"valueMac":{"type":"Buffer","data":"xfyvIy+exT+WMQJHuXHR503nxriZ2JZqHSlO5QIOe7w="}},"qhObH0nfLDYfNRbj8ipZnKtAvOqepSezBx7wti+3Z1Q=":{"valueMac":{"type":"Buffer","data":"qPNg3ajJtG7n8goiJJZFvj1oV/dXOlbb7VLmaSmKEBM="}},"qhXHoYbQ7HWvA1sS56eGWeRbEDIqaMce39s2Aphfjlc=":{"valueMac":{"type":"Buffer","data":"kZ6Xk62MTLhuvVgnlpxpe87Ys24hCds9+xyj9di5hN4="}},"qkkinnlBtY3/LlAqabnAM3J+dxA+vDfCmj4rt0g2uHA=":{"valueMac":{"type":"Buffer","data":"jKWDBTiKyqy6bx2OkIMiJ/+hsf2Pa4CwMd6yrBZ05qA="}},"ql0zmsqjjBdrsAgTZd7dVy4RdwllrKIF4aDgmobXMV4=":{"valueMac":{"type":"Buffer","data":"W7nwzFQKwa3SpIBPSCXdGTFlvUXiAP4eiFBRExez+Yo="}},"qoe2RX3Xj4ykEPM1GsrxGYECOjqjSNwEfxWed3RAKQo=":{"valueMac":{"type":"Buffer","data":"j9wQqW6bjfQoEvrt4VR7KCio+0TqNA2po6h/paxNN1w="}},"qsUbSPvjcxk6Dz0oO4C5uogEe2P1hycysskGl1rNmP0=":{"valueMac":{"type":"Buffer","data":"S8JljCCvMT7FnImfRyuAQLUTTW/pnk04SOTdqrK7L68="}},"qtZrkcvyNnmf8zN3G+tltLNTuHCzA/Z+/2A71EiZB3I=":{"valueMac":{"type":"Buffer","data":"Z4QZyT9h/FtiO0P2FzXRDNxZySfVeFBlAbDHFpPvT3o="}},"q1+BeWWb8ZEuqeQtHOeJLIZo5AgC4Pjvu+1pt6BByhA=":{"valueMac":{"type":"Buffer","data":"Vj7X4uuymbDtDodv4dzXP6z87vh6qbPxjWu6+gbkDgg="}},"q3G1eq474L+KfJnHZs9dpqGPSFvrlDaThRgt4ku+cEI=":{"valueMac":{"type":"Buffer","data":"d8ProUO9agECBeaz+gL53nh1FRmdsU9qHrCxVMmv4YE="}},"q4uhA8WiIuzY0w8GvkoxRhoSJD5TcmhcYHAnDp3RotY=":{"valueMac":{"type":"Buffer","data":"/Qtfd8C6Xqvq5QJ0J7Rbon9JAqwGRQNVu4qRs2MNkzs="}},"q5WSCImhA0UNS744Zd12eElcsL/uJolUJOsK9InME3M=":{"valueMac":{"type":"Buffer","data":"VPXyRfzfpRpPFYaFTmm9rPeoKhpZJcYl2svB1xi3a0A="}},"q7YD08XOeuePWsdCFwTicL9tAG/gGpAowmTAaK6672s=":{"valueMac":{"type":"Buffer","data":"FKzAJwU1Het3yTOerF6pF7bfZ9YuNHU+J313rgEbB/o="}},"rBkEKHpTnlGs1dyjso6OsbinRJTMMSpx57GPHGpBgic=":{"valueMac":{"type":"Buffer","data":"8qpojArUGbFr9VRswnZiyN3dkF6/XK1RElbxkTQO84s="}},"rFF4Hrowez2UowuLHhB4SCiubS01+bbfUXxcSenpRXQ=":{"valueMac":{"type":"Buffer","data":"vGY3TjYiFnGg1tOelHpEeMOfahvWq4XupU8CUp3U0Ro="}},"rKwRFZtH7D9Wn7b1AtoGXpF89ZwyweaQ2L+EFHgTDGs=":{"valueMac":{"type":"Buffer","data":"kcblBux59ZyM9z3cFQX68oeX8eDefgqIi0VO4gA8V1Q="}},"rRlpSiBgedQIDBRVn6Tqm7hCjhZt1rQ/whVKNgcI0Ec=":{"valueMac":{"type":"Buffer","data":"PxyyG+K8mHrmgNizOi8/l+LpEH/W5j7d9tXfG9ybXd0="}},"rTn8WspN5m3ojXb+UqogZScS9LZLHN5g3Xpmk/wEBcA=":{"valueMac":{"type":"Buffer","data":"io5WDk6ulJx+s5l/bhoRCGMC1CewB7wknWwQw+6RB1A="}},"rW5vp6ZAn+tb+Hd8EwGpAxgMoG3pewtNgFfhdIgaWOg=":{"valueMac":{"type":"Buffer","data":"ag9dkuvfcwztC+t8TB5jQD6wl4xmLHb35ZSZ5ukVYP8="}},"rsA7+Nz5yNNn64f0QH5gjnZSHeNsHfMmYR5/XnJLUI0=":{"valueMac":{"type":"Buffer","data":"xbTM9Ta4p4Sknx/ZOaOJckMfFqGPHcFovGhaiCdOT/I="}},"r0+yE2YIknZxzoDoGwOFJ6kLnE/L6/jbMnafwPELxYw=":{"valueMac":{"type":"Buffer","data":"1ONwFYpyFKOa0eO0JCe5ZHw8IRvL52Nf8lvIUtx7j7E="}},"r1EGKod1pJF2DWnj1ro3WStxEt9KwrrxIOjKv+ai8Rk=":{"valueMac":{"type":"Buffer","data":"wukId0fGChqxNJtDG/4eB03hBjh0WLsL5SMSuT7rjfg="}},"r4OjBgjH8rvQ6d7cpHIG4NPfLPmRdsekxzwgb5Q6bfw=":{"valueMac":{"type":"Buffer","data":"9EgVPTP8IV7ypZBSd4xsojGqS1nXyrMsWMwmQou03+Q="}},"r7lNXrvXwXxonXRAdyuyzmx7CqzWL2xZ54jH1U8EKh8=":{"valueMac":{"type":"Buffer","data":"pCDnIC+vfsEdtw55ePrTu91Etstwo08FqQY5dipMOKk="}},"sAtelFA9Fp4d/suprr715jITNYVCOi8nxStOrxxMK0Y=":{"valueMac":{"type":"Buffer","data":"UfOTmuXjitbqxZii0zJDGpcoTgflDdcLuGwrVUbv5Q0="}},"sC9gLSQS03WwiI65AmK9jwhFT7HDXOBX4GBoJP1PBZ8=":{"valueMac":{"type":"Buffer","data":"EnGsT9QxuEJDG9LinIBqz6qCwZ2nfJt0mshiM2VmlLw="}},"sDCA2ZQHaxYCejeIuiYDTbvzUD9zmKYQPLp1pVnk1Lc=":{"valueMac":{"type":"Buffer","data":"OwrLtpS8I9ZJMJcEaT7QKzgtoufXG3/QKjDjuCdAB1U="}},"sLZ9uI91IryfM9ZDcIDsj3L+HI+x5uobA4GPFwc187s=":{"valueMac":{"type":"Buffer","data":"7h8ptaDbovAuMlJ8cTZgjRFGFEOLoFLDyxdHEXaIHjE="}},"sR3MX7M26WqBwMdbfBzLzigaBFN6pRTAFpwjLrwaoCE=":{"valueMac":{"type":"Buffer","data":"Mx9Z2doe5TUJmEh1Hau2V0H8UmN7e0kqvBpUiYL/I9U="}},"sS+MSfkDrr+eMvzqZPvrCSzO76qsJLDCa3nZDdq5yAc=":{"valueMac":{"type":"Buffer","data":"tkXFjb4b+IyxAQ+/mlV02+lTprbFc35sOAGE29xH9rI="}},"sT+pvzhYK8Yu2P6/Jc7MuE9PpyfcXXplSGAqrumUnxI=":{"valueMac":{"type":"Buffer","data":"ZhfpYdCZ0yMRfJdqiRQLBuz8+oyVzrJ8qgkrTkSbpzo="}},"sXjpgM+gDursL1OByPGMUXnu6hxG+EMmdYAb8SCIQmI=":{"valueMac":{"type":"Buffer","data":"AA5UdF5KmbVFE17mRprb030QSrcOsidEwuLtrnPntww="}},"sdMHdixkq5jyOjRlcKx1U2U+Nblr1DSSvvZh/EQ6sG0=":{"valueMac":{"type":"Buffer","data":"uoKuKFHGRSinaHkK84pIsXPm2kE+qieAq/s7frKgMFc="}},"sl/CcN6Voj94Hk0W6YT7s/ga1AXYiN4OCn7VOWhExrE=":{"valueMac":{"type":"Buffer","data":"BDFYeilORzIzetGTRfSt6yv7fQdVHh5WRwqNTLZQ3Tw="}},"ssk6Nc54ZNPMZLRCaP80U8eX0wqCjXOXFWGGy/1myDw=":{"valueMac":{"type":"Buffer","data":"zoUorsy5xJ++M1JtcXsgQiyhNJl/wWlSxGgp7F161nk="}},"stH0ZgMEWh5vPM0j3jUVZcSc6KJNJwQYUyQdW1M4Dig=":{"valueMac":{"type":"Buffer","data":"zl90/n365WyF3TYptEbF9lMnjl9b2YbksKSpHI9MB+g="}},"szIAoZdAPQz2hgu9Dj2Gna3XRMcuwJ2Afk/SdJQMJEQ=":{"valueMac":{"type":"Buffer","data":"9QYMNo5Z27pE15VGoJC9uYbUwD5CKWgHioKEr3uQCfY="}},"s5SIWKycWcB6YwRgooNncuvM9g7tey1Sp9J/2F+6axo=":{"valueMac":{"type":"Buffer","data":"RUPWZP/tJTT+o5g/CoZJCCe0vL+7gr/MhxP5Frh956M="}},"s9vJohEX/EylFOUKOHzieBCnmXy7iDT4O3b/iNoZ8LM=":{"valueMac":{"type":"Buffer","data":"NjA0YqGbs6VDFaQ+hQvGNYlVDcDbnmwfVPpqN3PoM5E="}},"tL6KxQpw9L7TdpbXWiINQh9yJjK/HUFslgh/t5pOQyA=":{"valueMac":{"type":"Buffer","data":"1R+GvaL7M0yBYEU6B8T6qO4OEJxt1yqOyYprKOvyahY="}},"tOutLJ4AvER9voJyhYfOt5Nm9TqbQzNjZYVfQqnQMKQ=":{"valueMac":{"type":"Buffer","data":"2RX9DZ176HFWbgLjSclUJzFpycVsaU1Yzv24SGSvY5E="}},"tTHWd2mePXGHLc/wJmByknsZ16yEGknbs4fiXkiVXAY=":{"valueMac":{"type":"Buffer","data":"MY38P4fKc54U6YUXJaLbutACzIQnzb2VAUMNejBgNwg="}},"tU/m4NiclqGihOwigLINAaQgAoRZowjtZvY/I+68ymc=":{"valueMac":{"type":"Buffer","data":"ysXrJhV2FDcKRud5/Sa3dheLlzYskK65LlyYT8jiQuw="}},"tb0AQigUzkov0UMMbcw181hzUA4InMDPIbsGyaM5WB4=":{"valueMac":{"type":"Buffer","data":"XZZTtBQ7MkFOZbBa7+3jNZCIWv6yAy4sdavctfILgVg="}},"tb6nnktSaIKWXsfJk1YDCKS4h3l+Jo6SFKqy1hq2arE=":{"valueMac":{"type":"Buffer","data":"E0/xQqmxvZj5gOnEHDSdLGwZYkyHs/py1fZ4Yu219B4="}},"teH29lr8k/HbKmuaqoftohFJlcPNbT0HVBDljguKCp0=":{"valueMac":{"type":"Buffer","data":"oS0tR8YQIJN5DLOUQhNklOyiEB4+GhaJAXmHqOn0wfs="}},"tilS4377ae1vCWp+qoY/fEZ82LS/PSlOTTg+NLKjrcU=":{"valueMac":{"type":"Buffer","data":"BMEC1UpoTVZtW1QdqS7uU0vTUYWjwa4aNCefPSlxO1s="}},"tjIwGkE+X/lm7kT67YTt4DKzkT2tm/ZVHHXh3ZTe6ic=":{"valueMac":{"type":"Buffer","data":"5P2/IaoNlYdqQTd7VfMJqg28tpXLDyKiqgNo88EJ/yg="}},"tlnw/hxnw580VN9Kw4Y5vEZ/9n6ltvF+9DQ6WEDn9AI=":{"valueMac":{"type":"Buffer","data":"9HRPvxhNu05taZeoRXmyLEg5jT42/Wd0QQ+SWO/kzdo="}},"tqijl/R8ceaepdmhlmtwwpglxGHpy8kz5KdwF44LJug=":{"valueMac":{"type":"Buffer","data":"51/IUFO6uNRH6W5YqcbKRNfrP/pkz/Yn/tbSkE0F594="}},"twGbJBEgtcqwZWT0BfudolZRAMmzSA12R/TO1SjE298=":{"valueMac":{"type":"Buffer","data":"9Wk4S9g3CCfJXvFThnmb2L/GHrmWdzFUfzITKf3uSt0="}},"uCOM+DytN92DHO7mi0LpKTg6OPpejKZ1hU5osylG3J0=":{"valueMac":{"type":"Buffer","data":"4uJIs5dd6+sc5gdrBnOpES3jmal/6lYRJZki+/LESoU="}},"uD/+6G3GKhm8bh4Awdd9b8wkNI+eaMxEcTp/TTsYGIQ=":{"valueMac":{"type":"Buffer","data":"07gPOTghvxDBXW9kXfKgwlRTKb0uYCcyJ6S3aJ9Ovfg="}},"uHY+ijPLdkftGRe82kVTeaduZmndVf+BWIYiXn5QvzU=":{"valueMac":{"type":"Buffer","data":"6BD67zPQ6goCo/1ea3UqVBcpWNtkGiuZa7BTt9jycZ8="}},"uIHooq/IKRSWKIk5a327buz9soVK+VXs9XZH+CFbUFs=":{"valueMac":{"type":"Buffer","data":"0zoFlki5yBHgIPqVNuaFQDvYghT7Th6m5Y0tYZoK8G0="}},"uLd4s2pM1gE79/8gi1OtIKe3C04c1WR1/EISn2aiXCA=":{"valueMac":{"type":"Buffer","data":"wK6/Y4Os/X630QctorSO1SxZrcw4x6kzUkV/DUJL2J0="}},"uVp29vmlLfDX2EiBWBgKC1Qzle9t1U5gTCYxf9XQZLI=":{"valueMac":{"type":"Buffer","data":"h84gzF3/s/Bsh017ECW1jT2E1jIr6B6lEvmFyXc+Kug="}},"uXJu21HlrJeZLsg76FV0sbcu60noj8raWMvimeTdc5M=":{"valueMac":{"type":"Buffer","data":"Y2TVyttqQYk9RK+CCY35dlqBh20WrS+ruUtwTaCxmsE="}},"ucJo2t0pWPNJVOboiVmza4576i7NJmuSj+JuddYhsRw=":{"valueMac":{"type":"Buffer","data":"tPw6IFWeGYjZcSlsy4jHBbp0oDpnIxGEvc1yaSKiYfI="}},"uhCfHEKbpyNp/3DaPLNZW4otPyLFhsIMo2sHZLzf9ZE=":{"valueMac":{"type":"Buffer","data":"qLy1d1BA9Tcv8CKijr+CYVracZrqACKDRpvwVTxUj7E="}},"umd1GU8FW5U1KBSIoSOGBBlDyjIXQHjj7kMd9D3yspU=":{"valueMac":{"type":"Buffer","data":"I1mIUl5VxY9woqVHBHQscYpfRbFcgfpe0DrUmSkM484="}},"uv+OHY3tFLrnDMP5kJQME9WFx25g3URqeJ60zXTisVQ=":{"valueMac":{"type":"Buffer","data":"zvqkNq1hDrIacTpl121t4tgAIyTutwHVXu/ae0SIMMk="}},"vDzNPTfJoDQ7kQoSXa+2FKMhQOMaskxA3WyXnC3vSJw=":{"valueMac":{"type":"Buffer","data":"1H2g5Vsx5a3Wq6wKSM7opMqznxuKSaZQirQEDcVYqvo="}},"vTR1CxP3UhXoa/Si2gvwuQs4zAK9eAHcER8zGV5PsvI=":{"valueMac":{"type":"Buffer","data":"yiLFcwQ+D7ov8/+RdyFIwtg5foc4fOBX9X+9WZjuNj4="}},"vVHlVmrkjRDNj25OJfLhIWEPNIZrsOscYtUPjMJVk+4=":{"valueMac":{"type":"Buffer","data":"9CyGt1l7SbPLmI0ip4icsR9BGaD3rUNzuaHViiD4FGU="}},"vbdeAnqIEUAmMxGJTFelmJU75tboTisaoEDu5aMC2L4=":{"valueMac":{"type":"Buffer","data":"OR0UESIKuoia6yswReLiCurx1xNcDhKcDmsyQhB5dnA="}},"viszGdhvxVkbqIXtz+u2XG78JVR/T+Ns5Dyk4r1a2Cc=":{"valueMac":{"type":"Buffer","data":"HcWMLSBl74Bx1CNbm3kEvwTc8ksiWhzCSIPP0NeCpbQ="}},"vmUZA1Us41efQfS0rwer+yDExnQNItNzRA9Z8veuv1U=":{"valueMac":{"type":"Buffer","data":"LbroTYNujkjyRduSg+R04lRIYxw8NCNSsbRA/7hU6ME="}},"v6yauskwFnMffadLhqxRyvoGslVXtfDhTe26//7zvYM=":{"valueMac":{"type":"Buffer","data":"ukNNVVXlfDeoU/aoS78H7XmC5sdQhYaa6mIIalb7btE="}},"v98sMp4ULbbVKdyHbOp05YwIP42Q1i2uyD1Ra+cq2vc=":{"valueMac":{"type":"Buffer","data":"ScHlvqW9qMDsziSdMe1Vwka4ycecqKvbRnDujrVRTqI="}},"wLJCarYNSeSCmXALgWDSGwhdemy9fyuQVsyCxf3MgxQ=":{"valueMac":{"type":"Buffer","data":"cR6SgRmxuncxhxtZwrcZjvKMMufqpy+Uam5RlG6zZV0="}},"wPiXeXITo0IQ25JiuuneRj++ykyAmMILH21a5tRpDdE=":{"valueMac":{"type":"Buffer","data":"CF352yszRaP2V2OIEAFG+8mayoeVL6UKOmhDZz5loM4="}},"weuosivDfTAFivIcsxfRW0KBWo0IQmGO+RBuEWSqZyM=":{"valueMac":{"type":"Buffer","data":"vHAdpkwaAFzoRlOlZwLzImOWbh3tRgOD19EtfhT0Po8="}},"we0BpCXywkN7a+HD3PGxLHuXgXukQ7vB+MP+RzQ3k14=":{"valueMac":{"type":"Buffer","data":"T7FEdOhL0CZQHz872XMdCLmLBDLwahBueRQJvN7CHwk="}},"wvTt/8wEeQHzITISxXn20ImbIVLRMop+67/eKE/KMEw=":{"valueMac":{"type":"Buffer","data":"5GQBukg1MgSSz340OVJIvBC/EIlWseWC1glGAWvujQA="}},"wzg8A2wwKz2aGmYlicxIxU+ZRKnKkMVxm8j2/qGTIFw=":{"valueMac":{"type":"Buffer","data":"yKLZgjtJBrkkUZiLdRaCavNrM56Bp9pf0E2h0nIGq24="}},"w2ID4zaxIi7rVgEj1yUvGgOUEwxhTXs3gJilhMtWXWk=":{"valueMac":{"type":"Buffer","data":"WBScP8mb6YSz9MRKtgrSadL8cRZbPmWO0a43FX4dMPw="}},"w6I9a+6TjlK9H0hcGX1+yHBOdd8AzdMw8Bh8999UPFs=":{"valueMac":{"type":"Buffer","data":"GodP8VJ0kHlOk2MwB4/XoRf5FxLR/drL3aIHKGln1v0="}},"xHF10p7iJbnlQg3zirhUM3Hw00k+37bjuYZ6Zx8h9WY=":{"valueMac":{"type":"Buffer","data":"6R3ouL8Gg0Yz+6x9taZd6+ByQnCxlKtIzZ67YncvN/4="}},"xTWQxrMSaSYjJw3JLYkWT2TGLNbBFNgswPHvMmqVdNc=":{"valueMac":{"type":"Buffer","data":"f3FPQYmiMOInCUte2gGS7/EjRT3dzSQGJJ9rGdJc2t0="}},"xY4YE8oD2Dz3Ozgz0S2TQ0lqgxePHmcw39rmenCpf08=":{"valueMac":{"type":"Buffer","data":"2mjseq8+PY2aWUDGKzsd1xh5WqRCMbRGitr7o7TSDME="}},"xpiDVxIEDGkVNWy0VgAwgvAihCJhMFvAprPo9qxqc+M=":{"valueMac":{"type":"Buffer","data":"dYbUyFDcJ2UPSL5L2sT0Ukg09vabn+OpY5NOyMdp2mk="}},"xrqv5JgIwwNKSIonN9OcAic7sWr8RxfE/4llp+YqjjI=":{"valueMac":{"type":"Buffer","data":"MrGxXoGblNO43D3XpwD/GrFc4i6wr44lcZk/68cpxd0="}},"xxTJVj1Epc8dIPsSaNQrejC2XLpmrlSPY5mWqtqwaAw=":{"valueMac":{"type":"Buffer","data":"ySzecYgUtEA7yNK9vjMjyOBiDNKTPJWIIErSrM6+Fm4="}},"x3y626yZPgb4B2vTywiCIPXmB1GbdAdviUsdsENPZfc=":{"valueMac":{"type":"Buffer","data":"FhQY0X2hORTZPDlRoDidgRbybFtoc+BBeAgOJ2xmkA4="}},"x9kKxySrkJmvrOhH7g3D8sAQltTYN/B0STGkFHlE0Rc=":{"valueMac":{"type":"Buffer","data":"6wKsdh6az5JWyqKb8YN9BpOmagJzbq9yFIgS3H/ZFQ8="}},"x+dA4k0IN9U5HrzzKdso57QxCJ4kF0ieCH0E1oiRCKY=":{"valueMac":{"type":"Buffer","data":"jRaPBE9nZO9NvjR4k8ATnRDhQHOyDPMcrWsrj6mNzMw="}},"yIZa5dcpnduMON35pPqgi0xdMlFvhZk4j9w4itTohrI=":{"valueMac":{"type":"Buffer","data":"/P/MIIxxMC3hICtnBcCMg5LThmXVj9PQ7PJRddLn4bY="}},"yaNaYqHY9ZCzTWo04/vtuNfXXV/uOAWg8YpdURRP/lk=":{"valueMac":{"type":"Buffer","data":"nxMdUXGTZ++8/KAzyTgCzsEnrrNBtJutxDn/VhK4IUg="}},"ybauVQ5DaX5U42F9yUQv7fi7hsAyapSI1M2xkIdbZVA=":{"valueMac":{"type":"Buffer","data":"YVEYHCpMByi7X/AXE7Cnfo1GhSdKn9lwoBjR3ljAtL8="}},"ycHJ4Yo66DKg8v0zPeWgHgB5p/bdDahMqPuz227lhmw=":{"valueMac":{"type":"Buffer","data":"s+X0JmqX2neXqQSJyVydh82DOZFTjw+5DtCFAtRfPO8="}},"yeuvl/eIqG3PnoYIdMSbG5L7frSTeicOfU990KuO/kQ=":{"valueMac":{"type":"Buffer","data":"ojWw4ZZyfcSjbJfI1S0inwaxONQ8MRNSBteIyDih1+I="}},"yjpmoxNzyf/5H/Y1uaf8Ekuk7H1MJM0KqyZAbhkknlk=":{"valueMac":{"type":"Buffer","data":"MRDHsgohTygiY+cLkFMX6bhnzyzFGJ4i49Fux2flEwg="}},"ymZtHaLvzAa34l8Co9dD9afO6LXutAWK317ZV6cSvL4=":{"valueMac":{"type":"Buffer","data":"qTDjVZu6EhVBt/bae0bffyeWZE6VCTonmD0Vt87dH14="}},"ynz8KM1fOUfJIrGiYTzttbPU8JvcKCRuAllKo6yWmMQ=":{"valueMac":{"type":"Buffer","data":"CoqlVfx+vspdSwrBnEzl9Y50hjiHqRBHUE+rpRE369o="}},"ywoNvjW0F0sG9fBW022IDujZb8Vd6APQnEgiYdCl1v0=":{"valueMac":{"type":"Buffer","data":"73uEFFNBuOyEX1zVOriY2wqrSs6dL5np/GoVBpgYO3w="}},"y0xFIZEC8YQBdnCH4YD+LmNYEOlYXQ979uHRdm44lCU=":{"valueMac":{"type":"Buffer","data":"IUrE4VpLKxFEhkGtuYEHh6QT5ZBj0KZgHzB5mOCkbBk="}},"y+azYIAGRb5DwVvxOXQeI9k/WhmxYJRUjKq7bYzFjZ4=":{"valueMac":{"type":"Buffer","data":"hlaQ0fUQ2xc74efpaTck+VHxu9QSuExn3zqMCyrD1dw="}},"zDWxNQOqtiPOCCVi2i7evmZF/89ajye0+Kcu0TwI4rc=":{"valueMac":{"type":"Buffer","data":"za2gUyakK+ol1aqA1nc5jmW8z8kSeBvJAyMDQhjNCRE="}},"zFDyp2z/OqdOYuvqb0NeEtS1UYV0IpeOtm8/gmDOFWw=":{"valueMac":{"type":"Buffer","data":"Ij1CDBWvRT9q6iTQDLMvxDS/9B6LkT2DhADg25sJknQ="}},"zOb7kQfP8GOTDHmb/0aeW5p7jj4UZVYEuXARMnpOz+0=":{"valueMac":{"type":"Buffer","data":"outs9ZWreeY82y3XvMtAoLtmLy6bDtZhgj3iZd219Wg="}},"zQvbB9xxo4RC2DaVApUalbU8pFAFthGTlDWJJhT/LYc=":{"valueMac":{"type":"Buffer","data":"c9M3MSuG7ovB9cozTV9hwgCzIPa6efCe/9V3EPb5CmU="}},"zcmLMlhVesboBGfhutzL9SdFtc33i1DTkR43h+pFbvk=":{"valueMac":{"type":"Buffer","data":"Md4gXjRsVi1H5iFnS2t/edZ4nB6AYQcoF+o5DTAcUbU="}},"zdSgBgcU2FVyz64GSyrBtp1AqHhumWyt3GwBDoYyzcY=":{"valueMac":{"type":"Buffer","data":"P5gQ1z2Ky1/fm2/JV/2XNDL6B/2rUYTh+5o5QY/xfs4="}},"zhG9kC1qZ1x+zC3qZxEZPx6yX4wHOYl14Gc0w0/7yVg=":{"valueMac":{"type":"Buffer","data":"2WVbceSNNpPWQhOChoqWkTdbifyIrbuN2HFHPtBoTDE="}},"zjmA77Mg44Hr84/CH2O1BRj3AkaF8wHEI/l8WEeUrz0=":{"valueMac":{"type":"Buffer","data":"HKDwiQWkiqkbYUhrsbWN31fjNmhooFY0O7eMZURx5Wo="}},"zoZ3VqL0w2t7drApV/XJ0QCVoFnuwf+BIT3xboykl+w=":{"valueMac":{"type":"Buffer","data":"Ul03wgKbu86b+eX+GrxIGCEhiWBoWYjb6XiDc8k6RVo="}},"zw61mWajfIsxMWnqIAmlc348wS7tO+tS84xoN+cxeZY=":{"valueMac":{"type":"Buffer","data":"40oxvbh/UPqCVpS/DHAHx8BGaeYlwLAKt2j0b6FHm/M="}},"zz8d7VE4uIkX+/CxJGzymtOzPfByKx4WxBLXlazqREE=":{"valueMac":{"type":"Buffer","data":"0ZECfakTRyHTZYeG1fO5s/2f65pea0xPpEXGK0Y6ZKA="}},"0K6L5vo8BZBMHZIfSycvGm4k4jd4+5O4N9WQiXor9J0=":{"valueMac":{"type":"Buffer","data":"XfbsdenTlHNmPCptuFRIJXE61MBeMGIyq7SZ/tJKWWQ="}},"0PCiKCWkoLP2iUSMlVU15zdLk2/hD+yArPlHNJyCW+w=":{"valueMac":{"type":"Buffer","data":"/bkVJa3/LawWYHqtlJ6xWi2DjFR2TyMRUhad7vYCRkA="}},"0PfvwM3DtrBMuxkA69RryB/Hb38U+QtyCck3OKw7UqI=":{"valueMac":{"type":"Buffer","data":"kskwTFNqoHcjPb3Gtnr4EZeNlwY/60KRMP9XivujM1c="}},"0RTH0bLADts8trIkHuIVMVExq7osXFNWy1lfscvSpqY=":{"valueMac":{"type":"Buffer","data":"fEOMdV1X6c6p3QJ9WgBk+oX4u7XZ8efPzqh3kbiN5+I="}},"0WCC30yLArufdHCyvkLhVyDuC0x94O2azNhozrplJ2s=":{"valueMac":{"type":"Buffer","data":"SeO7VNdJoCddYBuz2Vi5A0FSmFey5gEWADj+pnCEWHM="}},"0WY9+fapppkUXeeJG4OWyMRgCDSiJjNSB1Gj5UNhJiQ=":{"valueMac":{"type":"Buffer","data":"a6myTI8jerdLoM6DlOriqH0+gd0E3FXoaX7aNcToCW8="}},"0XfjGSsTYFLz97mVVk8oTQPt1OLQLNqXKsX3d32MI+0=":{"valueMac":{"type":"Buffer","data":"xKmAb70uj06V9qXw6ynvU7EKbKz51JLv4qgn9+l+OQE="}},"0ZkOZLKO3N+Cly1puQWlOo4TRJkXm2VL1WBxxv+ykxM=":{"valueMac":{"type":"Buffer","data":"LljqHisp+DUHj7kxBX14Ky0wKtxDUQdjkDfsF1w1agU="}},"0dO54ipBjPSNOVhlqN67kU6VUgRbMI11cPvk2ao7cR0=":{"valueMac":{"type":"Buffer","data":"AJ+rkDHP/EpjJkO7CMq+0fcO4U5I5FqkH8dEMkNqXP0="}},"0i1OAWLDRQGwEJfMabIDXsTzuUv+1FgGei6rXtU1uHk=":{"valueMac":{"type":"Buffer","data":"J84o3WKlSZN7tlAWzG1nB+iQv0TTviVK3dA55Y6IJxU="}},"0kCZjUvVs2I+0Uqt+kdbVHLdD+eN9c5juI8G57HT0G8=":{"valueMac":{"type":"Buffer","data":"u8RPKWmVXzVQeTXR2+5kqCj60eOGOSjg1w+yaf4mHeU="}},"0k6D+Q9L09ktYX1qIBH8DvWTe4uU7Q9OznO4goWi2qE=":{"valueMac":{"type":"Buffer","data":"GSMpf8SGRYFLkivVNKFnkEMicvdmQBkqsRGSDQjWajA="}},"0lLH5RjN0EUXURaR0s4BH1tI9ox8n4aWpGpmEXkBMbU=":{"valueMac":{"type":"Buffer","data":"wnzHfH9sW8ZXdLex7O/d+clzbHK3Ika/f8gEndwf9+I="}},"0pES66bQk5WbbXhEfTl+JiJiclCb0/wf31+zk0GKVa0=":{"valueMac":{"type":"Buffer","data":"Bm2u0YELFhFuqeY5oXrr9naI0nVb25WF6ltfoZWTm9Q="}},"0tWq/GabdhRkfISIvIXogcmsmmwQH/lGns6SM8g//Jw=":{"valueMac":{"type":"Buffer","data":"P98sy7SaAqHgFhYKa8bsUVzj8UEM7LHMmAe47CYbEjo="}},"0xgBvpsK4MAEob1B3bO3gFXYmOXMQ1b3ZQrHt2RAFJ8=":{"valueMac":{"type":"Buffer","data":"oHx3Z9hwF21/9bXTP5FcXS3iWhMdHOGfgw3JsmaFL5U="}},"0yrkLSjXQatCsIkBhtggPz00wsVXFbES4QPlip4nOOU=":{"valueMac":{"type":"Buffer","data":"4z17erp8iG06Dg0QTfRY1jJjKZMLCC9ZjgE9Xu04sMs="}},"00gX6VcpncqQekwP3J3zkKRkW2Kn0uFD0IPppuNrxio=":{"valueMac":{"type":"Buffer","data":"AgvNBU0JoDaN4N+483oLhW/edIWzz8BPVW4YH80AmWs="}},"0/dj6HzWzpPySUMdYJsmYrenFfNz8gy2BWnCLMTWON0=":{"valueMac":{"type":"Buffer","data":"nLhmDwQJo+/ksvZNMnS0PXhJZlqU+d45cG2OhsF9XWU="}},"1FEovYGWEMstB2I3tO2E+SqqnaEYis2bsWdGCpwx/SE=":{"valueMac":{"type":"Buffer","data":"5/rwrHkfEOK8QTlnprrYDpRlj8pZZbvTLZVYi+l+Agc="}},"1U0SbvxcztHjzRM5MBE3QDSgckmaEMdJSwGicJyUd+4=":{"valueMac":{"type":"Buffer","data":"9uX2dQLikTQXVIJ2MTR7XBFR91FAz8V2I/KiPGTBz80="}},"1aqgpjqAL5J3xRpSPILMTAjJPB8oIIwccDfq/Y2sMg4=":{"valueMac":{"type":"Buffer","data":"aXv6qB/4WMBzdzwzl7rqm+vNibX9U/tLST9EwBeEOUU="}},"1cQf/rQ5kF1+G0bdJB+PZDp23xf6YRl1my3HSY6infs=":{"valueMac":{"type":"Buffer","data":"fSeUIAgYT3zuMzlktnhwao8Ij/gur9bOtoKU7vQgh5Y="}},"1o66j+y8uVZa7p4O3Sz3/1A2YSX6mC0wjqNQTuD1dKw=":{"valueMac":{"type":"Buffer","data":"xVl2/duNq7og/YI5qQ0XwYQ8bCLK7WZqjIDbf6FA6tU="}},"1vS2mX7Ro6klx1o/gdLle0rxRWXM4blQA3UTsHggjoU=":{"valueMac":{"type":"Buffer","data":"y/5/PIDfLl5o/KQvFZ3OrOlAvQg36jVT+2n1Fpdd7qo="}},"15hBNcH4VCK9o40uhYNAcvTXFXnzQdXI7oMOEE5P+rE=":{"valueMac":{"type":"Buffer","data":"Pftma1G0FxmjowzA4nGi6JC7Qhl4wTC3JfT49lYK4pk="}},"17R+GrU8OcgQgXRQrf9eM+8r34UhxLI3N4sP/1i4Vgc=":{"valueMac":{"type":"Buffer","data":"FImesWdP6XF3uNGZjhcj1jaSt35pqz1RaR1hAT6mfTA="}},"2AIstZQ4PVF2K+iVqmsvEB1/+ePkgceInnoPc0mv3Lo=":{"valueMac":{"type":"Buffer","data":"qWZdyxVJftHJeR9R+GRCQx9D2jYWFXRHbpNo1D3FpJM="}},"2G1VNvmMNZ5Mv+NCHaS2KLn7EpaI9pRiq7AMaYuao9Y=":{"valueMac":{"type":"Buffer","data":"em11z+eBcGeMmvIAtYvZ5zaOZLiJLN5R5Z5kjjf+iz0="}},"2L2Jzo/uU28GrAgKSn9xvHSQ8jpl0tb+m6aWExvvMYk=":{"valueMac":{"type":"Buffer","data":"UYrI62+FlHIjMWu5sQ4J4Ee3DpgDeRhuhdQnIJ4SPgE="}},"2ZIFJu6zbXszizjAwemGiQptqic3RQOeesA1uWPL0do=":{"valueMac":{"type":"Buffer","data":"5F/A0PDrCOp4ZB15s3x4dAELgfeGhchHY40QaBJok7o="}},"2hbFjRcQwzmFG+3HHa+5r/Ci/gIDgDXVTeFj6ncxdHk=":{"valueMac":{"type":"Buffer","data":"c7spA4rRcv080yqSrtj78jUuxcO9QzNL+n89I44JjPw="}},"26hMpcVFdydPcIdcKvJpFcxDf2FzMjp++1PjWvEHMV8=":{"valueMac":{"type":"Buffer","data":"Ka0nyeZtptBY6giFvR94TKeXjoaIjmRmYiqt8bzumyA="}},"3GXMLOx7qZoFfVXxPFE7V9+vM5x4MynhILcDhmGhbDo=":{"valueMac":{"type":"Buffer","data":"pvRDDKC5CVa2PaylaymgJ0KJTniPQCIY6XFw+uQYHPg="}},"3Gv/EomhwTxDljR2abWHEzrovpTizjSGpoJGQpVFOqc=":{"valueMac":{"type":"Buffer","data":"GmsXneYMzSjYt9I3ZeCYVIlYP4YhRFB1BmddBv14yQE="}},"3QGwK2Fk9aL811ByR1X32DmZzmenRx8+Wd5fOZXR2Bc=":{"valueMac":{"type":"Buffer","data":"lB9KeTOuVBRJG5zmhbRMyXxgcjKTvZ9IGbwXxoPXXbE="}},"3Z18wrV7f9c13NjB9zO+bp3BeopQptNS1NWjZZglefw=":{"valueMac":{"type":"Buffer","data":"xzJR1Sl75WRQCrgiUHG9jXga+v4y8q1dwm93IDQg4o8="}},"3a0chdwy9htaWKidRTWrtCutFvgqZ/SjdE1W/feYIrs=":{"valueMac":{"type":"Buffer","data":"7dIcbVEdvu4awfEPvpDSpL2Bdsb4Yk3yeWG8wPY3cbs="}},"3dGnwqeMCzFlG0bgApibb/prIMSkQGGGBb6/Wt84kv0=":{"valueMac":{"type":"Buffer","data":"GUKn0OLiaNPo9TskzgpCN7t0VuJZtEcxtovlHyEB+0Q="}},"3hpPtbiQQiDox+SQPTA3EMSH/XUtFmqFG6LpVUbJyhs=":{"valueMac":{"type":"Buffer","data":"SgllivVMlsOzdDKnKvnRY/MVRT4FpsnBCdUSqIDQ/PQ="}},"3kOk+j9kOErQtVjwhdjeYKNjBEP+vXiL1Dd1chTMqS0=":{"valueMac":{"type":"Buffer","data":"5RDOAWDLhICsbduqofOFgLD86MBWgNdhD06vUvARyWA="}},"3xeZ/9SKRQr87XSIZLLXPPB3iAs2APxUmE5WXqW/gNQ=":{"valueMac":{"type":"Buffer","data":"Nma0II5eKm0UmWJLFSkhbgs8lT0O2zsqcDZFgRP4fho="}},"3xuEUc9hh9lumBqFiXSjAFxqqnJyn35xIpdQvJROHSc=":{"valueMac":{"type":"Buffer","data":"QyUhP9Z0/zBuhVqEoMCuf81dVNc+57zcr6cSTScmetM="}},"38CgJp2YYAdlD7sIv8g9ANNCMFwSxPdi0Y8Vg5bc1UI=":{"valueMac":{"type":"Buffer","data":"8AM2fgiqBGKqi+K5BSUdIhfw6i6gkJdpF38k9SeKTQs="}},"38iEKizJBezrSPs1P/Me8Z0EnnmOP5OHHXqnjI9fut8=":{"valueMac":{"type":"Buffer","data":"fhv+3eWjQ62KpF3SWpJ5mw7Q5vBJBjlNLjL3biJOJ9o="}},"4CRB2uM6PhGvHdsXGxRTF/lVwNKFsacC+JdRPgQfOxE=":{"valueMac":{"type":"Buffer","data":"4e5+/02MICEPrxfdtipD+2MFus2fFrUYCj9m0dqRLec="}},"4HjhcM7+T2NSUr5TlUHbDkfKxyAMo6JZ0BMh8McnbAc=":{"valueMac":{"type":"Buffer","data":"UZtadYH8zITuhVunZh7fMvu6ZvIyhB16ZwjbrvNae7c="}},"4INYmBigsy2V82Tub8bFKLs/4rCdNklUcPfY89FIP4w=":{"valueMac":{"type":"Buffer","data":"S6PhI+Nl6jH3pU3NjaXdwWmI8WDdyY8A0xZ/BoiieDM="}},"4LfFn50lVd/9qMl7eL3mcwueQW/ZN6EoWg2O3JHWkEY=":{"valueMac":{"type":"Buffer","data":"Ugc5DjRZm74wNuwEM+WhIVJb/o7YjadSroKftfkFeik="}},"4ZS4BvXs435GoTWm3YnKFg5qJT7Zr7EufeWDycixv/8=":{"valueMac":{"type":"Buffer","data":"DIijuYIlIr66Meb0O+qREBvBCinCS69MujsVsd6ESPs="}},"4c3kwGiiajQWV0xL98Ct4T1Aagmyt7JquKly5nQ25QU=":{"valueMac":{"type":"Buffer","data":"jl1dAxTfLJVTsLs3fyNrP/1zGwtY97XlN47BBqLrMcg="}},"4jXVLxOWxPxnEJrw1hDuQ9h8hVwOsaya/Nax1GT0f7k=":{"valueMac":{"type":"Buffer","data":"1zEWWaba/pRMTay0Wt1qhN3+5N/zRO17Knt/zsIE+OY="}},"49i1seoDCyLSXDVsrQjk1nJDjsnNjzxzGsOHojKteyM=":{"valueMac":{"type":"Buffer","data":"XStOURNnnu9kVuPhPLe9f2TU/z35NT9wD6r8wUN8Dbk="}},"5GC2TggwYxPcqNvjKukEIcNDZJ3b7F5EuOD50rjGy54=":{"valueMac":{"type":"Buffer","data":"MIT09xPB0Uxe3abYoy735QYO8RwwM1MjzVd1BiAhCiw="}},"5U2p79tGMiABokBwHXagwytv45KtpFxfsf4ixP/q7Os=":{"valueMac":{"type":"Buffer","data":"C5kpUc/LIckqu20qPzDn/BG/hx/cNHvupJt4XxHU1Tk="}},"5pV6E2gf4K4pJCiES800KaqeosfKJ5W//Be1JJpSkXo=":{"valueMac":{"type":"Buffer","data":"0mZt/PETARSSKA6eB9rrqYN3uEgJEk1duQLhMC/+1X8="}},"5p5+9bmGi5+k7x7iVFigmumr8lWvcoSmhk2AD5/U7LA=":{"valueMac":{"type":"Buffer","data":"vz1skC4Ev3mYsEnLu9j8JlnzYv7dNQf5sZUbnSyMJxc="}},"5rcKgUKyIZIRHISM228bRnBMS4dWOD02gmBgW0/Lihw=":{"valueMac":{"type":"Buffer","data":"fKQI0ZLEoSjaUe0q3481ZDihyXu68UGiizUuhkxmE6Q="}},"5rh0gSwYyc8xzl35JGygEU32DCHRHj8aJ6zslLJbGns=":{"valueMac":{"type":"Buffer","data":"IbP/kRmBp9qmgDrgDjGrFUJV2tEGrsYVTCo+NNBFiGk="}},"5sAraqwxIYwBB+Fil3Is5vJYWNYuOCduM1Q6e1wnp7s=":{"valueMac":{"type":"Buffer","data":"qv0P+a8g1WloOFObqgo+4UvJktSfRc9joPuJfTgBXgI="}},"58GlP+tYrqqunkcvhRbq55UVcEKlqhnEF9zm+lIw4xY=":{"valueMac":{"type":"Buffer","data":"2e9OL5gGWlWG/4ozZ/WtrhhGNbwc59/vp6hrSsZbniw="}},"6G1yzc6V2+P6cQC1VanOaact9Rue9p+N5dUZcN85guE=":{"valueMac":{"type":"Buffer","data":"bbC/GPvJx7VIORqTbaP6e0GbZ7VatPc1QevqvvSt+5Y="}},"6HNynfCRn/hFt5kGkYK5HPMEPRAgYyCEok2kHjCDbDg=":{"valueMac":{"type":"Buffer","data":"MPwqHNm0LcAnklWWlhkEZ7Fi0DGJOvogv1Le/tDMi3U="}},"6IQqiYEsoX2+MwQWJk4Gk3Mygem2+h8++FIRPXolysk=":{"valueMac":{"type":"Buffer","data":"PivxyVRoF8reccsMhefqQproA3F5778vGSH5qb8/VhU="}},"6JdwAoUiSTuJbuRVOFOgC7FDSRpUcbQuJ8ZZmyuCmWc=":{"valueMac":{"type":"Buffer","data":"o0YtnvJE4sxMepnpT+xC3zK2oFcKmRt6de41HGZNktw="}},"6O/T8BixNDCp36zrF+5NcPthBrPn/0FuOCRbqNkin18=":{"valueMac":{"type":"Buffer","data":"hpyQIutYIE5VuejYYQ9rOXMCGpUsrPnUODfeMENM2QE="}},"6nw9lVtbnewvp1oAhdNbOkiXTJ7Fat7ormyOEAOFZA8=":{"valueMac":{"type":"Buffer","data":"JoNX7VlqcwLNln4P+C+RYCPO4Md3645xQ0CPM8FXz+g="}},"6qXYGFGzv2E34uHvX2Z8xUFAKcuoxsWd3kIJ14HCdKc=":{"valueMac":{"type":"Buffer","data":"S6vKFfLul5RMoaTGvhFpv7LPC8eRrQFJOsbpUYomUJQ="}},"6tkgAtb3VutsP207llI5dNyDKnzRrJYuATc3fskKcJw=":{"valueMac":{"type":"Buffer","data":"tzg5s9mOBcX+qaYIIo7mFw9rqCdvWTta3lT363dh7Mc="}},"6z4k4IerNJfaWUMVJmXQ3Vgxxik9iniVc/9FJ7s3ma4=":{"valueMac":{"type":"Buffer","data":"fSvJbrYR3txzNUUV5tlmFCYM/IA7ibaVhnOKlCOvRXY="}},"64rnpvfXI3NECzvZMwvvwLOEs574F0gTM/SHtf/XKYM=":{"valueMac":{"type":"Buffer","data":"pJpR83crLY4kekbCalr1HcExW9d/Rs1Bw+1J7mpS1mk="}},"66eNbwkfjwbitJp7GMt4B1DarEOGIm1RxFCgKR68wQE=":{"valueMac":{"type":"Buffer","data":"lnwTfVCEb2uvmN0xm3ohDx0zNVRBnRrUU0n+wMw9Gck="}},"66vg2mb9ihKI+AfS/UccAv8Cc4j1Mt7Y0KT5ysScuU4=":{"valueMac":{"type":"Buffer","data":"gQ5NCsz6bFi6bB5Jm4Kwo7VYJo3/0WaiMcwilRxMlfk="}},"6/a3iZvIF/wK3K2C2sqYvILgT1LkLT7hJeo21AioYyk=":{"valueMac":{"type":"Buffer","data":"Ci/Jf0JwhC+9t+N7zhRjNhSevfczjg/M5u5ZNLHsSdM="}},"7GR0/mTY8tRWy5fsjZuHlhxy0q0bkLNvPLrinAZD9lo=":{"valueMac":{"type":"Buffer","data":"g6UsK9FxEHE9+4UbKxTTPgChGq6I2SE23KdE3y8THTE="}},"7HP3Jpya/uJdq26JlTud5lks0dI2XEpgNlNWJg63IbE=":{"valueMac":{"type":"Buffer","data":"MywoqvYiM7qKwbbMHUMlncf43H8sjDucTDee1vuZlQM="}},"7MvCiHpq09vVbZLI578a78sdaTXoeT021UrWcXKGzGY=":{"valueMac":{"type":"Buffer","data":"i4tRZ37/mYRloo4CUmvXKjmYKfx/8o0PnOXHLpjN3NQ="}},"7RGkPVDBFOE1IBskCqdsiM2B+Bh2KoC4wTxr+6W7uZM=":{"valueMac":{"type":"Buffer","data":"cHsseyXaYw+ICfvH//QyffuOa6nqWD2HOvLusEjjW/k="}},"7RN5cLZkf1LjbAVjuBv1okypCMpEtel61c06Si4Bqg4=":{"valueMac":{"type":"Buffer","data":"++rfON7ZP/AyRVc4qT8oFUdjgdqX5i7wooYkoi4I6Ec="}},"7cRhgWDdv1Pq326DZklgbUIRcCt3FUrOiWCC15z6T8U=":{"valueMac":{"type":"Buffer","data":"IDYsG0iOLLAT0cZHhXzaXb6vany0No4lgrki1p0OtG8="}},"7y4M9MrxSSga5L5lVdiJy0oG7wnQn32BQ+/22QeQ9p0=":{"valueMac":{"type":"Buffer","data":"8XCxhc/cLbuXF5tVCNYhoLzwy2c3KtaeW8yrqHJ9K6Y="}},"70aIpc5K+AnKdibnMaUDwffLxY0L84PKjONXjcZjIyI=":{"valueMac":{"type":"Buffer","data":"iQ69tjAr3hSYl1MN4ykrcXvDSuJTEMN8Y5lOdzcomug="}},"70upfwyk93pq8889Py1f6b/uXWjFoD6hP5+2I+dd85k=":{"valueMac":{"type":"Buffer","data":"CPHvZsKkJvWRAup647ZPHDuFbL0dp4YoeiRfmsotpvY="}},"71JOSJxg2V4LW5arYPUgdW7EXnR34MoFPA8R5oXpjyQ=":{"valueMac":{"type":"Buffer","data":"hAErcPkoSac38usaAdb6Kf1F/DhcWTth6MTjSmD+wgw="}},"77F2ZDM4CNY7xrdfUM6+ztHs2aOSB7LmeeSRYgMPJLk=":{"valueMac":{"type":"Buffer","data":"yQaOVcdpyqWyYt62XUQDO4I2L2d0Vo5rQGXNRWQpMA8="}},"7/MQrpNfJqpR99vbXo1f+pHlBpfhBAoBuHlMD/QhqEo=":{"valueMac":{"type":"Buffer","data":"eGw+9yX4stEpYaMWrfF9zz/0+8cAFaI1nSggKvwqj4k="}},"8ENCQ8sWCJDj1+Aar1at/AAr9h1FgsZDcdZIv0B1atk=":{"valueMac":{"type":"Buffer","data":"LA6PPQ2aOB9rp2gLiCmbw2AHEXWkfNMkxXoP+aBCV8Q="}},"8G1zytJ2yqkKRW+xPA0mHQJNa1m3dWI7HvWJUqLTkFY=":{"valueMac":{"type":"Buffer","data":"WnXWiKHEepENf4gBhtv3n1CxqOrcGTOxc1D1HITW0CA="}},"8LNhSSFcozI9enSu/nXPeSafTdskRSWYjrZj31L6esw=":{"valueMac":{"type":"Buffer","data":"0Pb6wvmF2RrpUuQyworKaxMA/+iGrXlkZmBfbtVWdac="}},"8OOJ29z+nG8B1Ff9MhCm0pm1RXjimE0tU+su/Vc1HNQ=":{"valueMac":{"type":"Buffer","data":"BD2vBlMlJD0kqh2QTCeXShkUfqWX8bAcEDeLW9oFdeE="}},"8QioJo9geQ2uESQA4xAbtKeu/p3zJYQqUBXqAu+fjG4=":{"valueMac":{"type":"Buffer","data":"6embQJvFPf7FBtA2QLjO/buMR6VdOQlXsr4mcHtESSs="}},"8ePIYJE6gJoRRb3ankBaGMwzZWXpn79TWnEbbSmhdrQ=":{"valueMac":{"type":"Buffer","data":"pZNgRUx5selfn7/q0F+Y7Z3rtmEeMHR81OAGbeOI41k="}},"8jN1z9yQc99iFZWOshuGtcpx0VVIhmIogkG0jezHXJk=":{"valueMac":{"type":"Buffer","data":"BfcLc35CRqtwWp0gGFg9veidsw+ZyHJWTx785DvVp4A="}},"8jvsl+1/nPXKSOMfroeu1DQUhrUe4r897EV4UjXfxBI=":{"valueMac":{"type":"Buffer","data":"yLcZsbclqUbi771tYbDlI4DobV5zf5w+C0bTfEn6rcQ="}},"8k1OfVo94hJ1LoNzrVJj8wMzi9Y67u3FVerGPfmFBPs=":{"valueMac":{"type":"Buffer","data":"8j0+bqC6uQMRLB4okRRgP6pLHllIbh+i3ZBG3cb4YFA="}},"8mUPLSrUtsKMABTbm2ik0kookQpOQcH8NAN/kHVDLRU=":{"valueMac":{"type":"Buffer","data":"P65aZ3h2ErX/2wyDxM7pjrdwYe7P5oDl4GCu+CfF7QE="}},"8tRwJ9905MRqDAJk0vfLJGW8sOO77xWz9n8zysA3iEc=":{"valueMac":{"type":"Buffer","data":"kPn9E1wcx/KhaQr6Sh8IibYF5O3GvK7KH5mNgctB9vw="}},"8/KLILrBPTNXZVmNktssguyfTCYBHJ2GcYXD2hhM0vs=":{"valueMac":{"type":"Buffer","data":"NzKZ/GTTXejqkWCrEnW/1CcHoQFKxsSgB+LKDyZtVEg="}},"8/gq/xT8Xhg8SWlMujkBVB7A8tla4oi/txBNRyqggOs=":{"valueMac":{"type":"Buffer","data":"tHq/tnLBDHNrdIB3RIK8PLjj06lfD2KMQf4UrRX2SkI="}},"9RLb7Ekl4LsgLFOWqp+ZUT+7fuiB1J7DXoAjfBc69qE=":{"valueMac":{"type":"Buffer","data":"qVfEZD014YT8ktM/b14cGIdVQGfEK2rBmSioGLWJShE="}},"9eidyGuRF+Fpzc0AmNfd/m3txdfOYOCs6tg4XaxA+jQ=":{"valueMac":{"type":"Buffer","data":"dEeK6xZ19JFwXj3m5L6MXatsRtZofuw1e4DC51TzkrU="}},"9fhwoa1JDtb1zxmAMxW3UdCD1z8kewTIyw9xuwTg3qE=":{"valueMac":{"type":"Buffer","data":"otoxnWszX5EQVmpDDyDXzOPxDL6oJKrcel4DLRm+VvY="}},"9gJgOOOYn7Ijb+qFKPMjYLUyGLYtFEwyjrZiemd9oKU=":{"valueMac":{"type":"Buffer","data":"XmFAH+t7h0SlxoFsvQtRUAI9rL76gxOywVCp/8bjr6Y="}},"9jl9dJPkDru2+ZVEet5UH5a4cXoaHrD/C2ew6YfuYHQ=":{"valueMac":{"type":"Buffer","data":"8/q4KJ/OZv3vOXJ/z2cPAx/ol7IjhanKcolG9qUmnZ8="}},"9mdYP1WJ1db/Pzfblsfe9ZtbldrJiABcvL8r5bUIDxo=":{"valueMac":{"type":"Buffer","data":"oaN0TwODCXVgbuCPuRpqL/jBZwOvNwTX0nYY7JLujN8="}},"93P4C/caVRCEGh0TEgmbrG0QymA6KYkHqu52sKzNG3A=":{"valueMac":{"type":"Buffer","data":"DLIwrhlU1XmWrR1cDcJDNpY4I2wN1ClB2ihZzu26Fpo="}},"94Yo7OF9Ew2v1/3L3nytuTNPuUuMAgsLIeZ/FC6KcAM=":{"valueMac":{"type":"Buffer","data":"C66PiQ2JVoRqBi1OlYxW+EnxsoG5MJZdrLqv789YtaQ="}},"94djkP3fATsjW1Z8tJRv23lg49HAi8B2f1kPpWKCY1M=":{"valueMac":{"type":"Buffer","data":"4UXp0GjBNVKLmg0ac1JVYvCGosQDlJMc5i85V/7ZD4I="}},"+K9sINYtKjV4Bz1AIfWC9FHNk1pRG4I6bU4GKNwjYbQ=":{"valueMac":{"type":"Buffer","data":"fIp6G9G7GPgl/XiYNg8yEinwBw19iU8PN7663fbwL4o="}},"+TKtu1MUOTb+i3SSD0Ngd3osJ3r4POrfhxUudylH1II=":{"valueMac":{"type":"Buffer","data":"EkWqlkuZ+d052rsLeV5XHjknwkNlpLYht2Nkq/4Ewn0="}},"+Uu9Yi4wOMxU1WqOwuuzB/QvP8YQwYecWJOQZ+jjPT4=":{"valueMac":{"type":"Buffer","data":"9uhcDyQjPpR0T2yIo6R3YTp+Ua+b32gwCzawEr9SvcQ="}},"+YbpFc/U2rCtLw8hhBIfQMVyJ2TrbnoLFB2C+6VcMrY=":{"valueMac":{"type":"Buffer","data":"8aEI99dCrpcZo/03V9tU/0ZILMQOZvHSpkfBnhl5WQ4="}},"+cm1dT3l/2j5f9vOWLo2S44D4jgTyAo70OaIoYKl4w4=":{"valueMac":{"type":"Buffer","data":"b3zJps6oya4lMP/1zna4RWBOjN9QACB73EQWe0xAsyM="}},"+gkZ8PBJ7xofklN5zuvc/V31DXzer6ojYNBJcr3wDUA=":{"valueMac":{"type":"Buffer","data":"8P2SiGuIUnuAFPWKoMd74slNJcsCkLgCwKvlrx/YPyo="}},"+kuh+111XwtvT1o3ZSXGFghwiuH3xKAygy6VRcAOfnM=":{"valueMac":{"type":"Buffer","data":"WzqmIfgPtgLCYwmASJajO567S+4FfRS2OATbveLokfY="}},"+wJbYRFRB006VOnHCRFN0PHp3D2R1YTyecL0GC6lwpg=":{"valueMac":{"type":"Buffer","data":"bB9w97nGwiOVZwIcZ0IGhsQ7quky6RRlZS4TTU6roUY="}},"+6hFXR/EG1F7Lmar2c0tbnGvp3yujht1l6XyVjN5fKI=":{"valueMac":{"type":"Buffer","data":"ZX0mmB6hbgbtuEMnVgXorcweWABGFena6oGGk6JX4OM="}},"+/P4wZDu8VAGevSGSb2A4ajyV2TDaGggRaXqKr64Ioc=":{"valueMac":{"type":"Buffer","data":"WmGONbT0j/37ReaRPjJJR2jeYMQsC1p8LpXDTs3btrM="}},"/K2wJFGEjdLsTnq3NyujuXZo2MM7/ImqOpE8XRhJtHE=":{"valueMac":{"type":"Buffer","data":"A2JXBaZuFEM5DXW/GAfbh3dKrtij1b4/TEChryGLE78="}},"/RCK2EMw8kyEKbdDfp+zPkK2RKV066J2zstZHCAQ9eg=":{"valueMac":{"type":"Buffer","data":"SUnbMhvZ3D1KgRaUmzq5KLtHzCwO0J+HR3W0/vi7GoY="}},"/RmuFbVyFm/0+MO4+3nZSAwaBd/s9R949ShQQxx5nN8=":{"valueMac":{"type":"Buffer","data":"kgQ2eTJbVvc9FH6vkEeNY/u9MyNEwg2qNrBuTj5nrC0="}},"/xmwKb1sNAiNTHSaoOkOABMtkBwy94HrUtGsWCv9MOY=":{"valueMac":{"type":"Buffer","data":"9o+QF2it4B1+sJRC2oa6aRiC7f6ky9CJONdd8ka0k2E="}},"/61mm85mHpK/TmZSolVjq5y3YKZ1CIFAtk7zU8WAYDg=":{"valueMac":{"type":"Buffer","data":"RnJEyY/z9xuRm54TUbj2A5BeasJG6yaEWDa3IPSkE/s="}},"/831Q0qqTpNYoAgGZyHUlWgQEf4eFIKk8QaeVsDHPAo=":{"valueMac":{"type":"Buffer","data":"1aPS4Rg/eCTUYIDQcc/tUKzWSa1AZuixFDppR6UxZTI="}},"LrLk9F7tKpRAzkGqWwndAb0D3G17NCJ5wD9tMp9YndQ=":{"valueMac":{"type":"Buffer","data":"nQ9zIovQSwcBE7fXB/Iw84tZDd4kn0SMJuZf7Fd7pYM="}},"agcIS9iQb+lB04acCVeTGpuFXKXs377t2Z9YtgYxCPw=":{"valueMac":{"type":"Buffer","data":"5Xher/TREeF22SqfHUw3VzWkDs5J2HzBbovPIPJOumo="}},"BoBowYHoIsdGOVFp7gZEIly+ulbXQlo+67eX/Ex9D44=":{"valueMac":{"type":"Buffer","data":"23cj+R8r+JhR6PiTok0/BMz/BSpo73BmSz7xPz13AMY="}},"ahh+7RDRRHJhu5cDaZQV6dvZBe9ZrHToFId3vUe5/z8=":{"valueMac":{"type":"Buffer","data":"nRVTU0NCThP0VE5wfI0GZr7ItvIpRDaKWgOiRehM8k0="}},"v8GT4Rml431ygF9OaJpPQgrD0evzaqRMLto5+5bUK6Q=":{"valueMac":{"type":"Buffer","data":"UJSsGFiu548Sg8R/ZerOWW44887O83TMUFb/uN0rkQQ="}},"bvM1vnzgev1rNTnOThiuWVX/PcCftew49OnFiDae1yU=":{"valueMac":{"type":"Buffer","data":"eCfMfTkZwNGClB7gUMilty123O6wQtQ488xC2nZXRPg="}},"9rmuUE98P1uhnSJVorVY5ScJcOtK0qAnui7QRnlgyaI=":{"valueMac":{"type":"Buffer","data":"6Gea6O2oJaNxen9Rh/r21VjW1HObAwJvCSFfl0ACSYc="}},"seDCVttFDVi89a+btr9b3/U+4AX28l68OnORoFFMz4E=":{"valueMac":{"type":"Buffer","data":"ut74DX8P88ZlmPaC8alwbP/jevF8ApHOaErlWe1vj/Y="}},"kuCgegtofunuRGRY5qU61AYYdt4ETokrKoLXI34BEPo=":{"valueMac":{"type":"Buffer","data":"vda7PIAtbfj2SHGfzZQ7rgRjSfpYuwaZiPFprm3x5G8="}},"pdbO5TapwHjYnyLsclOEa7ER/+7+h3VqTieCAG+qS0w=":{"valueMac":{"type":"Buffer","data":"zcjGayrQYTpPEzptl3QBYWL9jUzy0kaD++g90U1Z3WQ="}},"vmQxGBykmsyIhw8+6+MRYZsfkrgcCR0e2KR255zs4y0=":{"valueMac":{"type":"Buffer","data":"OtnarLwraLO3Zh/Xa/VB+t7jZKx4vrb/OrOef6tisFI="}},"UtA0ww8q8qEt2v+CDWp4IMbL6MxZgJWyO5rK25ACv4Q=":{"valueMac":{"type":"Buffer","data":"snNxpuJvge4vSfCkdgGRonsHFwHljHGZz0eJthAFN+8="}},"in99QUHMl+IUwk5abgl6TUiVV9DxFAV8qqwsu1qrxtc=":{"valueMac":{"type":"Buffer","data":"LQHB9JoiflkdSMTBat6P1w560x5vfQgH6ixeYd4TK4U="}},"ylSa1cU/EkHJeH51fHs1WxVYo4bNUOJaQvKbQ3/ww/E=":{"valueMac":{"type":"Buffer","data":"QeDd7dOxTa3Dkbhr/hoVDKbHxv91v8ld3Y6I32l0zEw="}},"oyVzNc/KxGJwGaLPMddHc0P8v1VZwBIC6vx0OQQJfbY=":{"valueMac":{"type":"Buffer","data":"6so+bVqG9WBFrP+WpotRyxrF+LYOVNT10EgAeU3SskE="}},"WPe8l2paIJZJ/KgMyZ1+DC6C3z4YcGPpWowgLSb4s00=":{"valueMac":{"type":"Buffer","data":"+Gam4IH5lbVuEJ0NiDU2P/2L84Lfdi2fQmUOSMF2oC8="}},"6ptnLEfoO91kZqhCtGxaYvuY8vLgvo51YwrDkmQ3soo=":{"valueMac":{"type":"Buffer","data":"0CwkTlVKvboHK3yvOY59LqiD0Iebv5I3ahL3Udq8mp8="}},"w86uAK8jmO8m9wQnMf0aN1U5YuYtRVrwCe4CidIjvwo=":{"valueMac":{"type":"Buffer","data":"xM0wSA33a2qOvqoyojuvgZSWawnk+ukcKbP0iW1OU7Q="}},"rgvZ3aXrRmef+juOalPv3QUr71DT3zElN2es3BJsmZo=":{"valueMac":{"type":"Buffer","data":"ke2YKcxMJsbTLzqX5smnVzOS5ZMd4jO8Am4gysqyjgg="}},"vX1fS1BZZJ1cnf7FKCzg4wQgM19H+ichc96hP1CF3Dk=":{"valueMac":{"type":"Buffer","data":"+sgjial+1QQSz/4nhL3QBEcD38wdDMeSqIQX3KsPJXA="}},"FUAjeBChQaJYg2Fv8aw/wmgJUcP3SVzsS5Ge4pOsIeE=":{"valueMac":{"type":"Buffer","data":"sEwb59lntRz9pRlewdfSoP33oCXF0MmJZPoqujCG+TE="}},"frrotD/7NzzOV7iwjgUP8nYKFlBJDgsJQbFQiiAQsGg=":{"valueMac":{"type":"Buffer","data":"DsVLaCHP8VR3xj55l82SwLj0iHYFTXPy+OqrTOlxlK8="}},"KMr1V/5kfGN0AkRwm1cZZcOQ1FOMUwt3RDEs/mYS7zE=":{"valueMac":{"type":"Buffer","data":"d4Vrt1xpUAkrPvcyN4VIgzuKNXurZ5Sn9vnOLe+5to8="}},"9eJfKGT8qH+orSB858lMmqsNCVTia+BPR6NWeDjznBw=":{"valueMac":{"type":"Buffer","data":"2vxRR5moLkkdHb6vQUVsNswt04JUp8TnAuhdNvDtYiQ="}},"iHlgtQmiR5yVaA8ch11BItOUL1+dlCKA9rADSuC7TXY=":{"valueMac":{"type":"Buffer","data":"Aa8BX8rf1iye6KgVMzW39Kjh8R98U+cG65VMgKXLbiA="}},"TfHSMIp8T5A0+BbVwd75LPMYr8Z53caN1LA5Neb0qDw=":{"valueMac":{"type":"Buffer","data":"BL5JnntPUJXYzTmtMBKlbeu2L30cklLZF1rWQHAjhng="}},"UXrJmIbTQ0xW482VwzCklNeo+qcG3YC4bgYP3tDUWZ8=":{"valueMac":{"type":"Buffer","data":"kov4Sby9lnswlC7Ny6Qo4KuzBAfr4WpU145UmfbZ0YE="}},"DiGzbToeTTXpYgxPII6TqjpoZO2rjUFfNgyByS9HZPw=":{"valueMac":{"type":"Buffer","data":"GQQydliBC8XM29ikJXF52lofbyPPxmy1PKarj4gpMZo="}},"Sz2mYkxnmEUPAM80G06cWUkRnWmStWu7B38ngAsEOJU=":{"valueMac":{"type":"Buffer","data":"wcXfE2b9c/cJBbsULx+L6N5WpbCooKRTV94y0elGoaQ="}},"pKfxiPYnpGvWF9aBXNSAa/5nZRe9ZFhpd5DIN6RJSQo=":{"valueMac":{"type":"Buffer","data":"xmJ1daveq/IId2fVFuAjKr4F1JBuZ3G0oivBVEcuhxk="}},"NoyS9pn+AWNVIiz7+5FuNHb2KE71wVF7+KFCdRMoj8s=":{"valueMac":{"type":"Buffer","data":"sT0UI2Zx/Fl5czJOscHCfJy+fKY5t4FT6Rr47JbADSw="}},"8NRR+E9shSL76Rj+cWDdqiXptzJ7eDA/HykS4yr3Q4A=":{"valueMac":{"type":"Buffer","data":"QSBd8FJG5fymJNbU//fncSjGcCNbIoQ2siSf4qthvbk="}},"MyTb1I59bwsO1GfnU5xabaJnfkbe+8l2mejSX1ImWxE=":{"valueMac":{"type":"Buffer","data":"CrpfOAXuMoJvKzEe1Jfab+8c7m5sdIbarSRC7GotxwY="}},"ST2fYTYh9ODtIskEZxXm+MjEYnJlBYEDbfVVlPjgYjg=":{"valueMac":{"type":"Buffer","data":"npts4wbwpKFAYE2o11FUfxTRqodp50EF4fZV3DPM5dc="}},"eZhOReQd5pexERKOyt94Z4z8Q5/7iTIGHdViY2OShcc=":{"valueMac":{"type":"Buffer","data":"CO8Tdul2Fr0IyzU0UfcxTrsXefXyQ+F/m5fQ0uXb8ro="}}}}