{"version":70,"hash":{"type":"Buffer","data":"9W7XER1fdJ9uh7ZWOLW50mZCOCAiwCYJ8AzUuyzUhwJ2ZSROsn+c9etyaYRtOmH0zwl69yHR9pNq+39p6nitnjWNMsF7U4GKSb4BbmE+GIq9Wif1aqXGUQyvW8DxY5BWvpvdliOFG0zB6nZI8QqYXGU/7c0Z6E+U2QkvTz6S4Mc="},"indexValueMap":{"hYVCnRwEbR0KxBvJ8xI/9ZjPnryFG9RVcC916BHseIM=":{"valueMac":{"type":"Buffer","data":"1XdE9YRV853zXAX16eKYDpCn8QWD2SEv8261JgYo9y8="}},"dTKzBTe7lbOTpz0m8sJmX+cwL+enTsoldNVXkLe9xZI=":{"valueMac":{"type":"Buffer","data":"iIIsKPeuOrIwq6I/vsxrFaaPaGelwiLDcCSp8fEDRx0="}},"tHAZYUbHYnbmZ6HeYFW4iIhSaSaY7UfNSr8UYS1StGA=":{"valueMac":{"type":"Buffer","data":"/YlFXsmH+fcVe0JMCPzIPyOA+OTjlBe+eOUDdVgR4X4="}},"OfvL15s7IhQJl4d8Rf1T7XaQhA+EoOQGdRzww7vTqKw=":{"valueMac":{"type":"Buffer","data":"u9EKOIxOmLVdd+yc9Wq7GCDYCo3BRJMJ0HJHyJXMq9I="}},"qk5ufx/uvBmdhwqcjIXkboGHHPykchIT3g8sC2u20wQ=":{"valueMac":{"type":"Buffer","data":"aZqMY56tsG1Bq776Y8XCNoGHh8cVMYdHRpfOytip988="}},"WGuln9EbUs21BtDyG2vtBii/CMNPn/drP3PYhxFiZvY=":{"valueMac":{"type":"Buffer","data":"MIkF3aduJorJcYBN+ojbZXeG0ITCn78ir0xEAoQ5ZbM="}},"l7T3QHoSPgHb2ypPEhCYk/OrUOK1OuDGKamJJ0JDQ9A=":{"valueMac":{"type":"Buffer","data":"cWcyJ9+s6J5nOQCe771hqrXcD8oR/8ZOGIfG+bKYNS8="}},"4XlIOd+N39QDzS0tmy0VibTKATdYtrkvYGAlOrYFkvM=":{"valueMac":{"type":"Buffer","data":"tFMaDfj4x3p7zk1wNlNFprRphmFJ3nCHpzp3EAtlHAQ="}},"+82pbph8MEFItWsTieSQfhQdL01cdjTfXCMixiLRtVA=":{"valueMac":{"type":"Buffer","data":"KYS80c4krlOjgsRHPZrpee+UC73S8mgVC/YSNxTQRNc="}},"Mqmhrpt+BgWVG3GpV6k0GtciSRqmNPWFeeNYpk7B9OA=":{"valueMac":{"type":"Buffer","data":"gg/t856RR+y0ykKFpss5ErBOHNfwh1DUpxok676Btok="}},"wfMtmIw5mlmxX3X/VnDOmarlvqYoCzM78Wxn7/suMlM=":{"valueMac":{"type":"Buffer","data":"IwAgBqzMcbLAp8I5KOYPB0zstnlHDqj+j4M34TjoZWc="}},"jVIZ/eodDvTQBVFJLLdrj1tq25te4XRFtadf4yBjgYs=":{"valueMac":{"type":"Buffer","data":"qKHfW4UoKO7//DcfZWj7i9q70+8oxX2RWLs5dhYPbp8="}},"1H8dRnGNnELphWW9HcRYh3uMe1jVR1DqTYF+EShtDaI=":{"valueMac":{"type":"Buffer","data":"CWWp1ypfZ9OWT5sCUVE9l+xCT1f0byvHzwI0CqV4iyc="}},"3S8VscnRQhHMD2wiP3yFR00jolAYIjhWWQXsgX7Dvx0=":{"valueMac":{"type":"Buffer","data":"4GqnQuApiZWfNeJJM6/cFJW+4uXnQ7RQdJAePwOsMi0="}},"bkiKKQJo60fhXP7RdWgz2g1Nj9nFIQVc6+0rT6/E/vQ=":{"valueMac":{"type":"Buffer","data":"khJMb5udO2lee2xWPNlEdQ0HEdAhHfmtvcSFKl0Mst8="}},"5UakZnlUxinnkHKDUmrl2qpEcl7sECB0c6pQMbM0fJo=":{"valueMac":{"type":"Buffer","data":"Vs1SMjFdMvfRRd/HRQAYYz2YZq1p4NVajjKnm8bJRUk="}},"V+ZnAs4JVq2DGZZ/tFaJ5SKEdR4Fbap1snTmidSuRGA=":{"valueMac":{"type":"Buffer","data":"98P4yxhAgP2t2fWglqABB5qHO/3e5TT1GJFpbtVhVlY="}},"1+oG5Tyr3PiL2D4Dlq3I6qkxZBOTo7DmzknYkldgIAw=":{"valueMac":{"type":"Buffer","data":"0mYMD1lHiCvHlKiVZVf+mHQ+YVypJKdLU274cA5aVUY="}},"wyhcBxVfd0c/ia6OA838SQKKB/e7JQQJWxhlnrjnpok=":{"valueMac":{"type":"Buffer","data":"oF55kGSq/+qZEC+8yQ9YslbG8UF3hM4SqZAiqUJ+6Wc="}},"wTsw1MkZIcvCl+imUpNmS/9+6QSTSaY+PZQ0N+6EDvQ=":{"valueMac":{"type":"Buffer","data":"K4n8MyIMEbRX/8LE87tN9ZAZUDGc5Fx2NZ5okU6Dn3k="}},"wnmiwJ4TzGm6HOUS0K7bgNIICpqarkRGsxcPS0oYx1U=":{"valueMac":{"type":"Buffer","data":"9kgdkMg7Rjqpb4yF3qmhLnb4g34uT/jrsEKLJ37kFcM="}},"v5gv6y9DDe/SedozDLSq16YOcX0zfWM6IntzRafyoqw=":{"valueMac":{"type":"Buffer","data":"wTf6kcCdmGqO6ZJZhwfQYOq3v3+EkFU6syJLUWWZVs0="}},"obEQFZNDzLQeLW6YniH7SVbTLxRrA1Mljzpvce8fluU=":{"valueMac":{"type":"Buffer","data":"zwW5hZXEdlh+M3Eioqe6Nr6atuL4dooGtLN4wG4BKtQ="}},"QxXe8bS+0JIoho1Nre6imBscgFqZ+NzfPV7Z/+eK/UY=":{"valueMac":{"type":"Buffer","data":"YGK41cBRbnoCxb6E4afUvKvO7NqVSOXMKOE5CFvUih8="}},"NT/5s45BlwukAY/EIR2dyL7on9oL2D1bwX5Ktfj6A4A=":{"valueMac":{"type":"Buffer","data":"Q5ieP1Edmh7lArrcB3xiw/RF8z21771U0hToNl8s+Q8="}}}}