{"version":22,"hash":{"type":"Buffer","data":"e80upH9ymyFcL8sht2QofpUpbWo1LtLxB/pDd/QOOneyhzNesR0EXhGSCfasTxHhPsJNOzYGGrWaohJevM3AFfa0A9gMCEHNAgOhRYW5mc/9NBF9s6qzlM3MgkeDdxVXJfPjPWyhajO2KvvxNCtAMcmp9y4/zCaRe2gMgxzYj/s="},"indexValueMap":{"JPvXT5ZT/2PAN4EK8ij4+KQDH/Vi4gWvb+wJVbgV7wE=":{"valueMac":{"type":"Buffer","data":"hZqjsIJhU0v9Ld2wOJJhBu58GUfEPN4i4QRDIaThyH4="}},"PJy72RgUI1fR2Zyh1yTQJpC/RkRQhAgrXg+Wg9ZIQbg=":{"valueMac":{"type":"Buffer","data":"i4sbyuljWekeAhFUWSxNyQv+c6itnVonHXRoC382VcU="}},"RsWX8Zqz+GBSWrOs15mjzOnf/BG+sm3u5dkMz/ounis=":{"valueMac":{"type":"Buffer","data":"D8wSfU8FxUy5NLoyMeSxiPcuU2xnQXQjytO3L8w2898="}},"X7SUvwpf40/bwY7/ljepvrmHlV57RJyWxR/VQrR4loY=":{"valueMac":{"type":"Buffer","data":"6rr+UPscTOkaE1z1YTLtCpjo4/qyRaa/xePDsSSrpr0="}},"k7SbdZH4EqYa8tUrzJviMtpNBmY+l1c/meuUymtTN7c=":{"valueMac":{"type":"Buffer","data":"/IZumjGzO40ndMGIkwmyBZaT4CooAAR7XqzDMlVAcCE="}},"tqpSxVtlDK7lIZXhHXbManLscbOj2V4syxvzfUKnfbM=":{"valueMac":{"type":"Buffer","data":"AyoOSbkSO/ZjwRobHJ6JUZePfiERE53AAzUHD5SiHCw="}},"v6DUw9lvR/nRAcI+fHGw9Hpd1IEALMdy5JYFQJvEScg=":{"valueMac":{"type":"Buffer","data":"9YXMi0UkZ4eiLqESIC3BwqFsRjp7o2UAlJ4ZBFq+mWo="}},"0hcgQwoS9V+OECNank3yg2TzEIcds5gHYxtqgE6SoxM=":{"valueMac":{"type":"Buffer","data":"CK+51YJAo+ECWS3pqw1jCq14b8C+nzZ2wCX97bSh0z4="}},"3M8KTUhZEEbfr9gTp+qGqzHYkvrCz/JBBU1ZcWNV//0=":{"valueMac":{"type":"Buffer","data":"3Cv33cHVT4NtF9O4AffsNChoG0gzhFLkzOrbJayS7Vk="}},"4DH3ExCYMDdANgLsNL2dw6m2lbVkWEUPJwSgJnySqnw=":{"valueMac":{"type":"Buffer","data":"rt0yj6KXqPBoQa49o7b80aFbJVwvC/9FGfdPTHlHTAQ="}},"PhrkN/qd5o7tBXawrFLv4uKplOVBwlDPO0q58p4id5k=":{"valueMac":{"type":"Buffer","data":"j+qc42VFzAeF9ifq2cxRRyEGLJjIka1CRHYfAybhVtw="}},"uKMM6DwzZNWs7mUqfwTzZ2pd3YuLt69yygLsJHFtkn0=":{"valueMac":{"type":"Buffer","data":"wqLAjBC1CqN7wzAamiMsBQDSk2ts83at1dw/x+EeZ0Q="}},"E9V2uJfd/q4Wvy7iyEVMz+QCmH40GyfPaTeSOqE1aiM=":{"valueMac":{"type":"Buffer","data":"0PKkuC3sVWaLLJ0gMV/SYN3/+fGrMKrFvk4jYOlBPt0="}},"mUPnOy3UoPAaLHkjPLbyM8nRJJCw48UlvsYHNjLkdz4=":{"valueMac":{"type":"Buffer","data":"gwV5nOxjrXU0lWLxkUD9Pn77kKwRIX9dv6TdkkY/jfE="}},"i8l1rWrwkIq7UCsRyFoY7AA4jCkxUlXhX8BmE79uLaI=":{"valueMac":{"type":"Buffer","data":"JRhAb6+ll39Ow40kOWeZWtNeHWNLPO9XpA7HNDKWKlA="}}}}