{"noiseKey":{"private":{"type":"Buffer","data":"SJxL4d9eKste9mBJ1F60nwHiViUZW3Woa3Z7iO1iLnE="},"public":{"type":"Buffer","data":"wqUMgrR+1s4SmxTBVfphSGimbpwPMG/E4u1olmC/Kk0="}},"signedIdentityKey":{"private":{"type":"Buffer","data":"QMOaX+vbZFNBkne/A1vbwuJOq+R3Y4CRFDuxU+U//GI="},"public":{"type":"Buffer","data":"UQKTsRr9pics+67pXByhNiulT3gdpih62BcxtSvqcDs="}},"signedPreKey":{"keyPair":{"private":{"type":"Buffer","data":"UO5uii06yKIOT24d2iJ3Rhmku2+pKNb+mH9IvbQ02VM="},"public":{"type":"Buffer","data":"LVEShyXIj+X0+kZLPu7Cdw2vBERsjyfWR6IWR1s+YgI="}},"signature":{"type":"Buffer","data":"a2fQPi0c+nurET9+IdcYFokcB/nqs5GCVhiS5o18vxBy8VANCqEO2CkeY7f2BbA8gMlTn5XRvQ/lgEZLcM8Gjw=="},"keyId":1},"registrationId":15,"advSecretKey":"0Rq8Q8vw+vq+C4C+riJGqw+ys6QuESDyozsStfPCzzo=","processedHistoryMessages":[{"key":{"remoteJid":"923099914748@s.whatsapp.net","fromMe":true,"id":"05A8AB06C7290899C5389FAF1512F069"},"messageTimestamp":1703079148},{"key":{"remoteJid":"923099914748@s.whatsapp.net","fromMe":true,"id":"EE97FBEFF6C3F5AEEF905EFC189F11E9"},"messageTimestamp":1703079150},{"key":{"remoteJid":"923099914748@s.whatsapp.net","fromMe":true,"id":"1D04997909937481C291F0D1F9A9BA09"},"messageTimestamp":1703079163},{"key":{"remoteJid":"923099914748@s.whatsapp.net","fromMe":true,"id":"C05884483265CE51BB26161DF626FD95"},"messageTimestamp":1703079166},{"key":{"remoteJid":"923099914748@s.whatsapp.net","fromMe":true,"id":"D94CBDB1873BB6AC9A6B2E1C821FF13F"},"messageTimestamp":1703079166},{"key":{"remoteJid":"923099914748@s.whatsapp.net","fromMe":true,"id":"C4A217D5EBD0770A5D8CCABF1F38302C"},"messageTimestamp":1703079167}],"nextPreKeyId":216,"firstUnuploadedPreKeyId":216,"accountSyncCounter":1,"accountSettings":{"unarchiveChats":false},"account":{"details":"CL6hvtMBEObZi6wGGAwgACgA","accountSignatureKey":"OY6tn/RPoIPjPyDl5W7aa1qs4t2dvktUzfngNs0BXyA=","accountSignature":"HjH5kE1ZcTyMqBRQgnT1SV+neDd8XKXrF2dZFojX089irm8JIcjS2F24+9HdYOOFHqKTBuxjinirnVseZt3gCg==","deviceSignature":"jVqL0RiCiQG7ulyZ2EASHqXINkoqgS8edklLV84Qd+JdSJGhCDxhgi/nFO3Iz9zCHF45TTseQJtp4tRQD2Cgjg=="},"me":{"id":"923099914748:9@s.whatsapp.net","lid":"237030755795064:9@lid","name":"unis panwar"},"signalIdentities":[{"identifier":{"name":"923099914748:9@s.whatsapp.net","deviceId":0},"identifierKey":{"type":"Buffer","data":"BTmOrZ/0T6CD4z8g5eVu2mtarOLdnb5LVM354DbNAV8g"}}],"platform":"smba","lastAccountSyncTimestamp":1703141561,"myAppStateKeyId":"AAAAAN/6"}