[{"senderKeyId":207959968,"senderChainKey":{"iteration":23,"seed":"9I731kLYIkV1pNugg+kgn2HURx/vwVapWydg8TIU0sc="},"senderSigningKey":{"public":"Bb2yHKL/wiaOhPRB/DYAfTX7EYEn7w/L6tAcp07Zu5pV"},"senderMessageKeys":[]},{"senderKeyId":685865176,"senderChainKey":{"iteration":6,"seed":"H5nTY1dA9CbAhrHgQfewb6kbBYYMNIfSxHfhJDxnGXg="},"senderSigningKey":{"public":"BbI1lnkszlQYK8Vzb48zqyPpMRWM4FQm3uByRrgpgw8y"},"senderMessageKeys":[]},{"senderKeyId":1636292520,"senderChainKey":{"iteration":6,"seed":"rBEudpIx+fJq/oGf5jFw67eecWVUt2dNHNoas0Nfxp0="},"senderSigningKey":{"public":"BeONzBpfLGD26JSvOua5vM8f1/VrNkLPJ8ohLaTB/hNn"},"senderMessageKeys":[]},{"senderKeyId":1636292520,"senderChainKey":{"iteration":3,"seed":"eDp5ARbvypKOlAA+ioJblrYgV1io40Gsg6jeNsj00js="},"senderSigningKey":{"public":"BeONzBpfLGD26JSvOua5vM8f1/VrNkLPJ8ohLaTB/hNn"},"senderMessageKeys":[]},{"senderKeyId":1926171286,"senderChainKey":{"iteration":3,"seed":"VkgPU1x9waKU87+tPawV3my8VIVmJKe4Zaqz1ig63yw="},"senderSigningKey":{"public":"Be04Ykl69C07VlXislv8if7Qm1lF9QsAiZkrpZNGplBr"},"senderMessageKeys":[]}]