[{"senderKeyId":1020480962,"senderChainKey":{"iteration":4,"seed":"W4h9yP3N2Al6wIj7FBF0dNgMm7PKHGUUiLQDfbbXAQk="},"senderSigningKey":{"public":"Be5RAi/Rj36StPo6FLPaawveF0ZzU42dzALcd2BFu9s9"},"senderMessageKeys":[]},{"senderKeyId":1020480962,"senderChainKey":{"iteration":3,"seed":"IEOUq3I0QlbNyy4PJYsk3Jqmi0k9FanacQxShDoSy34="},"senderSigningKey":{"public":"Be5RAi/Rj36StPo6FLPaawveF0ZzU42dzALcd2BFu9s9"},"senderMessageKeys":[]},{"senderKeyId":1188880022,"senderChainKey":{"iteration":1,"seed":"jPABvqcMoUtXeXPzI5ngodjOn95MgABrz8GdCQfDnuU="},"senderSigningKey":{"public":"BahT4WjS/QxLSSf9cqcCMmrT1S3u7+SyQ7BjzaO6D5Mj"},"senderMessageKeys":[]},{"senderKeyId":1026254204,"senderChainKey":{"iteration":1,"seed":"UdyqP5wzSBSZCisvVXO4gomUwG6/QmJBJXPCg/MDh/g="},"senderSigningKey":{"public":"BQCauMIA6N4WFoLcJ5XlKllGTqnSuBszcaFNeWH6hett"},"senderMessageKeys":[]},{"senderKeyId":1527522230,"senderChainKey":{"iteration":1,"seed":"Psl4WnqHG2I+qxUXaLVQxsUL4Me+jxIXat/Kj6Xh5fQ="},"senderSigningKey":{"public":"BVSmunlv1l8yEpUxGPf4lUG1tPK2iJ+H5woolgtWdT8x"},"senderMessageKeys":[]}]