[{"senderKeyId":1808846339,"senderChainKey":{"iteration":5,"seed":"K1AHIMM1HN7Mfq5sN+mJRfXzCHPCMKfSLEfbGjZwE9o="},"senderSigningKey":{"public":"BZnd2Y5sOAoMl1uElLaVdU0JgIAiOhAwUQw20NOzsrde"},"senderMessageKeys":[]},{"senderKeyId":1808846339,"senderChainKey":{"iteration":1,"seed":"HTvle8hZnrOjIcA2mUW54BECWhGUcqTV7AH1W8vtOlg="},"senderSigningKey":{"public":"BZnd2Y5sOAoMl1uElLaVdU0JgIAiOhAwUQw20NOzsrde"},"senderMessageKeys":[]},{"senderKeyId":1808846339,"senderChainKey":{"iteration":3,"seed":"UkGFQwpGtHCW+ODUct0TnjV7niUrZVeMVDNJUVE1iac="},"senderSigningKey":{"public":"BZnd2Y5sOAoMl1uElLaVdU0JgIAiOhAwUQw20NOzsrde"},"senderMessageKeys":[]},{"senderKeyId":1808846339,"senderChainKey":{"iteration":4,"seed":"tae0FyJVcQYOIQZhWH+IuOV4sKja1dpysfjudMm6bmA="},"senderSigningKey":{"public":"BZnd2Y5sOAoMl1uElLaVdU0JgIAiOhAwUQw20NOzsrde"},"senderMessageKeys":[]}]