[{"senderKeyId":1064790103,"senderChainKey":{"iteration":2,"seed":"RUHauZErFGdafJhrEnMi/m63GWJu8xyRuSo97jZMyf8="},"senderSigningKey":{"public":"BZuF5mN01IJMRTnMY+xCq6iZzoQi+7Y1Yk2SHNZXGWUy"},"senderMessageKeys":[]},{"senderKeyId":1065074888,"senderChainKey":{"iteration":1,"seed":"LcQC8h8EDhoANaSjdPomB3wdtGfJGNnnJzvPIZQwlWI="},"senderSigningKey":{"public":"BT6bYFcRQL2QJMqyOxdc/LsHpClbTKZPgKNacxWIUDcM"},"senderMessageKeys":[]},{"senderKeyId":1121473526,"senderChainKey":{"iteration":1,"seed":"Oxp4m9KifwcjYSbca6LRj0vS+wFHdGQzjt0WApapABM="},"senderSigningKey":{"public":"BQs9eZPSB1EzTxKAFiAjT+FUx9NjUfnJ+TX2Wb6gwmIz"},"senderMessageKeys":[]}]