[{"senderKeyId":768190583,"senderChainKey":{"iteration":5,"seed":"m0/jhjEPJfghgfuI1+5vS+0TI294cxqysRTzOgczz+s="},"senderSigningKey":{"public":"BZEceqw0q4PM87mk2t9K6NMWRnDieW/YQSopuIOCQth1"},"senderMessageKeys":[]},{"senderKeyId":1592885509,"senderChainKey":{"iteration":16,"seed":"HZpEErA6m2WbWwTGRbqfP1x8ZG26OVIaPfbyyN7rnlc="},"senderSigningKey":{"public":"BReSvF00xrCzGEyUn66Aobog1nMgwDieKirsNcUaKtwO"},"senderMessageKeys":[]},{"senderKeyId":1592885509,"senderChainKey":{"iteration":1,"seed":"eFACo7Fqvg8Iy/JauBSIo8K3qEOISZqdO7MjKivWmhk="},"senderSigningKey":{"public":"BReSvF00xrCzGEyUn66Aobog1nMgwDieKirsNcUaKtwO"},"senderMessageKeys":[]}]