[{"senderKeyId":1667385000,"senderChainKey":{"iteration":1,"seed":"UN54e1YpoWwCaFoZX6H23kkkm/e7a7FT/kJEX8ltY6w="},"senderSigningKey":{"public":"BfgOjhR3qqb1Mq8H36i+T4TeIwo+s2CHbr5o+tE1Kbd5"},"senderMessageKeys":[]},{"senderKeyId":617098961,"senderChainKey":{"iteration":1,"seed":"pOtny62loiFDzg04qmky9ZBd9yIJ+d9OVmzetC9pN/c="},"senderSigningKey":{"public":"BS9EuhrC6MPo1zaSHcXDRnqjbYAC3WruKZXdUP5/uJZp"},"senderMessageKeys":[]},{"senderKeyId":1413810092,"senderChainKey":{"iteration":1,"seed":"uw8cpR3yW+Uc1LmRT9HG1G9nnFimXTp9ysVUVMhB3TA="},"senderSigningKey":{"public":"BZpT7JA5KSLC7PkhfL+KATvLJCOItyboppj7dh1iME9a"},"senderMessageKeys":[]}]