[{"senderKeyId":762303443,"senderChainKey":{"iteration":4,"seed":"U8C5VqWhRAxmDuQoiIKtbBpFI/LqOFN63PywwPOyvF8="},"senderSigningKey":{"public":"BWl5mntLZF+ZsUnEKalEBLKrZW1gQlnKD97R1612TQoc"},"senderMessageKeys":[]},{"senderKeyId":762303443,"senderChainKey":{"iteration":1,"seed":"aDHcWtbX+heBWWL5eOteGcsYALqpOkztBb9+A6Phric="},"senderSigningKey":{"public":"BWl5mntLZF+ZsUnEKalEBLKrZW1gQlnKD97R1612TQoc"},"senderMessageKeys":[]},{"senderKeyId":607524438,"senderChainKey":{"iteration":2,"seed":"c3BKngwSrvLB6H34PeRhUIkFPwlRVHW3O9FB3qsW7qU="},"senderSigningKey":{"public":"Bd1dH06UQ3KmED+iZrpdXIDmPl1Yl6dcIAf/bkmzJ7FR"},"senderMessageKeys":[]}]