[{"senderKeyId":903628936,"senderChainKey":{"iteration":1,"seed":"tFJgTg8X+rtZgJ4OeEswy7yUwXso391EdZzqjxR4Vbg="},"senderSigningKey":{"public":"Bet5vwWSbOnC9fPNniWsx6gMrJOvgtAs2ZJluW/0RzAh"},"senderMessageKeys":[]},{"senderKeyId":1099302975,"senderChainKey":{"iteration":1,"seed":"/3V2jB71M/PCTZz3TB6r7I7wTuUmcCXZNKmJ6MijgoQ="},"senderSigningKey":{"public":"BVx4JCumbHXGgIeuVwasfFpVZFyNEcTaDKvGwTEkf7xh"},"senderMessageKeys":[]},{"senderKeyId":1511221887,"senderChainKey":{"iteration":1,"seed":"rT/U/S7ocpddwVnXSVe9wL4Gg+Sho2jmtkYqRTNS0ks="},"senderSigningKey":{"public":"BaP5wpLTz6NJStmtvn3j16GvmpyAUBiJa3fdMcukZggx"},"senderMessageKeys":[]}]