{"version":212,"hash":{"type":"Buffer","data":"a2WI1XG+2wCGztNk+Tik+ATYlbz7Iy5rCPUUicFNbVU1rPvhznXfVJxybhCu+6PVFRewXf09XPnXDE/PqRVgy6DTlMampQ2LfvtI3a11DgcvQieS457Gee8DtZwqyN/j9kT91dgxDWfgQhmk7KM1D5Rctw7JHG4NVEzbE1qhg7Y="},"indexValueMap":{"ALiYSPkFvGlM3lTJ3LpF9QzR6aERthYHJllhnuXjYE8=":{"valueMac":{"type":"Buffer","data":"gS8s2RkO1AWfsN+83wzZweqGTPZinfvX6Ou0ykq9BBM="}},"AQT3z7TX/h4myxknJVosxLHvfe50eyTjEc3GBlCnJg0=":{"valueMac":{"type":"Buffer","data":"iivEVuVLbcfIpBDBLpuoyQPBJ7fHx85FChglyJjJXh8="}},"ARF+erlNeAc7geS/ZwuoWVTWh0AqrqgTLYZtdKrtDLk=":{"valueMac":{"type":"Buffer","data":"zdGwks0Mc+ijYM0DkUSWBoCM498Q1P4O9CCFqbL/yxM="}},"AckEbc4Ud/654bGqEL5wa+yUscGSpEo5nyZ7WfNpD+A=":{"valueMac":{"type":"Buffer","data":"5cdZHTyp5Ox+klD6sXMMKzpP/JpMkzXIOJyoHIgAMNk="}},"Af7AhXuTXxqQEdLwOzSTW3ZiJbxsYn/vqiGWBbGAPFs=":{"valueMac":{"type":"Buffer","data":"byCpTjIHE5LBn4qfc6KgX0ykeiwJsl32CAVk2Uli2LY="}},"AmJZDOIRRVYiwqIwU9v4ghF1wp18J58DsXQgCTOhWnQ=":{"valueMac":{"type":"Buffer","data":"kG0BMNro2oT2F6X/jQWhoL/t/0Js453e6nUm3euUwRg="}},"AwJqe2j47A9DA9sMJHH8w6/r86qbQqiDIeJTputK/6Y=":{"valueMac":{"type":"Buffer","data":"BvyTBc874PhW04d/91KW5Sk+RNsppq5bD8kQ2eC3VK0="}},"A0CyBPdfdDLjx+NLxymkaNhnoE8YwuXY6Yq7Y/lox5w=":{"valueMac":{"type":"Buffer","data":"i3zBVoI9Qj9/BDXFH1jXYAhfgEbi8JEhZ9PLr1XhrdY="}},"A2IgPG+KVZe2AtsibtOKLplY6On8GicjiTGoVY99MfY=":{"valueMac":{"type":"Buffer","data":"ZBXHsfnjANfR2vvh3xvbO882ncSbKReEMe+WN0q4ha0="}},"BAQhvChblxu94jV8jRy+JbgDgOb/6GAG3NVAzJ/S9/U=":{"valueMac":{"type":"Buffer","data":"jG1W9HFbId1DoY2x2sVpAluQr+ZSWPJzWaoGDwAnyZI="}},"BDGoHX7ffcbJovL4Ci4kh/DzIWVoLr9b0dQVM8RViCM=":{"valueMac":{"type":"Buffer","data":"+xvM1YHndGJzRrEbk1CFMG7Y1+N95CXm3jTE3OwkPHc="}},"BMmhXo41n6IJq+XxD2S1wRKwakTDBeiH5hXj07X+BxM=":{"valueMac":{"type":"Buffer","data":"BO7TAJ1OnA1LfiH3fNDqnl+7x+82S2Q2kT0W8eaQ2W8="}},"BQOyYrdlSv/DnjG/kMqFaZyvynf1Vxq4cHjJaw79lHE=":{"valueMac":{"type":"Buffer","data":"ucSPa3Yt2eSuDZLsuWiajdoyc+E+wNYS+7kRlaT4QYg="}},"BVvoeiV0GpKUhF3n+ffnUEknX08NIGPGi3qzpCdLd8s=":{"valueMac":{"type":"Buffer","data":"DLGtQww25Gv48XoFMnTt0jUfFD3+B/jtBQgIOfUMsyc="}},"BXY/DtqAMPL/OUjzaSzw9B3fNpSWm/A7iYrCy37jDJU=":{"valueMac":{"type":"Buffer","data":"moPhCrQRAsZ2MAZR+rFospbCum0wAqizrVVe7nDitj4="}},"BZ2BeI7ooeqDkz8VW5Zbtc5YJdSetccb2wAM4q4Ip6k=":{"valueMac":{"type":"Buffer","data":"x2fWY6OhwMpI3dQXMELtaRMyUs93QXwu+iWRTzDdxK8="}},"BjQuUdXYjC77b4PXAIscI7su7SEV2QFArBW26QLRscE=":{"valueMac":{"type":"Buffer","data":"V8YfZMembqD3BXUqR8XbzlCw+l2upqNlDizQU4I0Jo8="}},"BsIOpu3U8zHSuHVfFsLejn+fFj0uf8LXlEsW34YkxIc=":{"valueMac":{"type":"Buffer","data":"xuQQ0PINhMdGqBlKe21l0S2qcZOhYVt2379ITEsblKU="}},"BsQj2PDXVc0UL1yBHD4ptAjwxbvXgHge2A/w/D66yWA=":{"valueMac":{"type":"Buffer","data":"VKeOG54siWYz7HrzxdXsQdB6iXxyrzd/FjcZsIeKY/Q="}},"BseF3FRV0we5ja2rzaTYOX9Clvue1QLv5KRxujxMlyc=":{"valueMac":{"type":"Buffer","data":"B74md/2oHfbfgFbyrq61h8TD9vAB4EtJnueV5AGeFaI="}},"B3sIGhZBvYyj8Qkq38UnBt4OogjqFHU8lyiyZiNl3q0=":{"valueMac":{"type":"Buffer","data":"4HnwdqxMOzBlelTAZUscf89jUhVfQ16Uk8reA9LQKMc="}},"B47SfRLUxsrmbzKTAEF471s6RY7Dk9BNJ4KdT3tpN9k=":{"valueMac":{"type":"Buffer","data":"IhwReNloNURevrV8DFsLu9LyvUESPtjMbXKQHPbHw2s="}},"B6SSDX+cupqbjy/W1HqEdYggHOYScFHAjfFGXJYi1hE=":{"valueMac":{"type":"Buffer","data":"EtUP3nWk2hplXH/PQfu7jpS0BGIqczd9EFZn3lsvYqo="}},"B82vlyAIdYshzb6i7l7wFf9D0omZF7I3YofcAllp1Bc=":{"valueMac":{"type":"Buffer","data":"2Syrl7N+bLWQQXYY/BUYS+bYJFzb5ChKxACCU9qJi28="}},"B+YfH5bg5bNeGeKkHzCgNToybZKjQw5prTuLrNuE9ac=":{"valueMac":{"type":"Buffer","data":"7uucjf1e03bw4r5OthfRvmnEVMbPRKq16EpX3tdf3vk="}},"CJDiFLNY/MtYVgfY+HmbV0FawAe56lNLaLrOkQq0esI=":{"valueMac":{"type":"Buffer","data":"dqlt9l9iIPqEg2zn2IVFqTIYWWVyC5KpokezYyKe5M8="}},"CPAcYYNPwo6SJCfkF5iLiQAmG7D0iSgun17WBTL6b1Y=":{"valueMac":{"type":"Buffer","data":"jgE5ykXvz21xYMzrLKOqaWX3bH0uuF9a5uOr7yHMzSg="}},"CZBFtWEptAmeMjw/OwxEyWDWX+LmSgyG7D1URqwdN8M=":{"valueMac":{"type":"Buffer","data":"+1GARvLjSLvIBemeNyffQqVnOzIRwKtINiYbEcaNElI="}},"Ch6/uMTNvhZOOetVF83CEiPxFbP2jtkg+eKK0f5Y6RM=":{"valueMac":{"type":"Buffer","data":"plGP880uraoFCNcpKfUByZ7mvYiRrRbWvoTe1TvmSSo="}},"Cs3dtUDysmJwG5IA06m8KnIkQFCyxXh60PYlZuYeJgE=":{"valueMac":{"type":"Buffer","data":"Uw7VnrDgyhGcDYE8cQrFsLMZkwDkvmwYX8UM1/ds5i8="}},"CtmknB4qENcNiaikKZLBUNYFM0rV7j6Tf/Vq8SmByoo=":{"valueMac":{"type":"Buffer","data":"/1sOr45cdwPAFw0jgZM4DKOIF1/NBO6XlIGpSgm+A5I="}},"Ct++ldIaNAe8kjIXCcVikdwuJ+wmDKiclOXMY+qEC2c=":{"valueMac":{"type":"Buffer","data":"FqvNlnlMj9iDymJRZDFRVECNH/aHT71e8TDiZKQmhNA="}},"Cuie1DaM38ssJ64xCR03iGzdZ1OgEbUuvSC/zUTupLQ=":{"valueMac":{"type":"Buffer","data":"X5MEfMewnXM/2Mq4/DXj+odaO3bEBgxaM+MFToqSZ88="}},"C4+NoHpvl/xP6ve7wECrd8lEMlbytYwNGA+FJuTv9x4=":{"valueMac":{"type":"Buffer","data":"Q6V1si8/R7iP4K/4YQ2JMJ2MlWZeQ8ClD6LF6zkgxS0="}},"DADR81OaWZsyUWde/nVy/ypzDq2mOS06STBmjtgc7Mk=":{"valueMac":{"type":"Buffer","data":"ZFOAGDlKQvelNA+mNTFpGSqaw5AMgMgOW4E/HY+0ZV0="}},"DNpvSMMHIYts5Gyx/1O5fnsC1Cz+h9lfzTsOm66e0jI=":{"valueMac":{"type":"Buffer","data":"kDGkM/S4SZ6MDrU83ze/snBlbl+neNMl3i0QC6I7gxI="}},"DOMC3nZP/ue3aVCsTt+o0D8m0jXU6FtFU2i2OEvTSJg=":{"valueMac":{"type":"Buffer","data":"EEF+fe7W1yQ4q7tixU+jWEjGneKqqNo+Fge6k6sdHY8="}},"DZETO5Tt3a2EYACfi2goFL0R3xlqKtiEoZl+bvESCOg=":{"valueMac":{"type":"Buffer","data":"abuly2ILzhKrXaMLOAqCdm04mXcZP52VIqYmAztB1mg="}},"DfHuZ2H1k05B2JBmtPQ6Pj6HJE6dfqDIqxbotrvzILQ=":{"valueMac":{"type":"Buffer","data":"6dNLjGIwRiYw6IpwIZ0TK74IddbB+g1AiXlpcIDDpWc="}},"DtT839U5CMvWHW/g4dGKWsyCrhRC9F8z7mzISFA1894=":{"valueMac":{"type":"Buffer","data":"JcSGB/5xGtErqU/8Uhru1T6LVe7qbN7LGwy7NUVqf/k="}},"DueG39jjPSdosLM2LlGQfSb7FxRrFZ+CyV+5qpcyHC0=":{"valueMac":{"type":"Buffer","data":"hVNzvGV73MTvoxUGfzELAAQeWUyLAC/ePzLj22PMlsY="}},"D5hoEBoaErssZzoPaH1JZZBORnK0QUVcowt6ATUCTe0=":{"valueMac":{"type":"Buffer","data":"/zbBknJPqeHkrwLnUp0XwMMfI2JDs6PA4NpzzQ8bn/M="}},"D+PjfjI45NXNZ9F6BTHE4PVvjin97wwfP8Gz2j7HVmM=":{"valueMac":{"type":"Buffer","data":"xTsszrvv8VtJvVuVAacdzsu8SJLtvpxhiyVVx0FC04I="}},"EApU1SNljmauyWuA5rIS/7iWfT8yXmSdkyZlCk+9mFw=":{"valueMac":{"type":"Buffer","data":"fowWuHqR+CpO6CLTLrxbM8Yivn23XhVz1PqKxJDkx+Q="}},"ECP9QJw0MKld6I3eqPuEo8WVy9S0OCVMKzqQozhc3wg=":{"valueMac":{"type":"Buffer","data":"Xxbe+TWRwX/AWYcdeEfAVMV3q9Eh2F6cwARHqHOBmRk="}},"EC0QXgrAH3Qh0evB4IV6O9UuPnDQxEd3B9xIPjrLrMM=":{"valueMac":{"type":"Buffer","data":"HHJkz1F3IVK0LgbeKOKgoHMvnJVGL1Vw71MUiM1L49o="}},"EMw5VArDmKEthqSvwo2m9AOYku0OVoOMZ13szo0nVHA=":{"valueMac":{"type":"Buffer","data":"/qnPfcmW12OHQxGhw4M6+RXwGMiX9GElFTHBU82EiW0="}},"EN7osXZhPHGRuOixUFH4V/NjevjUq4273AH2f4CbGK4=":{"valueMac":{"type":"Buffer","data":"KaOv75rATNtFo5jCYlCKCWKmtmxDt0Deh6u0nqsEug0="}},"EQU4UQ7kOf1xHMe5J8j5mLQJyIQ7VdeKZoZ2nPtwhwI=":{"valueMac":{"type":"Buffer","data":"fvAuNUvc0DwFghc7NytY4WK530Nff40Cpox807U2apM="}},"ERdbawjg2j/3gJ0vGi6DwyifErBYEjiJGsgVO3ZIn58=":{"valueMac":{"type":"Buffer","data":"f4sLiqHaWHgtL5NMkteRZR4VzYgGQ1rCfzTtJ/7ubSk="}},"ER3GkK+WJMvOp2iA6iaVV1LfyVp0IA+v3byqPEphr8U=":{"valueMac":{"type":"Buffer","data":"Hj+jI/M66TtX0T660vP4om06W10mGBwHve3zbNlQgcg="}},"EW7sG+nVVKWZJtFrUSJFkUFecd+BNagcgVcisv9PgoI=":{"valueMac":{"type":"Buffer","data":"FuQVVy9GATQCnG4yv8AySx1tDYHyNOjxEm4G7dTo66M="}},"EYWtqsX89by4YtSBF5+MJJrLiIlMDEnfg4U+NZkm1kg=":{"valueMac":{"type":"Buffer","data":"X6fkCdDlUtVeQ2u4VQnZF+NWoyeRh6IVcNS+x5QY1NU="}},"EYZ/qHpZUNBIYbW764zgqovbYFX4GeY5M/qlvTOehx8=":{"valueMac":{"type":"Buffer","data":"SCg7uOEow6zmozI4mCaHgzRG11x5v96HzIOqKO74IXw="}},"EgiDc+QwrthJ3ogT+D5cmM0P0YuTA3MqL+6LIXd+HsU=":{"valueMac":{"type":"Buffer","data":"JUP14PkeC0bEEjkShmuVmgW/w/JdEwf1xB96NpQLk2s="}},"EtUuou/Su9dJIlnrMsEoJoRbH6inu+HfqRSlFdCAV48=":{"valueMac":{"type":"Buffer","data":"lQ4hq/f2DTXsaZhiVxkrGrH2cQSiVAB6JdhwDR5ztLk="}},"Eth6/em8rNRo4Lb+8Ba5LvxnTuV5Mu7LCujFPgcTmMc=":{"valueMac":{"type":"Buffer","data":"p9zsHrx1vEpgQxYiebr9g2OFEInRhtm/7lCXTOe7zuw="}},"EvIZ63wvaT47eT+UXpN8TJyeklGYQ6X7lpVQ6lKqJAU=":{"valueMac":{"type":"Buffer","data":"OL1OxqlAjrwov+EbuCTQVpuLVpEm6G4Uknbt0C+Do84="}},"EvsDIE9t6wiHtolfKswR3AiswetYUTsMQ6jX4L/QbYc=":{"valueMac":{"type":"Buffer","data":"Ym41ZDmORAO5Dg5+7PypEqbNiniABsCW9KlblcbzWZk="}},"E3PCESbzPFyeqgorZQp8N9YUWQ4PN2RWNCoAJ4sFI7g=":{"valueMac":{"type":"Buffer","data":"64bFgAdgvtxaqwoDjqRoHPCr9if3en3J7zHsgl+jJqA="}},"E45VUdfxVpZYz1DH7YWg3tWlkHMDR7Vc86jCSqackAk=":{"valueMac":{"type":"Buffer","data":"xIL0w6U5Pzjq/2mwMYEnGEBnb/BmwMiiwNCAbHOhHK8="}},"E/x+zcXgbNQv/+malL/0VTcngDEK/VoV74G9DQ5QPNw=":{"valueMac":{"type":"Buffer","data":"Qcx7U/uGooawKNrWoHUKNylBAyXIDkKUFoP6+dhzttA="}},"FAl6tJJdFrcPV6jA7ZvhbzaSfP6GLfswIl8JORbPkqI=":{"valueMac":{"type":"Buffer","data":"grY3cr1e0q7wN9W+gLMLFhsGf3RXrR/LxvZCocRDJBc="}},"FIUf5nrbuCSsExVuyHTFJSfAIQ2e23xKcfY1FTygxA0=":{"valueMac":{"type":"Buffer","data":"8m1tJ6FvoVoZqTxuO7SIfZQ3KA/5pny6e7sH7c16BFc="}},"FM7sQV1uThCjlj1tZ+uF80Z4Qa/Ft5p/pFgUDCwWLH0=":{"valueMac":{"type":"Buffer","data":"YqcmBqWvA89NbiOAwGtmPa6GW+3kxOl3SriAoLuDNFs="}},"FPq6j25I1/nPzSeC0hyTcrlkkBjI596w997lxgOmDks=":{"valueMac":{"type":"Buffer","data":"JhtgU9jyuGl1rHzoUI0aDmBWhmAqtI3m8DHYY76WNhg="}},"FdWUWA1wUg3BfNHZRE2y08fMJtY2KFAKuHUjwov7Odc=":{"valueMac":{"type":"Buffer","data":"bB5ULeTtg++lbrDejFxje3tyAZgQLM9Zu9x2/S/xMGI="}},"FmBwcZUx+unYzm6wMgrFuPOAlnX6cZOs5RP5e9vRNEQ=":{"valueMac":{"type":"Buffer","data":"c3MYo33wtw9PUFnYbUsRThUlTzX9dHuTBEEMiC5WSYo="}},"Fn1Kv5rMUrPNDCcp3wNeOugPfLhK6j5++9ivrOt0sBg=":{"valueMac":{"type":"Buffer","data":"ER5XX1Icbo41B8ZSIW2e9kqlyV/ciqYVhJ5s526rGiY="}},"FzF3y8vwmukxMsJDIMcAOKgOQeIpiqgpyamsLiyHvy4=":{"valueMac":{"type":"Buffer","data":"YGXRA7PNppk3rkKpWZmi5vp3Ob+iKTrgUqZxvzq+2OE="}},"F0Wp10VJx09+Nf+J6Qp5woQwLxVRhX0EfisYeAGgCDY=":{"valueMac":{"type":"Buffer","data":"wcX6JDHmDVAtpcdGafC6nNaq21PFQZgvfMc38qFZeaQ="}},"GC2h0uIgcJuHecnGRFh6vZmetLX9zy2Fc47jnJfuQOk=":{"valueMac":{"type":"Buffer","data":"/IwjcAozjQYnVvubwqrrlMFvGNTZjkYc//AahpUE8Hs="}},"GF57uT5e+ruxCjTuSAUhtO5jclsXppo+Soxi35w07lA=":{"valueMac":{"type":"Buffer","data":"oiJRJssib7iDg2zm9Jh3ZjblaytwI+7Pzp93r8xDLkE="}},"GP2C3/JEh6KszLFqOY9mXYOYTxhws9ewWl5a2KSv2F8=":{"valueMac":{"type":"Buffer","data":"x4hRrA08P+c5p+Sx6HvypuymhNOE2HYLZ05zE0/EzwA="}},"GR63NtiJaPzpnZtNtSTTv3gTrWCpHk6WCjeuhVFg8IU=":{"valueMac":{"type":"Buffer","data":"mHGM3ViW1P+DxiGGXZnF6J8X9afAttZGxCxwLDpwI5c="}},"GbTbF2rvD4z9Y4NNjPInNG9mBxOpTTaofq9l0plD9j0=":{"valueMac":{"type":"Buffer","data":"olaUDA/S3Skq2sBBzQ9cdoBF1j7OEqJyURseBp4AGzg="}},"GgScMIs6QvaIAApzVyEd9N2fDUgjGN352nV8F7ahTqI=":{"valueMac":{"type":"Buffer","data":"WE5IdTzgtMnb8TqdIPjr2ZRLyWm43QvjuixpwM56cXc="}},"Gh54R+SeiFhwGBuenE3GArtZV8dNG/1//0SCtctRPvs=":{"valueMac":{"type":"Buffer","data":"erRQ6GFKEqbV02ReDtnr0b9Pv8sZwLexrTuCy+7jhfI="}},"GiTQQ99LTPobHsepzoAru2Rgz7mzoineSqPFL0HKPyc=":{"valueMac":{"type":"Buffer","data":"wEYHHw39gh+tOlEzo5nmAXCpe+zf9RxR5u2ey6Ig8WY="}},"Gkyt/JVOkys5O+uipGLilZSjicZI6ZyXQJ86FyPCMf8=":{"valueMac":{"type":"Buffer","data":"eRMvSNUsi1nREMwnNonIHvSTRIhFv+3/hoSeaRP92JU="}},"Gk2ayqC0tLYYGQFf86zuMzpBzhyP6kjYBUB7Z/EJVDM=":{"valueMac":{"type":"Buffer","data":"fvwesZcTa5dXRiIUC4UxdkIgbvcCjMzDM7D6QEkMHtA="}},"GnMgGFrvotOuc4GZ5f2iK2So58SpLDgyM2EmRx5vQAI=":{"valueMac":{"type":"Buffer","data":"od5TrNxmQJivGenzObJWTu8p2GPPsp/j5cGqbYrQQ0s="}},"G3DCbEsOeOKHX1+I/B1jWTpStc7XbYweE404G9iVjuc=":{"valueMac":{"type":"Buffer","data":"/xuGbkaGzNi074Zovs052aReQBkc7f6WYg9H2MvZpus="}},"G9bM2jNIG9qmKcnAYU0c0VLk/EG9RIDrxx3rour9lKo=":{"valueMac":{"type":"Buffer","data":"xtktmK4ouYv4q9u5mC61On02HoNicMgKbGvriR7l5/s="}},"HD7pMvTcDRMwSckX2r3gk16E/EqWl8tsnL0sCJnxDSU=":{"valueMac":{"type":"Buffer","data":"Hw008fiLkMG/Cqprj1M9d6SAAFQFDQNw66WWkluWR0k="}},"HS60WDiD+nHczAbWRPnXwmUqsrRELDpRQ45l5RppeEE=":{"valueMac":{"type":"Buffer","data":"POnEIVb7+uE2thPftG59W3kpbDvIqJIEoiJoGfdhJes="}},"HWTTUrl1zCeiFsAE4XA81j07wZAL/AtQaFfi5XAnyB4=":{"valueMac":{"type":"Buffer","data":"XkQ/zaFj8+cKMG3VctJwV7vbKPERTvqJ+94ex40cS48="}},"Ha05BU9ozQiPXgv9lK3RDveZXP0VHaPgYTK3PfE1zpY=":{"valueMac":{"type":"Buffer","data":"HkmsdgpKf++6PfIk/QzbMGQl2e1siQoV8WuQkub9TyU="}},"HdsvVkUOJWwMr5ucRAyJw29vANFvNCxtW34S/9r72LM=":{"valueMac":{"type":"Buffer","data":"3ThuXCLP0wUU9Pg2Z1aVzvz1G8pQr/kHC5C0yYrV1Kk="}},"HlwLm1dThdhiRcrIAdhqfW36tet4YOzFc5SJIyPpLDI=":{"valueMac":{"type":"Buffer","data":"EZZUS+ShfggEFd41+KTV53lVN4DFR5Yd7PGlvlPQdoI="}},"HqDfXxpoafiuAE2uiwWU2zCvdtnugiWKw1PhwkNnPp0=":{"valueMac":{"type":"Buffer","data":"UVmCDKCVmOi6t37LV2aqR2z81l8AJHidGwesHXfIetw="}},"HrJZF/Au3gzRO2o8Um6z9gjAV0HgRZQxN1SrTg/VtGc=":{"valueMac":{"type":"Buffer","data":"DXgi/jwt96YyQFI1G5FRXcvSHq85gK4v+lA1QfWcsqQ="}},"HvHjXUFFO8UhulbD48lagq+lw4I0is7NlQZGKUrffTI=":{"valueMac":{"type":"Buffer","data":"z70DamAzIRlad3Iy2nXl/iHQh0nX68IIPXntMCHHBTw="}},"HwzH0mdSdA1q5IxM/qqspaY3/66ABjBsTDs3wgSFIXw=":{"valueMac":{"type":"Buffer","data":"udqTWvWP3uBlWeQnoY68dXE/xp+xLnMvo0fz5yy5op8="}},"IElNz8+9PCSdqBFAvmTTE96ZhcEO/DkDqhi9xS7M1XM=":{"valueMac":{"type":"Buffer","data":"zfJKs2T5WdLObFcAbr9RET2ml6xaMRSurQLtgtD1etc="}},"IOaJ5GIlx/7YDO0Qx7AfpUFTLfB6LZ5YqwQa1xPdGbY=":{"valueMac":{"type":"Buffer","data":"qPT4egd0mI1Jy8qzxn+pEtQk4DmhknI1I3A1uB+lg0I="}},"ITK62tRZXibZadRq/qXR0na1CkauL2ACtS10bO0/CTg=":{"valueMac":{"type":"Buffer","data":"54oGB5a7gm4UQFpAmrd6ku7ReaIgs5GIt2TwsZTGkbQ="}},"IT6O+t8gtuui143P6y+OcxvOITGnWLqhgPyiNuaSEMM=":{"valueMac":{"type":"Buffer","data":"9HKRwVjXpx4nrIJwDf/lNIhHQoulDT0MNZ2zO6NIsmc="}},"IYBne2JHmQcA8XT/OMVDGnwDzm6LtaGGCki5I7A6sFA=":{"valueMac":{"type":"Buffer","data":"etkZDZGMFVkOx53MhPUl4VRW491XpoVUMeyNr8WEUDw="}},"IalDUiidp7yRo5VHhdlxzxbvNulQsP7giNrp3INp4L8=":{"valueMac":{"type":"Buffer","data":"VKmnf6mjBZsVlqLygSgZxF0Ruv53WKBQmk+MP+wY5xc="}},"Ia4mVsxz5vSMl5lhkDZiyaj2h3TaeauZ1+TjQKQuWUk=":{"valueMac":{"type":"Buffer","data":"bgE7wJcp63zvH1+Xz8ljvzqDieYRmVT9xjK2EtDlUfA="}},"IcqIhQDa56FjB2fAwusGSMbRBh9Oya0uO84lCXKsDn4=":{"valueMac":{"type":"Buffer","data":"rVVviVPqZhiGfcSX7hRMHUGe4xYnmGEtpBohXRdqiFU="}},"IdVjWMhEw2MuSRrN9Ou1zZVhzztg//KHVEu9ez57PGI=":{"valueMac":{"type":"Buffer","data":"pU/2j1KUfuGFFeSdOEGm4aZV4JWs0iejpC1WPEt6Y/4="}},"Iiw8C/LpL1N2gD++ClNjjZGkqDHqLNjl2Kkg0/QvFpI=":{"valueMac":{"type":"Buffer","data":"Q54zEyapybsUEX7SePor6S/CT4poIjS9oDopA92n3aY="}},"IksP7P2sUkpuFGpnJonKa3FbEx17/1yt40PkPnoSkZY=":{"valueMac":{"type":"Buffer","data":"oHIypBkyjOtB3cQb4TCA3ydX1uT1HQV/7pAVwZBFDI4="}},"Iq+L5qJn6dMBctBm5tktvAtIAxTDasTtjgvjR2vEO/M=":{"valueMac":{"type":"Buffer","data":"Y0aRS6fSascS0h9EqOLuzmabz4AeA3cVz3JQaWJaWnk="}},"Iy9ZVtHZM1vFeTxAU3O2OBITqoPJqeZ8As05wJvleHQ=":{"valueMac":{"type":"Buffer","data":"cYM/pV7YnKIhsijSW1dA9c1XmeDPIq1f2jktl0o2iV4="}},"IzUcIbbyWp9qjcHSr03ry2EKRgK+QESc4S4+3xlXGfo=":{"valueMac":{"type":"Buffer","data":"cgfKjzBgxVmtMAWY7qzjNb+iO29n2CGfNCcKlpaV6z4="}},"I3hgggSG97c/f3z4CdV7oUUyAJFJEEj5cMgkhS0I2cU=":{"valueMac":{"type":"Buffer","data":"pyawVIN+HEVb617PaLvYgoVdDVFmEe45ghr4JL9yWlA="}},"JBTeC0vmqVbhTzvPnrMGAgmwyk0ySXuLEV4nkWw0aes=":{"valueMac":{"type":"Buffer","data":"8mXE72bjVIEM/XoTZpNVd0dYFqOCX5zBnusRf9DJixY="}},"JHmYF4e14/1MEYPZDPZmiw2qf5ik8nzNHpKaRnE1TAk=":{"valueMac":{"type":"Buffer","data":"I1YSSpxldniJ1T1BKWO9etxxsJ5r4w8MX4XntIGMmi4="}},"JMHVkHEXRwwTgpf6NMebrQ0K0DoblUvfufYsWXYKyNY=":{"valueMac":{"type":"Buffer","data":"bWuf0hMYQLAacRi5oWM3VVzsOgl824cseNrPate7K8g="}},"JR0x+xuPyxOsqoNAfWOq00NhLB2sumGnHgojad+ASgk=":{"valueMac":{"type":"Buffer","data":"44k0WzRVR0v1oAx1luiYHUhKC31EobPUjOa6OYc1s28="}},"Je7lKFenGLnP7R1H6UYMd5ohHDpfx2qO1XBa//M7ktU=":{"valueMac":{"type":"Buffer","data":"Q8V4XrGVv7M7qgI71cbc6l5fZxKm4UD/5drK/020SaM="}},"JoF/dh2+InaZrfjqkUhg6uzabO/pLyY1SMfYOBISURU=":{"valueMac":{"type":"Buffer","data":"7YczzWKz+Th7s9G6muqXqBHRWc51rY4Vg7kE6r/gInM="}},"JoZft9Pd1MEHJgHbXrk5eQH9HErbeOCP+CVuzuOPKuc=":{"valueMac":{"type":"Buffer","data":"877Sbtg8ubM30ip7AovFZiBUKayXTT+og2ppWGspgjM="}},"Js7gnBJ505l5V/q5aXwyNEV++TDfwrQHNjosONEpFDg=":{"valueMac":{"type":"Buffer","data":"p41zwJIeibUB83OEbvev7GZWVs3rILgsyAF1yYVCg60="}},"Jtg5M9d9r35SmKJO0HcTgE6j3bOKC3wu80cZwu+OCsY=":{"valueMac":{"type":"Buffer","data":"zk86MWELxyR4Vr8cxvNIhHFppdlkhQl5qoO417V7eO8="}},"JwePzBUglpITHDkJqYqQ02UPTQ49L1W158AphJA4tZY=":{"valueMac":{"type":"Buffer","data":"VVMaB0tTFKGCFYWstQDJWQ1wD/pqzxaaHR3lY5iRAGA="}},"JyQU9X/miGdA5pGOU9ehRZPqG/y68U+ns7Vy0dddgSA=":{"valueMac":{"type":"Buffer","data":"PXjcnZpjC/fHt4ImIgdZZk0JMtavEfhrYIiJV5iSZ1M="}},"J4E9PdoXqE0rX74hnzLchFx6497r1hn8ctb5yhdW3DY=":{"valueMac":{"type":"Buffer","data":"GYnxD/ncI+nijIhppQFzSAOS79c1RWLhrLHvESX3c70="}},"KBAEkAuTJBNOlrjRV9Vg+xgZc0SfyEy+9PTfWzmgZpw=":{"valueMac":{"type":"Buffer","data":"xvyT/BBZCCn+wtkI0yc2Mq8sMv/1t0/UBi4g4ecCcjI="}},"KCfJDkK9noJ6XqpH7IVm59exNmZCkQHoH9LRe52fwIw=":{"valueMac":{"type":"Buffer","data":"4B3fgLG6BVpdXRxV5siH0MqOVISgehSZ6ohhvlWbVF8="}},"KG5o1PI6nPylaC3HO1chGkbPrDZznHK8uaLyqvBycQ0=":{"valueMac":{"type":"Buffer","data":"tp142uOLl0B1a4LSBvK8iAX13KgGP85t1LEnNnMQPk4="}},"KMKBXwCiGsv6kL9zY6xXGcn2ikmGCwutJxdnCa31whw=":{"valueMac":{"type":"Buffer","data":"Jwk6NcYo82gfCgyCbSuB+NG3SkMz9tVSIOaAxrcnWnA="}},"KPFpVSdMhrddDZpkr9B6SWNDa/WROdMWHtzzyJEAvqE=":{"valueMac":{"type":"Buffer","data":"i87n4NhtH/H/+uIj1+ZD+YXhw2uTvBmZ5SP0vYckhYI="}},"KQILBLzsmtLPcCQt0DsBXGhtriItYk54fdFqMvZDcmY=":{"valueMac":{"type":"Buffer","data":"e2Yyqy1hGrh+HNAMTlI+iB7EUKZ0acdRUQ30qUITepM="}},"KXM6EQRAYcAvhOo5ejy/4CQX1wW2wb80jggojUhb7IY=":{"valueMac":{"type":"Buffer","data":"KIRNM4H6BTijZoalP99F07G7aM1mXiA5pu7ALMq7EuA="}},"KboUYOVwflrUsJrBz9ozGPGMmuSmjLqWUv3e6WI2LOM=":{"valueMac":{"type":"Buffer","data":"B/vRwEaN5PWGqPVpBCTpMNn0DNWvOAUM7kanu1aXxyQ="}},"KdPPflY2khklKaNcwV8nIT6Sx9oNm4DeQohAOw3ktqs=":{"valueMac":{"type":"Buffer","data":"DzvqJVb/JssSJgK44GyhTYc4ti+aREiaTsiqCe/MNEk="}},"KjkVBHd0OJEkUt+PyetYsTPfqHzOUmV9YVad9MoxcjU=":{"valueMac":{"type":"Buffer","data":"io3Grv8LSWbklcobTnWonk4N6SttoLSfDc2J9iid5DY="}},"Km3QLdhPSkK+FX3d4zfcfSOP/wGQ7HlN33yCO258Dgw=":{"valueMac":{"type":"Buffer","data":"1T6C+nDc+B9BuYn8uT/32+7ACXA2C3pJ91f/A2PdZkw="}},"KtDMNgjhmKenFteqU21mx+YFcGPc5xDWSxrF1TH1Nc0=":{"valueMac":{"type":"Buffer","data":"IXQOjCnuj0C/jYDOKAI9TCP/6M5Rtj2PsfGTlReg1vs="}},"KuLPD428jkX5TIlVrTbRwev/ky0OZnLlh390MbPNJMg=":{"valueMac":{"type":"Buffer","data":"ZNkm08342UKryDphTBq9Dl035zYwq2G7IDHB5NiEzk8="}},"Ku47uYhe8PsA6t+2NH1dy3FF3Xj3I13KaduEyjvYmGA=":{"valueMac":{"type":"Buffer","data":"rhl0J6ofU7VjLwkHenvCTS7ro///o7TGMNFBM4Wltj0="}},"KvVT42o6xr7sxwzd9g5h4Awc8ivqm7zAPWuWZAKbPe8=":{"valueMac":{"type":"Buffer","data":"FZuTXf2h12gaygOgBb2GA86bWmUuBhN7F5H2td4OogE="}},"Kw+/CDxw7C9rz5COuhacfrMpT3wOIO3k2Z3YB+UI9uo=":{"valueMac":{"type":"Buffer","data":"GP9jmb7HuezVYzl6vkAa6sbeG3rc+PHndoArVA2Cp8M="}},"K0cM+w/Uxc8Xoi2chYSAb9DvH86GokHOjCY6EtIPF7k=":{"valueMac":{"type":"Buffer","data":"+N+SfCmhid8dZTOqdQCVvItGJVfxRZyOtn8BHNTF6TE="}},"K1bDoaqnttQykghvfRNPRgzvUf+MdO5oUuMcOtEKLsY=":{"valueMac":{"type":"Buffer","data":"KrIsevmwKBqrMcC8r079P4ehoVbIqHUPZOn3zmVIHyY="}},"K6jSgPZmKLB7r/bBCwGk3GpmX7PTf1N5K/m+0qYiIVQ=":{"valueMac":{"type":"Buffer","data":"2NCVp6ASJoX4X47kQInWWRguWnMLMYuI46aWEHykMEw="}},"LD7n0j3hWuVK/qccim7HGSq0j3DJnwqi8zCvraNgSEQ=":{"valueMac":{"type":"Buffer","data":"bZdVcQC8RolHRTQQiQUxhtmuVAMj5MOU3WSY/Xj6ChA="}},"LOQy/yhB8UAMmrZ+bzRpmu5g4L6sM/yCQlkSEzINCVs=":{"valueMac":{"type":"Buffer","data":"ms3EIkNZFU3BChG9kHuF2UzGnZ86c4pPyndoAVlMse8="}},"LQJgJaNSi9RVHnyYVkxmDESy087MMc+KjosYomsjmwM=":{"valueMac":{"type":"Buffer","data":"F0nVw+L1i0Q50VnyRfG0UwGsEXOwOJ+iqb7lQjdbcGw="}},"LZd/enBMPFrGCVYOhE2L05GT3WQcC32n9o7s8ojqHoM=":{"valueMac":{"type":"Buffer","data":"jN9Rd4ddrxDnH/bMUmwwf/7ce9v2Mq8+/LNo8THuYAU="}},"Lb+VPn2650NlbbVeEG2eP4XAIQ9NlqGS8G7b13JDM6g=":{"valueMac":{"type":"Buffer","data":"T1+4JyANeh18UC7Dc3M+apkRDOz4to+JQlpkNoSZVyE="}},"Lnf8Csy2vdkJvJSAcYUnyY0gpR5EFikmBh8Tg1XqMpI=":{"valueMac":{"type":"Buffer","data":"g3kS1s3L3JQNl2RpDrAHEhA6G2MrTKoR2zssURpEipQ="}},"LpM6H2KNdUebHZCbLRZ4BngMt7oUHljGD6kQi3NqP6A=":{"valueMac":{"type":"Buffer","data":"osVCCfxp7zBatjqMk0ABh+fVUdTFuJHOiO9enPHPkPQ="}},"LqVZhsA5KOSlNAEEmihWhfcRa1mhq/fvfY+XM8aTxVQ=":{"valueMac":{"type":"Buffer","data":"BhxqQJVGzMsQo9kTYzVCDiEulk6QXgqiY2kJk9xuYec="}},"MEPlMTIitLmcWmnqanF5qmBhYUm9KHgAMASRgXzilvw=":{"valueMac":{"type":"Buffer","data":"0c0reK5vkJpwHp0cAVlO5WAD7FF0mGiGIJ0Ql7z8unA="}},"MFY6lZlZ5YV4C0Rrte7PZfoqBdEvP63lpy9jczsWQlM=":{"valueMac":{"type":"Buffer","data":"Obmt5kvs5LiryUw2Gr8Egoub8xn/7xM/u0y+8URnc3o="}},"MPOvYsvQP/SHJKh64tyUCgVa5jsYlX2ziB3itQSoF+U=":{"valueMac":{"type":"Buffer","data":"JLSrdnD6x29EGjGE/YS1hbMB8YE7CI9ZCYjBkdPu7y0="}},"MRoeyN46/jk07qQFASf1Y1eNytsetCe+Ml9zEzAAhuo=":{"valueMac":{"type":"Buffer","data":"AMsQcAh9KDjdIsHFO0aIBX3ZlK15as03772k3sLWEH4="}},"MXRHduWLtUl1oyYGzj4WlKYG2xzsLJ7VRYeP17uWNQw=":{"valueMac":{"type":"Buffer","data":"hQ2OC8S3m8i5S3vufxePFLuldULS/VzN4Gu00LTDvhI="}},"MXfDHlWxMD5tbLR7gp2BynoRTPxbJ0hVhu1MDBey0NE=":{"valueMac":{"type":"Buffer","data":"hWT1ebZdlr/eLDP18zPu4dCHA72EOK2nlpm27w0bY9U="}},"MZUUZtrV2yKrgu8B/3si8BkRc0YKOp8jvUCPC2oH5Ms=":{"valueMac":{"type":"Buffer","data":"wHco8iPgS2m9+N/lchEBLriVfk4VKDnoRaua8CCPODI="}},"MdnbznCthx7pxI/EzAIqXhXsp0c/TjxWQddtKLAID5A=":{"valueMac":{"type":"Buffer","data":"AJDQa3O3x0FCVUOkZTeZa2irbkJepidvYGIcIqL+hMs="}},"Mke0Hw2ah8COFKxQBLvGE/PD6af7wU+R99dtGwyAENM=":{"valueMac":{"type":"Buffer","data":"UWDx4AI+3Q/1TyHSO4RdVdDX9v6cxGUeezWMKN7xnKQ="}},"Mk3XcMibqn2l9vDuh6VSmvdOKM1+/dPpBXjOtJgcwd0=":{"valueMac":{"type":"Buffer","data":"uapuEJ7vU0tqXMYOSTwXDmQ4Ypku0HlWCM+pzog3YDc="}},"Mo7CgrquCAUDc7oes0r005PwgjVbRDj2Jy6meAfUMUo=":{"valueMac":{"type":"Buffer","data":"FGmsUUOoV1NAMIhJAlxnh/BAe9hjYCtSA6LlUx1BlqI="}},"MpIXSZgXfECkmXLq4E6I5HJq3FWPBZVcRGlggN8IOZ0=":{"valueMac":{"type":"Buffer","data":"AjIaeBvqAfmJamsT6CXFJDjY7evncKhfbmwfOLH6uZQ="}},"MuQJ2z8xEfjiu0DNdzRYwII+YYe3OTtdHOU6U42J1ss=":{"valueMac":{"type":"Buffer","data":"cS7yNTPX/itVyWuO4M7wvVb5VZk/9TLtFLXE6M0wCf4="}},"MwjoHVOTXSnSABNb1kzbZ45bjwk0DPLPXkksf23/wbE=":{"valueMac":{"type":"Buffer","data":"9B+t3xR0fUpTg5QXCU5dxVn1uMs5K0CIZJpqNfm9LlA="}},"MxeL4zyKmaLBHOQc8H+Eum6/HlcbZnnQhVoX2qRniXo=":{"valueMac":{"type":"Buffer","data":"fate5IOMb2fVW60ErcSF3SRaVRmqI1WLpiEyfOI5ges="}},"M1ZExEQvURZE/mCrhh9tCE93gsoE1YZtnMYk9mmwVoM=":{"valueMac":{"type":"Buffer","data":"CCiINQWBezcdSa/SjNW3nDAYlIrA/7SvAExnZBdJrko="}},"M8QpVzavRiLZ3K5XqQ88XrjS9Z/6z/VCZebhS64fhBs=":{"valueMac":{"type":"Buffer","data":"XlhiJ4sv/yrJYH2MLcZhtQgrR5qMDgBibnaxoCrIMHU="}},"M8a4dXkHijGF6KZuK45s/tT1dBwEBAi9cSwuEUDZr20=":{"valueMac":{"type":"Buffer","data":"2zWSCRAwGm04SAreMRN4sYe+B1k7ZPAK4/JqeqW6geI="}},"M93VyWhaoU0RzhKz1W3khuUrkP77+SB17HyiaWlNGos=":{"valueMac":{"type":"Buffer","data":"JHkhaqCMR2741ed1YhyK9Od8y21EE85m1W+Eas9WmTI="}},"NBc+LltcfBfQ94kSiqgOndEjX4uN/rbwt9axJE5g7Bc=":{"valueMac":{"type":"Buffer","data":"l9FoGo/Jtj+NlVPkEm8LGV2hujaQo3y9k2uu951Rt0U="}},"NI1iQ3kp4YLjVqf/QX0deSfZXvYlO7jpmAkJ2McGn4U=":{"valueMac":{"type":"Buffer","data":"N3V7znH33rMETsazrjH0S3c3nSvBc6gcTvW+X50D65A="}},"NJ6Sfo3oZdfM+JUv7ff3xN5Qg3CN7YY5EWyINfbSNAs=":{"valueMac":{"type":"Buffer","data":"T1FrTXxrkE5T8VHdAhZjRHX+zudCLt6yMxrro7po+tA="}},"Naq/M9kkO1N/4+INfyl7MlfI9tEWriATWm43dyYK86E=":{"valueMac":{"type":"Buffer","data":"TEZR8fEA6IzlXpgKWULdqfMyD4o6/0F3dEiH7Bx/zkw="}},"NhQdHQbHjl2/THPald9fi8Xcm8rdX15ORjeGWygBHGQ=":{"valueMac":{"type":"Buffer","data":"KuA3aOnWNXEv2Ei5IG9NCSe8jjr43gj9tWbdYuL335s="}},"NjlOby4QBo5OZ61BgG0ymp4BEnd14fHyJaRkV99Gc9E=":{"valueMac":{"type":"Buffer","data":"VXJ2J77j1P87QEEvqeD0wYO1uaPN4YsFVPKbp1fdf/E="}},"NkK9oa1XKQqJZsyOF6uZlmlRsQT4hgZpRGxZrLEhLQI=":{"valueMac":{"type":"Buffer","data":"p5Di9TATciGm+iyD2RkHbCncAaYk8pDX7kBkCBBF72g="}},"Nz6JnQzNLqNQ5dpF8PXBSjbXrunAKUoptGu6zERMxOA=":{"valueMac":{"type":"Buffer","data":"BFrwkSIbA69ZpwL815c+44fpQUr5kK/TLuh4CyBzh68="}},"N13XpmcCR8swwp+lusaAzRUpc38YZUC6Lts6lPCAHzo=":{"valueMac":{"type":"Buffer","data":"SCxD76nYW+abKdTZEdPsFc59UOePaWg73Lpc7EDu1ok="}},"N3Pp9t/LGm8ADKe9QgW3wd3C0bXnBuIXBxRgKH9o+7Y=":{"valueMac":{"type":"Buffer","data":"alDHW/Mpa/qBG9rx0oUGIdpOC+uCJ9TSgPLN7HMicYc="}},"N6XhcsEoBTvVYFvcnbf5XbnI0PDe5PS4JgL0LAhYhcA=":{"valueMac":{"type":"Buffer","data":"mkeKYwzMhckR+cJns1bCYV+7NCuw7xaPI11A7Sq5GIs="}},"OBzycOTcWprbQZ3yW5oiv1ovtoiPvPfgwZldK5pVdC0=":{"valueMac":{"type":"Buffer","data":"MjEf7T4jSVNg+c2LsNTjdaZUojD2o3SW13hI/nqTHQE="}},"OB0O2lXGcp1fAFJWhbATVhtGb57rd9ra+0Vx2s6y0C4=":{"valueMac":{"type":"Buffer","data":"GI0xqc3DAGTo6JqxKpKAximo8jpAsehTjCfZQvxbyE4="}},"OEW2wSAEviNm71NeCKdREbblqEWAL1eZu4XN0LE7t3Q=":{"valueMac":{"type":"Buffer","data":"bfRUVBJxosflOQfD3jIX04NBVdHta+DKBQELkrT1saU="}},"OIc1wBZGJnzVM4A1zCB2YJVMBehYSx7K9cSlX/Vkpr8=":{"valueMac":{"type":"Buffer","data":"9N6RSPMz+f6hzuzaNkKDIqUyHmAwxw6PvaGfJOaOXQE="}},"OUuxM2xD7QtSz/Hzj4paYmZw5s8dx2w2+AOTkoiHusQ=":{"valueMac":{"type":"Buffer","data":"rYcEYcfLJ7XAyJwCbutZmzhG0cAa5j2MYNnK8b6WtHY="}},"OWxYzaN3j7AHHVmw6yr412TaWOhjV5l3MItHI4XKETU=":{"valueMac":{"type":"Buffer","data":"onBdrqYg+kV2SXYagl5eMz35JhEu6pyMn99RFo08ku0="}},"OXTx9QyoLOz10NXgH9TFJec/nGiMD2ipa70gf66wRdA=":{"valueMac":{"type":"Buffer","data":"8D4fTboh8gtPtXfm3n3NsAog9AOJ6F+TIl0gVm3eeuQ="}},"OZPYsWcE+5wZtm6JQAIGfrgeb6vzmPk5BF4+6ySLvGk=":{"valueMac":{"type":"Buffer","data":"KDkk/UXTA/0gVx6tMyW4RcKW3iva9xb7qeXis/IOh7k="}},"OebLtNSYPh/atcoCkIvOQr2jNnGBDJ/wYyPX0RVk+jE=":{"valueMac":{"type":"Buffer","data":"UAFH2WK+lWvtabcTmzoCQRDUO0Xag8I6fOUWeO34df4="}},"Os+m3FOY3/C4enhXz3NQJ7eO0C+/d6ucbd7dQcULOtw=":{"valueMac":{"type":"Buffer","data":"maCMQEQdWCpog3ofbA544q41c/MliqeZdO3dpMFxsPQ="}},"O4zT5gSGqOY8ezVG4JLZoSZh5CbbE1cGi/ZwYXLgLg4=":{"valueMac":{"type":"Buffer","data":"+tbEdlvvOU1dStXjxMIhYyEwBcS1eVqnhi5LonACKsk="}},"PA1sYZimj7Qo7i+zvX3FqYYqDzf/DdsI+ty06WcY5dU=":{"valueMac":{"type":"Buffer","data":"M3E+7+udDHHNnwn0/7WuQigxA3miJr/sDNr7V14CWlQ="}},"PT2aV7IAvoxbeGOR4X92eoKST0W7wqa5U4MpRhZrzYk=":{"valueMac":{"type":"Buffer","data":"NMTFF+zY/FDMFEcKPaBgHSkCRjOnFSO9Mj8kyKK15kk="}},"Pa1fADxA2ctPKlnvstv/BIfUPAfj7q4xphRvLtCEV7o=":{"valueMac":{"type":"Buffer","data":"EmszgRShp7ytsyvoacUK1gztVisNvFYxiMhbLN5nInQ="}},"PljGmYBkqJ2v5w29R3rOoD6dNHNlLgJNP8u+EeWY88c=":{"valueMac":{"type":"Buffer","data":"1fKurbmTB54mqMBOgWx23JpXZS7SfhcTpbtT5ZTcXy4="}},"Ps++P3SSVYR9JcrR8XiL6ZEA6SB382KTafdErkYjuDM=":{"valueMac":{"type":"Buffer","data":"cMSC52Y9Oq8gxGw3aWVx0v+rPkJYXIqKWTK3mR22JD8="}},"PvcCo6giha8oE8BjPdY3u7sX2cJGXUMzAfl0LO4CxiA=":{"valueMac":{"type":"Buffer","data":"cXEhtgQ3geLyg/O7aR4sc6quinVtMDZw0ClF54I+rO4="}},"P5JHJNtaMJYR/GbnpprEbXEMBkH0fKsJjsHvksVqUBQ=":{"valueMac":{"type":"Buffer","data":"wVzk3FPuYauTCEdaaK9Qbn/FXJTKVDcCNA6jPl3sXl8="}},"QDRDC180Z3nuFjKlXbM3whhc68k40awSLeaSUigImag=":{"valueMac":{"type":"Buffer","data":"xYWWN6a7wZpHepQuhj2wThSSVTjvfcEug5eH+UsqpRY="}},"QHhmNGDzqvaxC3WEJoHmh146TV73fOfy3fyuSrMnb+k=":{"valueMac":{"type":"Buffer","data":"sNyZ50xZVfJj+nWbpsxqnTBiZkUPkcuUr6/n6qfVEBk="}},"QIbuIh13geWzU+tSnLxluwGTdvOtgieqNbdWfdNOg18=":{"valueMac":{"type":"Buffer","data":"AWRmYqQqvNAw+7DOfhz5YAfND+vzfuvlLZusjv2mcoE="}},"QLYB3LzgL9ocSWYI3Zlnb3znHR/R0K2+SWESZQAUb2E=":{"valueMac":{"type":"Buffer","data":"+eVYstMJBU2UwTjZ7q9rCd8NLIpnXsYi5RgMJ3vu6q0="}},"QM0DpmRKtjBbjByKLjCLAMkrxZV6OZ55WMtaEQinQ8E=":{"valueMac":{"type":"Buffer","data":"WW14VxxsPWS5DtJgHjiD0JRWBMNLz5UmJw8z3+El+R8="}},"QT1AFQhdAJKy3py+dslDZ7AuW2tBUVZcXkiRvw1HUDw=":{"valueMac":{"type":"Buffer","data":"SOCKAwOycA000IYviDw4/6eeR2ADdKKs/ByV+A/65gc="}},"Qdhc83Z+H3oij0ezov4nNEfCpz6hyIPxJvxYUxqXQoI=":{"valueMac":{"type":"Buffer","data":"EpZBOkuZ6r7waOAnS6KIHA8vmH96VZjxgKZhjMGQwcY="}},"Qgkd5CNyOI7wJ74Hbblzxvv4TwzPjZPztdzypiPfs7U=":{"valueMac":{"type":"Buffer","data":"H+w73GDsOmZSSjZ2MvQeBXpk7B5NT18M5sXXOAeVM4U="}},"Qp9q0fKEwpVQL0NxlxKphfr/26xnz/sKzFb33nNYOvc=":{"valueMac":{"type":"Buffer","data":"Nn4ZujVovrtr0Lfy5GRcbmROYg12xl02823NLOcBeHs="}},"QsFLBrD7G2I57c1o9Jhk+JOomNIuTwx2pk5+SYikKBg=":{"valueMac":{"type":"Buffer","data":"jeXuQQC0Dl3YydcLdaIzFOcyeE6FgPsg9hDI0980x1o="}},"Q+Q9TBEp7UfKd4aEKYFjFVVBptidfMIEQ8CzmpZm/M4=":{"valueMac":{"type":"Buffer","data":"ypEXxFsrarILQV/sPHPu5nXxN0d4NR0RD89qm1jjNeE="}},"RHaQ0ctvZwaUfp1cYE820Y73c5pTYjv5/0OT88dygrg=":{"valueMac":{"type":"Buffer","data":"sVXOM8GdDMfqZQF6ZOFqkPLw6u7uJIbgqzi656ExFuk="}},"Rck9siab6xcVrlo7enp2L6RNAyPHJqdyD5NKt4iqci0=":{"valueMac":{"type":"Buffer","data":"G8E3E/FqX/b25526wSMRhmOqu3mKgIVXVyHDXmgEfcU="}},"ReKq8LdcrWq10OikJgyr9u/13Zo7pgLaJAsj8qFhUvk=":{"valueMac":{"type":"Buffer","data":"vTMx1ydVQECcloCE3mxaGiBN0O2OoY79WQ24CSguhfA="}},"Rjm9zsPba2wfW9hGI2YkUI4ATJw3dfe2dzoappdMRX4=":{"valueMac":{"type":"Buffer","data":"Wrca1rOQE9Cpe2XNVYK4iU/mZ5gNnrqU6dzIP/VESL8="}},"RmbgDdH30m12cBfMGpsAp59BkasFoXnvGVUHLFWlF3E=":{"valueMac":{"type":"Buffer","data":"iclRQ5vZzrjdJHqH/v9ffKN1USClUw1o6c6XAK60IXY="}},"Rt8d5QXPnh+qm/RbqjVap0PYoVLSW11w2e64GljJTCk=":{"valueMac":{"type":"Buffer","data":"6xYTrDs3xTOjNOP4Kg6Q9qESpr1BccWIxhOne2cWeL0="}},"R0SJJntf3fKrJ1+56WblFHoN3zl694DSsZFRBMNH8Ns=":{"valueMac":{"type":"Buffer","data":"WnOnphlM7rwBgUFJ4Go2cF/j3aKix5sQC/VC9SzfezI="}},"SBI3nMrlB4huRosX6EqC12GAlbzJReqQQs17EW5L35Y=":{"valueMac":{"type":"Buffer","data":"eW7qeiZHOK2iWfnnqAfrkcGYPwUQr1fobh8LdVHmoSw="}},"SEcTw3zsMf6zH5VBvx0J4o39WP88uvaQfLPsMDMmX3o=":{"valueMac":{"type":"Buffer","data":"tXS74f5+rVqSkpOCmahzrN8xn2th6+U1Q/DhyklUkqk="}},"SHOdXj51fSvJw/SLKXEHbu1I40HO6qZo5noh8bqLkaU=":{"valueMac":{"type":"Buffer","data":"1Ux6sO7LjBajVdokbwbkTMf6zjkJ5YJOn/5RHotVpRY="}},"SQfHjExI9F00MjP+EMga9hVRbYKK93laDnVWUMPcpAM=":{"valueMac":{"type":"Buffer","data":"XeadCUZnR3Pw4L1Ewr6w2iT6fPP/5i6LN+PUfx4OLV4="}},"SY1g9Q5wG1d/n76mnbES83rW5hBiaVkxM++0NldCWeQ=":{"valueMac":{"type":"Buffer","data":"hXCXiHU0a6NWFeiBzhBthXeyZoiPjodMxHWiQwjVqWI="}},"SlQkNj0/HoV5P/6T/hO/5ZDbnJyIqHdTKsRfY2uYRmM=":{"valueMac":{"type":"Buffer","data":"Fig/GAu+iC0J262gNp9dP3JbB5Zl9p5Qng6rj8ZEI0U="}},"SmYi0F3xqELSjOUbNBaoSV5Ht4qfQx0oF02Ij+G6DfI=":{"valueMac":{"type":"Buffer","data":"9JAeKEs3YqVB+X7Ce5bBAEt2WHdjtAMecImu7a8Ncco="}},"Sm3uSO5V5YZpKkk00kdTxZv+KyPxKVo9eH7vgvdTVss=":{"valueMac":{"type":"Buffer","data":"m7VIqg860WIPUr6M0BJFZH+wpa2vRN9QOBLIBsrsIbU="}},"Sogno2QAWENzSqQRo9smyBI4fGYLbt/Gl188PLChoh0=":{"valueMac":{"type":"Buffer","data":"LS1rtF7g3XK2WqmmSCWxqnzd8sQ3/EoGKy4y2OAf51M="}},"StirI/fH9ZBpMIoqB9U9Bqz5d5LR+qTrdgI14vP5IxM=":{"valueMac":{"type":"Buffer","data":"JOuxLs4BWX/jC5T+1zgqSqAftUepg4RskAhQ8W3xGxA="}},"S2cWFAm/wgC53pzqvFaHHnWcHnxbVGt/AxrbgHbgKvc=":{"valueMac":{"type":"Buffer","data":"s7ZoGM9TKyD6ai2+YokjTEiI+TSe/1ajEfwMHqH3k50="}},"S4OFCC5VkePH2UwJJSMn+T2c+lsyKAT9KIjEt5si9N0=":{"valueMac":{"type":"Buffer","data":"yBoj/9DzNvEgqXqLIAzPsZ5XyWTz7pbWsVVJe3Czzcw="}},"S6cUXGs5s3Rcmsn3N+ZW3yhEdk9/9qWb8uWuVCaS9qs=":{"valueMac":{"type":"Buffer","data":"R0V7W8jtgBO78/IKxwYc8unW+bx8kQtey9a7yal+ieE="}},"S9DYQKCmQ8n88DWn3AjC+8KPznbcdOYSOcl+stP1zqg=":{"valueMac":{"type":"Buffer","data":"tfJiHhUKoFambgruTDroPaMe0dKZfT48TlddMCa2+Nw="}},"TEHPhyber9toLrkXeU1qKUfZcnp8UU/G1/qB29bkKUM=":{"valueMac":{"type":"Buffer","data":"n5/8XiCCrZajixYNSTI/k+y8WlP7kwMb385g3MFKWj0="}},"TEykJfGXb7LdZzgkFrOO48Mnj8een4kG064JMK9jFN4=":{"valueMac":{"type":"Buffer","data":"gnEiTzzMspwwLytqR/3TbuP29RK17xMKPnn7/c6GHEk="}},"TKrp4m/0NIMDq69gGW1Y9l1Sez4qWSXj5am/I9I8aQc=":{"valueMac":{"type":"Buffer","data":"Xuhx/Xa8Hn4xKgOisyQlEzqHb7t1zdA9vC6m6iJkm0A="}},"TYX/azGO9beGafg/6/pgtfiR2R/VT6ukqGOi5BVVlcc=":{"valueMac":{"type":"Buffer","data":"lh56I1HMWaa20NVWtB4GVeM9pyT2zCYYwZzweFl+rB0="}},"TdZ21GVpPBAx3Nr0GpwQPTyDlfAMmZkKMubBCVhs+LA=":{"valueMac":{"type":"Buffer","data":"gUKEyEK1szJ0uVDzdZmq8YtaoDx4UzLP0GrUatlp+XA="}},"TgxsTpVJnjX3UvKcBLfcDZoBGtKb3VymzoaAib6CAYk=":{"valueMac":{"type":"Buffer","data":"/Jpne3m6XK2SrLbao7NUtavh5EYHYbYZ7Tj0jlnvbpc="}},"ThBg37lRBFSFDVPQkVVu2TPOXkGuBv4bLRAGSjSDIy0=":{"valueMac":{"type":"Buffer","data":"14K1ypGXAPq2U2mFi+rNkCtVbQxe1xsfksq3xsQ9GWw="}},"TlOW65uhU83fRoxP8pDdxJyTeJvImaGwKxjQS3GxIFo=":{"valueMac":{"type":"Buffer","data":"xBvnkMMmmmqWLsE6hv7Vg3GDMLR1MNH7RmYZQ1HEGrQ="}},"Toprm7sFbbt1McKjoFcZw+g0P0V7tDZUHiR01bHjy4Q=":{"valueMac":{"type":"Buffer","data":"q7tzp85yWNBzGdp8SoNhL76cYaym87lTDRSGKuv3hcU="}},"TpCPn+hJCH42IbUx0arTnwAm6gEMGZrBbW4iKDsRKY4=":{"valueMac":{"type":"Buffer","data":"gvI15DziLD4Ky65/KnV6KwIcsiHUSzClo3bmXgeDrU8="}},"Tr35plgSuXBMIKbWrbJVd8aI0V1ggoT9eFCgyh1nIDQ=":{"valueMac":{"type":"Buffer","data":"kSyQhvMfrlolbgUeKWuTi/RYQWFD/BJlPW8iDP8fGcU="}},"TvazFBqZKxpb/ZZsqeHvJNqimVMY94eQJSN0Qu+pWyA=":{"valueMac":{"type":"Buffer","data":"V0XMKjO1sfqv58cc0Wykx7ohn0WprR/tTyCri/5I7nI="}},"Tw/IMkobfu5TSazCgMIOExupClvVGBjRKlne05p2iBw=":{"valueMac":{"type":"Buffer","data":"wtlR9x1W2W3TWPnyli+ALmHatVrQgJa2CJIdlkQgd38="}},"T3nTvip4zyTcNNV6wf17OFIFpKBAdenSODHnb4s/ips=":{"valueMac":{"type":"Buffer","data":"Oj3uDMvFrQkS1pCP+9H2r1tYq3TsoaEjNKmc4w4B6FI="}},"T8as25EMqSFO3X4xA/yqIbih13q6M+HQEAmsIx+85YY=":{"valueMac":{"type":"Buffer","data":"72sEc7+WH2ExjtNba8ZDvQbhQ1SixQtskvXGZTw0bX0="}},"T8lDd/1B0E+eSHfHSJzerhA/P0eFZtlt5HCZGQXxyZ8=":{"valueMac":{"type":"Buffer","data":"unuTNqINCpOOaHDjAKTnEuGOFGa+L7+GeKSNev+/684="}},"UCyGxBBYpydjWFEBYAxT7SCvwZbwvWE3grE89uFhmNU=":{"valueMac":{"type":"Buffer","data":"xdK4pYc9alZxx8X5gDSd10u0R5raMB5fMk979GBFuQ0="}},"UNn56yc1FoarbPPB2UcqAyMP+tpjq6qbP3hnxfBjvYs=":{"valueMac":{"type":"Buffer","data":"GPJGeapRLz8FCYtXv0LxJQoMonAPDDYIkOIQ34vDncw="}},"UamvA4fycInCMnAMZO8KjixvqxlWnFMU4JGJnYP31cQ=":{"valueMac":{"type":"Buffer","data":"AJR6Af5KNz+BBpHkPLC+eOkVJLUpbgEfzw/ISE55S1M="}},"Ub7JKS+Yt323sAEOLqyHcZBhM6qhsEciQQYkSdbsL80=":{"valueMac":{"type":"Buffer","data":"cwFEF+rqjdkc6H4P57iNqg8N6APaHrWa8NWhhSFvD5A="}},"UiiVpdY9ar0aTJystJJnnlfBxbAwF+SZ8cbacDzOmEc=":{"valueMac":{"type":"Buffer","data":"aNVri3mPWxKy2pE8Bb+0bAij92EmFzZMk96dGhXepeE="}},"Uix3bNK4ES8NrXYb1ix8gMJNtaxWRIEou/23+I6dDhE=":{"valueMac":{"type":"Buffer","data":"myVZMENi5HQjusCYvdcKPnUIVsdVcPenztroDelrfd4="}},"UkIsWqAykKqAAYOuLh5qYlwq3oywQa3Z1sRaDzYAQgM=":{"valueMac":{"type":"Buffer","data":"AicT5QFBLJq7DhhC9qGhX/NIfvLENwFKczjw8nPU7oE="}},"UsBGSPW1pBs7mkMbgLJ52Rzk1nAm9HUynti+kTAZpRE=":{"valueMac":{"type":"Buffer","data":"23/kd13Aj7yYj+15nT/P/wQVlACU9D4IVHKSoCab9VM="}},"Us+trl+V6NGFoVhCxDD5bRBziee7gEdQb+3gfGpN+T0=":{"valueMac":{"type":"Buffer","data":"eGgBWwRnjs75ferhoWQmYYmae4eO8MFMRKQKXBZYj4Y="}},"Uu/nPXUFCI6aHA4eeoSaeFgLNp5Sa3pFwHmF0Yu4tJU=":{"valueMac":{"type":"Buffer","data":"8aQwtHXwYE2lc4f2imFBYwG00+ViYS/0WZHeDYxlEmI="}},"U41Zqtg734kRLVAPFcOd/JFuEDj/1IG2UI3sQrwVtmA=":{"valueMac":{"type":"Buffer","data":"DZ5I5KZoRi2fVe5270TUspMx7I5u6Ea4l+W7LamMDaU="}},"VB0hqFEyNNqyH0r+x0oN2PIw8ADy22VxXSOuWt6NMlQ=":{"valueMac":{"type":"Buffer","data":"2I/d2LJ51PrMDgP8TaUdSW83qUqmCZteaxMcVRFq3n0="}},"VJlK386O+3ayo0IcNCbdNnCWGfvbJVr8r2YJ2VRGByo=":{"valueMac":{"type":"Buffer","data":"PECHZ5KQdxPIyc9l4KVNQ2aKXBaGcxUtfyVqjYeoPxo="}},"VNX/vQdjWXoqlPag4kyoIgDaLihMktbEJv3+PA5Wdoc=":{"valueMac":{"type":"Buffer","data":"fTJpIKaUtE828C+EbzrvWNblEwFhTk2TAmeAwG2h4G0="}},"VNxv2agyQoM+5hrn+zoDIIny3R0kRJp85p2DktLlyhY=":{"valueMac":{"type":"Buffer","data":"dDR/oS2sRMlvaOqPdFS20iELA5lPy3U20ajPZ58RVfk="}},"VN53jvSPrYkAkw51VsT3L808hKXdU4OkVok3OkCfPUA=":{"valueMac":{"type":"Buffer","data":"HbWVrAUMC/81pN0FDZAy45u97qEssccciVFa7U0dkOg="}},"VZwK7Yv6wNBMHh2m+EEOXL0aNggMO99bpLUbJ6hKBEw=":{"valueMac":{"type":"Buffer","data":"onMtQlqMQhpjGjOz+4xeiOU6SExFH9T2LP9xIiWCQok="}},"VbNsS2cVtb2b8X+mZAf2Oa1vN0mQH2xOoulNjD+aBOA=":{"valueMac":{"type":"Buffer","data":"cSNy61ZF14S0SIGa8T/Tk/aoqh/cV0lE77H4Jfqsd84="}},"VeysBlOc7krXXwl2pGpH5wfY+mgb5kSpkQdYj3dZe18=":{"valueMac":{"type":"Buffer","data":"U/fPkYRKSgQwuFaST7e8FiUH7gQ6e63FM6Yes2Cd2jE="}},"VgmJo7MXBfAXFMKsHtQ25ixcxS51+u5SFP+iNQuXmdY=":{"valueMac":{"type":"Buffer","data":"wYfD9fuDvuewP7A0V6daLbqE6Ne00kiRxyh1yM//mkE="}},"VlouJQaTThutp75Knjb7h6MP2ThH5m/Bk95aebEXVQI=":{"valueMac":{"type":"Buffer","data":"ztGitATwhHn06QVMivJJorVB7ljZyFt02iZ+6Chy/vQ="}},"Vzt3f/5Xjt3QuRbAbSb+mQ39wGJwkOw44B4YXbkeH+w=":{"valueMac":{"type":"Buffer","data":"q2SkM1QBuBapx1FTljgIrdq3Cn9IxjpVn33kH0TY70k="}},"V5aQn7lzMiJe7/rV1RGUd95HaROouRVQHoFI0RiUuLM=":{"valueMac":{"type":"Buffer","data":"xC1LCt9vn73dtjXEoucyTgevqXx8zF2at0+e7KqRm8M="}},"V+/J9yyl7LEXrnHGgVt/z73au9aswYOcpxbn2z0NrDE=":{"valueMac":{"type":"Buffer","data":"qKerIW3O+1xNfuFjprEZqGG9H1BLoGzwJzyCY3oRuCw="}},"V/Y78OEL+SULrAUL/HAKOmb+1Su3EomkcR80tUN27Do=":{"valueMac":{"type":"Buffer","data":"K0UB7yjnIv21TNRjtzhQ9N5Ysk1NC0OnX6kXHMb3lA8="}},"WEJKqblF6PUPl0uNRn9d3lm9z9Y2I04Xsa3HuKdDb0Q=":{"valueMac":{"type":"Buffer","data":"SgD2ANqkvbcsihoFn5h0yTsPamWGmSEO24+M7M1rfQA="}},"WOC+wEw1aH18dSjRs3T+MH/5Zjl1iKXxJuxXJ18Oi0k=":{"valueMac":{"type":"Buffer","data":"RDZrWjKQZF/RwwJpP+54TRAOgzaW1p6Xa7NTIHHvvOo="}},"WU76Hcvgl5spuU2HlfqkQGK0se2PDs0HSfnaIXfynAk=":{"valueMac":{"type":"Buffer","data":"6AO5L+KG2X7tt2iXyMn1847/7g63EmWTypjN8lYNslI="}},"Wjvj0yM8bZMnvBKmmCNg6QNFLnaYQE6gZmY4M4nQUZ0=":{"valueMac":{"type":"Buffer","data":"+xHsbJzKhThqMvUH7yd06abDLNs4lwUvJeOtYxjyGzw="}},"WkAngo00aZrZeN1M/hxCRFosJXBWVLPmW+6ownazqko=":{"valueMac":{"type":"Buffer","data":"lh3WRksEhYMa+1/BwjK91enlQW4TUx6lq8YyvlAs9sg="}},"WnVOZDJbMxPNUhRs+Ww2TAt5P38OwlSuUHWoE+CfD/Y=":{"valueMac":{"type":"Buffer","data":"k4nbqKP/0rLzY4WkaBihy6S2OnAk1SQYAfupRI6+PWI="}},"WrMJD34qMg2rv9/V88v3bJuVyLuJakPovfdPEfMy5LU=":{"valueMac":{"type":"Buffer","data":"1VodAU5xfEoaL5gdmH5fNXGTTZA2v4v07bTm6S0WeSY="}},"WtBy0mz4RR4MNOt1rN6SsywFT8t8CGBpFk+wv7kvgfY=":{"valueMac":{"type":"Buffer","data":"GYJsu0Yf+b0NxZ4G3BT8Js/9K4U0TWAQ5+Ip1b4DWOQ="}},"WtSzeeMAFjw3A6ES2mwS9pnTMCvqavfIfIxEXNGhru8=":{"valueMac":{"type":"Buffer","data":"C9/Xb3SrF1q/K42PhnPWmfo5iro6G/7SpDzjuwIo+2s="}},"WuMBuc8hD4wjiqF8TlYl/7Yb23z3OQi1UXk5r75SmkE=":{"valueMac":{"type":"Buffer","data":"8EDRCyzA3AA5DhE1MPc4TDJN4t30eRnkrPO4HYkR9kM="}},"WwDhgBF60XGDT0mYAmdl6v4SBgMc0YQ0WWBZR0m9ah0=":{"valueMac":{"type":"Buffer","data":"XzZIqxfMy1IacmRBl534gqJ0UDiDbwwxBKrWUUDmTJY="}},"W85QCulfGKRSBpcWVMNV4N62XDJKbxoiLkiYl+4Cb/8=":{"valueMac":{"type":"Buffer","data":"akSjpS6mqgR8CVTyM0R4IQNH3fkrelJU8Nu1uOSJboo="}},"XCcSrrkmwMAh343oBhqC5hz4fcK1aqkGC4PvDQNPRug=":{"valueMac":{"type":"Buffer","data":"PqZhbyN5JG/NcQeua3gQXUrS47wLhIMeuHHGLjA5O2g="}},"XNEO9Gjrw6smhS3UDqVOW3V8VRNnGeDQEVQLgtU7s9U=":{"valueMac":{"type":"Buffer","data":"5QqI107oO7FrsG+1pSMfLcdSqHCAFitBsaEjJpNd5g4="}},"XP7DyFA/b8GbCYyiX79nf539U3kj070YoYZ6IrHXDKI=":{"valueMac":{"type":"Buffer","data":"9V9HMamNLeKWnEAYybx4ZKgD5bFuNQB91HBA32+1bXY="}},"XX3PffJZgGrjWwN0ySa2ueDD+iaoIFX6ypCxV7b51zg=":{"valueMac":{"type":"Buffer","data":"TEMmOxQxhg9S+QHSkF9UAfJjb11fIonnEq7JqMzPTiI="}},"XePPcGBInw4hFP7/CWUr3cz8SKag5SuvlOSJ3g9Aleg=":{"valueMac":{"type":"Buffer","data":"bMzQXWCEfA+o4Ziwgq3eJpgO6L/6CjT7CEU68918TBc="}},"Xy/wKTfNrglNfaD6l7gf1AycHDJIbXazfI2/F9DxYPo=":{"valueMac":{"type":"Buffer","data":"J84jcLecMjdP6/QfA6wpCceNJdaq5y3FE0Pr5HxvbhY="}},"X0ffdURhkQ1GaQs35A6BXw1YvTY5L2egq4nhdx/st1I=":{"valueMac":{"type":"Buffer","data":"g8MFuuggqOsBZmGeC4EZZ6d0Mcp2MfE5TQNyc9mkliY="}},"X2pGE7NsiQq+QoZQlnzqQ82mgjDZ/AkpKnUGcQqjtxI=":{"valueMac":{"type":"Buffer","data":"sAXc/UD/Pz6SyqNa4+IEHWBSFt15hrMCeMcw0ZdbN0E="}},"X4YSS/GEMpEMoE/RWocUJwdbZl0alvyaBqf7LeKtTPI=":{"valueMac":{"type":"Buffer","data":"RLtx6VeXHXrAC5LDRpgmp/rvpzfuIuKbikj4WXxYPUg="}},"YL5MaJXos0Q0gRIGafPOW3mNdvFiUl8AhYsnIMQoGAQ=":{"valueMac":{"type":"Buffer","data":"f+5rVBa980Dkt3AcsQwEkDOuASdv4Sg9j+jaSD/DrN4="}},"YPwt1/YYbFHcsgTc+bOSJxLCHxfYe+o/u5tBXt6cct4=":{"valueMac":{"type":"Buffer","data":"L+VENHOM0+zrQx0nt0J6UWAtk5IHapuVnoI8Qfn5dPw="}},"YVky5TUSK0E/g0IpAfpWwPaJpJJNW6I3RAaCzV72io8=":{"valueMac":{"type":"Buffer","data":"uKLOTcN5poH6+o+LJJuKmAUTHqQv14Tk4oBXmQU/S/I="}},"YnU7SQN+2ugHzUJg4gpyAnxiQ7lbq7CFq8bFO3hlXqM=":{"valueMac":{"type":"Buffer","data":"MChM+lsHQzGLSCmOtNQy9ZS+pE3yORuGZyd7q86UhQE="}},"YrXs1nRv2dg8ehfJr0qWrqQ8tFzbnkWiqbA/novIUAs=":{"valueMac":{"type":"Buffer","data":"Pt6L+fJL6y62gynQnyvGKFcLOIhi564nOkVLeIaUpIw="}},"ZA6ZVVJDfNJONbPbh9PGRaUeyC3O04uFbRpqurkUysE=":{"valueMac":{"type":"Buffer","data":"aHzOTwhlUhQ4Ck9F30fGB+LQaj6ivOVALYsLI09bmL4="}},"ZLmmiyQfXYKkuOciJHh0iIfZ5zWEr1dVNxXnl0B26WE=":{"valueMac":{"type":"Buffer","data":"EwZy2oGObaQ7M8Tt3aEuX99PXIidsGUD5R0JPP8bWSw="}},"ZMMIFdRmhCXpSONCSaP0AWG/Q/ud4mXDpxd6R512SH4=":{"valueMac":{"type":"Buffer","data":"xFXWrMbP5X9A0TkamlpLNvFZpA6ssF0fCsFupaax6s4="}},"ZQPAUFvl1kylatc+gFTq8bWavHVHTOj3si9uNAK9urU=":{"valueMac":{"type":"Buffer","data":"t6t4KyExd5J7V4Q/atpH56SGP0XSs+6kpFs57JqLhfQ="}},"ZRcbQlPHAZMQhQu+hAhJVeuzWBG2cbOefgvPW2H9ie4=":{"valueMac":{"type":"Buffer","data":"+OuO3zMN5gXV+PN2+jGfD+lYZkIJAF6RnyUSuHW8GBg="}},"ZRv9r/o05CTJuuWupci6ayhW/NrHdT0QOJ7UQzUOv/8=":{"valueMac":{"type":"Buffer","data":"v5DZJbIm/k0FkOf2wo5ghloWScfbulxiesJEeKUQvfo="}},"ZaK8WZX3eDCWq8XOlbpMvPDeNSrC4ctyz0F6mttZttU=":{"valueMac":{"type":"Buffer","data":"gGhwwWYBnz/huHy9WsMT4zGkeNRt9HKpjI5l+FYAHmo="}},"Zas4xLTZZEixafijDnwy0XaF6p48PZDAzLg95sgCO1U=":{"valueMac":{"type":"Buffer","data":"yWHEuobJdleuh1Fv9rD7W8U7rX+pwfZiEYCR2CiBxwA="}},"Zb1R6LT68/Q6nb1B64mSNsP6zMTOtLJeWqA/uMiFZkw=":{"valueMac":{"type":"Buffer","data":"ldRKxgcOXPdVZaN94CI/hmEoF74jYKQkkBiO1HqA9Bg="}},"Zsniet8oFT+i9iWCTgK2pEt3VOjvWtMjvfm6I0qdAOQ=":{"valueMac":{"type":"Buffer","data":"+DFVbrfLuldgXTkZokas9jtV/IjqdhDsh83NEikkRV4="}},"ZtR9l06kkBFK42E+PKr7xru9S02zzoqsP9CHGfPkxDU=":{"valueMac":{"type":"Buffer","data":"LOj5w/vNOQSrv3/kFC/y6zhoQFmO3QkJXZI/Ex8BYAw="}},"Z3giAWTpH0VABjGijSeCLm8VJCUgvIql+XIsH4b8HeQ=":{"valueMac":{"type":"Buffer","data":"5Wc6yFTMUNISCIkdpj6VwxTO4mnM2obaNodC94f9Idw="}},"Z6X1G3kjD4INzb7lqnadoLVINWM+eh+62xWTc74D+C0=":{"valueMac":{"type":"Buffer","data":"PQsA7Yj1+XgUh7/bwjyDaCQHGNLKxzyb4+EWal+TVVc="}},"Z7DGPy3zkGsbZvu89jX9TAc/M9vjpJN2kPcIRhHmevA=":{"valueMac":{"type":"Buffer","data":"ACnnV0uIiZ+2vHk80KQqIrmtoTncT5k1fnmKwZxAOus="}},"Z82FFQoGVdKdYLYYAQQWVDU3lR6q5/Bwtu0OA6L2Q1M=":{"valueMac":{"type":"Buffer","data":"qsK3eC0D6nf4kwUexJoXITOVNLyGRoYKfPrYfMUjH8g="}},"aC7FYhS3bL2oLAjV/jHkZYxHjNdpFzlf9rmnb5oJaO0=":{"valueMac":{"type":"Buffer","data":"8rZQwnZet3reKFCE7cWraKooyu39f1/r94IHB1eAjsI="}},"aFfEV8H4qQcffukL4tWF54Z+eTnbVbZdK8a2i2U6jeQ=":{"valueMac":{"type":"Buffer","data":"0DXZ9u/Gti9t0lhN5oQ9iHqJjAzkhsrxt6RdpEnFf1k="}},"aPyiLXajseYURV93r8Z4tJsuqHY5jPcnGKFFpfrRxHU=":{"valueMac":{"type":"Buffer","data":"39qExLmblKOfopMl7fJDWDacrCx9ypCJw2v17J0JRoM="}},"aVOFS/gyeJdmg1W1c5kKSnm6pdkYw2sOgiuCTe+7XZE=":{"valueMac":{"type":"Buffer","data":"+BS0XAHmoLGiDr9HGTcVCC2ULxJ/kLhpQ2PdF1iVjVE="}},"acAJRZiQzhgzPhiJOyT3CtaLnSx+jEB6CXK4A8PNxbQ=":{"valueMac":{"type":"Buffer","data":"qRS7SjTPqXXpT4dXM73ICbSL/aCRn/jRrE2h6DgJtwA="}},"awQDXhWfl+VffUb0O2e720luncyyOKXsmm5i2tGUbLE=":{"valueMac":{"type":"Buffer","data":"dd/UuANMCHISxUQq9ZUMbUr6uS4/rOgf8X8Ms4oKimQ="}},"axbtMMMZExT5qZbsNiVo/LT/QG0bzpwftZBbqg5V3uM=":{"valueMac":{"type":"Buffer","data":"qxjcRaqYPFdTfWHKrULBfkuVQC3piZiHD0ZPPMaI3J4="}},"azBoCesk4Gr+Kp/9HWVOlA5JXOdnilVGBy4sQ5yuD8U=":{"valueMac":{"type":"Buffer","data":"DOh0gkH6ECmQMJ8KUvwS47caF9YLLszw8r7fpL4hNKQ="}},"a1CcKNcBpguz+U2FhnulntONCfSTITyTMzzP8/LDm+g=":{"valueMac":{"type":"Buffer","data":"dWEyi9aJzRyuTBi0LuWNOwmIZvWLbmDYQbOvOUfTRKQ="}},"a4fSlSAQZlrbHiMEqKUycrIFl+BNPOzAW331MZMeFGo=":{"valueMac":{"type":"Buffer","data":"lPm8SQRKYrq/4LzbwOXbUcxqTcvyTBG+J17fEjz7f/0="}},"bESJetuiG9a+lD5ACYUGV/xDOcMXnqS/aj8NzlT/VSs=":{"valueMac":{"type":"Buffer","data":"Rw9u0K8EJgFOBXY/5r+Uk2yAgFf6U5Cm5Dfb0FdL2RA="}},"bHc0SURFp4iDyYUOlN1uBZBu/W2FJe0TWn/yosyviXs=":{"valueMac":{"type":"Buffer","data":"udnW+BEqkshSVTgt/OJQkUCfqFnnoLX8lVIIXElTPnY="}},"bS0NYOe/QE4zAXtBqtMJHD2LO+sUYnfzWqDCBsUG67I=":{"valueMac":{"type":"Buffer","data":"GTblRerKiUIzwp+IR+AjA2MH0qzC//Hz0i9HP9Xo5+c="}},"blulXPIpCDvOhpSiw28MTqm7hMLf5DGaMAcnX9XAdyo=":{"valueMac":{"type":"Buffer","data":"KnJy03fC+Fe83PsORMKlFWsPJBUvvXqxgzhuxY6D7wQ="}},"boROtZwAhn8RK+98GbEMV8r73eUq3gogJS6CRpjMMAg=":{"valueMac":{"type":"Buffer","data":"cMd8sVyBVyJ/fE2kE1nViWUzh5fGv+4BBc2qQlJn4yk="}},"boozOAjs+cbxYfdCVFNoDkQNntz4LjKbYIyI1Pyg2+E=":{"valueMac":{"type":"Buffer","data":"sjHEPEAJ9Q4IetsiYVT4UottS329XChiywzx/4b85lM="}},"bzM6yAgHRsriPGQMOWVdRmBFKxFMXpc+ZFSrwPK5suo=":{"valueMac":{"type":"Buffer","data":"Asbhq3H2coryyX9bkXK1SvmqWl2FwcE2rfCSba349s4="}},"b18Kdj7dYINeG2LkD5EGxPWxdnRfuQW2PeVxVAuhz5A=":{"valueMac":{"type":"Buffer","data":"Ik/IPyQZ8N3EYDWzikom5vnHAokzhUJeiMF2+OouqLs="}},"cKksRQg23DS8kIIJMlveohHkuaR8PrWLxMa/9xCgCq8=":{"valueMac":{"type":"Buffer","data":"l9ZUdoyaKdRJ61lRB4ljtXC2xQ3VTICWKL21/l0Iln8="}},"cNuDhZbWquwe3EqGnzLWLf1trGf4n8x4722CKD0MCKY=":{"valueMac":{"type":"Buffer","data":"6SbZ5xjxfYdPVkj5y55B5QtT4v9/+MvrjG129dOfufQ="}},"ceTmOY7hhgVrZMlWNdgqo8UTdiQATQGv6m8RwM67Ru8=":{"valueMac":{"type":"Buffer","data":"zzavVkgVG/UPKqupbgMBWaQ2ZdauNzV96H2yWkamBo0="}},"cla84n+7Sdvtk6iP19qXOBmqOz3xpHEkDsf+WEzM5HI=":{"valueMac":{"type":"Buffer","data":"AAjLWB2F9PLWDwMfPAIoTMWpk5ipTKDf8DoMyJilTMk="}},"cnHLk0/sNgP9Sr7GkFQFnaI1E0KkiFkwFWiefpvMq9I=":{"valueMac":{"type":"Buffer","data":"TvPZ+aXHxvJUJkSoBaL9hz5jnHWwxVnC8oY0L82TZok="}},"crT+U1sxH2wXruA47WlefmXtKg2v6x0myeRitEnf8U0=":{"valueMac":{"type":"Buffer","data":"p/eKgJtn2fljNmfQU+3J9HNMiZpommS4otfG0fAObAI="}},"cuHmYlRTQ695+LMnMQoVB+C1M8ZJS1HN22etoi8AJjI=":{"valueMac":{"type":"Buffer","data":"ui4i4AxjJ8015jfq282jZY4EHvjrfevzCejJoG8BOiI="}},"cvWWJrLUv9HiV0jSdZNXaHye00uYGzhIvspxWsRPoKM=":{"valueMac":{"type":"Buffer","data":"ZOnpeheV2/c629zbEP8lilZ7kVjnY07G8FL8RPQBJVc="}},"c3Q9glEogVkvA9Z+m3dmb1iTbHmdjjEL9xNJ1TfE/7E=":{"valueMac":{"type":"Buffer","data":"MHnMqtSi9uP79cwyjBhxMaUnaVo4Vhqf8XAF82grAEs="}},"c9E5j2lAKFfbDHNSBO9L+xYin8wtpwkcepC5PRvI6XM=":{"valueMac":{"type":"Buffer","data":"+yg6uxxdocTM1COQbQuf50ZieUENxIvHAVGqp6Okx+A="}},"dE9srDIZ/jwOubLKeIUDj3/uUvz8dePuAS5xK2SiZlQ=":{"valueMac":{"type":"Buffer","data":"iCzGew7niPVzlP/mj1y4TE8Lkwz4cogL/fwVu0CxkBk="}},"dIpZe81DziV9ncd/G2yoYwYmyOM5BRE0ClYkSZuQmwY=":{"valueMac":{"type":"Buffer","data":"IMxNpkuV0d46Nt7lfBnh6aXWe6RQhZVJgZy8Wr4trjc="}},"dKRVSYgFGY53tx4AzQvCXrw+xAumtFwmIgnKdsPQPnc=":{"valueMac":{"type":"Buffer","data":"f2CpeVbDssFV05EiChOhKR8YrMxB/KRa3bqw9pSVmho="}},"dLuq206Otyw7/QVh6NJco0DlHGgOtKv5WivODR1l4Gg=":{"valueMac":{"type":"Buffer","data":"MnF0ICA/Od+d7fo5l2j0fAkZYGyAG9BCE103MER3Asc="}},"dMpHTS94vXk4Ca3bp9ipQ1IR5uUl0sSFSIMbJCTw3sk=":{"valueMac":{"type":"Buffer","data":"g7lYG17dIZfiymO92fJyS2ADM8iv8zllgWxpOv0zmug="}},"dVR+f7A4aW5sA6QQKY5uZqHrwLg9JnCjbVoITmCfEco=":{"valueMac":{"type":"Buffer","data":"xnL7YUdtzYptIX08rrb04xxXA2eBb5CPVhF8DpXlKnc="}},"dWciyQnvw+q9HK1g1jc1DgMwe9mKRJFYPa3VfpqkNbI=":{"valueMac":{"type":"Buffer","data":"1DRk/dIpsRozpr6pYiI7rGpr9WP9sAcKfHEfc7klikk="}},"do0FeiXMuAllv2a0Rjax2OiX+jJbiBDlmM4e33/7DyU=":{"valueMac":{"type":"Buffer","data":"IvBJygwj4X/ehmpYcHMcwrKN/mWBRz1etf0KXgNF+Kg="}},"dsevTRTNdOqEA2vFOjVx7JtW1RHYM1HhicmFpFHQx5c=":{"valueMac":{"type":"Buffer","data":"s/xHQMQaBrynNSFXDa4B6qsD569+uACjG5FFzJoSdDw="}},"duZzk6/IY2UcCt5hQr55LM9UypoX/yr4Bgz/oaPwWxE=":{"valueMac":{"type":"Buffer","data":"qwQyKhid2Pszm40LCVdyNAPkKvDuPai8zwYchvIkhh8="}},"dvP4fnaBN//HwiO1x04FAoKk5Ak/k7QN/gUgY2Xu2g0=":{"valueMac":{"type":"Buffer","data":"1Bm532N3UO6mV40ynBWEWFT4uwfjmF2WbjhiBfh+lXo="}},"d1bjYwbiUeF4gpYTBTIE5YYTfbWfwMI0uiLjOwV/fc8=":{"valueMac":{"type":"Buffer","data":"/P2XwpSX8helcVkUOzisY3DIK2vgkwmw4e/R77dUCZg="}},"d8o28xyDbbMFbIJDDz4upmRp10hrBp+y42PJFrlOXHE=":{"valueMac":{"type":"Buffer","data":"KsBQdngBnk8nZ5cTo2aT0EbH6Su7CoA1FEQMI/gRPbc="}},"eEQh5AEmhOTl1iVPrzh3DNGzTIulkwp6bkFpRYgU7NE=":{"valueMac":{"type":"Buffer","data":"7cbD+UPJemMpcsiKo0hLg7eZhnIneFy4N3nSRIQt7ow="}},"eQwDgre4/STDp9J5QXi5/IkbdPf/xDrj4dZEM2GCFHU=":{"valueMac":{"type":"Buffer","data":"YOa8WnUlczLZj1xleMS5JNo8Aodxx7EbQaiT1q5zf8c="}},"edHtVzmmQJ29ZXpVJJcCpfkVsKLWJCUBD9UaQrhURUI=":{"valueMac":{"type":"Buffer","data":"bji4Sf7doHlbAFQYAPucHP5Zs78jMV4Qr85WZW/oogI="}},"enNRi6icRXgi45Gj8yCvXlEsKS4wtfaexIK6h+h3qFk=":{"valueMac":{"type":"Buffer","data":"MFb3aMFnmeMhrUzVrbcEzSHY6wVyEHu1XPYcrsMDrtw="}},"eqLHxBkRTIzn9keQhmKnF8J0bBNKVRVGYykfLkcYC+Q=":{"valueMac":{"type":"Buffer","data":"TmLuxvGpUcKo5+Z9eoPiUCW1FWQpMXeI700uSEZOYmo="}},"esQJ8UhW228rG9SSImD6O3QuFq2Bjcuvx5JSwhDz0pQ=":{"valueMac":{"type":"Buffer","data":"S37AlzbhaOtwzYARfmT4x5rQTt8tZ4ItnIpNRBVk1pc="}},"ewmyKcZFOwdlDF1sZZZ9RO4q9lBs8hzCEVhMPbVay9A=":{"valueMac":{"type":"Buffer","data":"NvgE5Y3Kp48j+MgnUKJr/izcp1sAbrtTdu9UDlJac+A="}},"e+H2rQoFWXGJYnyPad+zTUQaH5WsyusiaVE9xquZ3gk=":{"valueMac":{"type":"Buffer","data":"F++ONbseSSXGx7a++UyYUrk6QGV9JAQiYarV1Z9+Ll4="}},"fBKinxwD6MLbmD6lpeV50flF52EXQ0OfFUdTA/e9/yQ=":{"valueMac":{"type":"Buffer","data":"PidmvCjlbkKDK8twN0ma6QiNua8Z3epFSfD84GA/400="}},"fCDEtZSptT//TGefrpi+abZt5qEWHsa+y7XT9vz2Tzc=":{"valueMac":{"type":"Buffer","data":"bThurpjKN7y/L2HDDed/BeYQHcIfhy1qitlBeCtqJbQ="}},"fLBCQA1Y2v2CKTgdTV4rNvw2BUygAogHebCHGVgsUsw=":{"valueMac":{"type":"Buffer","data":"ZnxQrIUUfwY/b4iEV3qOaZ31C/VNOSRWb0/z6w264Mc="}},"fRRil2t7xivmz7+Jhcd30+yukQBInlbwKBrRQOlvtvw=":{"valueMac":{"type":"Buffer","data":"OUEmfsM6wc0RMP7U9+bGVHaWMu01/3JeKqhYDt23AEw="}},"fWiuZBqDnPM/MevkmzJvr3tsAR2izAIIcIPRBq2Gzu4=":{"valueMac":{"type":"Buffer","data":"7s0LYG90vb5DAFZPGVc9tpvi7Os/+4VNOuwSwyo/+aI="}},"fXfykQWt/cXny6eox+Iaiei7xp21iJYhKZAyAzdIV1Y=":{"valueMac":{"type":"Buffer","data":"YB8oYFFlxSbZng52wqTilsFlHF0PkvjUf1Z5hLLjaTs="}},"fYKHBe7Veclpxz9jmM0VOdXoL4TMmvTPuqIMDF38c8o=":{"valueMac":{"type":"Buffer","data":"giCXwn0K1qHpgJ5gBqbKOZZhTSwuYrUcSSFdPsjP3po="}},"fge4WZgXMzO4huxbVk27P2S/LETkg0pvNyVDLRiC85Y=":{"valueMac":{"type":"Buffer","data":"7PzVyy+Msa3xBvDVi2vd3y0SaLCYsZOxKu5r8DmR3+U="}},"fvUjeZPLyX/18zmQxyu2L4Ti5udDepcMokyBCCfwwqg=":{"valueMac":{"type":"Buffer","data":"XJDSLsArP3PtDXaKVJDRSW5GBzkPrrd9Ul7NFLLL2rc="}},"fvYd4C0nL2ncv3GvoPUVZZpllud/P2ou34uLw4SiQ/s=":{"valueMac":{"type":"Buffer","data":"o1teHhCyhBdPomG8gFY87IVpOWGNHCpA9rEnuwsmnyw="}},"fzcTSpqY2hl/uoDYLbzClAabAB8Jf0urrrtDOXG5L3Q=":{"valueMac":{"type":"Buffer","data":"WIV+uy+GNBVlfMq+zwon0X9IG9v/MRDoaLffeKijLCQ="}},"fz8iHU975tSmCmI/ML8Hag+sFCEfLO0xChON5ONN6fM=":{"valueMac":{"type":"Buffer","data":"EBEjUJP1WQT7VZScx/OKLagSnCUu+1i9gaUkXnw9rd4="}},"gEneylXQIBPtZPmKirghVuYlVG2DBqn9BxIDiFm1goY=":{"valueMac":{"type":"Buffer","data":"PtNaEBRE72hqEei1sR32F/eJHXoQRSmiP1RCk7b7ya0="}},"gOBHiRtYWdu9HBFsktWCVf58INs1UH9U4D3uR9yt7/I=":{"valueMac":{"type":"Buffer","data":"TKM6XxY9PAWkmYl6/3isd/MpsW18i5usZBI3A2z7kBg="}},"gXqbhiSWyGxQRrG3NZA0AICeqii4uiTmV6DpPK94Xok=":{"valueMac":{"type":"Buffer","data":"QtkvecBlbqVH1JBL4dIsW2+GpZ4YwiXqk3SpQCnnrFg="}},"gm8M2JvndNR3RQgeyvpz33Ska0aSX65i38KtV3X920g=":{"valueMac":{"type":"Buffer","data":"4ad9dnQIF7IEtQsk15nl5GRMd4G+peuM2vJucEFr2ac="}},"gzuyApcM28pp5AuIY3Zv1pGK6LS2vH7WCT2NlQf5mgY=":{"valueMac":{"type":"Buffer","data":"0BqzgEgTba9M50UBKcUevOHr0wsDtWHneg2p0hILkZ8="}},"g0uzVcpEDIOR4/St92AMa6ERPHmi+ydQyWn1XD2Di0o=":{"valueMac":{"type":"Buffer","data":"e3K34NvANF66VdQU1XA348ch5Prw37NDoRkKICSf/8k="}},"hEBcHFh2VOYsMyS9aj79/G03TfEXDTQ6rmkCgLGW9ZU=":{"valueMac":{"type":"Buffer","data":"RK4hnsNhzAUkn3fEx+0bA83mpeUvNXKj66AC028twCI="}},"hEMn7taulkhuP6HT+9pmHY8r0fKA7xDBGntXV4ExPNw=":{"valueMac":{"type":"Buffer","data":"Z3Og+7hAEJd2CYkPN2nMLuOhqJniAlhPJzEtlwTfBts="}},"hMsP59sNCjjw5+m/rj3EwU52EcfWJb9AIO/Rc+vXxFc=":{"valueMac":{"type":"Buffer","data":"dx9eytHPook/UyuYy//tIT04Pmu/Mc4fu/USqbXJSOU="}},"hSjQbXiYumMJ9NL6zn/0+tgVrowYnZNZ8j6XE23tl38=":{"valueMac":{"type":"Buffer","data":"TvVn5vZxYCclpxe+0O/1sf9izgZTpscrSMD98BnBxXw="}},"hrHg0Q3Q6QDOt1KhsIJfJ+s3lbnXMZxFq4v9s9DExEc=":{"valueMac":{"type":"Buffer","data":"BHoy7xJjDH4Am8j006vQYwDO6S/oNoJ12X+/BUHS5GY="}},"hxqtqAvqcIubz6eYz9t/rAq2hXflW/TLIkuVT8fc4qE=":{"valueMac":{"type":"Buffer","data":"7TIq9+KORmK9epCzJjxk87DKFwKXG3c0CKknPrvMl6g="}},"h4lXMWdqB/o+CQZg9rdARHK8HMXY2OHLhz5yY7e47c0=":{"valueMac":{"type":"Buffer","data":"8blOzG7SEqB/sR3N9vWFAnhyQkOlwmFY3pbekz84vAw="}},"h5UNtqDMSkmWOzoq2TjBlqqfLW03Mzabn/io/Q2KmzQ=":{"valueMac":{"type":"Buffer","data":"p1WP7RVmY8vDpx2tYaZnGGPDeSdT7G7jp3Lwv4puR48="}},"h6kgAGU6Foi10vtiXsKR3KnpL9spwjmea/y2gLEefa0=":{"valueMac":{"type":"Buffer","data":"hpDWs0dL1lrYuJAWvyNd72rAQ57Mci5lw1yDRHNEsRA="}},"h+kPPVylDrFWydph5lhHPPBzK3OSN2+RRoMWWUV5VHg=":{"valueMac":{"type":"Buffer","data":"okOVpn0ji9sPk/kiVf92NC+REINDPZs7eerRgobLFZY="}},"iAwRExx6Gwn79q0pOYudQfVmimtzWKsahNCPUcDJuY4=":{"valueMac":{"type":"Buffer","data":"ElrNPSLLgOwxj4BNDUtL3zDXViZA7vD3iFpAydVrKkE="}},"iA/GFO1ip8tbi356ijO5kx5PQ4EPW9HP0EnpTESKFhA=":{"valueMac":{"type":"Buffer","data":"K9mON8jABVFMYf2iQ8rq03Q3j6/hizYEXmGF3ooctIs="}},"iCcRw4ZK3RNepATDA0OS7eaIQgOkwjaa+iSqQZtWKSo=":{"valueMac":{"type":"Buffer","data":"giysMM27NsoPJP9pWAttFJjuzWQI3H6zOLvZYC72zxs="}},"iEjBsQ+trvoHc+rHrAk/zSIHeKYbu1E32PWkV9AbWOA=":{"valueMac":{"type":"Buffer","data":"ZvleUVd1xfkXdCAr6KOf+bRSvWoLyG5cbNXpgKtAUqo="}},"iGByx1E1veVUMnpsuBssKK+Wmn0h10lh9qMStGwOFNY=":{"valueMac":{"type":"Buffer","data":"vHc8Z9RlEXlE1ZdwXl6nNIgV295WMyO6gtDChefkiVE="}},"iHeK7pzX+Womlq7ptOnCStMriMH6C7PN7f24QgHWk2M=":{"valueMac":{"type":"Buffer","data":"GCqKoWGkrCbQw1Ko2wbshElW81Yo0pbHSHtNSq10hjM="}},"iPeepMfCpF9EwW8H0JXQGY5FC39CT0Ko4kWO/fMBc5k=":{"valueMac":{"type":"Buffer","data":"DCC6FjoDlob6bcEU263L7xn1HoAmnThTzozzAkZykrU="}},"iW2IbCuv5Xk0FkRuOlh9ah7zOJIlITnXB/bORbshRRM=":{"valueMac":{"type":"Buffer","data":"W03Ol7pMkUm1QddhBaM33meMjU+39nGpQYTOJVktodo="}},"igtDXS5BuMpa2BS2e5LsF6GHqKwj8wXwekVxF48jS94=":{"valueMac":{"type":"Buffer","data":"LxXgg3K0P1c0CpIrCl7GYAD/1B2INngn7mqzgreiVGc="}},"imA10W/f9Hyw8GEw/4oL0fq0F0B4mKwlUtW1adt0ofs=":{"valueMac":{"type":"Buffer","data":"ILbTtDvuf80zI+xGewHmzl6oYuFZIfjzJ1nBYniZuW4="}},"im/bZHSg90LcLFrgmizTYo0M3uMwqhC/E1trBoyqr10=":{"valueMac":{"type":"Buffer","data":"qctz4hXpY/IVQAykgCXOQ2IkGyiqpqVMNQ1aVldcqIE="}},"ipNTWSBYN37kOyYKg8dCTRk3vhdNSmBexIHiQalTUm8=":{"valueMac":{"type":"Buffer","data":"Y9Hr7FliJlwOCTmI8VrPgLKWElm3yVUupQ+xlWTwHqw="}},"iyIMneyGx0qvZJfe4xeeoCM54671smoSiFZNv+24oyk=":{"valueMac":{"type":"Buffer","data":"y2S7tZPBsbJbjp7ns33YUpZuRv2H8Wgp/SYBpldmNqE="}},"jGZ5CQgM4euq9W8DpShT8n3fb4ufkLbQSX8QaSkUf4E=":{"valueMac":{"type":"Buffer","data":"87jwl69tJV1tQYceYfSkuMPrWfRCrTdYBm3/dk+JGgY="}},"jM7vKf0vX25jG1dHN045BH5MhsWRbBuF3KqNXvuwCJc=":{"valueMac":{"type":"Buffer","data":"EIKfV+V/HB6l2axYh1mPivwSJnDP1mnRzL2yBPMpM9g="}},"jU4ogwAMBEbkjwqGA3G6A9BwfGy/L++vOUojuO5FzWk=":{"valueMac":{"type":"Buffer","data":"+AldNK2hBQ1h/e2p5554UeskMdMJ2/Yy07a41AFQVfg="}},"jd6y6yo3h9uXyV72Wdd/Ji61DjsrGy00L+MR/aLLjSM=":{"valueMac":{"type":"Buffer","data":"s6+iqnLIjMW2yo86Lsp+sZekBO3Pa0moOwdDu8X0vYc="}},"jjpu2jKc4RP7pmp48jS6QgbdaUXayuQvUCq2NtkjjWM=":{"valueMac":{"type":"Buffer","data":"aYzwsX9f4FSjPjzBYsfXb1KrbO85pObkpSnpHznYQ1Y="}},"jsmsZ6BUnbCoGLSbZkpee9T6z64aZEU6w/gEXboK5L8=":{"valueMac":{"type":"Buffer","data":"0kwO2pGKn/xsULgvGotIcSyTwf+cN0ixYvecq+JdxV4="}},"jt+E3hpzY+FlWEJEeyxlcdK40W6rpR19OKsXN4HtEQg=":{"valueMac":{"type":"Buffer","data":"SERiTUAneOLSx2/8mvffufmglJdhjHD8lO1E01RFkcU="}},"juhSi15vUPiZ85V577W9AvEhsF4BmUBHuS6piPlHvw8=":{"valueMac":{"type":"Buffer","data":"EVhZ54u5rQV1XsBKeJTL+kItO4oy9Y5/GWctUx14Gb0="}},"jzDks4m1TaU+kcrvU7jM4bRSCh15erPOCKnJVVDJFVY=":{"valueMac":{"type":"Buffer","data":"gX+HIkCS/l1MXy6Cl7WGJXk8vqMqUsjX7OoejC7grD0="}},"jzknZE5N3nXyNs2fun0A7HhVrw7N8nwEyF/J0ABVGXk=":{"valueMac":{"type":"Buffer","data":"zuPd/cAT78reU8KSiRBXwNYclo+jibwAp22vM0rnA3g="}},"kHZbV/K1oaZ4yLU13zuoeR2u5LTZybOIXJp8nJN/dA4=":{"valueMac":{"type":"Buffer","data":"9uxlBqJeJI51xUGqV0XuVU+PtaPNl6gbRqaU8v52K88="}},"kIgbAxz/M7DpZyg3cLYAvctxkDOliyB64CWrMoX9K9c=":{"valueMac":{"type":"Buffer","data":"KJfLznZ4feoVdIZeLVMppDFcJThATXwaH2jbNNzAsl0="}},"kOFfbYUPda/tJL1CxMQ2m0U6eHmF/lO4bMJsSjCy0Ec=":{"valueMac":{"type":"Buffer","data":"FDfYfL13DqWymF5+c8AxIadDNwRtR5N2RzQF+XIm/XU="}},"kO70m/1k0XAvQDAA5xSUJeOyu8DrgkEHhQ6rMnk6nmU=":{"valueMac":{"type":"Buffer","data":"JGgAJiYV9/w/KBQPk8CbOH+lZVFNtYpfF18rfr0Wt7o="}},"kVvBKwqbk/3aV95e892w5zS2/fUeWbJ4KA9ZIkzb7as=":{"valueMac":{"type":"Buffer","data":"OfokhPbEPMsWay+ibYswVRJIF95cPDHaxMAnWieBXYQ="}},"kWW3bTSL63rw0JCYrtGS8eH3HCGyywhxdZMrhdzg6hI=":{"valueMac":{"type":"Buffer","data":"8N5EwwXSNs9ZjNQfpNVmSPI9IqMp3LWwCNQwZ9yO0ZQ="}},"kdj9ssORPMwy7RX6HYOcrheVXVgb8ynRji0cHVK5TLA=":{"valueMac":{"type":"Buffer","data":"hWUxtXj9j1pIcGrBN5wBzJH/vP7HcQhal5/WPtHfMa0="}},"kdxCakJcx306CDgDJgporgcflubq7wvzYH9BvvXt6hs=":{"valueMac":{"type":"Buffer","data":"f/J2HKGwtSR69KQZZh7Yfu7TW0gNeRK0oMPf9WRqtvs="}},"keWwDeVdvN0Ypky2BzM1SGjDToLOWlmjgE09B1Ekf6A=":{"valueMac":{"type":"Buffer","data":"l4eJSfPKSVcwCoeuPs5Q+N2jAhWL5upl3cGGoDLmwOM="}},"krcXSUQpJ2eeIDDzncsaoL0f0JXl5rwMU0WNGjzYi+E=":{"valueMac":{"type":"Buffer","data":"ykm7GAaonpu8jIAe9DdQN6N1CCPO3QnsWtV3RG1QZII="}},"k2hXIUnlZR8gKWfQ+FizdBh7PEGaJaNmSA8qXPzmXDc=":{"valueMac":{"type":"Buffer","data":"ND0vVYX4opPWy2uzMs5dcvmUW3dlRUGgUtKqQDbz4KY="}},"k4nnaIQ7JZDad0j39iyKCEXHa1NdhQRdNv97S49cvpw=":{"valueMac":{"type":"Buffer","data":"9PAAQ6VAEGlveldUjATNQbq8xuC94stdEPoTtHGpHPE="}},"k49NwkjYE9XP4czyGer6gnDgfDe9xNNY6w/pagMmXTk=":{"valueMac":{"type":"Buffer","data":"N+EMWH9Ao/BNoQs7BPpfkYvwVfc5VlR1xyO+O0NIGns="}},"k+QqGYikxTJpY/1EZnUjTusQD1mDNhWuyUELpDSkuoU=":{"valueMac":{"type":"Buffer","data":"AK7SHqFvaN9jPyL3oT/8MBpw/z8XBgrtbqfG8kM2b3w="}},"lEYu61gCJSdnKJb5ncF+6oyKb4k6gLDDZOY/C4h4fbs=":{"valueMac":{"type":"Buffer","data":"unlYXnGvJdej1z8fLj1fQ/SwwToDDPaJHzKYBcpXzmA="}},"lOFrt803XMeBV40+aHxot/7T3gQTG2XJpsz58sRWvyU=":{"valueMac":{"type":"Buffer","data":"sofyZOgMW2tN+HW7UOHZx//A/Geg9YkO53UaXTKqlns="}},"lRc8GVtGrhrEuxba35DhibWA3t544CbuOXADFpeXBDA=":{"valueMac":{"type":"Buffer","data":"3K09ZiMNDo/O8h5Hvrc5+xwMzWhUCN1q7DmqLMGT9iI="}},"lTudeejTrXlmYuAUgleaKtMieiDiw/18pxcqIzOCrss=":{"valueMac":{"type":"Buffer","data":"aVqa5RH05Zjsg6kp0Y1zAVEFZ8VJ4ooJCdHOtBUeAHQ="}},"lUXmbcRZX1vo7IH7x5pn8s9ZgNtLksZ2MT3WfCSFQ/I=":{"valueMac":{"type":"Buffer","data":"iB+TCuybTagrF/rei8ErVKNifXcQVJinbUlCLY5MDb4="}},"ldmbHOYE9NdZfrz3NduVNgHyIRxY1zeJhmOk2gYMRMg=":{"valueMac":{"type":"Buffer","data":"r4bliBR9Vfxv4Zq4qUlX7r8+7njLr1cA9CMMa+V+EvI="}},"ljpuR1t/zHrPvR1Wg4WO78Oh/xNiahV+z0hE9DlSoG8=":{"valueMac":{"type":"Buffer","data":"LKDBz7rNdGGBroVPjr2+t6dhNBYyD6/o6wEPzWCDLBw="}},"lnDv1QuzmjX403JOlCHyzH6mDImIJRFcvdFxWgXmkSE=":{"valueMac":{"type":"Buffer","data":"wEtGH/J7oyZ2SkPT5E4ps7Gm2vtw97CjcEQT7U0qg2I="}},"lsl04tYWzIr3631la57dRkOuIdsbMaacyRxWEQgKQ2o=":{"valueMac":{"type":"Buffer","data":"waPBi03uWXX1Ekqfk+0ZgH2wLE7A0EQzu5RXdUNgPnM="}},"ls0F0DJYcE6Asev74+RAzLvsdiPq4OnzzfEv/4LiOl0=":{"valueMac":{"type":"Buffer","data":"zWksVxhPGB9sxIbxmABQ1NZwRQpHrq5fnAIqjW2InzI="}},"ltyl3I6rcd5onEWqBOkx2sWutg43DQVPJpg4h/iy4uI=":{"valueMac":{"type":"Buffer","data":"0hrKmQBvCV7iZ2jwED/N55+qGelG4JzwMsXwKwMngRM="}},"l3ypGoIR6BktoFY/vn7QvulqjTZR1sUo8OjOUJ3hqIY=":{"valueMac":{"type":"Buffer","data":"t9b+Cj1UXTva3lv3j31q4pBGEAkp6X/cvDjQRsO0xXw="}},"l/9OW+2TpLo6QVveiAl7scVvzjNVzrcQkLqNFvfDgy0=":{"valueMac":{"type":"Buffer","data":"TCZw79f6CFanWQHS8UsoxXereFypGoV7hWbGXgPkjyI="}},"mDV26Pzp/kJGWnt8PfmEY4zJhPTAgPApdTgBLh4CWj4=":{"valueMac":{"type":"Buffer","data":"SB6exjYdSBR6JKOJsMQs+i5Dh2J6ImwmDyYFDYLV5gk="}},"mHEOo9g1XVKBrprtkzWIlAuHZ3ttu2Ln83g/ut/jisM=":{"valueMac":{"type":"Buffer","data":"w/gNZnwUKVr+GgEAt2huwLOba2WhU/rYp3eE8CRGGFM="}},"mPI/XDcdCru74+HjLUNN+fhRA4BB8xbJs/3KPHtfZh8=":{"valueMac":{"type":"Buffer","data":"PXZPJsjxkkavAxnmR85ngbH+vVASMcxNU6e60mjNmhI="}},"mWiUqQXeUVqSrcpFQJ3DHCNH2qawnVsT3BFX6YmCvII=":{"valueMac":{"type":"Buffer","data":"FyVXk+TS2jMiV8qIkns1mbKm5iNrVkNShBWgJX1i6s4="}},"ma3FJrK2DvedxS4ref8Wh7hE+mLTJfxS+piCKIqTRlI=":{"valueMac":{"type":"Buffer","data":"GvIpOxoSFTtGIgn1Y48EAQgwGsO1t3xKETzc8195PY8="}},"mg9620U5jMoJFsY71q2rO7D/y8duICkuKL4ZO783c1k=":{"valueMac":{"type":"Buffer","data":"fzvxR17x5pbyZk/PUBiBXGFzWsiWitfOznKXedk8pgc="}},"mnofzgk+VJ+1xVKcU3lCPMgl6gDBVEdCHn7cday8fRU=":{"valueMac":{"type":"Buffer","data":"zJl/D5m8kU1nFd3HCeqpXohjLZOZsWcU4loPulS/aLs="}},"m0awWz+b5uYPJYdhpxwZZxD3q2fUT0+TxkXSV17OwE8=":{"valueMac":{"type":"Buffer","data":"uHRg0mtRZbxvhxQlMqK01ppL58uj+MoOOnGSaAOXhkw="}},"m1SbeCHNzUzNHCUW00Wtq5a9wZb69y8ChITNiWuc5Vs=":{"valueMac":{"type":"Buffer","data":"kHaVnQ8nFl6TECmFZVwOvFXUtHkboTrPvCyQxE/MWuA="}},"m1aG66gn93TAa/26eOdEMeeKBE2HwLTCNVyi8xmJxKQ=":{"valueMac":{"type":"Buffer","data":"On1HUKonTRtOJmVHhU041iOLwADfvK/dqWy5Qn8k5bc="}},"m1jngLmx/kR7f7tigsGW8vk8EIQgu06YN+Udgyuaz2c=":{"valueMac":{"type":"Buffer","data":"eU1JKKt95dm7p82gdm5m7rHNT0ZuVdjDIsPr89BVoH4="}},"m54gCvZ3Fwuk3KLpzlsippcd+wWc8pftW5OAnHJAQpM=":{"valueMac":{"type":"Buffer","data":"ZJ2LZRZaBBhYkXeNo7dfNeBdPwnZj4fKcPdroyNTVrY="}},"nBUxyB4GR9z8Iztcmog0yk0J+P9ScT9E3kjQMzxuZPc=":{"valueMac":{"type":"Buffer","data":"UeK6NEt54WobNvy2mt5yEeB6nTzJBJrtnPElUaqjyyI="}},"nBt3pbdGbyKaOJVPapQE1qJqxQwNIsvx82scFTRcGMA=":{"valueMac":{"type":"Buffer","data":"vXsA7xc4w/kLpI+WCWhUXvfITwUPi86CQkjkHDwjUMg="}},"nDQnmmuo/wAmGvBNq2K4pbBZ2LlkX2CpBSkAAuw/Ktw=":{"valueMac":{"type":"Buffer","data":"hWv64k+YckXs8y2YZGoXioHC4c7YjEn5DPqfGwbcJvM="}},"nIXbQCL1ViOc5vq0EeHzhOGAqlvd096SHLRuwqDKQkc=":{"valueMac":{"type":"Buffer","data":"MRkoccNdWYgdBP1p7d4Gi0Y+14DwsYCOlVBH8yhKFN4="}},"nPnp3nn0bwIIfO229vWNzfJ90p9Ye06h+8Q6KSAomJk=":{"valueMac":{"type":"Buffer","data":"ZeogAgNfkxhgrzPETv0mvYhRDwgVKl2Af7Hpm7RPfsU="}},"nQBdwZ4W7hL9keckp4pXHJXWfZa9J0zBivFqoaYaLdI=":{"valueMac":{"type":"Buffer","data":"w7I2Un7LJUnUctglq/XNQkNmZKB1M5ePdG9uP9Zsdck="}},"nbuqN+q6aGTRw1Do0Up6ZQ4XfFGFXBWxJ3IPSt2I5ek=":{"valueMac":{"type":"Buffer","data":"DsSYEN0rwShpxlb6jg8cs+8/SalzFu/3ra5YAOe0y9o="}},"ncEFDDfPbxbHcztNli9vtm6ojMHAGEOKyfXqQmwDb04=":{"valueMac":{"type":"Buffer","data":"8HnlS/EM7UIkS91FghuC3KtLIP8HyR512cmxQRWUGds="}},"ncqI4eVr7Zet1X0Yw5SzkLU2QZxNCNqD1ur72AzLp9M=":{"valueMac":{"type":"Buffer","data":"vj/G1Q93WZri+m/GiVJE6ZzzqEw04DQRqHjB3DpW3oc="}},"nliwfW5VSa60jmJW6y23kmraJbPZrg75B3Gny2NknZg=":{"valueMac":{"type":"Buffer","data":"7dMrqXqKB70WW2uHVfaUUhdT/hsSpQ/iokumM8M6hBk="}},"nl6oraTA9oi1x2ttGWsCzGrQo3uMV4ZNqTPg6Hu2Ics=":{"valueMac":{"type":"Buffer","data":"q1oMo+DNN21eaURT2r2S1pX1waJShz/iCIqPrHAXjLQ="}},"nnQANyzSJHnUsqZWeeZQ45VbSPT1ouuXJKepe6eAqyA=":{"valueMac":{"type":"Buffer","data":"55SKE+DDo9cfJkA4hFAMYoR5SMHlXj3IpFgqVTCkngc="}},"n0XTX4Z1a9iOBiNjsXcgY9N7N34E+YEsK6y1Hn0BpeQ=":{"valueMac":{"type":"Buffer","data":"eodv7H9bMicIYdWT1LLJIFya4T6x+pcBdi2mZ+sdzis="}},"n16J+anzhHmJLN1XlcKL2qfQm7jzHYSXd/gViOx7/jY=":{"valueMac":{"type":"Buffer","data":"VABmXU5RYtwbQwSBIx+L+QtCqYIEd4eNUeXn/Gr1v+0="}},"n9wKcu0Dxq18/cRzUXBGy0Hwiv7gTvvkLb9IquY9QYY=":{"valueMac":{"type":"Buffer","data":"TuNdtfkal0dBY5knoiENc5l/ppiyaYLhNf7i4vsceAI="}},"oCPGamOmyaUWZ9NrPjUg2MRcg/reURkotdOfQtm6SfY=":{"valueMac":{"type":"Buffer","data":"VA/ygAdSHXP1chv0+y9WnoOUhKFWVhtBWoxuIvGwM8g="}},"oPBE2bbeSnPlRy8BvdK1FRBxgbufnrQlQ7RmsETolIw=":{"valueMac":{"type":"Buffer","data":"OOgcQMhTIx2+zbuVYtLDgdxm/HnkyPHaYUhloRW4IcE="}},"oTjjXLfeIEFlXcjkLN5uwxL9NQd/l6glLmWB1TD8xww=":{"valueMac":{"type":"Buffer","data":"r0k9emeqGNxtJcf3QhMiKmlaxfS8KTudvR9+JTF3BdM="}},"oXii1VxW2rTqbPo/v+3qgehI8nL64tD+3HDx41oIia4=":{"valueMac":{"type":"Buffer","data":"Afd+oaibdIAu9vkXpdID1nBkhb4jCjcWA5Y/IaMq3Jk="}},"onCC16cFlAUzf4x4newSIduH08xCPQkDmmIdgWn3eog=":{"valueMac":{"type":"Buffer","data":"o3CSPXidxmSwj5x6LEJV0L3elRfSk7jSfzfUuAJKjHY="}},"oup8AbbTSzmb/sPXqMwEX5a1Ka+bxDtVy+LZuHPXrrA=":{"valueMac":{"type":"Buffer","data":"c2jhG3LPR0VfwGaFjJIOvQA1ZkC+/TUIi56z0GHUtzY="}},"ozGRP5gZe1rexIxtDNVKgS6Q3dw4c3GoEdhztrHgCs4=":{"valueMac":{"type":"Buffer","data":"+Q47oejsPgpUcYAqvrNX3q/axtFPRfoJRneTOGWZg3k="}},"o1Sg9IhER0RZKREOMm5vtKFH5A4sA+RJ4s75hqC9MUo=":{"valueMac":{"type":"Buffer","data":"PDYXaBxkC30f4vaL9Dz/RN2/bkBZRq7kZCqicT9b3xE="}},"o+qe55B0m/jKOlKkJchhQ0PPUkULYBBR+nTseCbIu2E=":{"valueMac":{"type":"Buffer","data":"4OKmEyp8UwzZWfmxewkJ0P8LQ51+nKqz3/Veg96PmWs="}},"pAMlty1mne6NeMOXnyUcRZk2kpSXIfrTFoI9J7dZt6I=":{"valueMac":{"type":"Buffer","data":"r3/Ktk1eOpN43ePm5KGh7D+uEjIb161kasMccU1gs1o="}},"pEiTF26eZAgt/3VJ86vu3fy7oc7wNtXLhDYsS3A3g/k=":{"valueMac":{"type":"Buffer","data":"2kKdmRy4Efgjm59uaqF6EPh3fEjyJMtb+W5BVURcq7A="}},"pHX4IeL7JskmPMWE3nkMCfWr5pZdLMJXP0Hx6bU/4/M=":{"valueMac":{"type":"Buffer","data":"vdR9KQquQsTRa+xpqwS2lXX6welERlu4bbtehgydEBQ="}},"pLJOC1FNCIs4+ZT+XkCf7ogMmpKfy9FdaDhlsH2apAQ=":{"valueMac":{"type":"Buffer","data":"t1PG44JmiStcHjOauPPNKgomDFv3/rZFGlm81xNp448="}},"pTfOMwZbs+hT64QPMPMiezQaDc106CSsVmJrNR8t3/A=":{"valueMac":{"type":"Buffer","data":"GBI5RbF+XRxFKXcHbIIddiwCbzUxjuH4oDT4+32yUAU="}},"pfRrNg04WkXIBiNbBLQq+Vg/my5wTwuz+Rls+Wffa8s=":{"valueMac":{"type":"Buffer","data":"XDakffeCWQS79T8yQDfrwirdreJkKkCxLWVuIrLjnO4="}},"pfW8ovkHMtQfcYOL3Oa1IKPKIZcRe1xt+KIc8Ph8PA4=":{"valueMac":{"type":"Buffer","data":"UgqfhekruDSMzCRJNMDtuIUPokf4KtGu93Z1wlcpUNg="}},"ppJXxORBGVhhbuzLzmjg2BV5nr5frJyDpNRgC59U0UU=":{"valueMac":{"type":"Buffer","data":"01sQ4/SkmITHDl2MVXBp9Oh/g4dS/ylVoww0znFq32k="}},"prjjdSrvqBQ0AFu/DugKISBSEYXmdbkKh6M+/bdogL0=":{"valueMac":{"type":"Buffer","data":"x9Hs4CWV/6nulOBVA/4Tbbuw/3CkYdlqfzd0mikIqRY="}},"p3cAwwWrJ02rSj0wvvmLClo0Yv4kzXxxAgSOC8tRyJc=":{"valueMac":{"type":"Buffer","data":"17tcb4n+ID7CNtn5UqVd9SHpOSAOZsiycYLC+S0kEH8="}},"qCodhTHX4xmqQXnel6a0/qUGUhBfMhAgWdqhyjzsuSo=":{"valueMac":{"type":"Buffer","data":"KTX73MZKthqghgqi1OTgRi14BApOMR4dM1u7hqdJV9o="}},"qO2fFVMn8y23dUYgT4DEU+8OcI5SQyKkCL8qmTSnYmA=":{"valueMac":{"type":"Buffer","data":"kSTKsO0d45nRvphXGO5M/16jmXIjtRKUeur4uvhYIH0="}},"qR3yS8PlpdaOxNSW8SWPrLlj7QSeHxu/i/agzaKNJpc=":{"valueMac":{"type":"Buffer","data":"wqtia4RyhZkAEcp0V4d3n0hO1TENJqyw4NU8cKuX6Mc="}},"qY+gZWEEZTjIOYBZ0vizOV0idhIEe97P+rJVNv3Iti0=":{"valueMac":{"type":"Buffer","data":"jDM6gKvOXYwL+JMCoS29STjO5WGZBlVXC6TLm2aNL/A="}},"qZlMVpajNDhxjkJxethW65F1mcR1lLYHBXuOXniZRso=":{"valueMac":{"type":"Buffer","data":"qUz+rVdbAz12xjWqx0vq7a6Lhe57zaYaPK93LI92Rv0="}},"qhluHRzwiJoZtg8BqqW7KGsmTy1nJ8ib8GQ6CVWMQws=":{"valueMac":{"type":"Buffer","data":"3ED8WWo5r6KOLkD6bQ+y8hT/flGV9A35rV1cHv7bcHk="}},"qio9gSrSkY9hxT7Cp2JMlQCGj8D4a2P/9mBkW/ugEkg=":{"valueMac":{"type":"Buffer","data":"DRN58+O1LyBu3xJ2YilZEiLRxJf/7iis2FNv1rhalt0="}},"qlRkrBcoB5ghqdeXbKDZ661cw9KvRV7hZR7qcYESPck=":{"valueMac":{"type":"Buffer","data":"S9vZAhVs7s1a9eoD7Gcx7bhj47d4G1ZIs8BuUYACa34="}},"qmSmQznpYeSIYpJM8iHbdGHkoVw5cJ4afuO3AB/mxtA=":{"valueMac":{"type":"Buffer","data":"gsfJUeHEDg9uPnBG68zBJPyYFpIkQQT7YpYqKp4SzTk="}},"qoEo9uDR0LFzDOhshR4T/8kD0EakVOnvmmWyYuE9zwI=":{"valueMac":{"type":"Buffer","data":"jLBpTAXtpXqTrrHmcF066es2vjWO6TRorBLQHrbmxdg="}},"qoWVVg2IUH7gDrAMvp7fFdOGfiQgObkz/SKTC2aT7Ss=":{"valueMac":{"type":"Buffer","data":"PQR18+u55qyLVqp3M3bTarCocnct0j/Lw+uFN/+WfnE="}},"qrYOpjX/ZjOvgTtkgmXNP+4PFSmF53+iWiB269eF2Rw=":{"valueMac":{"type":"Buffer","data":"q7L8DqE+jpKCmj5S4O26oD8mjvDuq8zG0uRH9PMgIqg="}},"rF3jFwTNW6JZ4Sd53om3TamzieXaMWizIE+hvkb08Do=":{"valueMac":{"type":"Buffer","data":"bedkiDXVTuf/3zRrmu2neDFDTxHIafYVEvqlIldUU/w="}},"rIM9piegfiOnYVvGAb9yFS5dU1sbxvCNMipXgaaL20Q=":{"valueMac":{"type":"Buffer","data":"tQd5laQGWkQ7kpsbVPDGP7rSO0u4yWDEsx4rdGTK4uw="}},"rNQE8KXZbYuqpyXtSwhRAQXGyM67hNMiyX8HR5NHAf4=":{"valueMac":{"type":"Buffer","data":"Ee6BNBTbyR1MSrz5J+gzVym1b6a3y1ZP6rtdfmYxqNo="}},"rOFbA6sBOE9308XXYFFVQji/vxGrLjHzlXSwyWNrTAw=":{"valueMac":{"type":"Buffer","data":"XWYnu64CaISVzKjdKwQLQDVz0W8Wl1k890smWjfCoTo="}},"rW9r5AmlA5aI09Tr8zfUk5foaSvwNKNp0Hvan5Zb0xM=":{"valueMac":{"type":"Buffer","data":"RJcvRu6MsckF/+eWTWn+micUiG55dFuZ32R2TizV60k="}},"rXcgVkiMZPz4coUySPaTOzmH2H18AF4k7tQ7k/lYnwU=":{"valueMac":{"type":"Buffer","data":"jCl8wg/eAUZSlcp3S7BMvA6tQQQHjYnhsbd9umS8uxI="}},"rjI8odiEedhG+8VyQ1WDts+TCrVNQo/w9ArNu1bkLQY=":{"valueMac":{"type":"Buffer","data":"n4r0LekYmqdG+UWpQvmlAB3HpghKh4hQYdUmL8ryFyI="}},"r0ngeJ6CjUFOea191cfPxKqp6HgkYXSHG5yqWdrvnrw=":{"valueMac":{"type":"Buffer","data":"iarTl3YXdaL5w+82CQBd7DryhT268Pfmg6KQvIkdr/8="}},"r4HDQpvGqEW4MrnU6VHoWiKKQ4hya3yst80bp/Ivs1U=":{"valueMac":{"type":"Buffer","data":"WoutJTwNUWsnCt1zlxopTZ7JGYcR4wGys/7RJ7neWYg="}},"r59W5c7MyjidpaTrG2x5qK3THrcI0SxCDDyihAiNxbI=":{"valueMac":{"type":"Buffer","data":"Ocimr6wchaDMS55Xb5/c+FiJgD1r7ip9zCZe+G6nh94="}},"r7mSuymHfNTI5kpFwdV9a6d0SSBLr8+V6EdpisYw09Y=":{"valueMac":{"type":"Buffer","data":"E79VAj8yqMtuwt5h0PULLk9TvB/wOG258Ddtp/fgViY="}},"r7zCJ/jZhrxWZbfLPJOpkundTDGiWAlLMx822NWOJL8=":{"valueMac":{"type":"Buffer","data":"VdjEGkYp8cWNRdNoesTA3yBqCvm5w0tpNitDntGY6dY="}},"r8QnxG2qrKsJV0v1Ad0VI1mgJWdnN/ZZUGI1LH/5h8g=":{"valueMac":{"type":"Buffer","data":"1mcCa5wVACgrKME6oRuCMEpR9RxC1clDZXZeXm+cWhs="}},"sLN7ya9gVA1d6vwKGcjGeYpnpq8Qhfq720rc2MPU4vo=":{"valueMac":{"type":"Buffer","data":"M2bNDS3jV3j102o4OupmIBY9kD0ME8c9OQdH/IQoanw="}},"sNcIT6W5ZR3jpF04e+zGv4Vyqa0XiRzwOCTblI3srvs=":{"valueMac":{"type":"Buffer","data":"zqvYIETJrBqRe4qcaYjdvaIalUc0WLnIj0wH+5g12oU="}},"sWANykkY1Ux8sQhYF9djtmuiH59oWS89IPXXdOo/lR4=":{"valueMac":{"type":"Buffer","data":"Bv4sh2S3QV0DaxVse+V4Ch3KZtNhAQheP8OvKjoQpwc="}},"sjSOLuj6KflYEmp8J6r1Usbu0w5i8Q5ygmFhtEC27VI=":{"valueMac":{"type":"Buffer","data":"R4JeeYJX2rAqVQcWerHyAGNMszIFoqndEBlOXzoNW/A="}},"skx8veIHCNQXk7k7A+PbB4FxJXeQAmW0HSKR3Gkf/L8=":{"valueMac":{"type":"Buffer","data":"2I6cuiQmHDTNwAVeNkGKDkLnXPHpzdMDgh25P7i2pSI="}},"stuQA9JIYxIh/KW8SnJe23zmpYIg+3jC0diwWlpoYb8=":{"valueMac":{"type":"Buffer","data":"DygVZ/nA6uxph1wv70D3p2SlqUtfd5li7g52Q6KL6ZU="}},"svKPG8UPZ6haFAvBhRqOv0LhPwsFn6QpRsJOkZdzJxA=":{"valueMac":{"type":"Buffer","data":"pf/tB6E7EdVH/1MkEWtTVTC9eSvfdVci32iNS8JRV38="}},"s4Zxnq+SZGW/WNnNO6H15h+gLbr420L26x9advcuBwA=":{"valueMac":{"type":"Buffer","data":"fBegORyIqCde8Q9gTO0Bpj7MLUaGR/UJZhCqb8/W0sI="}},"tDNB3SgScvhwg1+7XMsZ/oVFND+RbH0XnSxjDapojeI=":{"valueMac":{"type":"Buffer","data":"qlM8mcJ0LouogqMJKO9eJJxxn9vAOPkGaW0vwWBuJgA="}},"tSfgXYYk8RicYyHqJxZEesd+S6CVHjizyjX1GFjYRcc=":{"valueMac":{"type":"Buffer","data":"gzeXAyUpM3zz5PxN9c1lTXLVgj8F+Sn4rKW664xRgKs="}},"tXmtmLe54Pg5nuYAY3RtWUCH/tMPk4zfKuSWAj92mZ8=":{"valueMac":{"type":"Buffer","data":"B0Fyn7/5lGhMe4bwZ2fn9+jUqof9Y75SLV8/IQKGkOo="}},"tcH52dZkOJVnBuualctc9HDSZSyxn1LjII4o/qAgYC0=":{"valueMac":{"type":"Buffer","data":"n/GT93V+E+a5JTl528ve9vdW5eAeGUoSU0zyS/h2qMo="}},"tdgmFUTcxq3m/FzPu/OMFH6ry7TKycmQcxi1gZq/H24=":{"valueMac":{"type":"Buffer","data":"BvM4tDW9vhHRiWGikQZ1pm3hA1toIJvr6THMmzYjXr4="}},"teGgJZUOKiZrX9RRZ3nA5ZI1eLidD91ZqzjIPeVVEIM=":{"valueMac":{"type":"Buffer","data":"yw1FwP+pVWSKfdUZbKBIsarL3l68e/lEND5YDnTi8H8="}},"t6XlTJdKSp1QanlkZAR3SOGU1kgKyRbx6sPYv1yxlqg=":{"valueMac":{"type":"Buffer","data":"OFe/Oxy2CgsUi66FVOitshs+09yvIs3Bjbvg+BT1r64="}},"t/Vm/59VP610Fx20wnGSODEu1WitlozD8tXjGf+2dxU=":{"valueMac":{"type":"Buffer","data":"ccDz6bGdq6ybgkbdBJiMASz0J00NySZFAGgbbsVCdug="}},"t/15Cchdgj0UENsqIVpWWoMM4QUkcDZsH9BzaehU9tQ=":{"valueMac":{"type":"Buffer","data":"70SX67m/m8x85Ncp0oV8YFsyWTei2zo/o3TiPfulyjE="}},"uEfDYyffukxBljjZk1vJMt1EirBk36r6hHjYRIchElI=":{"valueMac":{"type":"Buffer","data":"vQ2ub7O4TzdWrd+M/8Lhd7q3HVphReRz/YUHJ3Xm8EY="}},"uJOIFmDRuQvqMeFzZkgyoYqp9dRVUIYgQsBJsAuDZfc=":{"valueMac":{"type":"Buffer","data":"+9UhvOXForayE4tVDoqrZR5lZj5LLS4AGMJwp5euW00="}},"uUC/CGy3EqWAqcTWSusHe1hLTwaLUx1RaCy2Iisd+q0=":{"valueMac":{"type":"Buffer","data":"VV7nAy6kz23cHEsd8p9Oz0rDvTgddNYI5n1SSdvQz7o="}},"upDcaGaNDEPLTOioNMZ4vAa/dAGWD/8c0O+r4+R6mAM=":{"valueMac":{"type":"Buffer","data":"go6eLI2Q0nWvYGyh02NIKZWxK+PR3T65NTGG1mIXAfs="}},"upZrLiwAvb+jYw8dUNbfjH18vDcYVKKz7u4W1t6xNnw=":{"valueMac":{"type":"Buffer","data":"se6fxuaspuKRepJA8JVdAy0at14xUV6pGscgXgonjHI="}},"usMEdYC9WfLwXRrEF0hyAFXcgBHFddHBkvxZgl+Q63U=":{"valueMac":{"type":"Buffer","data":"rRhGWYY7dIvCXaczqMhTqF4mcy4ODvEHFcI5YOgvoX4="}},"vD0E7AP2JO14D6LIEgpLeKsn8x3Xz8E2F+UZFZoPBNs=":{"valueMac":{"type":"Buffer","data":"KQ8Xjq3Yw2lRrq5nEcAoT9Sd8HpduCNp47kBq/ZCPto="}},"vIOynFP5sOBpEeMn3mrJT8TOF6McP2Nzs36dMuUGSME=":{"valueMac":{"type":"Buffer","data":"H7GhWxh6H1Gis7dxUPnHuYCYhzCSYJqsCjWaQMlIHcM="}},"vKxj9C72K5g2Us9uOudNuKFCSFLlipGlAgQmdBHUddM=":{"valueMac":{"type":"Buffer","data":"86gREOC1OnxP9IUoN+vGn969GBWL9348sSfAaaDgZ/w="}},"vbGiYxPnhQMC1RDIuJwvSn3wOjSalsISfwLkm5EImyg=":{"valueMac":{"type":"Buffer","data":"V7eoC/5RunJd3HT3xTgpxkP57Q3kMjAJvnvtrRXuqwg="}},"vbreDfqjSoUvFvxrz8hW40Z3NvrH/wYaP766HozUQhg=":{"valueMac":{"type":"Buffer","data":"6PQs+4/0uivF48ysfrTrjBiVD3RckddYi85S2xpSYq4="}},"vmLkKrwIOHjIh7LkqK0AIc4JgsIfezSwAg+zGyCkuLE=":{"valueMac":{"type":"Buffer","data":"ThAVIv10WjZwxi/n1XSuNgvVR6g6MueaKNUq+lTjPiE="}},"vtUUamWJ79wQo87On/FM0mzMtP+QUIiPR8OOsIGxrjU=":{"valueMac":{"type":"Buffer","data":"yx/ayJ6/2QHwEr6uFVM+NMFkw9qgf827VSx4pc2i+rQ="}},"vx4Tbqvt1mI76MSCKIyWtCpfH+Ai24VtVgIMvwupPm8=":{"valueMac":{"type":"Buffer","data":"uyJGhB6YrQdtcE+o/q5I+9unFRlDYf+pBsQBjbubadg="}},"v3vmIT65hz+Q/qO3acfVcyCP+tYgxRBt1UYDdJxn5eI=":{"valueMac":{"type":"Buffer","data":"GRbgfvIP8P8sqYzxD3hDsx2S/6gI7C5MMPZA79YxLAY="}},"v7DvIRosIWIF7W0drRiav3PZwSxbzWQ+Wt+WdQDQ0PY=":{"valueMac":{"type":"Buffer","data":"bEuet95VyvYOwEQlD0Zoaucs0ePXL+3LIOzg9l+TuFQ="}},"v82zMPCkmgdT90Jlo5oEmglan4EkaBGygxkJc06zvD4=":{"valueMac":{"type":"Buffer","data":"riggbduetTgA7bTkw54iZV2GzOPRFeeki9HDhQXsiNg="}},"wCM4oQdCQGYEr3m0Mm3MRj6Bn1JAnlbM48ZTjykyzFU=":{"valueMac":{"type":"Buffer","data":"ltSKQIkvC6WL/XP6TVjLaLKMU3psV9aQ6iARzMOtkQ0="}},"wJNLPpbRYPZDOXUcc69A+mpMYIvHKdc+3ux7XhKTnGQ=":{"valueMac":{"type":"Buffer","data":"ydksI6dA/p81rCT/JvDTUuKj8iCSCxXTDmVGhvnDcfY="}},"wQyDUyXXjb+81N3VT5SgQKtapdQZvrIqBEHu+LEuP7c=":{"valueMac":{"type":"Buffer","data":"0/e8WyBeoEEgS1kbC36B8xj3q80xVUjEIcOACDxngOM="}},"whRUFf72Y91GUEfZmvEYFHLFc3wd4U62Om+sWXWJVbk=":{"valueMac":{"type":"Buffer","data":"KV8EBadV0Ka1VBMqN+dLMQXab36o7UsjrSdZEZ+Xics="}},"w2EdmDqG2h2esWuCXSo/FqHOfxqUtr4A6JQ92wOXOoE=":{"valueMac":{"type":"Buffer","data":"Vq2KCMmcQDOQi8LWxqv7Yb/C5RDCSoTz7LaV1YGxQiU="}},"w5MhTsLDTKwtp78f03GEcW1CF7vM2f06nOlHt3w2n0o=":{"valueMac":{"type":"Buffer","data":"j56/KiDtLMnZAxztsx1CIchpaFoCKteFJLETMV2s128="}},"w70h0GQckfk3Y7X8TGPdqscEzSp9AxXVqvxhX3KYcKs=":{"valueMac":{"type":"Buffer","data":"i/Pd0aA94Uee8N3ZGpY60Dm3OZf4Bnfd9aDpDvpek8Y="}},"xBdZoF7Y01V9wXbmXDfBOPCxLMZ0Kc7RJKlymRBN36E=":{"valueMac":{"type":"Buffer","data":"H8REthtkfiAfzevCHpCwiUwKjGoP/F2++ZfChp4so7c="}},"xCzT0M7IiDJwMi0R9k+HxSyr3ezJb2Egx+1hO4O9Yvg=":{"valueMac":{"type":"Buffer","data":"6Odf8nL7IJt76bsMT6rdawF/MMaiF09/Fy0gXaWAddo="}},"xE5cQM2LK+2UUsen8oU3HCDsx3kSZHGsqSFsInYgr0I=":{"valueMac":{"type":"Buffer","data":"HzkVhI9klzYUnB0r9ww9aLkqSC9XRmUUKizrg4GpXsI="}},"xGmnyw9C5JSsHt3o7QdOSNDPDxKVfKKNBw6oEsgiO6o=":{"valueMac":{"type":"Buffer","data":"iDAp1dc65AzXCY8mg6tqdDBaj2qG5GO9H1LQSvhEIp4="}},"xG8eo9x6iAZysKTXn5aMEt/Fwgxx/Jmicc043jclntI=":{"valueMac":{"type":"Buffer","data":"AsvIkjhKtz51a59Gmou4LhRmadmYRZXtqnxqNcf8gM8="}},"xPzJvFdw/3GK457zHKcr/x470kDtGEFKfIBjhH2to84=":{"valueMac":{"type":"Buffer","data":"kqeIt8pcL0m90AInE4r+SAIqx+tsJFmzPWkoC5SRAKo="}},"xRcsoI0xbCXuDEAi7oi2hKWLwY5oARA2MuzolbdUz9o=":{"valueMac":{"type":"Buffer","data":"n95gIe7fJnztBKshQObRau9oSrufAXEET2Rll/2KYlo="}},"xRyYm8ZckzqVeYXt5DY3o1uhKjcDyKOCnFikWo0Wroo=":{"valueMac":{"type":"Buffer","data":"ySpuma6IjqkidpiApHi+8BKHFUXy8sP2btVCQqX3qiU="}},"xST1HiS/O8KC1tvhkKQmw86tQQb3PuKPnzzMZfkWfZY=":{"valueMac":{"type":"Buffer","data":"O+4MYnjXrt4ExSTm0gfHyXdEv2NOtxf69Dfn4as5Vhc="}},"xTrg1qBB0EjkVQRXpDzGHyGcSKkJ9aIC1MhkE/aYYko=":{"valueMac":{"type":"Buffer","data":"3VMgT6HHInjqUhwabQT9TTw6bOB9mA1YeRkP2JV+ig8="}},"xV8Pfcnn7raqZLoDEx4N2WG4q+Kl4uaKfCDdkw9mrLg=":{"valueMac":{"type":"Buffer","data":"X03ZKC33Gb/qyGhgJ5+axV0rAdSshFSeIj3BZlEhmAo="}},"xWo8EobLZmxksUWzcgYvauyeGz++0orlNhJyZagXqwQ=":{"valueMac":{"type":"Buffer","data":"XblNgJkaVdW3XM5JHV2Larc1Ud+6CyIYR/fVBv0KeT0="}},"xmFcL9RQt2t4DaEoyzRrUjIWkdzvcwDHiKOk0WDMFBs=":{"valueMac":{"type":"Buffer","data":"QswEEYT5u4tp+4Ji89a5ggRv4UObDES7xF5eSU1vg1s="}},"xnAp34+/Ii3fHDMAceE8kQhKFejqcDulx7ueU6lzAV0=":{"valueMac":{"type":"Buffer","data":"D9skyQxV2N9ZhQbWWcFEl3ffIl9O/ToTnMlBlPONa8A="}},"xoE5fIK7z6JnsPZmoxjFq0KoI4mYOip8cixQDN5TXUE=":{"valueMac":{"type":"Buffer","data":"EO2S/nIsym9teCCFOiEatGXROr2UUc7rAXQXVxC7zsc="}},"xuvqg2qdl4BmoEupAM14t8IgVGLRWB9I6fNdNZJhZOE=":{"valueMac":{"type":"Buffer","data":"wkELlxWMxRV+eUiK12Z7wgIWwze+x+V+UIiYDYeL6oI="}},"xy2N513QV0og4Cj/8M8V4HxMaPXY593ZELHavfRKWaM=":{"valueMac":{"type":"Buffer","data":"3+z/Ie1IY7+F/yHc7s9T9u0+ulofktvbGetMuUmmsgI="}},"x06n5Q9G0sJhYV3EWiAwMtlljHhIbRVYO+371DwLElI=":{"valueMac":{"type":"Buffer","data":"NXYLwOs7+QaptzrZEt3cu02PFDAESZOgsVc76PrNE98="}},"x/J1YYtWb7Q3/igQF74D87uyGUkdInN+yKiagPXDtgw=":{"valueMac":{"type":"Buffer","data":"YByMKVQ9DND6GdJJqNixRMIP0bts2RJbXH/FXECPUE8="}},"yCWz8rkYl9SHZuLzk+4mre1WnJCCcH8taVZbAdtPOV4=":{"valueMac":{"type":"Buffer","data":"0jf1Z1/g1n9Sr3p2ZEBio7hrvojB0dTm8UXpj3O8FX4="}},"yCm6BImyQPkUIviNp8RIicFZqo7oEC+lJp5ys0tJ3/Y=":{"valueMac":{"type":"Buffer","data":"BuU4qzHdoE/lDMX3+FS4KCB3nJq5HD82fpsPJGnTsQ4="}},"yC+5HPAYhANQMmsjm73oCxcRt4jOFluDthCoCBXn1OA=":{"valueMac":{"type":"Buffer","data":"nqjXARA5x5rgiYz1ls1ngAlgztbxuj37LWqM/o2cUng="}},"yNca0JYUafvwrCflT/8evUbHK62Za6LcML+Cmcoky5A=":{"valueMac":{"type":"Buffer","data":"1MGgkf3i0I8imSNmx/3+UDaA0UMrg8DqxHiefXjIMh8="}},"yWH8Q/pcFus0GwjHMzafJ0Xjj1MlMFKPXOZk6KJSpLE=":{"valueMac":{"type":"Buffer","data":"FwdmnaECeMOYtu2fLyyTH0xwdFqPZB3tmwQqFSMs4VQ="}},"yZ9iX6447l/J5+moD7WQn5ns3lJ8Eo7NkBwEBoKoRgo=":{"valueMac":{"type":"Buffer","data":"RgRzmcGjcchTtjHKsIzoEFNi5MZutwJBxGTKcNw6Mqc="}},"ynk/dS1q/0zBKVSaInRXRjWR4UHYWzGYx4kJflnA1HM=":{"valueMac":{"type":"Buffer","data":"YYz4GKCXe913V33TGZJX3vnf5g+3+LzqLx1llPVeakw="}},"yxHhu20xY7jmdeOp5t5wmsCDtGpUB7bMCfalfZjE5kI=":{"valueMac":{"type":"Buffer","data":"Tnk1ID5aV3hd/u+kOg6q6lrvpZbLZKU6CubiaYh5fmA="}},"yyrTwayG4IbHmMjHd/6o59nXDDb3FATHzizbUV00rC0=":{"valueMac":{"type":"Buffer","data":"dAt0kSPWszdlo/k8UikjIsW+nkzOEAFwUOS/MrX1Tng="}},"y1d7oBQBBYrcfea1qCCyWv8C2GXVQBNgKslVeSvYB9k=":{"valueMac":{"type":"Buffer","data":"LllICXsO5magfElg3WaBb/1oA2aGynsouCXKZdhMJtg="}},"zE+0z2MZCwG3n3LxEtweYJ1acbXxn5cz1sgXu8VgmY0=":{"valueMac":{"type":"Buffer","data":"mRZg585tgcNesr2w9Yw1VYV+CZeNYd1bNiLrzv27zZA="}},"zIT9KFrX3moBGutgZkNN7a+qQZrPul05ZR7eXOfE3FY=":{"valueMac":{"type":"Buffer","data":"e0CNY19KvGNp549YkfVIbKIOnw+v/AH+Wu0vxVvOHCo="}},"zJDhV5CW+nvSZg0cUpw7Wf03DksWhJ1nKgVWDPlKyRA=":{"valueMac":{"type":"Buffer","data":"p10xIbW1FLrwBW8n8Z5EF0KT/tz6sP1QVxuocLt4HI4="}},"zJlnCo8JmbQ+nV9Z1qRGcZnPtc9DOd8s3+Tn+mGFgnk=":{"valueMac":{"type":"Buffer","data":"MEXxtbW8yjR5JnjpEaLuMpcQlG+ipos4CUq63stSKLI="}},"zKkOGFxmhSXfseXxGFlRZ/jPtnj04uapoXzVww4g+18=":{"valueMac":{"type":"Buffer","data":"ZCRtlBbUFpqd0Pu6nnmieVmWsHSX1BBrH0d3WQ8fl/I="}},"zOKx8aK/FxPlJJQeAykOHQ2AQiMUHxAx24JClZ4iJfw=":{"valueMac":{"type":"Buffer","data":"VCoWjcSMxcWxm3WuYTNShW+GuKHElKB5gBKLllSqKC0="}},"zeRrQ9PaCbN6cwMWI1LA5Z+Ykp1L8hE0h8eAuMqVU5g=":{"valueMac":{"type":"Buffer","data":"2kI0XFbkNo5bYgxLLfeFd/Au0Y4a5M+vX/DCzxoGTuk="}},"zjdGpZX4UsNNmUjw79EWTgQFw5v2tk/kEw8tG6SaAko=":{"valueMac":{"type":"Buffer","data":"paFlLdSAOwd9/czlCgKh2/oImDZklL0GrAjoGc+jIBU="}},"zlvj1mahjGpXG9Twc58nyhyU+xzX2eYpKIJG5n2JGPs=":{"valueMac":{"type":"Buffer","data":"5nyzJJJ2gefqhNF/7dopvAuw5AZclg8cxIV0mrUEVq8="}},"zmTdwrwnNh31Ne7GqoRL9sTNpY3SA82NcB0tgybNhCg=":{"valueMac":{"type":"Buffer","data":"zDrCxsQh0YK6FzfElrcx/G44b15SPoDadYCn+qVn0dU="}},"zuJykgPlWGbPORsdZyLywW/CngBsjvH+xEdUfaS/muk=":{"valueMac":{"type":"Buffer","data":"V6NPX1M3a1ullmvH6VobytJ5rcBq/HSQCnrctA7McJw="}},"zwwy+0KF/EKv7/tRXHRtLX6kZdwUQo653aaDDHEm8bU=":{"valueMac":{"type":"Buffer","data":"GOg5X28jqWMB3cmCyOeYX9TAV1quM45Y9w467uyF+tw="}},"z2u5GNESb65OxGIU9jAYTtDNjxeGDY3juI0UIjApj0s=":{"valueMac":{"type":"Buffer","data":"hgfkTnT32wPrlj8KZgP17uBSL7YYc+YjIRYmbd+gng4="}},"0BAwjNn+Zco4HjFouqaVBUw8gZLZgPrLclhNuqTTGnY=":{"valueMac":{"type":"Buffer","data":"nx4uSbmUQlgqx57g4T9JG3w0zRsHDKncUOA9tcaCklk="}},"0FZlqSQ9F/r7l/5B8drmYdkRresRLfqLqOyj67e55NE=":{"valueMac":{"type":"Buffer","data":"zOtO5EQgKfmRWEcMDIHT0Lb/Vce9rSgaLScnobxxfJU="}},"0UcieTqhg44nc1TRa/vBIbGW/30uFrnlMW9GhSRT2R8=":{"valueMac":{"type":"Buffer","data":"9YbcfqgcObKmh7hujfEI7TeXa1HM1UtjfaJmtdpOmWg="}},"0bQ3IMtlCzM+0W5CN74W1VE/8lLtHaZUKMe6rm+Sc88=":{"valueMac":{"type":"Buffer","data":"LqU1AXrIn9MOVNozrK9EetTdABFkErlH1/XIQjP8G+o="}},"0oOl1qnmqZoSrI2vyuwVjQPFoMUSxpSPoGKi0Qz2ezw=":{"valueMac":{"type":"Buffer","data":"Cc+DiujmajI4FasttyrriWbO2phs2T28z8i8NhC60lA="}},"0o62tKwsXtbK4FVysDjAt51F/JLCBzxnGHq7sROgop8=":{"valueMac":{"type":"Buffer","data":"BANzTXVqmj6eTY4luZQmF1nNI+Y6vSJMKglznmWF7Uk="}},"0tHMxpX8Fjk8Lex+MBrDM856CBuz6g42eslO5t6nIxk=":{"valueMac":{"type":"Buffer","data":"GTI9E1tufePqi91v67l8yw+dOlsbI1+Z0UxHAFwcafc="}},"0y8GgqBjodQIwyi9xBnCEqNVkIwoZFJtv4SOgDBhVQ0=":{"valueMac":{"type":"Buffer","data":"AGe7MyhIEBXdcapUpAQAprAQ8gCo4xJ/VnASqCWfkd8="}},"03vgwcETFkFiFDRW2i9yhixZYofxARp/os38RtrddNQ=":{"valueMac":{"type":"Buffer","data":"bJnOTvgcyQZvpXZb6D//jULkI2AiJRioDP8eWJoyUnY="}},"06QmNImXeUGv/PifyIVbBJJBcnj75ZaUgf++WlnC52g=":{"valueMac":{"type":"Buffer","data":"5HrXRxEKhyvHK6paFK74BLSdSjhiMI0KUm7XNiNoHRU="}},"07DQwWxFLkCGoT/zN5B79A6KI+1PqO7s4pckxwi3+H8=":{"valueMac":{"type":"Buffer","data":"Oye+tmpmpc5N/iV3vlKlcIAnROMohhQUMeoRpKlrvmg="}},"1Ap4gcHyWH8in0D2cyizUudFNREWkBjHMcC6S1qS7vI=":{"valueMac":{"type":"Buffer","data":"jcCnMr5bi/AL1cvjWkARAbbjsoQUuJMjKqHvg+YUTHY="}},"1OskzhBThM0InHBrDM8X8Hpa614ikQ52JDAeggrA9qw=":{"valueMac":{"type":"Buffer","data":"XmOhV59vxgIRvP2wjEALT1KHvE1dZzYgVHlaUYW7Ocs="}},"1kPoHXQ6AhaMnLe07bHFv5a/qRIV+YHYO/BFStxX0wQ=":{"valueMac":{"type":"Buffer","data":"kcQdsx4GRMKOCIxINZ5LcQqxsuCmWjlxVsUzXGa8HGM="}},"1m20PUKI8fdKlqJjS7g18MuRUrN597HUPxdAQHOiSIk=":{"valueMac":{"type":"Buffer","data":"qp3tZMZ7A9IV1ynVx841IauIjwU+uAJmvJjL28Txppo="}},"12kiksNRQuQfLwo0C0ASmXWWadh7Ig2BOPph2qwRcSQ=":{"valueMac":{"type":"Buffer","data":"cLBoVUvzcf5PV/F8NoSU5zhwvtdAK+m+Hp0reBm8Mlk="}},"13QY5Q+/hMzjjgn7j5qYj7GkwvwYBkwPl0g5w9Ak4o0=":{"valueMac":{"type":"Buffer","data":"2zWQdD/NOE0MaSQe8aXsQq55HQPP51FA6nnM+ceR0PA="}},"14TxBIBBgcN7Fdjvzhe2FtxViCOc1F4hB93TWDGyoq8=":{"valueMac":{"type":"Buffer","data":"R7YSBSCzdXPB19QGSKzTHqYuxFof0VzaSAQx9KAE8Vg="}},"18ZVqxXSVx36kd/6Xl/jJemy1V56q68MyrRwNqA6Sig=":{"valueMac":{"type":"Buffer","data":"VX2ItUckSVtSKq4qkrz5PudCfyIuQ7wi4GIE4o32yD0="}},"2FB7ri+BjpaV7rkZCvhyciLiEoVPbS+gkvUVqzin5Yc=":{"valueMac":{"type":"Buffer","data":"C2FIC2eCcZ92EJ8UjomDBqicswz1GUKiLoHpzfS5SwA="}},"2I2H/T3N46wmz30sYjpLjUdLkrIEbNLNT3GhXe984Uk=":{"valueMac":{"type":"Buffer","data":"Nvnkt1u03FLzaSqOzyZK3pJP6BJpFj+SoeNk4v9/qsE="}},"2PMZqho9jqNsZSreq2q5WJ0naR/21pGUWwpyLqLZo/E=":{"valueMac":{"type":"Buffer","data":"Ld9LFt7RFx8W3nVj8xygbGiWaTvxnyWGlKx29xvM6sE="}},"2UnY9Hp5FAawURcKzc3ObzfM8unYcs4437rVKBA+WOA=":{"valueMac":{"type":"Buffer","data":"MP36fP+uYO++xB/ozp9iJqD2Fu+d6uGfI7T7QZDAvYo="}},"2ZyBGy97QlCP9ivMuzVdA7kxLV9uh+ZnQ2Lx0EvVO9I=":{"valueMac":{"type":"Buffer","data":"sIjp5/smvKblEgea+5LK6+dSW61dB/nqTaVAmEPasOY="}},"24GWRCYwhu1t+xvbVbnMHiB35/R5XEyZpse4FDDixDM=":{"valueMac":{"type":"Buffer","data":"wzVm4516ZuGHQPwqT+XPAgjHNUDH6YI0uTZA81DTLNo="}},"24Gq0iX6/EKUY/7Hg5SkfWmRW4zUgmmDWyzw9vhadd8=":{"valueMac":{"type":"Buffer","data":"OccsDIUZSfoUCR3ruhg4l5eUWb3N34udljnTCCLpVnw="}},"24go1bTDa0ibwMatdb88QfmpJBowUbuEvhaciV642/U=":{"valueMac":{"type":"Buffer","data":"Q9QSjZ2Vri6SQ3SRB1Ms2hJUfs8uCkI2boTAs/VuaoM="}},"3BhBH0pjP/3FcIy7wthjqPNhlYXFakyPwGhPAGs56iI=":{"valueMac":{"type":"Buffer","data":"GMMDSyY/nW0iXy+jQhUQjuwkuY/CHDKixSZxCQiwKVU="}},"3I2etnZObP6HCUCmV3ryZqupW50Fd66/ydDOZTOntaY=":{"valueMac":{"type":"Buffer","data":"739aDNmlzddjizbIkKsDREdczgd9JM595OfzEsu8KEc="}},"3Vd07m+g/LxKYCGZmaaek2HXnf18sGjlMH9tG9jn6Ko=":{"valueMac":{"type":"Buffer","data":"di0RCzPFzrkLsUwEqI8GJO60Q1TX7L5KJE1J2Bsaib0="}},"3WUUuGvdxM8JvwZAAmg3v+1GI3tAla0z4gLyICB9wWw=":{"valueMac":{"type":"Buffer","data":"lnneDP7RSFnU/lQON7NdUCIUo5hBTR5ippaVkiQcBzM="}},"3aEzqVH1IJsrUf6ZfmEnPq0fJSUv1TOflayFtnnN8vI=":{"valueMac":{"type":"Buffer","data":"r/x7m1xVn+RWp+xOC68d85SnvIif1u4TZXdN9nsfWLw="}},"3ailwjZm57zWLixRX1THexSyVg4QoRRcP1gG/T4QFC0=":{"valueMac":{"type":"Buffer","data":"FEEw3J0vkR6ysaTB5TdOxQE49Bo/9bVFn+jEls3gr4I="}},"3cYv3HHklhwuOyxuih1AXVLCaxS3C8mf7QgxxmBzvhA=":{"valueMac":{"type":"Buffer","data":"0tM7EwVr1I0ApjNmrtXjdnqJ4cLIJxZEiXCs5fwrUbY="}},"3dFrGpY9G7xGW5WMhXxx9gR1oab5W8ZmuKHgTvMmqbw=":{"valueMac":{"type":"Buffer","data":"rw5RyLxN2ReG7EsnW4zOtk/i4veH86UuSiOzNGrVlck="}},"3exfbogI3QPWvXYWRllBxX1hAsApisSOd/IR5ap+I0g=":{"valueMac":{"type":"Buffer","data":"PC3QfOFpnLr4WsJT1XiIwpedc0Bm5mIO0eN/fFd3eds="}},"3gVtzjqGT41GeA09WRY4IP5HsMPM+IH9hzIttEdlz3w=":{"valueMac":{"type":"Buffer","data":"8muhlQWlIMsvoMeXnwAO5gWxqfoh50MmtwdMn4BII34="}},"3mwLarOEWauJGJ/dne5OHrtdLm01yNyp9pw/amcmEnU=":{"valueMac":{"type":"Buffer","data":"a3D2jVFQYBeWVvc6UBqx0U4zj5vmqiubaNlUmJG8JMA="}},"3p1dYcXa4dsyf+33E7/LbpeMi2Ugs79k2fJm8gSG4KM=":{"valueMac":{"type":"Buffer","data":"oyOlmxuLxh3R7ct9buZE3xpI2vJtqRemyO+NxJDmxTY="}},"3qVNUBbpSqhSDpOIojX7HxOPBihOzTPmW8OYjGpIesI=":{"valueMac":{"type":"Buffer","data":"T+xCBibcDTf1ZzbW4Yza9Djx+Ahe5vHxAyzW0wFSVe0="}},"3tOGNs+mru/Gc8MO0CuRLtnCZJtqg8/BYo9qhkAH6sQ=":{"valueMac":{"type":"Buffer","data":"AKteYFhksbR/rzwSfhz4+9JGm5hWbjOa/IpPFu6OFJI="}},"3yl/Ugmky90f+loju+eWBA4ejaY6g8Ovo8iic6au66o=":{"valueMac":{"type":"Buffer","data":"E0dbNYAkIM+jwfIiVWj2a5QxqZC5p8u1QfsIwsAo/WI="}},"4B2u5mfHwGpVr+mql+1WDt6i2CI385ssmmyV615kIDI=":{"valueMac":{"type":"Buffer","data":"MTRECecxEOo16GNh3nuucDhlNgO5ko4ijSQBMDYlFMk="}},"4E0C+iCZmNkeTUmZM4B4yJSFC3pk9fAWMw7hvKabbaM=":{"valueMac":{"type":"Buffer","data":"xVM5o2R/xfqniV82M/RribTTZt9Tk2mlPM0J3CK6VNY="}},"4P2LpwzaM6gyarNAQtfSuCLvn9LsHUDmnDraoDvoCKk=":{"valueMac":{"type":"Buffer","data":"z3C3dfQdw4Z1D2yIxZGbzoeUAP1yPW8w5PM05cDsNos="}},"4XfV2xTbAlrVnqEMvm2eb1Ff0/f07LkFuGXQ62JF5pg=":{"valueMac":{"type":"Buffer","data":"P+wcv3/UazMFVY82w1iEfC7zAaizfSHk9H0AfE04Cw8="}},"4ZS41sUggpdY3EJO8NxT0RwSuH9kEVm8EV9X0tj94kQ=":{"valueMac":{"type":"Buffer","data":"Jh4Z0uySZaSl6elrSDHYTatcA1g9X44/TB9nBLfQRlM="}},"4mykiHaO7lNEwQAnNAmVmrvt7IdErf0cI4lshEE+Qjg=":{"valueMac":{"type":"Buffer","data":"0jsT67d9qR6Y3swKeUX5YxvAe4OwEzDV94DUFHf5tcw="}},"4qIIY+pLk2VrkB1DANPVHpm1OO/o9/Vp9LVJvtTpWUs=":{"valueMac":{"type":"Buffer","data":"uuLGDuvUFZmiRLZC6AsMA9ZWnyG9dA1obxj5nmrVGFI="}},"4rQ6ei3Jxvra49wvTsn4U00vg7CfucUcrRlBhB8gUyw=":{"valueMac":{"type":"Buffer","data":"05r8IKWMviedIcgzIkqLcRJYrwexFsiH7LH/BrzQX5w="}},"4smXmM+P9ns4+hpKF3bCfQVt7rszlX2I/1af7Dt9pa8=":{"valueMac":{"type":"Buffer","data":"tGF3QRl9dotfD7V9O8AShzM1U0BbkzqC1GpuwGHzgAA="}},"4ta2RaC7usvzHUkmhpBGD0l06uECTadpbxbUEmUqYcQ=":{"valueMac":{"type":"Buffer","data":"8UzyGyhYhI7jWDTzoRm+9J6oy6Bij0P3n5x4wbyEhsM="}},"4vEs50bMA26Y6UK5+srl+C7BmLMqIUvDXEC9EAVHrcM=":{"valueMac":{"type":"Buffer","data":"7TEeD+ixZ1fN0At9jTk78UdBLc2WI3YkCm46DYyiJvM="}},"4wLbTi3Q3v1nO69Tz4uTY+Lwcw/71w2y1iHo1O0+hh0=":{"valueMac":{"type":"Buffer","data":"bt5dqqVQiXoOkKORKS87hW1FgvfCdzYkb1411SO8Q30="}},"4x75vWwRF3DSJlR3txtMzaFTJnHSeyhcUUHsVzOYDnQ=":{"valueMac":{"type":"Buffer","data":"OXyTvdiG8zUKNCnN89TNaNY/1flOgyv0QnmXQ/qFPzI="}},"5BfolJiIxCP/Cr4Cxn2lH0/55cUMSmn2yRZHgKTB00E=":{"valueMac":{"type":"Buffer","data":"+4ud4DNWzwAyGrDO+W/s8rvq11cbcWl+PB75cH9Xss0="}},"5aBi2/E6yF9yCMnKe3WTKpqxsI/OBbMUAg+dBOSokgc=":{"valueMac":{"type":"Buffer","data":"d0RVGmXgpBEO2b8S3R5tKE//WBtkCyyGdlwBtr+8rsY="}},"5hN2c3AiD7/d4kyIHtRVPznZhObRogGWQqgt6peGKzY=":{"valueMac":{"type":"Buffer","data":"stLP5sO0tbtdqYOg4xNRFqw9YrYQO7tj7KUW+Q1RnmU="}},"5miLGwvKamX3UltV5sUAmgavgkcnpoqbGPxfThSEmsY=":{"valueMac":{"type":"Buffer","data":"IWDNRHexZGqx6OIF9QB1tCLjwg9rGP9/zNLKRjGo6f8="}},"5oBwXd0tesaYanPuqqAVctUIMqNANrI69pD20NxvKNg=":{"valueMac":{"type":"Buffer","data":"pbMjMf4c5hDROw6dLlcH95+W/5gTzEh9wPHKIwO48as="}},"54b8rvfec2ANT/57wp6bCCZ2HSbjj5/dS93RSsGRXNM=":{"valueMac":{"type":"Buffer","data":"En8MAyHdWjt/UsS/waIGNHJLPDOwMyUtY5RTqhImEpo="}},"6GZMMgpspqfmP+Eo6M0oByJ8HXAYJJknzAZQSwgq/Js=":{"valueMac":{"type":"Buffer","data":"/vUq8OX6g/hBA+IJ6S6+ZWx7se+zii5CAsmF2EYm19c="}},"6Gu21cvtPlfblQii02kTw/S8+ZWKIKfSxL9TLubQP3Y=":{"valueMac":{"type":"Buffer","data":"aAySCHgMzq/S/l4VhFkZHyGgTBpiIpj/HgMZGt7MSWM="}},"6RU27glgGTX/o03qfPrRujviIhn5WAioRirmqCj+hfE=":{"valueMac":{"type":"Buffer","data":"2QaozVAVYT5k5Vbk+g9HraGiP2zjGLRG3U1v6Ha3TCw="}},"6RzFyAmOoJfcSJMhov/BcUMEHqzDFbGZ/p5VQ3UjHhQ=":{"valueMac":{"type":"Buffer","data":"SfejT4ChkI901Of+w9sSNP8ERdqa/AVGDsEdFJQnzCA="}},"6XezXbxYW7vahqbR4agQV230IeimFxx6cssiR/2tow4=":{"valueMac":{"type":"Buffer","data":"KvEm8cVOHzc2nWGtcgDS3CDcHvRqbAOjKtgsFVLdO+c="}},"6bkUvIl538RitsnjbxwOgxV2mY9SgBHV4d0eIsyDwUM=":{"valueMac":{"type":"Buffer","data":"RKiFeVx/u+9tJIj7FV3tZSq/Aq7QzOxtRNQw4tSpx3c="}},"6c5j3sIiCyuTkoG50c0B8CseL1jQ4FNPO0zzhEUS9HM=":{"valueMac":{"type":"Buffer","data":"CwoZPm9lZ3avdH2hkl28IHBGgz7LG/X3aVoyPjQN22Q="}},"6gYtejnl2hpBbbMo9Q23q5k/PDJg1SlSgCJsLLlXSGs=":{"valueMac":{"type":"Buffer","data":"HLg+zcjkFC6kaW+89lh02N9YGLrYds6kOuo006mKLjw="}},"6rlBS4sJDp/LDWvtGwbWWqA2NNQyV2JLrKF/sEdW8Ak=":{"valueMac":{"type":"Buffer","data":"Wt2/z7qRhPYzaegG2V7ChJMLqgWpL68C2itKVgxvq/o="}},"6xHjU0uE6MkfwtoWH2orwBN0KKomozwrot1GiyRRd44=":{"valueMac":{"type":"Buffer","data":"vcNlDx7bfg2fsKdlqaOudvE1KBgmBVkTMAaVcxU4lNE="}},"63mxsacKEWRVm7xO/+8hOrJC3tEoTsEn5UD0sIhWpRo=":{"valueMac":{"type":"Buffer","data":"xBwGQcSoD/BdR2t4WZByx4jEUPtpdXZyJr0yXxCt4NU="}},"68ovsmR4GX4WS8K/k8nbiz/9kTWN78LcTKzL4AXYVXw=":{"valueMac":{"type":"Buffer","data":"nCIzANZulCew8UpJzhUEmP34av332I+/xP8jqxS/84I="}},"7BhemEzdYezMRuSX+hPasoNvEgTWShIav3OLqqWIdE4=":{"valueMac":{"type":"Buffer","data":"6uJ3Nq9Mhna5i89R2RaDWSJnizla4wYAhsE4pHiGksY="}},"7C7yc7H7s5Y2LpJibf9C7UURemCjm3uQTD50zQQYD9E=":{"valueMac":{"type":"Buffer","data":"J715eWt8eZpHO6Xaq+Z57dqivCJcIjno1ly+9TjtMkc="}},"7D7cVa/18Gaq11AHbGS5GhKluAB5bF0JHhpbauEWO24=":{"valueMac":{"type":"Buffer","data":"GK80eEqqCp+bJuFqYzybtm6yuORnXThteU/Cvdn5mEE="}},"7E0Uj6ySGxX+UURrYnWg0uwo3OoXuH4nSRr4ODf7ENg=":{"valueMac":{"type":"Buffer","data":"UyY10UMSIDgt7i9LMEeKh+4ZReKSMZXonN0NgahjFNI="}},"7FMqA34xYNe6Vr+17sCs/UG9QnjvENPKS4iepS7AYzI=":{"valueMac":{"type":"Buffer","data":"dBylM418Xmk+a64H8XmqOiJu5L8lPwD6pOY/Rez4m+g="}},"7GUi3Skxcqg56ccaQ+yhXw754BIRV6CKDrSxpRiCaB8=":{"valueMac":{"type":"Buffer","data":"mRdYmS1lEPSvfF3I56Zf2USnM3ZshUhd3UvHS7aZt3A="}},"7LrHmnvwxFx2YCHar4/WdJAHuDGhLPbTteMtIQgh52A=":{"valueMac":{"type":"Buffer","data":"LfLJUaFmYdqA3juuZ1J+GKzLaEexrOJZbGCtWiilvLg="}},"7NdjCwa2DYYRPcEEVoNLEpNMpgNkfbU5MT0NwRL4YNk=":{"valueMac":{"type":"Buffer","data":"sBua/vzRy0laO2ncZAknLclvX9XbKhbjpUHOlX9zfGk="}},"7N5vARsJc0xzH87lpeCqVcB3CfGEI7Rgior0fpirwPY=":{"valueMac":{"type":"Buffer","data":"56c9V9CHh1z9Id7nugTw5I41OE8Ob65AAy3vUYJP/mo="}},"7SuaV0Xte1JnM6rLm9vXSmXBbCIwLTFL9I9kzAVOunk=":{"valueMac":{"type":"Buffer","data":"irNpu/vAHUlYqXmbFirLz0zJ4ZbjrB6xM4uoTtTdb8I="}},"7Xyw3zmarcZwJUq2fCpi9zI/KO5h8MeYMWg3N6rinDY=":{"valueMac":{"type":"Buffer","data":"Nu8yxBDy8azYPqVb8Yq6x1w9XUHFrQXBQVXMhXkZOp8="}},"7d4yHWpxFSp+wkyOvYH8OGLt9S9t/8rNyzwvRAKMr0A=":{"valueMac":{"type":"Buffer","data":"IkMkUHKwTuVF51YkYvSIGFGm3pRZCINoMW5VmPXl8j8="}},"7fuk9uExYFYSNMGC+eeWvr5bFArlO8rCbMGg2aC7A7Y=":{"valueMac":{"type":"Buffer","data":"2nYFIhO68IYU4vmwXOghWmcNIiL8M3cgKZhj6ksb84A="}},"7gqYZIjgw67Yq7PIPizAtEX+rdCotfh8u+FiZi6TvRw=":{"valueMac":{"type":"Buffer","data":"ObDixRepUctlAdX+z5FLr3jMC26678kHjwjF/nJpGLg="}},"7nQD9iY5WZaXxvvrouwTOdrK1/Hzxc1BsI/9HM6hRGk=":{"valueMac":{"type":"Buffer","data":"5at5iZrVi1Yom6dzdxmkd6H6PHjkgxdTymcffH0rZd8="}},"7u90s2QRFo9DE0BBqU53vsLn8nmQ2UmraxJVIGT1Ww8=":{"valueMac":{"type":"Buffer","data":"6dMWPRqBFHtI4h9xUW3AYNRvM8cjORnFHMRx0jsOmP8="}},"78iu2hVvLyP6JvZs4v/90+RWK+KgWcbru0hcI2CHQIc=":{"valueMac":{"type":"Buffer","data":"lSXcbaC5+22pMq+qfHxoL2wAguXJ3jSdf67JnHCLcno="}},"79ODjYM4Rp0U/97Lr+ki85SnfhXX5SFsIdWIjOrVlFw=":{"valueMac":{"type":"Buffer","data":"43x3crFmoPqN32hqh03JmsDZWHvrCkQK3Wv8q+Var2s="}},"79TeJkb9YolndN0igS3kkFrfz6hl4vIKcJ+nRp+B0MU=":{"valueMac":{"type":"Buffer","data":"TrENooksSu4EmlTDmngiTryH6LjTlCnVntvVQOc3Jd8="}},"8AqxtqJEfW1C5vxG0+FFkaF5XmaC/atPTchKSZ84UMs=":{"valueMac":{"type":"Buffer","data":"L92nVNYmYnStnUh6Lw6Gi7ioH+DZ3+jyNGCAq+xrVLg="}},"8BIPb2N6JgwUk4FxZAaS28W+mhE109mImfwqRVVGMnE=":{"valueMac":{"type":"Buffer","data":"nYWQuaKhg2JMP7pmnSZWsPAR29pG+BcK8+bF3QLyWIo="}},"8CP4YiCpVaibsQpM1ol9J2cEVrPiWxnjP6WurGo20XA=":{"valueMac":{"type":"Buffer","data":"wXp0cwDsVCjUlI5vc3Y2Im4I/qoAwH5neGJgE+l7Exc="}},"8K6iZQ93Dl0o2uqioYY3p371QdFbc+wh+x1U6nynrvI=":{"valueMac":{"type":"Buffer","data":"oZzYcDGGaMArxbVyrfNJghHoiwLX7MSdltxgWPLM0/o="}},"8NygWtyx24jR6y5tJaxW4xik6ualeB7ixAhbf0Z35JE=":{"valueMac":{"type":"Buffer","data":"tnPzzutWxQv+oLTwvuKRSDY1v6NQxOJl5qf6zDsTZKs="}},"8Qua9dnZIAMnZC508VqKS/QjH7vCr3vijgQmhx2Grws=":{"valueMac":{"type":"Buffer","data":"dNHyMhL1c6qTXcVai+o0vkw/ZmqlfvD2AGFgDj3tEeU="}},"8UhdFxBwjPKIcKjesxk63pHhtDqv81t0OGqkuT2nMgk=":{"valueMac":{"type":"Buffer","data":"8T6tHIcm8hirAoLUVYcJ6XziULLucigclCgVLUSKHlM="}},"8cw2iUfv8KdAw+km7WKm2SpGJ58iTla0mYSllr3aPGE=":{"valueMac":{"type":"Buffer","data":"uXyYJ+jlY3GdaxDTyvRAHg00g098tAVO0olFbUCyEGU="}},"8ilIT3JUmRmxA8XOC2R2gex11Vykc8fPkEt0Sqj18pI=":{"valueMac":{"type":"Buffer","data":"9glFi4wJVzlZ0p5MpFMBKbVMzyCCDtpXmr1DjVHwAo0="}},"8kcKT+Kqw2otchL8rpAVMNYCle6uV4uf4TqnMeVn++0=":{"valueMac":{"type":"Buffer","data":"Ygq8dTHSD8VcjimtHectmDUkmHc2zoOFvfJ6lLh3m1E="}},"8m+FQ+D9u+UhOblzuUR2iTrrF+F96qdUy5E73MTFhNg=":{"valueMac":{"type":"Buffer","data":"BqfchIrq+skOuofej6hAjKn6cFveMcAtGPvEMEqeLIY="}},"8tyZpOBoSolYU6egdisLHJCJZknsHxlEwPBBXcBz/JU=":{"valueMac":{"type":"Buffer","data":"/rCA0e7Y4ppFxCbO1H+T8HxoIdXlUqg6JQS+dEzo4uI="}},"9BGL8MP3ENck3tmOOU2WgdWY2DQWdCLCVlbl7WJYLQg=":{"valueMac":{"type":"Buffer","data":"Am4MtXQB/2ACEkYkU2Qv7bvZE4D985w+GHxwl7Hy3XI="}},"9KCdSIoYSMCpVHwFqqWMcU35WeMAPSZbPMkcPPVrQuo=":{"valueMac":{"type":"Buffer","data":"F7qX/dniPwNKiSvxuBzkeYBGxyI+9iihMZ6kRMGBKwM="}},"9MptizdILGXu38SJspM9+zT7PJQfmfYUUNWbXw2GD4I=":{"valueMac":{"type":"Buffer","data":"3YT/zFlYus5xklJsSd4Rr5ud6E2obebCcP7HvABKXW0="}},"9Q5w0jDi6GS5z/5LXtRObqllei03T2fMrlrWbeJ87Mk=":{"valueMac":{"type":"Buffer","data":"vqQwvDIfJ6/rCkBT4/x1a4jYu2WcxEarwrOnxKfJs9U="}},"9RIiW8Ji1yW2Ra2DDAFOL/8jT/x/OxlTC1BnenWX4E8=":{"valueMac":{"type":"Buffer","data":"9ZNjKfEp1ayzNI6PmQbHMIXAtKogGxe3l1blm0eiys0="}},"9XeD06G565LWWa9PAEzyR1NBPx+QXhypTby/GAtIA1w=":{"valueMac":{"type":"Buffer","data":"2Bl/kyh+2uDJUMKVYkNs3/2tozAdX8DbEJPFiLm5Tys="}},"9bursHfF5jwQFepLh0eX070k0siFh0I2h3TOnikaoQg=":{"valueMac":{"type":"Buffer","data":"yePqPuJFpTrxHt7+/uKRberiJrVWG1wMQRxcsA3wygo="}},"9cdAvqdKkQgYOA7hEztQvTlzMpFsG1beacnWlEF7p6w=":{"valueMac":{"type":"Buffer","data":"ly3KVo9wnzn4IoDaTktCC3CoNAzfk1JrO8jK5w5eOeA="}},"9dt+86cSgwbpTtfLrUBlYZhz4nmyoJNrAVP88MV7m2Y=":{"valueMac":{"type":"Buffer","data":"01TYNfwWrO/D3Km/c5pnhcDLVP93Mwvf1uk67Pi5hRo="}},"9kbs4TCouKttny+SobprQxbYv662kMOoROyxcYPOLOc=":{"valueMac":{"type":"Buffer","data":"4Z3Lvq4CPpx/w4YHpU0PlGtMqJhU4KOG96iMB296TF4="}},"9k4bZ12HA6FhYg3C6nMyQ/X1QKCi1j+O91nzbRtQ+Jw=":{"valueMac":{"type":"Buffer","data":"p7itUAqiBj2mspsUuIfi9Kd6iNkwoNZBnBOTXKG22EA="}},"9licEW8iorijucfBe4+mDGrulY2s4CV0hLB8fhSxUmE=":{"valueMac":{"type":"Buffer","data":"og8GfFD7NKCNmpjl+jJ/u55DKIR7xos5Ax56geP3ZU4="}},"9mVnMgSKLc1/lqAs/P60Q378RBaVmUmiaZRCXC1tAmg=":{"valueMac":{"type":"Buffer","data":"AmTaqqGYGZZCnEuL4m//AE+srNbrsbgWHO/DgPeefRM="}},"9pxrOlurosr1ToxxEGyhFZwCNRU3o4u+9F6QRxHKHvY=":{"valueMac":{"type":"Buffer","data":"nFYP18s//9zr1nKghChmP53W1WA81+0rpPMuhi7RNDk="}},"9rf10MmH4+N75V5krV/4oSyJC0eJy0Whc44gSXkiL/s=":{"valueMac":{"type":"Buffer","data":"PB0oQwZjIT62HxB+c5G40aifxevFPiHXeHbdbD2fyQU="}},"9r8VrphbSYopnNOZC0Bgl1aPNv9FlZAhOyk3o+YL7lg=":{"valueMac":{"type":"Buffer","data":"GrShfHAK8rGN5KMWAOCJjx5hj8BFc70slktZFJCElic="}},"9zeTlkC1HL8lohRdXVPID9GYSHrF15vO5NUVkjED0zQ=":{"valueMac":{"type":"Buffer","data":"zQalzJB0QRqB7a7ZGbIJ0MeHxNBM6xSpqqseO+boUGI="}},"95mtrOXifAV219R0HpdSbRRF2Z1Klja8xyoMZg84E1M=":{"valueMac":{"type":"Buffer","data":"KbSQCQmIY6HhofN1kOymgfE0cX9jK0frqepBKXrfXE8="}},"9/z5CE1b8H7B0+aj6SIY5wAgN7ZqqtQwBLRjpR475E8=":{"valueMac":{"type":"Buffer","data":"u1Jrgf+n2cdH0ETUnkd3fdfOP4xRJPkbAUOqkUtooL8="}},"+COSzmfX1hMxRUQyj3zuzq6qLdTvlQYlGuooScdzS90=":{"valueMac":{"type":"Buffer","data":"NLkxudbuKzP0D0BUkUtnPftK6HaYD0f9w/WEtiLLkd0="}},"+Mc4+3umRgB9vorpxLHeX0aCFJt3dycYbws4CpZjAu8=":{"valueMac":{"type":"Buffer","data":"YME0GJP2RVxXowLDuvXnNI3rOH1Y0KPP+WTalr/P3zE="}},"+NvPPyWbF/5/Ht6UuDHK8zTBevHgyLlJnuxOx6N75hk=":{"valueMac":{"type":"Buffer","data":"z8DrZcsPwWcCZYpBEp0uMZShUuyyrGs6hcGZjVqfJjU="}},"+P3B5g1yIh15nVKlXyEI7AfBla0S4qLbFmEfQrS8fvs=":{"valueMac":{"type":"Buffer","data":"zC3Mrt8vSLwr7OvZGoZ1ObExwJbtY4MYCSZNtiev9Gs="}},"+nCirXhClrO8/GDFOf/2IAdnGz/3/k9t7rjpnMRChG0=":{"valueMac":{"type":"Buffer","data":"+/ZbUwyh3FhE23swrJ37AAcrlZFtr4OVrlh7qWWyJV4="}},"+ngJ5y36IS+gC9mWxe4QLTgnWNCyHrhKjsEZ4rKbOuQ=":{"valueMac":{"type":"Buffer","data":"s9lUmjTu1srNGvN/jO9NtVsQ8gKpHyx9lEo8nlus5SU="}},"+47OBLIfO/2SLc+ZKHuKDXLc8VZWf0Y9X46XSbeX3BE=":{"valueMac":{"type":"Buffer","data":"P1M12hI/Jj9ZMimXfSXlFtMu3Br5wWfPQ+IPmCCAvJ8="}},"+59i7WeQnZKQ8Sz7qHR0iSoOvINE9Hq2pS8pNn22fkE=":{"valueMac":{"type":"Buffer","data":"iCVFlC0zb+J+thKLe9Lp5gbF1ykYeqP2mGzPkrd+ZHs="}},"+6q1n4bX3piikpGXo0zGExJZgJY+0DhOwU6xv1RM5js=":{"valueMac":{"type":"Buffer","data":"NgUl45tdwjpI9ThkLO7q6NeKJo8tIrWSoeZ92jVeNhs="}},"+8LaufUQaZVTv9EWzbp/LAEoZNF38QszE73WMP7BEwY=":{"valueMac":{"type":"Buffer","data":"iyQYDVQONf19vdqPO/fNfYHgosezsgNlT4aJf7Raj20="}},"/R2lm3/fJRsMzUlO3yv7mypUrwW50SbXOgFfVyt5Q90=":{"valueMac":{"type":"Buffer","data":"ewj7pgKY+MaN6Wd+JojdUcqbFVaQyjS/54No6xNlFxU="}},"/bwjAgqVbv4lPLuGJzKp6JgRpliKF8YQl0ecR83USRs=":{"valueMac":{"type":"Buffer","data":"qwOF/GGl3ZvYRy9091jO1orSEIVZbQExsrssnMfARXI="}},"/fSzM+b+F4PK1bH0N6lNlaXPar2Yusr+aM4IQUagpMA=":{"valueMac":{"type":"Buffer","data":"uUCFCmcsTz0HwlB8XaNQo+vGoBtdzmnfycgRCbbmbBg="}},"/fyMBmXEniZQt8tXYOOtlTLuKhF9krdJZLrjB0T0Ocs=":{"valueMac":{"type":"Buffer","data":"iyjwecoX4Y6oW82Lw3ZEiWJsOUWeu6F/SP2ydWhOYF4="}},"/igcIiXhRd8qbbhqxRlu/mqy63JVepJcJoGY/JFKvU8=":{"valueMac":{"type":"Buffer","data":"xPyRTjSQGa9MPbjcFxsnSqGlmpgblT8XISGYz8eILDw="}},"/sZMOmJGh+UNsZ83eNfUc+gCXolkiDJIzF0SLRlkXq0=":{"valueMac":{"type":"Buffer","data":"R2B4LM8Ok0oGS4Q5AihIccO0sK9gIRK1dMFaMSxh7Yk="}},"/thyA7SM0UAm3CtRnuXYhQ5/6ScWHUoglhSNpMy22GM=":{"valueMac":{"type":"Buffer","data":"A1R89haHBigfpFC0uuGNGfB0/UxltFRketymb8H1kgY="}},"/3ZjYOH7wsIuAVvAp8qS6tb3xH81b/Cou/ClJ1EK5qw=":{"valueMac":{"type":"Buffer","data":"rc3Hv0dZcYJ1hzGZv3bDi8G8tJ1B8lcL1fkYg2r8NMA="}},"/7EHHdjBg9V72LluGaHSfZgfOgFIX5vKGbPQSIGPEco=":{"valueMac":{"type":"Buffer","data":"GgTLkXV0bkPXH81VG/71ESGYaEP0QKiL1Cy114IM67g="}},"/9/b9kegyKGSo6WvRxuEbZJDGgCwTvx7wzBn3n1MosE=":{"valueMac":{"type":"Buffer","data":"ZzeQ8D3G+9VqVTRTrQJ79+XDFw5daaTI5KK+lDS4+Io="}},"aoVsNWjVnk89YXqa+SR+MyW8V0N6M5W0p9RTf6MNzGI=":{"valueMac":{"type":"Buffer","data":"KlLQc/n37VHS0nYbfRAJTWy4z1H8bMvfe+ixFJ3wuuQ="}},"sTu+PTUso9NGkV2arYUyM9SBTPQXuip56XgS3cONd9E=":{"valueMac":{"type":"Buffer","data":"pN+JkjWBO9+GnsEfS5MOqc2Ku9Ijy8AJNmyEmxNleLg="}},"nsbTDxvipXJVYSvB6WjR520r3WtRFaRRfGs9l0WWDR0=":{"valueMac":{"type":"Buffer","data":"0SmojZXGXw4/9JeoMevdxMpSnzi5QfTYAFiFasECLnw="}},"+qt0Dkq/4sUMDf3O9DjS17MAK93USHbIWzhhvePw2lI=":{"valueMac":{"type":"Buffer","data":"wOsUjfSnbaMjfDCgc7z/wlp6bzewl7HuTpr1f3LZiLE="}},"5RVlhnwyE+8Z5PPZdfmvMSqM11d4U1XxmhdlJ1/+dyc=":{"valueMac":{"type":"Buffer","data":"I3ErQ0g3GCt2v+axaVUvZup4j5inuoVV0aNQFaDl13g="}},"fJdu+KD2h55ByDmv2vhckFd3s6iYbk1hWWn+OsSDbtI=":{"valueMac":{"type":"Buffer","data":"jgcrNSi0foEmkgLHxX9Xka+wQfYV/lFAmhR4PfgNaSs="}},"fAfsUo62r13q8YToKOiTmUO+9hxpQ9GwhAZw39gtmSY=":{"valueMac":{"type":"Buffer","data":"2AogNPjXucKljt6tDXf/IP2r1U4urdR/XgP8x5XnIso="}},"Ga4lfT/TmeJLPDk4s2Y3QFRxIEK1BdCuiotK0CdbBmk=":{"valueMac":{"type":"Buffer","data":"b63fvLrQuS18HTfnWiPEQW/CkXSV5lJU5aod1V7Jk+Q="}},"B1fpnEd0GQFbqtqyCfhPdgdDUhK2Ary3nHNi7S00qDM=":{"valueMac":{"type":"Buffer","data":"WHFRs6g5/0ZMMQcblIsRns4RzNup4oac76GATOK730M="}},"QXv6WyeDSUEG00mUKNKiKPimg5d/5NicmeC2T9sGA6k=":{"valueMac":{"type":"Buffer","data":"2Y4WLvH7d90FqIVZ2/oJLrH7mcwUQHNokmHSwmqdATE="}},"uctFQS+ehBabYKSCdWNUXN9dXqBpfIK6gCX/i3zQjwg=":{"valueMac":{"type":"Buffer","data":"cVm4Lgm1v99uqK+68kes1FZl9YWhTnC9GbDwk0VNMsA="}}}}