{"noiseKey":{"private":{"type":"Buffer","data":"eDw2tvU8EnTNmtv2e7dk7lEkfXUy95EUUxAv+UYJMns="},"public":{"type":"Buffer","data":"Nn0GUBIvb+YFVI2erpAoifmY4MUOU20TpUznddXZTzI="}},"signedIdentityKey":{"private":{"type":"Buffer","data":"IB4CBWPAPXxUawrjPfPi9MKeKD070GRgdpn9I3oNq2o="},"public":{"type":"Buffer","data":"St1jggXXnRIpU5uQYn5XuFRxSnEbddZgKefTmazNWAQ="}},"signedPreKey":{"keyPair":{"private":{"type":"Buffer","data":"kORLeZFuviZDw2ibbYuYYydTFl8ZvK89bidghSf+kGg="},"public":{"type":"Buffer","data":"SKZGb4T9SLbT9Nn1l1Yf1yzWLIu+7MzdKPf+A5A3X3Y="}},"signature":{"type":"Buffer","data":"NmdUOY0adS8qrvfzNt4xY29v8Cay2Sx8ZxlleZu3ckasdlzB2mFjTJL3xCnjA+1f8C0J3t5QrcW7g8evwjNuiA=="},"keyId":1},"registrationId":59,"advSecretKey":"KahVD2Whl1pTLXWVJAC8bVYbQXwJsRALXqb71sIM/hg=","processedHistoryMessages":[{"key":{"remoteJid":"923124970382@s.whatsapp.net","fromMe":true,"id":"F3E7CFE9BB9E855DABD4F94B0FAEF7A2"},"messageTimestamp":1703089975},{"key":{"remoteJid":"923124970382@s.whatsapp.net","fromMe":true,"id":"34AC0FA7EC7E2A0684D695BE3309BFAB"},"messageTimestamp":1703089975},{"key":{"remoteJid":"923124970382@s.whatsapp.net","fromMe":true,"id":"9BF14FC939525BC5C471B8BE4E8F429A"},"messageTimestamp":1703089984},{"key":{"remoteJid":"923124970382@s.whatsapp.net","fromMe":true,"id":"2B612827643FCB1EA7C511B61B04864F"},"messageTimestamp":1703089985}],"nextPreKeyId":125,"firstUnuploadedPreKeyId":125,"accountSyncCounter":1,"accountSettings":{"unarchiveChats":false},"account":{"details":"CJWo7YQCELOujKwGGAEgACgA","accountSignatureKey":"rpoZRUiMrFrne7AgG1DEWOFKZReJzNMhlHMPGiQMvQ4=","accountSignature":"UV98oLpvH57ciiY7m6jlj5qmUhtsowvlUGio8LXiYKOmWTU1l1gcuhTEFjLNnO1S+JcOq+t+JqWF9ULqAecBBg==","deviceSignature":"rsr2mb68+9LEUP2sE5lklaZmxXdjmCOVXQoIFr4+i5fpfX5LHd5FBKNIOEbWOo1uLOZe6E5qL3yYRH9FJl4yjQ=="},"me":{"id":"923124970382:56@s.whatsapp.net","lid":"237164050813142:56@lid"},"signalIdentities":[{"identifier":{"name":"923124970382:56@s.whatsapp.net","deviceId":0},"identifierKey":{"type":"Buffer","data":"Ba6aGUVIjKxa53uwIBtQxFjhSmUXiczTIZRzDxokDL0O"}}],"platform":"android","lastAccountSyncTimestamp":1703141561,"myAppStateKeyId":"AAAAAPir"}