{"_sessions":{"BfiVp36t366cxOOEOa0zwYz2E401FLG5cIZr7FXuHPp8":{"registrationId":686738063,"currentRatchet":{"ephemeralKeyPair":{"pubKey":"BZWcipgyXPiPN25Ij4gYlEhoVSl9n/kdgzZ1Mf/WVrFo","privKey":"+N172bFTj/dNOhmQ2h3OilDAYmrsiA71yHXHvsYSPm0="},"lastRemoteEphemeralKey":"Bder6hb7Dtl/A8mkKJaFlX+QZnbidZ+QN9OaKJCqPIps","previousCounter":0,"rootKey":"F5dq9ZQBJdhXaerA2SrSw3csHCr5TnmNmPpsEc1Xc/U="},"indexInfo":{"baseKey":"BfiVp36t366cxOOEOa0zwYz2E401FLG5cIZr7FXuHPp8","baseKeyType":2,"closed":-1,"used":1703256996906,"created":1703256996906,"remoteIdentityKey":"BXvbP5uqxMd8HYwbjZSgZGVECH2lKFDup8Is8DPO3E4N"},"_chains":{"Bder6hb7Dtl/A8mkKJaFlX+QZnbidZ+QN9OaKJCqPIps":{"chainKey":{"counter":0,"key":"FSiJHCl8dQRm/8BSFF4pWQY/pqWMQKpCCRX7NKpubQ8="},"chainType":2,"messageKeys":{}},"BZWcipgyXPiPN25Ij4gYlEhoVSl9n/kdgzZ1Mf/WVrFo":{"chainKey":{"counter":-1,"key":"JB9lwE+Iva9rthzAqeANX7/GFrdUpYkDSV8h1l2r2bM="},"chainType":1,"messageKeys":{}}}}},"version":"v1"}