{"_sessions":{"Bbs0WXdb0g4hKoL4cz5mdf2rYU3PsQHRvn3NCiWhd2Bp":{"registrationId":277049954,"currentRatchet":{"ephemeralKeyPair":{"pubKey":"BR7P9kQWTHbiSVzKz+0Djm360VGOA1OROmfDt2gbYoVh","privKey":"CK92xohK+fxcR7bHsMsnqzLwQhHrfrRUA6QNU5v85Wk="},"lastRemoteEphemeralKey":"BfTq++l22XUBcRRNdj51jDbauc9G/7aerAJ84ax5B5Eq","previousCounter":2,"rootKey":"An0phbREa+hv/FM7gk4oII3iDYbdgec3DhwZudjNiBg="},"indexInfo":{"baseKey":"Bbs0WXdb0g4hKoL4cz5mdf2rYU3PsQHRvn3NCiWhd2Bp","baseKeyType":2,"closed":-1,"used":1703325307291,"created":1703089975327,"remoteIdentityKey":"Ba6aGUVIjKxa53uwIBtQxFjhSmUXiczTIZRzDxokDL0O"},"_chains":{"BSjAhM6gv0xniOEWuYouIVJyGK5iVKyuitLfoEHBE6YZ":{"chainKey":{"counter":11},"chainType":2,"messageKeys":{}},"Bf2TiFgsFaFL69t0ZsORLzNK/ylr4vm5hQ+/L5WFzUwT":{"chainKey":{"counter":0},"chainType":2,"messageKeys":{}},"BfTq++l22XUBcRRNdj51jDbauc9G/7aerAJ84ax5B5Eq":{"chainKey":{"counter":687,"key":"1YQCVLx5vpVxUVyf9f48nkYThs0IQ97IWRVz/8XIb+0="},"chainType":2,"messageKeys":{"619":"QQ/RBtcjb2s+c+75Q6KgsXoaf2Zi2deeDc5NOVXtG1w=","620":"CQ8V/5BiPKAXUx7idMuUw5+940gvt2VzeF07r1Fxff8="}},"BR7P9kQWTHbiSVzKz+0Djm360VGOA1OROmfDt2gbYoVh":{"chainKey":{"counter":-1,"key":"17UzFAPnGjbMkfqyCKsUeuzkFnA7stERHkdDrGRlNts="},"chainType":1,"messageKeys":{}}}}},"version":"v1"}