{"_sessions":{"Bb3TB/xgzBZGdexA7uiYexzfTjwxs0V4fBe8PEz91y9w":{"registrationId":1337338738,"currentRatchet":{"ephemeralKeyPair":{"pubKey":"Bds9SsmEw/7iELhtlQLgfl+NIdmo8euUjKwIt8kZeWIe","privKey":"wOzGv/DSiQ8H67Cnuin6WYkCR+STFI7ClRCURtQvdV0="},"lastRemoteEphemeralKey":"Bc0WLCCM9mNacNIMBBdQB9BMRSBb3PUKFV35GxEi2J9C","previousCounter":0,"rootKey":"u8blyqTLouBRUaJl/4esb6lu4IjWYsdFqEmpg7+B4EM="},"indexInfo":{"baseKey":"Bb3TB/xgzBZGdexA7uiYexzfTjwxs0V4fBe8PEz91y9w","baseKeyType":2,"closed":-1,"used":1703200148810,"created":1703200148810,"remoteIdentityKey":"BUARPQyPMnb7cLYFN5Bnwt5NklIqNRzolOym/fjH7adK"},"_chains":{"Bc0WLCCM9mNacNIMBBdQB9BMRSBb3PUKFV35GxEi2J9C":{"chainKey":{"counter":0,"key":"rZnF5e2spMwscIhvWUWwFiwvC5obBp4K94MXc7oiZV0="},"chainType":2,"messageKeys":{}},"Bds9SsmEw/7iELhtlQLgfl+NIdmo8euUjKwIt8kZeWIe":{"chainKey":{"counter":-1,"key":"8thL8GComSAzjsfhNrs+Z59py1CX6NTOFM5+0/GygSs="},"chainType":1,"messageKeys":{}}}}},"version":"v1"}