{"_sessions":{"Ba/WuZrta14iGYTRBnnL7nK7u1Hdd7wy4uylmLARujg5":{"registrationId":15,"currentRatchet":{"ephemeralKeyPair":{"pubKey":"BXVvz48+ao8k0iQoK9By/+0cXBnu2jJA6k+zhFXe3fwp","privKey":"EN5xcTm9OYL+pQlNNAbw83mPFM1nBtbrKb8GocE3CEA="},"lastRemoteEphemeralKey":"BS1REoclyI/l9PpGSz7uwncNrwREbI8n1keiFkdbPmIC","previousCounter":0,"rootKey":"uk56KD90crMOGEHOOcECWCs88xQ+CypkERg0QQkCpk8="},"indexInfo":{"baseKey":"Ba/WuZrta14iGYTRBnnL7nK7u1Hdd7wy4uylmLARujg5","baseKeyType":1,"closed":-1,"used":1703090239249,"created":1703090239249,"remoteIdentityKey":"BVECk7Ea/aYnLPuu6VwcoTYrpU94HaYoetgXMbUr6nA7"},"_chains":{"BXVvz48+ao8k0iQoK9By/+0cXBnu2jJA6k+zhFXe3fwp":{"chainKey":{"counter":34,"key":"xEepUK+GP6s7fONcF7WxZsxIrOdCEauv4dwlG8kewHM="},"chainType":1,"messageKeys":{}}},"pendingPreKey":{"signedKeyId":1,"baseKey":"Ba/WuZrta14iGYTRBnnL7nK7u1Hdd7wy4uylmLARujg5"}}},"version":"v1"}