{"_sessions":{"BbyCGUQiKPIePepNKcf4kGeUhQoitnD+NH1hRIkIw1B3":{"registrationId":2072365849,"currentRatchet":{"ephemeralKeyPair":{"pubKey":"BXGYfgkjVLXKbJiNzLXsHv+4xseJKtAlcRPqSnJGr4J4","privKey":"8CouEv8ToL/IDhYoDfiPUpVC+Os6PxA/HJ/xuJeV73c="},"lastRemoteEphemeralKey":"BeSymKcsBUR2vb/wsk8XJKz3BmyXuoUJrSbiXoUPMtwL","previousCounter":2,"rootKey":"JvXvGiVL+yuPNc47BLhNX/YnoxUu8mzldUiYhFct62U="},"indexInfo":{"baseKey":"BbyCGUQiKPIePepNKcf4kGeUhQoitnD+NH1hRIkIw1B3","baseKeyType":1,"closed":-1,"used":1703283863572,"created":1703090239254,"remoteIdentityKey":"BTmOrZ/0T6CD4z8g5eVu2mtarOLdnb5LVM354DbNAV8g"},"_chains":{"BTjWYpc5bekrGzGz75fzQ7hcc/qkQ+l9oDd68YDNA8QD":{"chainKey":{"counter":1},"chainType":2,"messageKeys":{}},"BeSymKcsBUR2vb/wsk8XJKz3BmyXuoUJrSbiXoUPMtwL":{"chainKey":{"counter":0,"key":"Es2MXiz3Snc6AI8zLsiWTVnC4f9TBjowUDVezyFgfpo="},"chainType":2,"messageKeys":{}},"BXGYfgkjVLXKbJiNzLXsHv+4xseJKtAlcRPqSnJGr4J4":{"chainKey":{"counter":-1,"key":"kHNf5vaAW4xXO1F05HcYLrnwqkdOVO5XoCmrgOtxBwI="},"chainType":1,"messageKeys":{}}}}},"version":"v1"}