{"_sessions":{"BT4lHeMyyZeCBYkoCQfdE6I3HMR1ThN9ET0sGgZ2bQhG":{"registrationId":2,"currentRatchet":{"ephemeralKeyPair":{"pubKey":"BfLSxzk8axsjFUKUNU4Wk2p46vUmYhGzJcwvbVD4lNY7","privKey":"OJlXP40yUjMUYdcEI/0I92XuYWZL4qv+BTCktztiknQ="},"lastRemoteEphemeralKey":"BR2QtwoUWtJYCynSiUjA/e9NCI5258Cz2Pl3+CenJ9xs","previousCounter":0,"rootKey":"sCxsfuLCS1FeKplgIyoclb5b6iw+ql2mSScGgtCsOCE="},"indexInfo":{"baseKey":"BT4lHeMyyZeCBYkoCQfdE6I3HMR1ThN9ET0sGgZ2bQhG","baseKeyType":2,"closed":1703149565012,"used":1703149564003,"created":1703149564003,"remoteIdentityKey":"BZQqwfwyZFOYMRGpn2CIY4NvJqqqqsNfnQ15dWkLyeco"},"_chains":{"BR2QtwoUWtJYCynSiUjA/e9NCI5258Cz2Pl3+CenJ9xs":{"chainKey":{"counter":5,"key":"O/iTRw9jzPBNPCwzucid61vGrGKuWUITlAzAYxRLs0o="},"chainType":2,"messageKeys":{}},"BfLSxzk8axsjFUKUNU4Wk2p46vUmYhGzJcwvbVD4lNY7":{"chainKey":{"counter":-1,"key":"bD+t8YGX2HwxRDjC1l8315zJgDE08Pmo1zgDk/hN7jE="},"chainType":1,"messageKeys":{}}}},"BVDXAeSvROaZ9IfQxND+LVr9diC1IgRULz5gXi645GI3":{"registrationId":2,"currentRatchet":{"ephemeralKeyPair":{"pubKey":"BSpTvQiDoRdhI0vfW+Zv8/R71SSpZkfOqLu0NGO50sxe","privKey":"0BkLiktlwrxfCxOOlf95pQLUoA1t40tBUJtKk239gUE="},"lastRemoteEphemeralKey":"BTIhhWMlzfuFbn5PtqZRpz6VG2j5pgCKZDJDgDE+I/hh","previousCounter":0,"rootKey":"HCIq9BpYoMYKAuZ/gXI+v1PjT3xUTDR38t+2rTEDMts="},"indexInfo":{"baseKey":"BVDXAeSvROaZ9IfQxND+LVr9diC1IgRULz5gXi645GI3","baseKeyType":2,"closed":1703149565642,"used":1703149565013,"created":1703149565013,"remoteIdentityKey":"BZQqwfwyZFOYMRGpn2CIY4NvJqqqqsNfnQ15dWkLyeco"},"_chains":{"BTIhhWMlzfuFbn5PtqZRpz6VG2j5pgCKZDJDgDE+I/hh":{"chainKey":{"counter":1,"key":"9AUyDhDObZT2vqnxI3it47UO34A3oDQesWSqacpUt6o="},"chainType":2,"messageKeys":{}},"BSpTvQiDoRdhI0vfW+Zv8/R71SSpZkfOqLu0NGO50sxe":{"chainKey":{"counter":-1,"key":"PSK434t4VFUlD3FbiHybuAzF4YM9X6JlDCG/V4rIhrI="},"chainType":1,"messageKeys":{}}}},"BeXiq5jaH4Zke62oDBAqNbROBwFOoogHWWylHLv02opf":{"registrationId":2,"currentRatchet":{"ephemeralKeyPair":{"pubKey":"BQ3uu7EBuECpdaf0aVs3uYug4uO+UcL9QCTjmd1+nFcM","privKey":"SLyIbfa0Z79aH3NRoRUInoQRGp0XF8DwhUk+G9anJEI="},"lastRemoteEphemeralKey":"BZTLPlbQuPkE4WfuBQ3rVWxQzG56tzz1SscL+4FdapEo","previousCounter":0,"rootKey":"JszCVl9dRfSnNT8Vo4eB7kF415egq6c3RSZQHhgYrGE="},"indexInfo":{"baseKey":"BeXiq5jaH4Zke62oDBAqNbROBwFOoogHWWylHLv02opf","baseKeyType":2,"closed":1703149568769,"used":1703149565643,"created":1703149565643,"remoteIdentityKey":"BZQqwfwyZFOYMRGpn2CIY4NvJqqqqsNfnQ15dWkLyeco"},"_chains":{"BZTLPlbQuPkE4WfuBQ3rVWxQzG56tzz1SscL+4FdapEo":{"chainKey":{"counter":5,"key":"Jf5zmnkhNOPBb0R2ViL8WfhV8hRweaHpWpAFry1ccSE="},"chainType":2,"messageKeys":{}},"BQ3uu7EBuECpdaf0aVs3uYug4uO+UcL9QCTjmd1+nFcM":{"chainKey":{"counter":-1,"key":"vVcD6+c18wRr0sWi/KcblYEEWwUHXBZFUF/o8FvLaHo="},"chainType":1,"messageKeys":{}}}},"BWV5Ml98+fpBXBDKdjptQ5vSWiziZiymtxRg63DjxAI/":{"registrationId":2,"currentRatchet":{"ephemeralKeyPair":{"pubKey":"BViTsg86sshnt2iQeZDygEh1Y3lasRRkPOGnnImnCWtq","privKey":"EF+2/Eb+9ezSx7BUNU0EtabfUcf/S+K/emG39busfns="},"lastRemoteEphemeralKey":"BWlYi8g0fdcPVOPUy3z7SR6LitV7QPZcO8kbnv1UO99b","previousCounter":0,"rootKey":"pwJuryItGserX+dULG2PKZwNTxq6/3NPvgYyZnzZe90="},"indexInfo":{"baseKey":"BWV5Ml98+fpBXBDKdjptQ5vSWiziZiymtxRg63DjxAI/","baseKeyType":2,"closed":1703149568812,"used":1703149568770,"created":1703149568770,"remoteIdentityKey":"BZQqwfwyZFOYMRGpn2CIY4NvJqqqqsNfnQ15dWkLyeco"},"_chains":{"BWlYi8g0fdcPVOPUy3z7SR6LitV7QPZcO8kbnv1UO99b":{"chainKey":{"counter":1,"key":"YhTD5MNhz3dwjh5SaMrkgFr4Q/3THx6bGcfibs9hyOs="},"chainType":2,"messageKeys":{}},"BViTsg86sshnt2iQeZDygEh1Y3lasRRkPOGnnImnCWtq":{"chainKey":{"counter":-1,"key":"iTmU3fJpscf6PG3XbqUQmVybS67iBK3EzuzWqpNmVZg="},"chainType":1,"messageKeys":{}}}},"Bb7B+Z48i60E4Nt/2N9yOt/zVOV4hY55VcYr+Ljn8uAk":{"registrationId":2,"currentRatchet":{"ephemeralKeyPair":{"pubKey":"BWwEB7JM2Jx180lea5X/tQ1KRll5EjxajU0aDjWWdDwI","privKey":"gLaOna36eik9v4Qip/A1bgBF7FwTAZiZQ0KJwOGeDFw="},"lastRemoteEphemeralKey":"BSldlvq0mqWwXnyyBWcBQGOg8TpppTZZySEFth/EcS47","previousCounter":0,"rootKey":"GeUQ+lFewiwvLSuEcopPhgpA3PD7pqn7L7583hnsznA="},"indexInfo":{"baseKey":"Bb7B+Z48i60E4Nt/2N9yOt/zVOV4hY55VcYr+Ljn8uAk","baseKeyType":2,"closed":1703149569776,"used":1703149568813,"created":1703149568813,"remoteIdentityKey":"BZQqwfwyZFOYMRGpn2CIY4NvJqqqqsNfnQ15dWkLyeco"},"_chains":{"BSldlvq0mqWwXnyyBWcBQGOg8TpppTZZySEFth/EcS47":{"chainKey":{"counter":5,"key":"EcQsPmqfNXvDWExW4A5eM07ge6aoI9R6VscKyLc2dbs="},"chainType":2,"messageKeys":{}},"BWwEB7JM2Jx180lea5X/tQ1KRll5EjxajU0aDjWWdDwI":{"chainKey":{"counter":-1,"key":"O4xExKzOJwNC47Sdks+vrtm197/z+YtClLn+RQ20Iq4="},"chainType":1,"messageKeys":{}}}},"BQ9R6LHyY0wDaPPcsKQkIqj4JOfXLfcsDyTkcv2ZbYMV":{"registrationId":2,"currentRatchet":{"ephemeralKeyPair":{"pubKey":"BT3yXTK+qHqWGvjcT3aWv/0sPJYs0TZ+ybWm3X7AOa8x","privKey":"4DFtoi8kfkg0poxIwLBDEOBppSKcDAwBWiS1GoGN5GI="},"lastRemoteEphemeralKey":"Bb33FaSZRxSObWHd59NVulak3vYsIQWRu+04y+Y3TfdF","previousCounter":0,"rootKey":"rPC16BV4EEV337W6iJqc+npntYmWQJoWJSU7iDsQ/7w="},"indexInfo":{"baseKey":"BQ9R6LHyY0wDaPPcsKQkIqj4JOfXLfcsDyTkcv2ZbYMV","baseKeyType":2,"closed":1703149570800,"used":1703149569776,"created":1703149569776,"remoteIdentityKey":"BZQqwfwyZFOYMRGpn2CIY4NvJqqqqsNfnQ15dWkLyeco"},"_chains":{"Bb33FaSZRxSObWHd59NVulak3vYsIQWRu+04y+Y3TfdF":{"chainKey":{"counter":1,"key":"6aBLta447Qkyu51DRGmpp6Q3tDEgLaCiGNDNxljtuLI="},"chainType":2,"messageKeys":{}},"BT3yXTK+qHqWGvjcT3aWv/0sPJYs0TZ+ybWm3X7AOa8x":{"chainKey":{"counter":-1,"key":"noDR2AfAhoUj+GoqdDfCSoBtEPWwnitTzhyShcEGDb8="},"chainType":1,"messageKeys":{}}}},"BaRzHAPN4578X4iVPmnuq47DnBPeMWw9bEn+x8BR18B+":{"registrationId":2,"currentRatchet":{"ephemeralKeyPair":{"pubKey":"BfdiDpFIxJFvWypdYBUtz/K8jd/whZKv+Yqt23NjHR9K","privKey":"YG5y6AtJ2tQVSMRzNFNZ0ijWpCUFdF0n2uV+YLCqOnQ="},"lastRemoteEphemeralKey":"BZv6XrSEm1ShG6ckbWqNOJVgseiHBDgxKMkymHzA4soV","previousCounter":0,"rootKey":"PWPRe+JWqDMh0p0T89Eri0aEHZGWvYXzC6IX32kkDkc="},"indexInfo":{"baseKey":"BaRzHAPN4578X4iVPmnuq47DnBPeMWw9bEn+x8BR18B+","baseKeyType":2,"closed":1703149573911,"used":1703149570800,"created":1703149570800,"remoteIdentityKey":"BZQqwfwyZFOYMRGpn2CIY4NvJqqqqsNfnQ15dWkLyeco"},"_chains":{"BZv6XrSEm1ShG6ckbWqNOJVgseiHBDgxKMkymHzA4soV":{"chainKey":{"counter":8,"key":"FqQ7Pf+NmuzQil7O/QTxSIIH4N604TGi5z7ohEB80Gs="},"chainType":2,"messageKeys":{}},"BfdiDpFIxJFvWypdYBUtz/K8jd/whZKv+Yqt23NjHR9K":{"chainKey":{"counter":-1,"key":"BCmVih59Se1zjdLPp5fNc6jBlLNKACbSm5zGe4ieD1w="},"chainType":1,"messageKeys":{}}}},"BUqWsUVF0JeiVMi0N1uH5XYGimcz2HuUeuqgsV3H+m1g":{"registrationId":2,"currentRatchet":{"ephemeralKeyPair":{"pubKey":"BSKxmwmVQ69kEHJwm2I7BuB/8yMKxUgiJfWlDpI2bt9J","privKey":"SFdcgI3A4b3KPK2WUlZV2wcLc3ZttODADO86GzyC4HI="},"lastRemoteEphemeralKey":"BSSSf45ikmbzADIvn1fcz6AsbquuOmVMzDJR1a9WoIwY","previousCounter":0,"rootKey":"ZwwNfcpLL8KI264vw98m6+dAqHkS1XO5o+Kq5AuVEj4="},"indexInfo":{"baseKey":"BUqWsUVF0JeiVMi0N1uH5XYGimcz2HuUeuqgsV3H+m1g","baseKeyType":2,"closed":1703149575632,"used":1703149573912,"created":1703149573912,"remoteIdentityKey":"BZQqwfwyZFOYMRGpn2CIY4NvJqqqqsNfnQ15dWkLyeco"},"_chains":{"BSSSf45ikmbzADIvn1fcz6AsbquuOmVMzDJR1a9WoIwY":{"chainKey":{"counter":0,"key":"dMmTrD9WE3RACgbb6N2iJO6AaOuKaDrqwEjswnF8cak="},"chainType":2,"messageKeys":{}},"BSKxmwmVQ69kEHJwm2I7BuB/8yMKxUgiJfWlDpI2bt9J":{"chainKey":{"counter":-1,"key":"nQD5FFYB+Oy8AmSDzZ+LMKl4FNNLtEDPGiMpqRKI/J0="},"chainType":1,"messageKeys":{}}}},"BYvMZLBLvScdP7rRlJZ/Lo1RBsugWGvhSZee8QOXdVx1":{"registrationId":2,"currentRatchet":{"ephemeralKeyPair":{"pubKey":"BQfNZSmJn/mHKYR+D5rcF7GP7OErk7kGxtxNeL4wEah7","privKey":"yJZWbVATWOz/Vxz5FVr4CvZ1c0KjKxMOoPSNDymESHk="},"lastRemoteEphemeralKey":"BQzs8H11hsqIWlczALKubmJxhiwjKeFbQ2fn/JrEdM99","previousCounter":0,"rootKey":"16cju6CUxzvvvRUOHf76lYBHWl4fN9Gcr+aUyLcJ7Mo="},"indexInfo":{"baseKey":"BYvMZLBLvScdP7rRlJZ/Lo1RBsugWGvhSZee8QOXdVx1","baseKeyType":2,"closed":1703149579188,"used":1703149575657,"created":1703149575657,"remoteIdentityKey":"BZQqwfwyZFOYMRGpn2CIY4NvJqqqqsNfnQ15dWkLyeco"},"_chains":{"BQzs8H11hsqIWlczALKubmJxhiwjKeFbQ2fn/JrEdM99":{"chainKey":{"counter":0,"key":"hQU1kWfds1thf3lN3yak1DVXR0qJZiYbX/OkwbLIO8M="},"chainType":2,"messageKeys":{}},"BQfNZSmJn/mHKYR+D5rcF7GP7OErk7kGxtxNeL4wEah7":{"chainKey":{"counter":-1,"key":"E2MWezrpLWGDZ2YUOkj2Y/yfytr7UITL3KWyCzprq4U="},"chainType":1,"messageKeys":{}}}},"Bc/cay2kHAv/farylgH4Wo4XvogWEnu1wn8nGFe57FoN":{"registrationId":2,"currentRatchet":{"ephemeralKeyPair":{"pubKey":"BZexSWJAS9TDHQ0xv++JcLwh615Nc8HTpWt5c+XDniIr","privKey":"oNoLTy81OZyVaixvCI0G0xtIT1m2i7dy/1p6eNdo11k="},"lastRemoteEphemeralKey":"BZjyKibkP+iU52BrWNuRv4acgBWsX8LBo0A+CASLvmIq","previousCounter":0,"rootKey":"sxnrUVGFlb3Gtjss7zQr0LHQl/c5fk7oTDq5HVhfaU8="},"indexInfo":{"baseKey":"Bc/cay2kHAv/farylgH4Wo4XvogWEnu1wn8nGFe57FoN","baseKeyType":2,"closed":1703149580586,"used":1703149579189,"created":1703149579189,"remoteIdentityKey":"BZQqwfwyZFOYMRGpn2CIY4NvJqqqqsNfnQ15dWkLyeco"},"_chains":{"BZjyKibkP+iU52BrWNuRv4acgBWsX8LBo0A+CASLvmIq":{"chainKey":{"counter":0,"key":"IHPwtXnWoMFtQkMRxHkc/1neo+l+9ZlbvmB+ID6DPHs="},"chainType":2,"messageKeys":{}},"BZexSWJAS9TDHQ0xv++JcLwh615Nc8HTpWt5c+XDniIr":{"chainKey":{"counter":-1,"key":"bAyE1E48ob4+jTtbzKUrVJdd7UgsTgK1+nxauQCpvCs="},"chainType":1,"messageKeys":{}}}},"BT4LmMKo3AxvHafwMQj08HkNmem3WFhBs6IwHvn5QEZb":{"registrationId":2,"currentRatchet":{"ephemeralKeyPair":{"pubKey":"BV7yMYs6hwYLUrsFtHLGDYf3JEraoeisHuDaWbjGjKIG","privKey":"UPBw4zL9k+kkANWhUZdvRhH6ULABf0WZ21gYULHMAVQ="},"lastRemoteEphemeralKey":"BYyHAYwdQrJ9HF/VPQHKDDAuJisO0FQ2JNFxwzm/mANF","previousCounter":0,"rootKey":"Ex6stl2t5hQkJjZHGIvlkOmqIfU/g2vhQWe3LWtCyg4="},"indexInfo":{"baseKey":"BT4LmMKo3AxvHafwMQj08HkNmem3WFhBs6IwHvn5QEZb","baseKeyType":2,"closed":1703149583411,"used":1703149580587,"created":1703149580587,"remoteIdentityKey":"BZQqwfwyZFOYMRGpn2CIY4NvJqqqqsNfnQ15dWkLyeco"},"_chains":{"BYyHAYwdQrJ9HF/VPQHKDDAuJisO0FQ2JNFxwzm/mANF":{"chainKey":{"counter":7,"key":"yMlC8kt4PNdPMaNVq+vYpaLCgH8xhT6uF2QPDERXUtU="},"chainType":2,"messageKeys":{}},"BV7yMYs6hwYLUrsFtHLGDYf3JEraoeisHuDaWbjGjKIG":{"chainKey":{"counter":-1,"key":"2s8bh3bvP4ejiTQegyC4U3s7ox8s2jJIYUhPoD6SqD4="},"chainType":1,"messageKeys":{}}}},"BSHrobkywDsK7J4klmeEtvA/t55kzYpmIPbW3ja83Hog":{"registrationId":2,"currentRatchet":{"ephemeralKeyPair":{"pubKey":"BQP+pYjBdziCvS7rgrNX2fmlfe111v91ncWCj/zI0gVJ","privKey":"eAHZajL5+1/wIOD+7ubOCUWA1Mz36LgKgfcTBBKl1lU="},"lastRemoteEphemeralKey":"BXPq5m2+jjwDR24rtl+uZC75baD+AdL3NXU72X37BVQI","previousCounter":0,"rootKey":"J1qZGfTs/apGO5Pghq4Q6zIeCahkXAAJ2cP3q9GvSMQ="},"indexInfo":{"baseKey":"BSHrobkywDsK7J4klmeEtvA/t55kzYpmIPbW3ja83Hog","baseKeyType":2,"closed":1703149583709,"used":1703149583412,"created":1703149583412,"remoteIdentityKey":"BZQqwfwyZFOYMRGpn2CIY4NvJqqqqsNfnQ15dWkLyeco"},"_chains":{"BXPq5m2+jjwDR24rtl+uZC75baD+AdL3NXU72X37BVQI":{"chainKey":{"counter":6,"key":"1YuHriKPRVqis2ifsidXwDya/f8BoPM7ETJOOerKl4s="},"chainType":2,"messageKeys":{}},"BQP+pYjBdziCvS7rgrNX2fmlfe111v91ncWCj/zI0gVJ":{"chainKey":{"counter":-1,"key":"fzP2canRZ8Dlb1O24Lb8r5MPSlrddKN3I3LrvP+fxE0="},"chainType":1,"messageKeys":{}}}},"BZoRCEjoAWhtsvW0na56iqiaY9jExezxVX0a0hG6hZcH":{"registrationId":2,"currentRatchet":{"ephemeralKeyPair":{"pubKey":"BaAtOkhQPfOXzYQ7/9gxcegTuMyKnp9y6Qs5G+mzIphh","privKey":"uF4mDeHiRO78vXqHtnAAgdC6IxCcSonLOadngCZ/dWw="},"lastRemoteEphemeralKey":"BZt0EJlfN/9VyowFynGRVBbB5Tge7ETIvgnCiryZdF4w","previousCounter":0,"rootKey":"czgfz1YoYmtQtnrzLwgOYVHDEopilgDpae+olIVuKt0="},"indexInfo":{"baseKey":"BZoRCEjoAWhtsvW0na56iqiaY9jExezxVX0a0hG6hZcH","baseKeyType":2,"closed":1703149592104,"used":1703149583709,"created":1703149583709,"remoteIdentityKey":"BZQqwfwyZFOYMRGpn2CIY4NvJqqqqsNfnQ15dWkLyeco"},"_chains":{"BZt0EJlfN/9VyowFynGRVBbB5Tge7ETIvgnCiryZdF4w":{"chainKey":{"counter":10,"key":"qsC1pmxcCCoLXX3LApTxjkx6z5VSRTMGCbblAWXYz/Q="},"chainType":2,"messageKeys":{}},"BaAtOkhQPfOXzYQ7/9gxcegTuMyKnp9y6Qs5G+mzIphh":{"chainKey":{"counter":-1,"key":"2xznxSSKYKwzoP2oBqZMreyAZVX7MMtODe8T6j/4Jng="},"chainType":1,"messageKeys":{}}}},"BWg4hV5kbkjz9cZkaDYZg+bUur6eUeCZVU3lVkwezwF3":{"registrationId":2,"currentRatchet":{"ephemeralKeyPair":{"pubKey":"BZC4t/Mq39UP8B9pZ/JiW3lcnPZ5+PrMOlTD005RD/F+","privKey":"IMl4j9VhuwyS7fWhhxDzZ0PluUovq4rPeG1BWBlHLkc="},"lastRemoteEphemeralKey":"BbdAuV+DI/TG5JhdwZaRml/hhoWJ8MNVBEr9HgJWPV0w","previousCounter":0,"rootKey":"X3+Chp5P7QID244oANzI/a/ZXYX5y33NDH3cZsrb5Ik="},"indexInfo":{"baseKey":"BWg4hV5kbkjz9cZkaDYZg+bUur6eUeCZVU3lVkwezwF3","baseKeyType":2,"closed":1703149595138,"used":1703149592105,"created":1703149592105,"remoteIdentityKey":"BZQqwfwyZFOYMRGpn2CIY4NvJqqqqsNfnQ15dWkLyeco"},"_chains":{"BbdAuV+DI/TG5JhdwZaRml/hhoWJ8MNVBEr9HgJWPV0w":{"chainKey":{"counter":3,"key":"hvoh3sTCzs824zUtnoeCRgl2JMxcIp0gvqG5j8Dc6lI="},"chainType":2,"messageKeys":{}},"BZC4t/Mq39UP8B9pZ/JiW3lcnPZ5+PrMOlTD005RD/F+":{"chainKey":{"counter":-1,"key":"M1mhyXR3ObQrJa8w+IgGE67xwf3pxTYhYZ3nflIV8dI="},"chainType":1,"messageKeys":{}}}},"BT13Y87//+BShRNCS4lWO4tKh98r989bylOPmZsqGlJq":{"registrationId":2,"currentRatchet":{"ephemeralKeyPair":{"pubKey":"BUOzq6gyuGDV9sxgGhGwhAAqW3cEPbyTIxVvwUhxCJhL","privKey":"mJ9wBabBQVuSMntr6DvpN/Sa47m8iALAbHoMEg0Eol4="},"lastRemoteEphemeralKey":"BaySRUuYmlHn0ktgdEnydPtNzFk5cN5UZf36BaEHXa4i","previousCounter":0,"rootKey":"2K5/Fm2SwVtsCyzejuiH4Un6fQKs1OZeAIMYYlLYKMQ="},"indexInfo":{"baseKey":"BT13Y87//+BShRNCS4lWO4tKh98r989bylOPmZsqGlJq","baseKeyType":2,"closed":1703149596780,"used":1703149595139,"created":1703149595139,"remoteIdentityKey":"BZQqwfwyZFOYMRGpn2CIY4NvJqqqqsNfnQ15dWkLyeco"},"_chains":{"BaySRUuYmlHn0ktgdEnydPtNzFk5cN5UZf36BaEHXa4i":{"chainKey":{"counter":1,"key":"AdF4DTpwLDspZFSIFrwrOjKr9GOL0tbxDDO4SONZ0Uw="},"chainType":2,"messageKeys":{}},"BUOzq6gyuGDV9sxgGhGwhAAqW3cEPbyTIxVvwUhxCJhL":{"chainKey":{"counter":-1,"key":"DfOfDfS+iqVBoCsHf91zU1MBDOjra1oAbe099t3vkck="},"chainType":1,"messageKeys":{}}}},"BV6TuSnJ7QqCO7I5cMcGu/Sxo0TrrAiFcmp7Sr6KdUtu":{"registrationId":2,"currentRatchet":{"ephemeralKeyPair":{"pubKey":"BUH3P7gkKtmZfPDW1uPYVe9/3G30adb9w6Eyanh3wk9v","privKey":"IGYh1dXgo6JInvjLhFrUZVEZpH8bQpM3ECGEKgfA5kE="},"lastRemoteEphemeralKey":"BVSHyzvjCWrR02dII7rmumB/eVHAXWqdRAJN6D7Q7RQX","previousCounter":0,"rootKey":"0D1rRHb69AMtgIhcMffg6+lelQVxROUGGoRdkeBru0M="},"indexInfo":{"baseKey":"BV6TuSnJ7QqCO7I5cMcGu/Sxo0TrrAiFcmp7Sr6KdUtu","baseKeyType":2,"closed":1703149600292,"used":1703149596782,"created":1703149596782,"remoteIdentityKey":"BZQqwfwyZFOYMRGpn2CIY4NvJqqqqsNfnQ15dWkLyeco"},"_chains":{"BVSHyzvjCWrR02dII7rmumB/eVHAXWqdRAJN6D7Q7RQX":{"chainKey":{"counter":14,"key":"vxBmgssykQKADnR1pBSILnjwULr+KTALtOd3qumGjKk="},"chainType":2,"messageKeys":{}},"BUH3P7gkKtmZfPDW1uPYVe9/3G30adb9w6Eyanh3wk9v":{"chainKey":{"counter":-1,"key":"yYmIu9ezYqr0dA84FNDeWQCl4z9T4oHnCzyZOcPoK/M="},"chainType":1,"messageKeys":{}}}},"BZRBu6sUH+2qf7D1ZRgzXeoGmxhm9C/yUj2MlbGvjwhp":{"registrationId":2,"currentRatchet":{"ephemeralKeyPair":{"pubKey":"BZvpG7+tbkd9dUrLf/6fQ/F98EHAFP0pynBnurI532lj","privKey":"wHVzUaVn0VVYXMvIBrk4/LPvjXK6G3JktgpPzGDAmmg="},"lastRemoteEphemeralKey":"BbxSXOx7a/Q4oOAjX+BVMJWCkeEU5gPtWNgQ9GBvdYtm","previousCounter":0,"rootKey":"SDasIjIuesC6OIBFib8pqTU1eOO5hJhFqW5oXzjcR/Q="},"indexInfo":{"baseKey":"BZRBu6sUH+2qf7D1ZRgzXeoGmxhm9C/yUj2MlbGvjwhp","baseKeyType":2,"closed":1703149601220,"used":1703149600292,"created":1703149600292,"remoteIdentityKey":"BZQqwfwyZFOYMRGpn2CIY4NvJqqqqsNfnQ15dWkLyeco"},"_chains":{"BbxSXOx7a/Q4oOAjX+BVMJWCkeEU5gPtWNgQ9GBvdYtm":{"chainKey":{"counter":4,"key":"rRIzAziRW8RrDJV7bht3AHDqWQdDnldDxIAvr45VXSw="},"chainType":2,"messageKeys":{}},"BZvpG7+tbkd9dUrLf/6fQ/F98EHAFP0pynBnurI532lj":{"chainKey":{"counter":-1,"key":"SSl7sBO2EHapTJCvdprYOsDSjVhIdI4t8h+HWP4Mp1o="},"chainType":1,"messageKeys":{}}}},"BTtZYmny3IcF/CH7+G3oW0XXwBE5ZMqDgwt6UvZlb6MJ":{"registrationId":2,"currentRatchet":{"ephemeralKeyPair":{"pubKey":"BSeXavvUmnuYXa223kl8LsTJZZRqzDP2mB7G6v3lEtRQ","privKey":"CECwn4c5vpVHPA8741bUhMhYd767r037QHSNWhVCWU4="},"lastRemoteEphemeralKey":"BZsq94wffnfVwU+3SLMxYAzrzkKIz2ZkzrEDiyZDuWU8","previousCounter":0,"rootKey":"I06BbxdzGLOWkYDvZ7kGXbU5KzVEm55ofRgep9knjKc="},"indexInfo":{"baseKey":"BTtZYmny3IcF/CH7+G3oW0XXwBE5ZMqDgwt6UvZlb6MJ","baseKeyType":2,"closed":1703149602611,"used":1703149601221,"created":1703149601221,"remoteIdentityKey":"BZQqwfwyZFOYMRGpn2CIY4NvJqqqqsNfnQ15dWkLyeco"},"_chains":{"BZsq94wffnfVwU+3SLMxYAzrzkKIz2ZkzrEDiyZDuWU8":{"chainKey":{"counter":5,"key":"6ysAXXZDH0LAqNlrEZCjUJ0XNQGnfIpuS9nlLhn3utU="},"chainType":2,"messageKeys":{}},"BSeXavvUmnuYXa223kl8LsTJZZRqzDP2mB7G6v3lEtRQ":{"chainKey":{"counter":-1,"key":"DXa6xSmB6xxc+F6LDvujXgP+FW1wDI7b8mwYoBLOCJU="},"chainType":1,"messageKeys":{}}}},"Be4HVw846XtTGEZMn+QtLgS2hKjXstPdqkGt0K+VR50h":{"registrationId":2,"currentRatchet":{"ephemeralKeyPair":{"pubKey":"BTDgBHGYQZUkwIKj6dgazY1udQS+noBgoRazt3kNaUcn","privKey":"YE22D8qB9o/tmeDF4MdIja3qc5XEhvFlvfOk2AZLhH4="},"lastRemoteEphemeralKey":"BYAAFChKFZQlZIlsCBdqk/UB2/xSUZZB8UosyLa9sOkV","previousCounter":0,"rootKey":"xp+elU49BQ8rxBx0hC+4xLAioI5OSPMOlaTmKjENP5I="},"indexInfo":{"baseKey":"Be4HVw846XtTGEZMn+QtLgS2hKjXstPdqkGt0K+VR50h","baseKeyType":2,"closed":1703149603423,"used":1703149602612,"created":1703149602612,"remoteIdentityKey":"BZQqwfwyZFOYMRGpn2CIY4NvJqqqqsNfnQ15dWkLyeco"},"_chains":{"BYAAFChKFZQlZIlsCBdqk/UB2/xSUZZB8UosyLa9sOkV":{"chainKey":{"counter":0,"key":"eRDQTZtsy5hYXalBB3hmVgFi6GPuICc2d8o6F0cdTi8="},"chainType":2,"messageKeys":{}},"BTDgBHGYQZUkwIKj6dgazY1udQS+noBgoRazt3kNaUcn":{"chainKey":{"counter":-1,"key":"T067t1+d2QJyHKDNaegG5AOTMP6m/GxsgWbxvLyDldw="},"chainType":1,"messageKeys":{}}}},"BVlUZa42cZD7QimrPzRKqGIldbTurTHmjXQuiVXzvb5Y":{"registrationId":2,"currentRatchet":{"ephemeralKeyPair":{"pubKey":"BVinLW5fAesHmfv1RRz9T0E4i0u1r/q71HokunKM8V85","privKey":"yNb9QMrayrTZZljgNGN1lAXTNCLShVFujc6Wn2K5KEg="},"lastRemoteEphemeralKey":"BS9Rz73prONkPQJwhx2+JqCZ8kfHTZGHEyHP+IvMmOxs","previousCounter":0,"rootKey":"r5e5q9jUCSfO8pgASQiIgOAXbSqdBGNu6DhauzhD6YI="},"indexInfo":{"baseKey":"BVlUZa42cZD7QimrPzRKqGIldbTurTHmjXQuiVXzvb5Y","baseKeyType":2,"closed":1703149604796,"used":1703149603424,"created":1703149603424,"remoteIdentityKey":"BZQqwfwyZFOYMRGpn2CIY4NvJqqqqsNfnQ15dWkLyeco"},"_chains":{"BS9Rz73prONkPQJwhx2+JqCZ8kfHTZGHEyHP+IvMmOxs":{"chainKey":{"counter":3,"key":"QiEA/dtrW1pioLg4tUYfH2KAvMWjLbP8/y9MK/cavtE="},"chainType":2,"messageKeys":{}},"BVinLW5fAesHmfv1RRz9T0E4i0u1r/q71HokunKM8V85":{"chainKey":{"counter":-1,"key":"oFdeaT3CP82pwxVGKdMnwZsl7yntakWL6J1aC9aPMnU="},"chainType":1,"messageKeys":{}}}},"BeL6tzc0NUtIzdtmTvN2LiQ6rnwCPOdFmMn1CkBQNJtZ":{"registrationId":2,"currentRatchet":{"ephemeralKeyPair":{"pubKey":"BRmaHM95QieQZ0c2mkHoG3eKrhMC8xufGlqT7r8J+Ycz","privKey":"KH1QwI/rnWO2DrDi8iVeEYytfGy/AUUglZra0lTvgGI="},"lastRemoteEphemeralKey":"BawsF/kzMwz5GA/HSEUmG82wn/QczivuDnu0rEf6AF9x","previousCounter":0,"rootKey":"z5awxHEOHGdR4dbydiMNV96ovPZjrCtrHQHiA8SBhR0="},"indexInfo":{"baseKey":"BeL6tzc0NUtIzdtmTvN2LiQ6rnwCPOdFmMn1CkBQNJtZ","baseKeyType":2,"closed":1703149607509,"used":1703149604796,"created":1703149604796,"remoteIdentityKey":"BZQqwfwyZFOYMRGpn2CIY4NvJqqqqsNfnQ15dWkLyeco"},"_chains":{"BawsF/kzMwz5GA/HSEUmG82wn/QczivuDnu0rEf6AF9x":{"chainKey":{"counter":3,"key":"LAkM+hAT3fsCVVi6pBqWx2AFMd5CfQNiNiFRbdAsnEQ="},"chainType":2,"messageKeys":{}},"BRmaHM95QieQZ0c2mkHoG3eKrhMC8xufGlqT7r8J+Ycz":{"chainKey":{"counter":-1,"key":"8/wZITe0kGVSQ47H6LQ/KxeDrzFFIrF0QbIFT/ncyCQ="},"chainType":1,"messageKeys":{}}}},"BW+bdtqXJDT1eonN6YkaUirf7LyfWWm/SSU8pWrLZ/9/":{"registrationId":2,"currentRatchet":{"ephemeralKeyPair":{"pubKey":"BRyB9F5zJv2sTL6oP94lquUd0pbR5dMjZP895suYGoJk","privKey":"QNfOp7V2QXPe6sQN8vMbhk2t8qVVs4qHm0noCTjPQWQ="},"lastRemoteEphemeralKey":"BTrZ3rOXww7jyFgG4HFd1d686WbFu47NC4W+5sEwOF95","previousCounter":0,"rootKey":"c0Fh+J9MbCn6A+L5Q8/fSl7tIookP7oF/21gCaBpADs="},"indexInfo":{"baseKey":"BW+bdtqXJDT1eonN6YkaUirf7LyfWWm/SSU8pWrLZ/9/","baseKeyType":2,"closed":1703149608871,"used":1703149607509,"created":1703149607509,"remoteIdentityKey":"BZQqwfwyZFOYMRGpn2CIY4NvJqqqqsNfnQ15dWkLyeco"},"_chains":{"BTrZ3rOXww7jyFgG4HFd1d686WbFu47NC4W+5sEwOF95":{"chainKey":{"counter":5,"key":"yOeldqSBF2OL8fiG3T/lGQD9yudDXX8QmVZc/o3VJ/c="},"chainType":2,"messageKeys":{}},"BRyB9F5zJv2sTL6oP94lquUd0pbR5dMjZP895suYGoJk":{"chainKey":{"counter":-1,"key":"yiUYI1eehVlAQs/oRLichqSViGu4hcVb0sMAJjDyhac="},"chainType":1,"messageKeys":{}}}},"BR5qht5K7e/3fQ/6olS4QwaUrfoDcYkKNQEDOiV0WWdD":{"registrationId":2,"currentRatchet":{"ephemeralKeyPair":{"pubKey":"BU2SpFDwgQUsKukPNF1dcTbktIBBldTaGiH13pwnmPU5","privKey":"8FO5wB1s2OZTlGjEbpcQN4vRHvALMFZc23KFg4clSWE="},"lastRemoteEphemeralKey":"BRRcikRRa2LcRHJa7UP9uijYq/LEAXhbDx+ffUNWVuJ9","previousCounter":0,"rootKey":"hZpKbglpD7chZSixOb0doBGCIMm3O9RzhL6qmdXXyrM="},"indexInfo":{"baseKey":"BR5qht5K7e/3fQ/6olS4QwaUrfoDcYkKNQEDOiV0WWdD","baseKeyType":2,"closed":1703149610779,"used":1703149608872,"created":1703149608872,"remoteIdentityKey":"BZQqwfwyZFOYMRGpn2CIY4NvJqqqqsNfnQ15dWkLyeco"},"_chains":{"BRRcikRRa2LcRHJa7UP9uijYq/LEAXhbDx+ffUNWVuJ9":{"chainKey":{"counter":0,"key":"wDuiP6dDS80G1Vu4ac4mcnJwvPipMzBOcdwfD9r/pxE="},"chainType":2,"messageKeys":{}},"BU2SpFDwgQUsKukPNF1dcTbktIBBldTaGiH13pwnmPU5":{"chainKey":{"counter":-1,"key":"dN18XMgyaYA0M7NabJBik0lvzCkBVrSqnlPs8OSGIQc="},"chainType":1,"messageKeys":{}}}},"BR8KOKcgdfl4BXHrFluUpZOqCWdbFTrIK7ZY4ekqxPt1":{"registrationId":2,"currentRatchet":{"ephemeralKeyPair":{"pubKey":"BUpwoqTBRJ0dIE82Jw29WCQ2xSLlOCk7TR/nyZYwMX8q","privKey":"uKdioWMo5UfSqeV5jpjfVPN0cfnPzadk01eD85p2C0o="},"lastRemoteEphemeralKey":"BRkutBKiOE//uh6fTgOXqLBk4m2F1TpRXUA6ar08QjMu","previousCounter":0,"rootKey":"WvN1ES1wusfJJVWUcjR0O44xWzLD7qbl2RkWWcutKe4="},"indexInfo":{"baseKey":"BR8KOKcgdfl4BXHrFluUpZOqCWdbFTrIK7ZY4ekqxPt1","baseKeyType":2,"closed":1703149611882,"used":1703149610780,"created":1703149610780,"remoteIdentityKey":"BZQqwfwyZFOYMRGpn2CIY4NvJqqqqsNfnQ15dWkLyeco"},"_chains":{"BRkutBKiOE//uh6fTgOXqLBk4m2F1TpRXUA6ar08QjMu":{"chainKey":{"counter":0,"key":"jhuhRuDgKZqXlqPfraeM4/R44nw7erAdii+Ea++67MM="},"chainType":2,"messageKeys":{}},"BUpwoqTBRJ0dIE82Jw29WCQ2xSLlOCk7TR/nyZYwMX8q":{"chainKey":{"counter":-1,"key":"60tusqmXu94aOq7IN1Bf3bdWz2I2/dY+ekbKd8x4Ocg="},"chainType":1,"messageKeys":{}}}},"BU+TJMPyH5842Cg8rnIZS11qd0VBQRlPnCjlavNEQt9W":{"registrationId":2,"currentRatchet":{"ephemeralKeyPair":{"pubKey":"BUXN/oN8IF2sevkzplc9qUnP7yMztEpNCEngxP/Y23cD","privKey":"IM7SR6rcHB02gzzxIAtEDrg/leJi46Bxo5pawc1eU2A="},"lastRemoteEphemeralKey":"BcDCBUdzc8mtlHE2HfG80ZNwdUC3TcZvr4DWjFSs2GsJ","previousCounter":0,"rootKey":"E2r0IRJcsVbvv16tCaJClxdVTsBeyOCEj/CEX0yQDds="},"indexInfo":{"baseKey":"BU+TJMPyH5842Cg8rnIZS11qd0VBQRlPnCjlavNEQt9W","baseKeyType":2,"closed":1703149612668,"used":1703149611883,"created":1703149611883,"remoteIdentityKey":"BZQqwfwyZFOYMRGpn2CIY4NvJqqqqsNfnQ15dWkLyeco"},"_chains":{"BcDCBUdzc8mtlHE2HfG80ZNwdUC3TcZvr4DWjFSs2GsJ":{"chainKey":{"counter":2,"key":"8B0tZCmpsPHJXy9tkIMfumFfL+vvob9jvLLZ4wi+ygE="},"chainType":2,"messageKeys":{}},"BUXN/oN8IF2sevkzplc9qUnP7yMztEpNCEngxP/Y23cD":{"chainKey":{"counter":-1,"key":"9leihIsU4iSZsJOpvs9qTkxV4Vr46yvnITmQUeEPujw="},"chainType":1,"messageKeys":{}}}},"BUthyafdmf8nuI9v3+nfgNWVOwCI4KkpdqtX3W6+SL4u":{"registrationId":2,"currentRatchet":{"ephemeralKeyPair":{"pubKey":"BTFtkZunvzSJO7j+e0ZrWrQWF7xyI/1Im+zFUUYgEag3","privKey":"YHSa7BuOcuiuYm19Rm0svXSvj6ASpTgz/125VlBdgkA="},"lastRemoteEphemeralKey":"Bds8UVdqoAC74UOSwFWIq+rTz2emFcvN/UjVQdpfgMh4","previousCounter":0,"rootKey":"nV4gylpeyhh54reQKqLhuQvQwv/cvOeHGsoEcwbV3tA="},"indexInfo":{"baseKey":"BUthyafdmf8nuI9v3+nfgNWVOwCI4KkpdqtX3W6+SL4u","baseKeyType":2,"closed":1703149614916,"used":1703149612669,"created":1703149612669,"remoteIdentityKey":"BZQqwfwyZFOYMRGpn2CIY4NvJqqqqsNfnQ15dWkLyeco"},"_chains":{"Bds8UVdqoAC74UOSwFWIq+rTz2emFcvN/UjVQdpfgMh4":{"chainKey":{"counter":0,"key":"xP6jTZ+UrVIOT+6PGZXSXLHnszKHlLqhb+ch3i+Z6/c="},"chainType":2,"messageKeys":{}},"BTFtkZunvzSJO7j+e0ZrWrQWF7xyI/1Im+zFUUYgEag3":{"chainKey":{"counter":-1,"key":"5vst6qRQ1TlYu2nWr79T2OxzCCifktDaxsx6ZnX2oUk="},"chainType":1,"messageKeys":{}}}},"BRyzb628pFRH61O+eyxOflBYQpcslz12Cys+veMDEBN1":{"registrationId":2,"currentRatchet":{"ephemeralKeyPair":{"pubKey":"BWlhwgLgVz5yTvnVThUndvbFU8CZRfF1fgamZuumKyI9","privKey":"YPF/su1w+eE4xBayBE2Uqw3My8NE+6HtfuSBVix640Y="},"lastRemoteEphemeralKey":"BfnMDwSJJhRVAZPBmHt3Xe1sm4fkr8JyaEQzL6RQoyFV","previousCounter":0,"rootKey":"NjLpTtuOZq5cLjtJaHybZyV6uSV8N8mA60CUYx7Nq+M="},"indexInfo":{"baseKey":"BRyzb628pFRH61O+eyxOflBYQpcslz12Cys+veMDEBN1","baseKeyType":2,"closed":1703157189426,"used":1703149614916,"created":1703149614916,"remoteIdentityKey":"BZQqwfwyZFOYMRGpn2CIY4NvJqqqqsNfnQ15dWkLyeco"},"_chains":{"BfnMDwSJJhRVAZPBmHt3Xe1sm4fkr8JyaEQzL6RQoyFV":{"chainKey":{"counter":0,"key":"yxfg9UwcaHxSu+d+m3RFZexA7CXi0jsdYLfhoxkIYEc="},"chainType":2,"messageKeys":{}},"BWlhwgLgVz5yTvnVThUndvbFU8CZRfF1fgamZuumKyI9":{"chainKey":{"counter":-1,"key":"KWyU76tcunr/Ot8sIFG1CuOpP4r7blj8aStJEhKFcoQ="},"chainType":1,"messageKeys":{}}}},"BWMLV7oWWiEJBUW5nRvEROpuKtW4zk+SGPE3JOEN9XF3":{"registrationId":2,"currentRatchet":{"ephemeralKeyPair":{"pubKey":"BTevoOQSaR5go13mQOpxy4iGsSEIC/mnXtU1IVLDzBI2","privKey":"0PKRymeHRlQ123YnT/k9CHos0/CdHyPpu+KDWqq0a3o="},"lastRemoteEphemeralKey":"BQekd6FOg40Wr3OF6pNwB91lDPlXn9QaT5DnDrzGX2NX","previousCounter":0,"rootKey":"CsvfNyd4Hj9xOhh2tT9lRz5tfnxG3I2f0MsFXL+c13A="},"indexInfo":{"baseKey":"BWMLV7oWWiEJBUW5nRvEROpuKtW4zk+SGPE3JOEN9XF3","baseKeyType":2,"closed":1703160863646,"used":1703157189427,"created":1703157189427,"remoteIdentityKey":"BZQqwfwyZFOYMRGpn2CIY4NvJqqqqsNfnQ15dWkLyeco"},"_chains":{"BQekd6FOg40Wr3OF6pNwB91lDPlXn9QaT5DnDrzGX2NX":{"chainKey":{"counter":73,"key":"627gUuiBujFpDu6baewWtItpwIJ1mHkNW6mIu5xq/ro="},"chainType":2,"messageKeys":{}},"BTevoOQSaR5go13mQOpxy4iGsSEIC/mnXtU1IVLDzBI2":{"chainKey":{"counter":-1,"key":"czcj9HO0fP4STygfjoOlXJguuzcYyrMtWpdd26m79uU="},"chainType":1,"messageKeys":{}}}},"BbkVezPztRTfqI7bRnI1pe+DQMuVM68F7b5NFYIFaxAV":{"registrationId":2,"currentRatchet":{"ephemeralKeyPair":{"pubKey":"BSYIepJsmYoDS5Q8Zx09n5hc89uMo6mILWaNavtDq3ES","privKey":"CM38OCxcEOxbYo5wrCymqKJ0coOK1Ce6hfDIKF5DJ0U="},"lastRemoteEphemeralKey":"BZbqP/HhP/xOl3uaXqExkBokTDJCFcwWhsm7AoU7uglN","previousCounter":0,"rootKey":"eb8dPCvq/62No8tOvqs5kE+KIJ95pbgbKbL2wtonnC4="},"indexInfo":{"baseKey":"BbkVezPztRTfqI7bRnI1pe+DQMuVM68F7b5NFYIFaxAV","baseKeyType":2,"closed":1703160874885,"used":1703160863648,"created":1703160863648,"remoteIdentityKey":"BZQqwfwyZFOYMRGpn2CIY4NvJqqqqsNfnQ15dWkLyeco"},"_chains":{"BZbqP/HhP/xOl3uaXqExkBokTDJCFcwWhsm7AoU7uglN":{"chainKey":{"counter":4,"key":"DxqBa8dIBbwfr/UsyDJn8ertSGBiKebt+3h8YeAOS40="},"chainType":2,"messageKeys":{}},"BSYIepJsmYoDS5Q8Zx09n5hc89uMo6mILWaNavtDq3ES":{"chainKey":{"counter":-1,"key":"N5Yk+Lb9XA8X+EEseAUTdCA4qfjCGfrQ4y5POXZwpv0="},"chainType":1,"messageKeys":{}}}},"Bfwntfpfv3OHZA+FyHXbJpDDpTF7HubB6UbGo8icWHhD":{"registrationId":2,"currentRatchet":{"ephemeralKeyPair":{"pubKey":"BQpcX6svzEdngyw9vPCK93ycDGxQ1/VNYueJkLH4DVJj","privKey":"4DpdNoYHprVUpRTXhnp3qO7HeQ2B1leByEhI577r6m4="},"lastRemoteEphemeralKey":"BacGKBn5g4TjQltuKuUzEPEp71ngcJKQb6y7aTqG4CdB","previousCounter":0,"rootKey":"oTNPT4Zbw+uo+nnRa60YfprzjFEV5iOiZ3DKONq0nzk="},"indexInfo":{"baseKey":"Bfwntfpfv3OHZA+FyHXbJpDDpTF7HubB6UbGo8icWHhD","baseKeyType":2,"closed":1703161035168,"used":1703160874886,"created":1703160874886,"remoteIdentityKey":"BZQqwfwyZFOYMRGpn2CIY4NvJqqqqsNfnQ15dWkLyeco"},"_chains":{"BacGKBn5g4TjQltuKuUzEPEp71ngcJKQb6y7aTqG4CdB":{"chainKey":{"counter":52,"key":"INo+Mr9MwpCMHwl2XkXQB9Nmp8z2SOVsswKgtt8s17s="},"chainType":2,"messageKeys":{}},"BQpcX6svzEdngyw9vPCK93ycDGxQ1/VNYueJkLH4DVJj":{"chainKey":{"counter":-1,"key":"nVUefpuE7vp3yNxGb2CX97ihwBt9K0WLIALCXYwRRRw="},"chainType":1,"messageKeys":{}}}},"BSwR+5f+b5SszUL1ibnUylToET4ah0LgdAs5th3+LkZL":{"registrationId":2,"currentRatchet":{"ephemeralKeyPair":{"pubKey":"BR2aiZ16pMgX6NV4etTm6POcNHB6JFeZQLSaJ46YPMBL","privKey":"4PaJkWe0bdS5ENXPnL+0jZ/qj9oXw+0CKnYzVP7RVHg="},"lastRemoteEphemeralKey":"BR78hCQGrhlPeUSJzARSAtTrtkO7gGKrX1PGWdSlSVMu","previousCounter":0,"rootKey":"9N/g6OVukEgbPNczJ3R7E8qnU/tbDjt0fc93kJRkRrY="},"indexInfo":{"baseKey":"BSwR+5f+b5SszUL1ibnUylToET4ah0LgdAs5th3+LkZL","baseKeyType":2,"closed":1703161073066,"used":1703161035170,"created":1703161035170,"remoteIdentityKey":"BZQqwfwyZFOYMRGpn2CIY4NvJqqqqsNfnQ15dWkLyeco"},"_chains":{"BR78hCQGrhlPeUSJzARSAtTrtkO7gGKrX1PGWdSlSVMu":{"chainKey":{"counter":11,"key":"jTiDVytlOBkaU+RySOQb5Sg/VvLyUB4pHuCdbqbAsyw="},"chainType":2,"messageKeys":{}},"BR2aiZ16pMgX6NV4etTm6POcNHB6JFeZQLSaJ46YPMBL":{"chainKey":{"counter":-1,"key":"A3hCOd1TI2Bu0qMjx1VOcwVBuk2Hm5oWv3vh/x8jfkc="},"chainType":1,"messageKeys":{}}}},"BThGuDfLbTKt6nrW7dCYUkKIaRPF4VpO4PIwVPMPMbga":{"registrationId":2,"currentRatchet":{"ephemeralKeyPair":{"pubKey":"BVtc9s9SNliZ9/DSvbz6BXKQ38e0736yzQNXNv5WAsk5","privKey":"QFbs95Ru1PkBZauymiNkEPyY7m3Ek0v1VDINPH+el2E="},"lastRemoteEphemeralKey":"BRR6iM0n2htFUypWYY7TtkPLbGMdh4j07aehKDxd1M5q","previousCounter":0,"rootKey":"dj2HohiwTt98jhOJfo4BLv/hPYCt/UTVE0ccGFhUFUs="},"indexInfo":{"baseKey":"BThGuDfLbTKt6nrW7dCYUkKIaRPF4VpO4PIwVPMPMbga","baseKeyType":2,"closed":1703161100765,"used":1703161073068,"created":1703161073068,"remoteIdentityKey":"BZQqwfwyZFOYMRGpn2CIY4NvJqqqqsNfnQ15dWkLyeco"},"_chains":{"BRR6iM0n2htFUypWYY7TtkPLbGMdh4j07aehKDxd1M5q":{"chainKey":{"counter":10,"key":"WTCfDNZSW7ZdYLngjMQv93qE88flVBryDRWyJgRtX1w="},"chainType":2,"messageKeys":{}},"BVtc9s9SNliZ9/DSvbz6BXKQ38e0736yzQNXNv5WAsk5":{"chainKey":{"counter":-1,"key":"pyrJ4VKQagbboSVe5uYVXECVOs94j2oLHChcFSojL+8="},"chainType":1,"messageKeys":{}}}},"Batoo8EKOC6cEyNi3I+WqneGM35DiVSl4oUARZ+cDV9E":{"registrationId":2,"currentRatchet":{"ephemeralKeyPair":{"pubKey":"BTba0VGlfSHS1ZWp9Hsrhwo1Am3Cp1f1xC+iF5N4UU9f","privKey":"kMio7VSEFjpzaLCpmgC/UcqsC1VYM/otC7X+YNDVSl8="},"lastRemoteEphemeralKey":"BWQrznnSlLSEp7znc4dilWCpgE4fHCqUAVOWs0rp5e8H","previousCounter":0,"rootKey":"uydbT0KsxG0VoZLYa3Uzfb8yRYwV8ezj6btNzbn0VVA="},"indexInfo":{"baseKey":"Batoo8EKOC6cEyNi3I+WqneGM35DiVSl4oUARZ+cDV9E","baseKeyType":2,"closed":1703161110169,"used":1703161100766,"created":1703161100766,"remoteIdentityKey":"BZQqwfwyZFOYMRGpn2CIY4NvJqqqqsNfnQ15dWkLyeco"},"_chains":{"BWQrznnSlLSEp7znc4dilWCpgE4fHCqUAVOWs0rp5e8H":{"chainKey":{"counter":2,"key":"ORzEKs7E1rhYjBMNLtz/ooji93M/sxiQ4SK+cA+ogW8="},"chainType":2,"messageKeys":{}},"BTba0VGlfSHS1ZWp9Hsrhwo1Am3Cp1f1xC+iF5N4UU9f":{"chainKey":{"counter":-1,"key":"nNXMlw42OUpJBon0erpsHlwwu3DMj0YF+DKdTPSyzXc="},"chainType":1,"messageKeys":{}}}},"BcDj8UyswlEYqRLK1B1k+2wwMj1kdhURmsFSoniJ+AAL":{"registrationId":2,"currentRatchet":{"ephemeralKeyPair":{"pubKey":"BWpb88/6OeuDDEUI8mYi2G7fq3BmmdKxv69/B9A72ZAH","privKey":"iOmutAdqiCff/FtMv0732O2lc2GFwTUoo2VnAcLPKUA="},"lastRemoteEphemeralKey":"BeZs+4ALVd3qwFOTGfRYCOcQx4rexeL9XfMi/qn7DPEP","previousCounter":0,"rootKey":"5hqvJo86bqfg+QwAf8yYI6fnvFl+nFH04/c7VtrwSRw="},"indexInfo":{"baseKey":"BcDj8UyswlEYqRLK1B1k+2wwMj1kdhURmsFSoniJ+AAL","baseKeyType":2,"closed":1703161121285,"used":1703161110170,"created":1703161110170,"remoteIdentityKey":"BZQqwfwyZFOYMRGpn2CIY4NvJqqqqsNfnQ15dWkLyeco"},"_chains":{"BeZs+4ALVd3qwFOTGfRYCOcQx4rexeL9XfMi/qn7DPEP":{"chainKey":{"counter":2,"key":"8nUXF3kas9LGbRRxzNxANm26AznyLA7sPV2Rl//Zmz4="},"chainType":2,"messageKeys":{}},"BWpb88/6OeuDDEUI8mYi2G7fq3BmmdKxv69/B9A72ZAH":{"chainKey":{"counter":-1,"key":"u2o0BN+qkYsSNCHCDLSpEdKtqZH2VoYxrzVHme23RUQ="},"chainType":1,"messageKeys":{}}}},"BQY31cV/M2XVXRdH7yHPi0+d708LyYX6fXr/ziIQueFm":{"registrationId":2,"currentRatchet":{"ephemeralKeyPair":{"pubKey":"BU+fz+uq4bvAcMaHOnASHmZ0+PYr/ajINrp3X61Sshtt","privKey":"4GOpC0UNCWNZgouoFbJ0a3Jyc2d8crzvcsyQG5AeFWE="},"lastRemoteEphemeralKey":"BXCJFEdA7Hj2DLLtakRCzC1rkcAyyaOGAASmkOPsPUFv","previousCounter":0,"rootKey":"DF1BY3JXZ+17nTyhhGCCy5j9DOTtoajSTTR7RJoZjGY="},"indexInfo":{"baseKey":"BQY31cV/M2XVXRdH7yHPi0+d708LyYX6fXr/ziIQueFm","baseKeyType":2,"closed":1703161126674,"used":1703161121285,"created":1703161121285,"remoteIdentityKey":"BZQqwfwyZFOYMRGpn2CIY4NvJqqqqsNfnQ15dWkLyeco"},"_chains":{"BXCJFEdA7Hj2DLLtakRCzC1rkcAyyaOGAASmkOPsPUFv":{"chainKey":{"counter":3,"key":"/JtLBKXFBQGU1BPp53TIukh2n4LwmvgncoDqYnsdNlA="},"chainType":2,"messageKeys":{}},"BU+fz+uq4bvAcMaHOnASHmZ0+PYr/ajINrp3X61Sshtt":{"chainKey":{"counter":-1,"key":"ne0MoD4c9KPYzl49rWAJb96l5ZuQm5IS4MXt/H4lYMc="},"chainType":1,"messageKeys":{}}}},"BWKnXOprMhc8uaPeuzVhpvI77QMB6iTSCCaj3+V97jtY":{"registrationId":2,"currentRatchet":{"ephemeralKeyPair":{"pubKey":"BWrScVK80HLc3cyJQWpOEvsjlC6JOFnGcgxrDPbhlqV5","privKey":"YANSgek3oIJwoZBSmeoPsCNKxhnnjmRvIxE+Bhg0SnU="},"lastRemoteEphemeralKey":"BfnMpqzLZisd0nL/0mAsOLegEjTci/MbVGlBbRQy9V18","previousCounter":0,"rootKey":"H1EkhQfV2P6yxsonDKZJyKqoTVN1V7+UzfubKH8gIlQ="},"indexInfo":{"baseKey":"BWKnXOprMhc8uaPeuzVhpvI77QMB6iTSCCaj3+V97jtY","baseKeyType":2,"closed":1703161131271,"used":1703161126675,"created":1703161126675,"remoteIdentityKey":"BZQqwfwyZFOYMRGpn2CIY4NvJqqqqsNfnQ15dWkLyeco"},"_chains":{"BfnMpqzLZisd0nL/0mAsOLegEjTci/MbVGlBbRQy9V18":{"chainKey":{"counter":1,"key":"cpV4f6LnOZ0bmNv9pbHz//CkgO0wLUB9vzv8fZQ4DNo="},"chainType":2,"messageKeys":{}},"BWrScVK80HLc3cyJQWpOEvsjlC6JOFnGcgxrDPbhlqV5":{"chainKey":{"counter":-1,"key":"PjpYUlUvNloOtfq/wFnCRrogsCrUG04kVu+exy4EtJg="},"chainType":1,"messageKeys":{}}}},"BSFlu5L/rUMgLfPqpQEbYvx9da3HDRxKm6V1XGzZUm5W":{"registrationId":2,"currentRatchet":{"ephemeralKeyPair":{"pubKey":"Bb4zk/NO73fHj0c25xsKg4BSuSKf+wlrvUnR63B4SY4G","privKey":"KMLCS8tx4N6ZIy+OwGYpLof8LeqqkRy3ooaOaxVsXHM="},"lastRemoteEphemeralKey":"BTcCuZsLn8oT+A/iiFzGYGn+sXkReShbLW+n8MWxpFMn","previousCounter":0,"rootKey":"g2wQfElZwnelkgKvYIgcwMNyj9psBo5kAvFpFYpkCkg="},"indexInfo":{"baseKey":"BSFlu5L/rUMgLfPqpQEbYvx9da3HDRxKm6V1XGzZUm5W","baseKeyType":2,"closed":1703161135972,"used":1703161131272,"created":1703161131272,"remoteIdentityKey":"BZQqwfwyZFOYMRGpn2CIY4NvJqqqqsNfnQ15dWkLyeco"},"_chains":{"BTcCuZsLn8oT+A/iiFzGYGn+sXkReShbLW+n8MWxpFMn":{"chainKey":{"counter":3,"key":"fIUXAI/uA66kC3mMR73o89IORlDziVPKMW/9KZEaY00="},"chainType":2,"messageKeys":{}},"Bb4zk/NO73fHj0c25xsKg4BSuSKf+wlrvUnR63B4SY4G":{"chainKey":{"counter":-1,"key":"Gw1kYlKxtbw2ezVthJeqZzN8DOP6w7kiBIsjAI4R2DQ="},"chainType":1,"messageKeys":{}}}},"BZT0XENRjMw5tjcVx5K3EX+Z/va0sjZGFBCyhKfr5fhX":{"registrationId":2,"currentRatchet":{"ephemeralKeyPair":{"pubKey":"BZMmUSq0cn9aOUhkI6TuYd56ISdIXBfuOnE/9CqtLAcy","privKey":"uBrmC7vVq6RhQzRalBUzkZZK62ueL556DffXVA6wmlA="},"lastRemoteEphemeralKey":"BTrTJ3VD7gVjns4UaeU6hmbo6nL9YfjmgXCJDcOFuhM8","previousCounter":0,"rootKey":"UPdzDVycHfV2UN5c2JKs9xVsInXI5bXoYoCd8aQ+SJI="},"indexInfo":{"baseKey":"BZT0XENRjMw5tjcVx5K3EX+Z/va0sjZGFBCyhKfr5fhX","baseKeyType":2,"closed":1703161189573,"used":1703161135973,"created":1703161135973,"remoteIdentityKey":"BZQqwfwyZFOYMRGpn2CIY4NvJqqqqsNfnQ15dWkLyeco"},"_chains":{"BTrTJ3VD7gVjns4UaeU6hmbo6nL9YfjmgXCJDcOFuhM8":{"chainKey":{"counter":7,"key":"QhqellzyVt/q2sIwXQmWbTkeLNpicwyW8mFiJM5y19s="},"chainType":2,"messageKeys":{}},"BZMmUSq0cn9aOUhkI6TuYd56ISdIXBfuOnE/9CqtLAcy":{"chainKey":{"counter":-1,"key":"NOfgkyuJrevGI56YO1OnIQhvo4AvE8q2RLveMLQZHJo="},"chainType":1,"messageKeys":{}}}},"BfSkPt/0k5G4whVGGyYOinsXmFzl5X+ixVHKqSZMy3kW":{"registrationId":2,"currentRatchet":{"ephemeralKeyPair":{"pubKey":"BSfBu8cf/BZIU1RqIi6g08sGU2dZSbgwF4GJif/79ng3","privKey":"4E18mpgft+pvuUfH+k3x3AxRqxLgHWA+Ics+YAim8XM="},"lastRemoteEphemeralKey":"BUmEw8gzKxOnlzlM4dcm2Xv/WnzmrmW7RdJLnTFAcZgB","previousCounter":0,"rootKey":"LsSXODJomGtAJ254XlymHGyz0T2vX78YJCgGC7fzYlk="},"indexInfo":{"baseKey":"BfSkPt/0k5G4whVGGyYOinsXmFzl5X+ixVHKqSZMy3kW","baseKeyType":2,"closed":1703161194144,"used":1703161189575,"created":1703161189575,"remoteIdentityKey":"BZQqwfwyZFOYMRGpn2CIY4NvJqqqqsNfnQ15dWkLyeco"},"_chains":{"BUmEw8gzKxOnlzlM4dcm2Xv/WnzmrmW7RdJLnTFAcZgB":{"chainKey":{"counter":2,"key":"PbLV9raFc2E1UdPkpMC/gFxU3Mkszw4vQwKxsPNwdoQ="},"chainType":2,"messageKeys":{}},"BSfBu8cf/BZIU1RqIi6g08sGU2dZSbgwF4GJif/79ng3":{"chainKey":{"counter":-1,"key":"eCb4gfFQOZPonPrIsh2tCRk+GdfxWoQElXQQ69MU3ks="},"chainType":1,"messageKeys":{}}}},"BdpcefDtDnEPlV9FI2RPJJ9bdR55SlBnf0Qr3GDN6Ttt":{"registrationId":2,"currentRatchet":{"ephemeralKeyPair":{"pubKey":"Bdm6RrA5VXPQfqMOD0a87cgXvf7jboQKfX+RSctJI9MM","privKey":"2CA1VP9DSBm6k6FlPFyZL48JaowuruvpyfupAYxb63k="},"lastRemoteEphemeralKey":"BcQYvAnr7AH6LliignwX0tg2kBFI0wCP6u+fkKdUC2Vn","previousCounter":0,"rootKey":"zx55CjpkOXodtUgQgmEt7mL1+KuUrU/ve41zzv6glyM="},"indexInfo":{"baseKey":"BdpcefDtDnEPlV9FI2RPJJ9bdR55SlBnf0Qr3GDN6Ttt","baseKeyType":2,"closed":-1,"used":1703161194144,"created":1703161194144,"remoteIdentityKey":"BZQqwfwyZFOYMRGpn2CIY4NvJqqqqsNfnQ15dWkLyeco"},"_chains":{"BcQYvAnr7AH6LliignwX0tg2kBFI0wCP6u+fkKdUC2Vn":{"chainKey":{"counter":1,"key":"8st8aPHPIpFgpF1x8Yr25/aqIrQTPGusm+oNOkX7wGg="},"chainType":2,"messageKeys":{}},"Bdm6RrA5VXPQfqMOD0a87cgXvf7jboQKfX+RSctJI9MM":{"chainKey":{"counter":-1,"key":"Sf2qtqOlQ6MZzF7p8+S8+c2qzIeUF0H5ypgnNzq7Nys="},"chainType":1,"messageKeys":{}}}}},"version":"v1"}