{"_sessions":{"BUuuIxrCbXMBr3bXoSfiHWO4mBXDXligNLqJN2m8wGtR":{"registrationId":9061,"currentRatchet":{"ephemeralKeyPair":{"pubKey":"BWMluS5FHX6PqYefu1Ztd71wd0GAVydMtuIk2hE5MnIt","privKey":"+LaObWr78OeEtzQ7l4V9OqFblF/zn6D0+v5NobXghmE="},"lastRemoteEphemeralKey":"BVYfXZooNCMh6GqLlyLFkqK6UtWT1iERjDpE7mW2Ho5y","previousCounter":0,"rootKey":"2yIxYDjqRDYrsop+Xj688cNyJhEV2T2pn8d6gZvd5+w="},"indexInfo":{"baseKey":"BUuuIxrCbXMBr3bXoSfiHWO4mBXDXligNLqJN2m8wGtR","baseKeyType":1,"closed":-1,"used":1703090239248,"created":1703090239248,"remoteIdentityKey":"BV0n6Snv36XQGyQv989M3UdQzSJzUXcuEdPT9XP8HRs5"},"_chains":{"BWMluS5FHX6PqYefu1Ztd71wd0GAVydMtuIk2hE5MnIt":{"chainKey":{"counter":34,"key":"HjSm0KdncoE+Foir8tqU1lv/C3pPxmdLCeY4ZMs407Y="},"chainType":1,"messageKeys":{}}},"pendingPreKey":{"signedKeyId":1,"baseKey":"BUuuIxrCbXMBr3bXoSfiHWO4mBXDXligNLqJN2m8wGtR","preKeyId":315}}},"version":"v1"}