{"_sessions":{"BfplpLUlQ4wF/SmC79SJvBS6C3OCpYDJ5KsYSGZ/Bo0R":{"registrationId":2,"currentRatchet":{"ephemeralKeyPair":{"pubKey":"BTkjRQZtu34KZ9qSCJQ/IxMsD4KvvPyN03IlXNxzXKwX","privKey":"CPU5lsU0r/pYIiyDnb+jHIxME2cUMr8e33RuuKpkkkI="},"lastRemoteEphemeralKey":"BW+Fe/+0lhPhpAqhhGnzhZNQWvZ79s0LsImVbg8OkFwQ","previousCounter":0,"rootKey":"/MdpfHNY0LlFJBgDbndP4ld98/o4UKlsBtAF/LSgCPw="},"indexInfo":{"baseKey":"BfplpLUlQ4wF/SmC79SJvBS6C3OCpYDJ5KsYSGZ/Bo0R","baseKeyType":2,"closed":1703167573164,"used":1703167552668,"created":1703167552668,"remoteIdentityKey":"BZQqwfwyZFOYMRGpn2CIY4NvJqqqqsNfnQ15dWkLyeco"},"_chains":{"BW+Fe/+0lhPhpAqhhGnzhZNQWvZ79s0LsImVbg8OkFwQ":{"chainKey":{"counter":6,"key":"j67x/24hqTx0WwkcgNALf8aVbtYMDsp0JfHUyGM0wXE="},"chainType":2,"messageKeys":{}},"BTkjRQZtu34KZ9qSCJQ/IxMsD4KvvPyN03IlXNxzXKwX":{"chainKey":{"counter":-1,"key":"kEKhDkVXMbczpS+GPIQk2pWaFjf/NfTOrWZNMOOZMEs="},"chainType":1,"messageKeys":{}}}},"BQ4lTKeHZSX12W7SzuYbAq6/HzUzzcKvCsFAauQdhZAi":{"registrationId":2,"currentRatchet":{"ephemeralKeyPair":{"pubKey":"BYC7fX4DvhoC+JQJ037Z2G1gI2pE8cPSMW3jcVsBw61H","privKey":"8EMFFRBTmXz443rYxppR96vULRh3+b6X2qSnSXF6mnA="},"lastRemoteEphemeralKey":"BRdY6YWky8jgL3+WfKsX8I4RP/Qj7mlTKeCcb8tviDU6","previousCounter":0,"rootKey":"jX4DXALlekaEL6o43bc3w5irNGF6wyymBnvrSqYRINA="},"indexInfo":{"baseKey":"BQ4lTKeHZSX12W7SzuYbAq6/HzUzzcKvCsFAauQdhZAi","baseKeyType":2,"closed":1703167614511,"used":1703167573166,"created":1703167573166,"remoteIdentityKey":"BZQqwfwyZFOYMRGpn2CIY4NvJqqqqsNfnQ15dWkLyeco"},"_chains":{"BRdY6YWky8jgL3+WfKsX8I4RP/Qj7mlTKeCcb8tviDU6":{"chainKey":{"counter":18,"key":"imhmVUnOzK65h3oD3apQtWiUhdM7f/p6hkgCwOhZ8rA="},"chainType":2,"messageKeys":{}},"BYC7fX4DvhoC+JQJ037Z2G1gI2pE8cPSMW3jcVsBw61H":{"chainKey":{"counter":-1,"key":"ooiWxLoScURQllSVl+9n3S/wIck3R2zgcqSiZf3jod8="},"chainType":1,"messageKeys":{}}}},"BVmVu8S0YZRFU3TeKXggNKDYuZEnef3HoiveNtcIw88U":{"registrationId":2,"currentRatchet":{"ephemeralKeyPair":{"pubKey":"BTl2jQVNlekxXc4qqNli9OcyP1ANC0x5ruEQ/RoSbLJw","privKey":"4DvNPJXsprOL6B8Qt+xzlD6IF+cGDqeVf4ldGGWAj20="},"lastRemoteEphemeralKey":"BRYJ0Nty3/I/CBLIo8IDL/PC2uAcCmMvU14oi2VvYWpF","previousCounter":0,"rootKey":"1hFw1bhZgIYpdavcoi7v7W2qhMAoAU9lqJ5UZjmajhs="},"indexInfo":{"baseKey":"BVmVu8S0YZRFU3TeKXggNKDYuZEnef3HoiveNtcIw88U","baseKeyType":2,"closed":1703167659959,"used":1703167614513,"created":1703167614513,"remoteIdentityKey":"BZQqwfwyZFOYMRGpn2CIY4NvJqqqqsNfnQ15dWkLyeco"},"_chains":{"BRYJ0Nty3/I/CBLIo8IDL/PC2uAcCmMvU14oi2VvYWpF":{"chainKey":{"counter":19,"key":"VkFvB5wTGXdYaKgXTuwYyJlTXwL3Sm3IiJETepnlRx0="},"chainType":2,"messageKeys":{}},"BTl2jQVNlekxXc4qqNli9OcyP1ANC0x5ruEQ/RoSbLJw":{"chainKey":{"counter":-1,"key":"lfd7oK43Trcs0Ak5V4zVdiI2liJyn6d7/ouRM2zF8rM="},"chainType":1,"messageKeys":{}}}},"BR24rMqwjg4L6dvRnuYOJ4dXN5ZB4IwnvA4ffiIV/6AU":{"registrationId":2,"currentRatchet":{"ephemeralKeyPair":{"pubKey":"Bd3A3lA1Yt/WY98Nh/T+eN/d+WcqED+hnJGtiORGuQ1Q","privKey":"KErrcRs+sM/AbWpaIIrBy1tNqKgFQWfPhLv+l6lABUU="},"lastRemoteEphemeralKey":"BfW/x9fRa+prFhDT3n0XNFfhte0I1OYwlnEUCT08aZZT","previousCounter":0,"rootKey":"MnSN7rUoWEPZkA4tzE351N7hg7Xjz7w1485X9sQtdQs="},"indexInfo":{"baseKey":"BR24rMqwjg4L6dvRnuYOJ4dXN5ZB4IwnvA4ffiIV/6AU","baseKeyType":2,"closed":1703167669466,"used":1703167659962,"created":1703167659962,"remoteIdentityKey":"BZQqwfwyZFOYMRGpn2CIY4NvJqqqqsNfnQ15dWkLyeco"},"_chains":{"BfW/x9fRa+prFhDT3n0XNFfhte0I1OYwlnEUCT08aZZT":{"chainKey":{"counter":3,"key":"B3zExBYHrJj9vaIxN2gxB6CNepVj0ax+e+N9MrdKCAY="},"chainType":2,"messageKeys":{}},"Bd3A3lA1Yt/WY98Nh/T+eN/d+WcqED+hnJGtiORGuQ1Q":{"chainKey":{"counter":-1,"key":"UKhUUB/SzIawTkVs1xYI711owTQMJBugtz+FTF2rPF0="},"chainType":1,"messageKeys":{}}}},"BSu9CyG1hmfwmkeCQI022Ih0Pyl9qOCjdy/wYhhAnJFL":{"registrationId":2,"currentRatchet":{"ephemeralKeyPair":{"pubKey":"BYmE78BGv7CPiMy3qpEeoZYmlIT5XcDu4+GzdL9vj4oY","privKey":"gD9hqGxpM2J8P/8oaqPsd+2wP9LjNifeYVKhhqVUKVg="},"lastRemoteEphemeralKey":"BdwzSRm6IwUJZxltuUa7f2TYMAFYongx5Gsxe/m8MWwU","previousCounter":0,"rootKey":"CVxTusYCD/RlYNpU1dci4k3ZYOrrgrNmumPNVq6WR+Y="},"indexInfo":{"baseKey":"BSu9CyG1hmfwmkeCQI022Ih0Pyl9qOCjdy/wYhhAnJFL","baseKeyType":2,"closed":1703167709268,"used":1703167669467,"created":1703167669467,"remoteIdentityKey":"BZQqwfwyZFOYMRGpn2CIY4NvJqqqqsNfnQ15dWkLyeco"},"_chains":{"BdwzSRm6IwUJZxltuUa7f2TYMAFYongx5Gsxe/m8MWwU":{"chainKey":{"counter":16,"key":"oUNNiYxvK9g3/D1Vow6kQzsvfNBaEOHETcjJPp4s5Ew="},"chainType":2,"messageKeys":{}},"BYmE78BGv7CPiMy3qpEeoZYmlIT5XcDu4+GzdL9vj4oY":{"chainKey":{"counter":-1,"key":"drisG7dLoWowpCYhuxndUH89K6mQLVUBFwPbLk5zolU="},"chainType":1,"messageKeys":{}}}},"BYbN7+FEpI4ymC6QXnXVp7KAKd34xN/vxBCa3mGmYY13":{"registrationId":2,"currentRatchet":{"ephemeralKeyPair":{"pubKey":"BUAJh7PobulymnpuymNXiP+GiNZSVaD5aISjILOpywAd","privKey":"oIy4ssM6VsMmD0VBEzHncxfNDSGgXDeI51HbczRcmX8="},"lastRemoteEphemeralKey":"Bd5IV6DUmueaOpHfb18RavtZd/OOtnT+GmQy9QVq1ygx","previousCounter":0,"rootKey":"qyQw8YVuJQJ1OMwm/WTlZrBchdnVsk1pBLUsiAyHH8k="},"indexInfo":{"baseKey":"BYbN7+FEpI4ymC6QXnXVp7KAKd34xN/vxBCa3mGmYY13","baseKeyType":2,"closed":1703167869466,"used":1703167709269,"created":1703167709269,"remoteIdentityKey":"BZQqwfwyZFOYMRGpn2CIY4NvJqqqqsNfnQ15dWkLyeco"},"_chains":{"Bd5IV6DUmueaOpHfb18RavtZd/OOtnT+GmQy9QVq1ygx":{"chainKey":{"counter":76,"key":"Uy2wsrWMPyvUtla7DecqKw8UQoG5XMgjXVmJ8jXc7EE="},"chainType":2,"messageKeys":{}},"BUAJh7PobulymnpuymNXiP+GiNZSVaD5aISjILOpywAd":{"chainKey":{"counter":-1,"key":"XL6nPG3OHPmfv1uJ2/3N+Bi5bnsrV3iWCq2Kw8k2Zlc="},"chainType":1,"messageKeys":{}}}},"BUd+6OPS5/MpFacQoJgsDgxHaMw/jH60K9jebjDom4xZ":{"registrationId":2,"currentRatchet":{"ephemeralKeyPair":{"pubKey":"Bbli3g8/6nHt//Fg23qe7Xog8zJ7tyCY/t2aycyvjGs3","privKey":"YF2vw8qWcB3jR332mcwqzQLEXdEw2pYPbKRSJTDBVHQ="},"lastRemoteEphemeralKey":"BcG0r3g0HxYL0dfC0/9eKg/zp4bNl5xNC4U+2iqcQy8J","previousCounter":0,"rootKey":"BQn6OpcLS9yG9QWTlscUlpHbS/3pTcpShseLdoyDDvw="},"indexInfo":{"baseKey":"BUd+6OPS5/MpFacQoJgsDgxHaMw/jH60K9jebjDom4xZ","baseKeyType":2,"closed":1703167900468,"used":1703167869467,"created":1703167869467,"remoteIdentityKey":"BZQqwfwyZFOYMRGpn2CIY4NvJqqqqsNfnQ15dWkLyeco"},"_chains":{"BcG0r3g0HxYL0dfC0/9eKg/zp4bNl5xNC4U+2iqcQy8J":{"chainKey":{"counter":15,"key":"ZTqFf/VVl14G5c+Hx5RfWGgKCix5/qKV7j9rXxqV9i8="},"chainType":2,"messageKeys":{}},"Bbli3g8/6nHt//Fg23qe7Xog8zJ7tyCY/t2aycyvjGs3":{"chainKey":{"counter":-1,"key":"ybpU4I+6465GTHG3BrpRe+6jlPpepKJ9nWJ6UCD8B7Y="},"chainType":1,"messageKeys":{}}}},"BTrY35oQId8rq7JcHr9sjBa74Cn1LY76zdmOhue9zDEq":{"registrationId":2,"currentRatchet":{"ephemeralKeyPair":{"pubKey":"Bd2QpHc0ezJ/St0Sd52oNmkkWMXZlLouGv4cxcj5qAUH","privKey":"wLXq2gZHRAsuyEWvESIV6NvmbT/L4uZdiQbWzaFuIGg="},"lastRemoteEphemeralKey":"BYTrL6hQHoTlnyZl7YH3MAXL+0fblBSH3xqSQcGrRJJv","previousCounter":0,"rootKey":"lv4obVOX2OMlU+0vIIU62X7e3MeBzvTbJAQGkxHBC9U="},"indexInfo":{"baseKey":"BTrY35oQId8rq7JcHr9sjBa74Cn1LY76zdmOhue9zDEq","baseKeyType":2,"closed":1703167903178,"used":1703167900469,"created":1703167900469,"remoteIdentityKey":"BZQqwfwyZFOYMRGpn2CIY4NvJqqqqsNfnQ15dWkLyeco"},"_chains":{"BYTrL6hQHoTlnyZl7YH3MAXL+0fblBSH3xqSQcGrRJJv":{"chainKey":{"counter":1,"key":"qcAFZJ+SN4F0NxoVAebrQywT3gPm+xnAFEFK18PGhyk="},"chainType":2,"messageKeys":{}},"Bd2QpHc0ezJ/St0Sd52oNmkkWMXZlLouGv4cxcj5qAUH":{"chainKey":{"counter":-1,"key":"a2VrT2Atp8IZLhz0Zn8khrR8NFGRBDvDrFXFwkLUjHE="},"chainType":1,"messageKeys":{}}}},"BcTZFUD28s/98IzxJyTOCk8GXsSKC4vqCL6LUZoBlUYk":{"registrationId":2,"currentRatchet":{"ephemeralKeyPair":{"pubKey":"BVQQwtxhx4A+vTOGXYZsfN4K6hfjprRXfhtPc2cxCmEg","privKey":"uEX1NpzsBh2jtyQYm43AtH89mSY93vjl1thi8I7MmHQ="},"lastRemoteEphemeralKey":"BZRvPZKOb4i+1yp3QfR+mxH9UhMA3CmMJ3znrsj+mBcg","previousCounter":0,"rootKey":"7UGS6ph1wTuQ3mD09Der7ogCJzm7E3t03XBViMhWlUw="},"indexInfo":{"baseKey":"BcTZFUD28s/98IzxJyTOCk8GXsSKC4vqCL6LUZoBlUYk","baseKeyType":2,"closed":1703167913166,"used":1703167903179,"created":1703167903179,"remoteIdentityKey":"BZQqwfwyZFOYMRGpn2CIY4NvJqqqqsNfnQ15dWkLyeco"},"_chains":{"BZRvPZKOb4i+1yp3QfR+mxH9UhMA3CmMJ3znrsj+mBcg":{"chainKey":{"counter":5,"key":"NgeAueMSFWmel8B0BSvqimlzLXrLOEBXCzxmDWnNiV8="},"chainType":2,"messageKeys":{}},"BVQQwtxhx4A+vTOGXYZsfN4K6hfjprRXfhtPc2cxCmEg":{"chainKey":{"counter":-1,"key":"icm+ODbO+stNJ8MlcHgt5INF+D48dN9RSySgmxEIy3o="},"chainType":1,"messageKeys":{}}}},"BeYS9bH4d58XN0SPmJlNzHdmoKu8rTSnzcXQQ4KmEW0u":{"registrationId":2,"currentRatchet":{"ephemeralKeyPair":{"pubKey":"BXwIEz/UkBAU8sf2Qihq14Xs8CL993UtX+Ao1ydKqHBe","privKey":"EJuizPMNoBT9c33bwhOrLXqaeSzQn6H7t5GhvSyoaUk="},"lastRemoteEphemeralKey":"BTerJEqAklfrFtXAYswNfec35zimVyx0Iw/mL3FeCjVP","previousCounter":0,"rootKey":"r3MlUJI5J8i1+FXAwHJhcsSvNNzEScjmumKChtppGiw="},"indexInfo":{"baseKey":"BeYS9bH4d58XN0SPmJlNzHdmoKu8rTSnzcXQQ4KmEW0u","baseKeyType":2,"closed":1703167972366,"used":1703167913168,"created":1703167913168,"remoteIdentityKey":"BZQqwfwyZFOYMRGpn2CIY4NvJqqqqsNfnQ15dWkLyeco"},"_chains":{"BTerJEqAklfrFtXAYswNfec35zimVyx0Iw/mL3FeCjVP":{"chainKey":{"counter":37,"key":"1gXLLkLj+r7ZtWzpyIIS0BEDaXz2AAphi4o7hTR6REQ="},"chainType":2,"messageKeys":{}},"BXwIEz/UkBAU8sf2Qihq14Xs8CL993UtX+Ao1ydKqHBe":{"chainKey":{"counter":-1,"key":"QvuYNYl6Osun0Tdv2KaQnywN96dAB7MO+kNdrD/WTps="},"chainType":1,"messageKeys":{}}}},"Ba77Xlrndp+TF25DLga24OibDejSvajKa5BqAx2U6fsi":{"registrationId":2,"currentRatchet":{"ephemeralKeyPair":{"pubKey":"BZ8bh1yvI7KH2jszSXSXCTpa8uQ1YLv4YNQ8/dgcbN15","privKey":"QBNlg0sHa+imyNXIUB52PeBFqewQsBKSnHnG+htTG3E="},"lastRemoteEphemeralKey":"Bd+GUbk9JQ0roO6btPpp5qXr6Fx+qD8rTEAdm8Aeydkm","previousCounter":0,"rootKey":"jBz8QVDoOzd62eHDWmqpR3P3fvNSK/ZFDi1Moap0eHQ="},"indexInfo":{"baseKey":"Ba77Xlrndp+TF25DLga24OibDejSvajKa5BqAx2U6fsi","baseKeyType":2,"closed":1703167976673,"used":1703167972367,"created":1703167972367,"remoteIdentityKey":"BZQqwfwyZFOYMRGpn2CIY4NvJqqqqsNfnQ15dWkLyeco"},"_chains":{"Bd+GUbk9JQ0roO6btPpp5qXr6Fx+qD8rTEAdm8Aeydkm":{"chainKey":{"counter":2,"key":"rwomLr+qW4rTOqta1av7sl8NdIQE85E2qWultt93neI="},"chainType":2,"messageKeys":{}},"BZ8bh1yvI7KH2jszSXSXCTpa8uQ1YLv4YNQ8/dgcbN15":{"chainKey":{"counter":-1,"key":"KdroaqCPSkhjqJZUTzosAHvyOTy3H/acXcGGjxu0l28="},"chainType":1,"messageKeys":{}}}},"BdYw7Dnm19EM2m71j+5LBXmEby7KXo4ufzATGtE9AEwo":{"registrationId":2,"currentRatchet":{"ephemeralKeyPair":{"pubKey":"BR34Oeg3fFxR4O5tjfsPryfx4PQ4HVucuzyiAj/xwG82","privKey":"+H3p9gmmqPYC0ftToTufV03EJq4yCIMzoIi7UtXoUHM="},"lastRemoteEphemeralKey":"BSDrjPe+OMmbkXDDPtmn2y73zZ2Ok9zQ8rqQkeRnmE4c","previousCounter":0,"rootKey":"NBwp8cwVUBZj0IpvKA60lYPvVZN7qE9sA9DdgjUFrp0="},"indexInfo":{"baseKey":"BdYw7Dnm19EM2m71j+5LBXmEby7KXo4ufzATGtE9AEwo","baseKeyType":2,"closed":1703168025713,"used":1703167976674,"created":1703167976674,"remoteIdentityKey":"BZQqwfwyZFOYMRGpn2CIY4NvJqqqqsNfnQ15dWkLyeco"},"_chains":{"BSDrjPe+OMmbkXDDPtmn2y73zZ2Ok9zQ8rqQkeRnmE4c":{"chainKey":{"counter":40,"key":"hs1bF2/2MxlhSi3V51jDNH/Z8rZMtWrRgdpg5jYXAvo="},"chainType":2,"messageKeys":{}},"BR34Oeg3fFxR4O5tjfsPryfx4PQ4HVucuzyiAj/xwG82":{"chainKey":{"counter":-1,"key":"UO2GrUPu40lk6mFFUIcTjDrf0QfL3QHheQxMWf1ymN8="},"chainType":1,"messageKeys":{}}}},"BdYu0re1DLlSUT4ZoC1DdcvCSgGr1QjI5ochnfEDxFl0":{"registrationId":2,"currentRatchet":{"ephemeralKeyPair":{"pubKey":"Ba8MvXJ08PiePRBSL1g819znJ7YVGjGOc3tWuz5kel8/","privKey":"qLi3Tu3g5zb/xzG6m3dAygO27l8cF6jj2R+MTReFukM="},"lastRemoteEphemeralKey":"BQH/Umf8kPlzWvPzBnO9HMGxG6/Jw6xNKIypopoj1OFF","previousCounter":0,"rootKey":"T9g4mqdsH0Gxma+xW5CEsoHr5MMZu0GJbjRUqj6bgNU="},"indexInfo":{"baseKey":"BdYu0re1DLlSUT4ZoC1DdcvCSgGr1QjI5ochnfEDxFl0","baseKeyType":2,"closed":1703168040171,"used":1703168025715,"created":1703168025715,"remoteIdentityKey":"BZQqwfwyZFOYMRGpn2CIY4NvJqqqqsNfnQ15dWkLyeco"},"_chains":{"BQH/Umf8kPlzWvPzBnO9HMGxG6/Jw6xNKIypopoj1OFF":{"chainKey":{"counter":10,"key":"ZURcmbuVMbn8R/WdGIA2/tQUAEaTOzCBeNyAdjF51fk="},"chainType":2,"messageKeys":{}},"Ba8MvXJ08PiePRBSL1g819znJ7YVGjGOc3tWuz5kel8/":{"chainKey":{"counter":-1,"key":"/n0EVwK7NYNbtFBP2o4HGzoE/Rbx4qkSPlfsMkvIfQM="},"chainType":1,"messageKeys":{}}}},"BXOtU8T7fr/LuPegir4WKyBbPURZ0GnfIFVmsCSjggBJ":{"registrationId":2,"currentRatchet":{"ephemeralKeyPair":{"pubKey":"BVAjuZlD4cOTz8AhNbbUmc5UbLwHXloLHNnUtxXt4CpH","privKey":"gBcWpylzoHUgpfTveB/bLRckvdHbhSNwJJoA+ewkOFI="},"lastRemoteEphemeralKey":"BZ/n9fYsfaGIWz3LY+n61tv3/lv5dPms2lV0aITNzkxv","previousCounter":0,"rootKey":"3FbidTeYCtlmkVP4RopNNpaeyCm3mvNkZhZCUkmP8bI="},"indexInfo":{"baseKey":"BXOtU8T7fr/LuPegir4WKyBbPURZ0GnfIFVmsCSjggBJ","baseKeyType":2,"closed":1703168041280,"used":1703168040172,"created":1703168040172,"remoteIdentityKey":"BZQqwfwyZFOYMRGpn2CIY4NvJqqqqsNfnQ15dWkLyeco"},"_chains":{"BZ/n9fYsfaGIWz3LY+n61tv3/lv5dPms2lV0aITNzkxv":{"chainKey":{"counter":2,"key":"zSsmgWv2F0kgxjkMzfbajwKGGt6Lj4l1lwuC2C59Qg4="},"chainType":2,"messageKeys":{}},"BVAjuZlD4cOTz8AhNbbUmc5UbLwHXloLHNnUtxXt4CpH":{"chainKey":{"counter":-1,"key":"ZcAnt1g+PhzyyZeGHYqRnyNy440CoBVcI80EWhh3bvw="},"chainType":1,"messageKeys":{}}}},"BQMn01hbMd7w6HIxAyBssrk5wzMmb/Z0PuqlWzQWga4+":{"registrationId":2,"currentRatchet":{"ephemeralKeyPair":{"pubKey":"BYgD5TBirtcyyYxp5lxvChblAG87d5Y/dyp10zHVyO5n","privKey":"0HQADAJ0tkanpJMIbwAEh3iwlL21N9lf4zWRfOCvVXU="},"lastRemoteEphemeralKey":"BYF9qHA0P/dnqX20EQ+jtLtgQlJRTkS1PWqm5aZHiXcq","previousCounter":0,"rootKey":"r6kyd3zaBWWb8LE/bMmlpTTWQFUcuC5s/lLc8q8X7eM="},"indexInfo":{"baseKey":"BQMn01hbMd7w6HIxAyBssrk5wzMmb/Z0PuqlWzQWga4+","baseKeyType":2,"closed":1703168058506,"used":1703168041282,"created":1703168041282,"remoteIdentityKey":"BZQqwfwyZFOYMRGpn2CIY4NvJqqqqsNfnQ15dWkLyeco"},"_chains":{"BYF9qHA0P/dnqX20EQ+jtLtgQlJRTkS1PWqm5aZHiXcq":{"chainKey":{"counter":9,"key":"z9lFbqydPcqK5Xv7V9i2q4iZQag7XKUelaGkjxElOeQ="},"chainType":2,"messageKeys":{}},"BYgD5TBirtcyyYxp5lxvChblAG87d5Y/dyp10zHVyO5n":{"chainKey":{"counter":-1,"key":"MT7SU2RS0cjErbVL8M9CIF9RJP354Kt+gtRjnazJ03U="},"chainType":1,"messageKeys":{}}}},"BaLnTPILLh8aLFXrzdLqcjF5Y0kxYHw8AhcO3ajVilch":{"registrationId":2,"currentRatchet":{"ephemeralKeyPair":{"pubKey":"BaPCMrNVAhj64H9e4VQjJk92ScBmMkOtrsLjUzo7PloZ","privKey":"OCgM8HWZUh62PEok1O3FjnC0I7SVl+RuvYWUT4/OVEA="},"lastRemoteEphemeralKey":"BespT5rzBnVvZLih4L2eGGuDLEs1ACLD6Cpf+a2Anv5i","previousCounter":0,"rootKey":"6p/UH29PRNVCrohBnKwHhz/A3Sz+TqsSO3bdYgiNGwg="},"indexInfo":{"baseKey":"BaLnTPILLh8aLFXrzdLqcjF5Y0kxYHw8AhcO3ajVilch","baseKeyType":2,"closed":1703168059678,"used":1703168058508,"created":1703168058508,"remoteIdentityKey":"BZQqwfwyZFOYMRGpn2CIY4NvJqqqqsNfnQ15dWkLyeco"},"_chains":{"BespT5rzBnVvZLih4L2eGGuDLEs1ACLD6Cpf+a2Anv5i":{"chainKey":{"counter":0,"key":"C9bPWKWu/KcFERJi/KvboEPYdTHSIr+8h7oFerzE3ro="},"chainType":2,"messageKeys":{}},"BaPCMrNVAhj64H9e4VQjJk92ScBmMkOtrsLjUzo7PloZ":{"chainKey":{"counter":-1,"key":"LWoaZTtLjJ+mFy1Sji4skMB6UHe6QESE9BI6V1xegRk="},"chainType":1,"messageKeys":{}}}},"BbResifH0g1Bx59YFWHOcMyvX7oF5Xj1bWwDrSktQYdx":{"registrationId":2,"currentRatchet":{"ephemeralKeyPair":{"pubKey":"BSxr9i8FGlLgqudoizzMpCuYjCjEsaY7c17ApmEzeZRi","privKey":"4PwESKgBLLLP4tdaCK6EwLj3dWTaDpYuzGRzx1Kj1Wk="},"lastRemoteEphemeralKey":"BV5XuWe9+EQw9DMe/2ac1lPWZxlcHmXqpl/qpTmqnel7","previousCounter":0,"rootKey":"oPs3yINpiTLYOM1Is75FXqUPrqbO7ioDUdxSOpwzA9Y="},"indexInfo":{"baseKey":"BbResifH0g1Bx59YFWHOcMyvX7oF5Xj1bWwDrSktQYdx","baseKeyType":2,"closed":1703168062779,"used":1703168059679,"created":1703168059679,"remoteIdentityKey":"BZQqwfwyZFOYMRGpn2CIY4NvJqqqqsNfnQ15dWkLyeco"},"_chains":{"BV5XuWe9+EQw9DMe/2ac1lPWZxlcHmXqpl/qpTmqnel7":{"chainKey":{"counter":1,"key":"X1ddgbjKgRfODk5W60K25SFlZdOxEtUi9J2TUCIXaCM="},"chainType":2,"messageKeys":{}},"BSxr9i8FGlLgqudoizzMpCuYjCjEsaY7c17ApmEzeZRi":{"chainKey":{"counter":-1,"key":"QAFU8t2hPIEZVpQqd8zUPKVMBmuAxvrRJpIKKTrkwjI="},"chainType":1,"messageKeys":{}}}},"BTpOOCqj1VBWfvKlV7ljYSL6dKv9VOzpPVmYunvrrw9C":{"registrationId":2,"currentRatchet":{"ephemeralKeyPair":{"pubKey":"BTB7ncvxwVqDJ5ZltDhs5fX9fJUZ+1dwx43OiJf+ZUQu","privKey":"ENN/Wyr0/9+K1WeQc8t+z/540BUmF3nsArgnzqxyqUg="},"lastRemoteEphemeralKey":"BZqg103eOMcFLAdxlTe4dwbjVj1ZLvqH2UCvhLcCiRxz","previousCounter":0,"rootKey":"k9PE+GWdsFoUA4LxcOL3pXQ1d8WNegyUSiqu7vUH1e4="},"indexInfo":{"baseKey":"BTpOOCqj1VBWfvKlV7ljYSL6dKv9VOzpPVmYunvrrw9C","baseKeyType":2,"closed":1703168068787,"used":1703168062858,"created":1703168062858,"remoteIdentityKey":"BZQqwfwyZFOYMRGpn2CIY4NvJqqqqsNfnQ15dWkLyeco"},"_chains":{"BZqg103eOMcFLAdxlTe4dwbjVj1ZLvqH2UCvhLcCiRxz":{"chainKey":{"counter":5,"key":"hCrPGp+MI8RIAWafmQeXnpKY7NKgxxTkHuPdwKdTAt4="},"chainType":2,"messageKeys":{}},"BTB7ncvxwVqDJ5ZltDhs5fX9fJUZ+1dwx43OiJf+ZUQu":{"chainKey":{"counter":-1,"key":"BZlROSfktvTllAzlJixWP3wTk10Vrlf9LSFOcF0ajF0="},"chainType":1,"messageKeys":{}}}},"BTqbpen1AD2s544zg+wazVn7/9HivD8JrggrhWySZHhv":{"registrationId":2,"currentRatchet":{"ephemeralKeyPair":{"pubKey":"Bfbvz10lkuSz7qgP3HUV/CJDJPSsj10G8RdmLnI969Ju","privKey":"8N+GZjXHJywh4IXE9NAT86PB2z+KqwiPqbln8QN4v3M="},"lastRemoteEphemeralKey":"Bd81sfsgchkYOgxYx3LsnyERGN6YdzmHaUOQFqVT66sr","previousCounter":0,"rootKey":"+mhFXnwDKQX1uzLBfUN+tGp2YVEUJw3FLQhmqypvEFg="},"indexInfo":{"baseKey":"BTqbpen1AD2s544zg+wazVn7/9HivD8JrggrhWySZHhv","baseKeyType":2,"closed":1703168075891,"used":1703168068788,"created":1703168068788,"remoteIdentityKey":"BZQqwfwyZFOYMRGpn2CIY4NvJqqqqsNfnQ15dWkLyeco"},"_chains":{"Bd81sfsgchkYOgxYx3LsnyERGN6YdzmHaUOQFqVT66sr":{"chainKey":{"counter":5,"key":"1WnDcXign8+dx1RElgNSfl66+Kp3WCBKKEGfIVOLhU8="},"chainType":2,"messageKeys":{}},"Bfbvz10lkuSz7qgP3HUV/CJDJPSsj10G8RdmLnI969Ju":{"chainKey":{"counter":-1,"key":"NpCGnFZQFdSP6xt3GeXIWskPtdbkcvhnQUFqbWs3riY="},"chainType":1,"messageKeys":{}}}},"BRlagnHvakO+cCfhQ4U5ws2r4u/2xKslkM9cyAGGZ4dl":{"registrationId":2,"currentRatchet":{"ephemeralKeyPair":{"pubKey":"BUG7xpNqpj4wU0Ihf1OA2+OUlLGbWGlRoRP6lFP3CiU8","privKey":"4Enz1qdWnvS0LTwbkxW5HVS24+07iCwDIkz9OWLrS2g="},"lastRemoteEphemeralKey":"BdrIvP2rk7W6VY27/Y0L0Zk7dibYxe3LqibtVJqM1LtI","previousCounter":0,"rootKey":"VRIbZG6FTvVgyDlLagQweo+6Yihic0GOCO78MYxVJG0="},"indexInfo":{"baseKey":"BRlagnHvakO+cCfhQ4U5ws2r4u/2xKslkM9cyAGGZ4dl","baseKeyType":2,"closed":1703168078983,"used":1703168075892,"created":1703168075892,"remoteIdentityKey":"BZQqwfwyZFOYMRGpn2CIY4NvJqqqqsNfnQ15dWkLyeco"},"_chains":{"BdrIvP2rk7W6VY27/Y0L0Zk7dibYxe3LqibtVJqM1LtI":{"chainKey":{"counter":2,"key":"wE06pjXo0CmobiwH8MbrzNwlFh59bJ3xFzYPSRmgN0U="},"chainType":2,"messageKeys":{}},"BUG7xpNqpj4wU0Ihf1OA2+OUlLGbWGlRoRP6lFP3CiU8":{"chainKey":{"counter":-1,"key":"5mjyGjGGOUNS/5/jIhPuK8JrVhSoyo0iP7DQhXwwzu0="},"chainType":1,"messageKeys":{}}}},"Bb5X2P0FY8iK1Xly6qx2x5QZUQDpAxwaCgdWZdQmmXlt":{"registrationId":2,"currentRatchet":{"ephemeralKeyPair":{"pubKey":"BTZMu53v2VZQk8+6faXi5AEW+dF7o5U/tPIv3M7kOYZU","privKey":"6MLJ7E4mfK3glLqXYpqRuZkZ6u1xvFLA9j3sOfCjLU4="},"lastRemoteEphemeralKey":"BWwAsPVZaPgOHmyzfxxQTRu4piiAh9BYZiTrl9o17lNE","previousCounter":0,"rootKey":"BphHH3Nnd07zcrNmY9qd0AnMlXQJw8DR9XSjf6sMqqk="},"indexInfo":{"baseKey":"Bb5X2P0FY8iK1Xly6qx2x5QZUQDpAxwaCgdWZdQmmXlt","baseKeyType":2,"closed":1703168083671,"used":1703168078984,"created":1703168078984,"remoteIdentityKey":"BZQqwfwyZFOYMRGpn2CIY4NvJqqqqsNfnQ15dWkLyeco"},"_chains":{"BWwAsPVZaPgOHmyzfxxQTRu4piiAh9BYZiTrl9o17lNE":{"chainKey":{"counter":3,"key":"SVhj+PGsBYcd849lDv207w/e4F6PlBy9Ce2tbMLaoAs="},"chainType":2,"messageKeys":{}},"BTZMu53v2VZQk8+6faXi5AEW+dF7o5U/tPIv3M7kOYZU":{"chainKey":{"counter":-1,"key":"8HPNP6ewtVEGryAH/doLMvZvfjYM1rot0HH4PU2yzUU="},"chainType":1,"messageKeys":{}}}},"BV4JL3bJPn/n3GN+AfS8jEzYUftI9WS6JQsiDTpmP1E6":{"registrationId":2,"currentRatchet":{"ephemeralKeyPair":{"pubKey":"BSQ+0ZM0AUmCuUoaeHgvkjo77F8HUs+BPwfUhcxvBsYK","privKey":"IG1xEEpyFxDuVKhJP/S1wlY4sHQG/JHFb0psRz4n7GQ="},"lastRemoteEphemeralKey":"BVad6LPB0D+OnqZ1WKLZdyQneOvbUrRQZP73FnznbpBy","previousCounter":0,"rootKey":"3ulVvScHExBnlglR19pR2R8lBNU9veOFtkQHG1uXz0Q="},"indexInfo":{"baseKey":"BV4JL3bJPn/n3GN+AfS8jEzYUftI9WS6JQsiDTpmP1E6","baseKeyType":2,"closed":1703168136370,"used":1703168083672,"created":1703168083672,"remoteIdentityKey":"BZQqwfwyZFOYMRGpn2CIY4NvJqqqqsNfnQ15dWkLyeco"},"_chains":{"BVad6LPB0D+OnqZ1WKLZdyQneOvbUrRQZP73FnznbpBy":{"chainKey":{"counter":38,"key":"zCxrtqWoifU3ZIxRthh8gWsG64b8uEWq9jdtSBLoWyw="},"chainType":2,"messageKeys":{}},"BSQ+0ZM0AUmCuUoaeHgvkjo77F8HUs+BPwfUhcxvBsYK":{"chainKey":{"counter":-1,"key":"2ZLSHajPXv2YKNW2IIvjS7ZwsmyRLzmb/VYu7QyuSl4="},"chainType":1,"messageKeys":{}}}},"Bb0hngFAXiBHCXz3jUePExbGQN5VeiJq1iJvPDl2eutN":{"registrationId":2,"currentRatchet":{"ephemeralKeyPair":{"pubKey":"BYRzAC6GoABvx2lv3MRaxrAr4tZh8gbEMhx0g+/2rypa","privKey":"+MOcnhwcQ2Eqjtxm0fK9e7PnAY4ktwdP4788YreT9m8="},"lastRemoteEphemeralKey":"BZ0tRiK8xBp5ljNcqFwZ4yF0FfLkVvHSjt/ZlJlGQgZX","previousCounter":0,"rootKey":"8TLi8jxGXpOPvvoGNAfXxxZix06hk2AHFZj7/gOuH8g="},"indexInfo":{"baseKey":"Bb0hngFAXiBHCXz3jUePExbGQN5VeiJq1iJvPDl2eutN","baseKeyType":2,"closed":1703168139218,"used":1703168136372,"created":1703168136372,"remoteIdentityKey":"BZQqwfwyZFOYMRGpn2CIY4NvJqqqqsNfnQ15dWkLyeco"},"_chains":{"BZ0tRiK8xBp5ljNcqFwZ4yF0FfLkVvHSjt/ZlJlGQgZX":{"chainKey":{"counter":2,"key":"fN2r36xfxLyWcVJLIus9+pJ6js/Cq5KJ/rUn2n10wGs="},"chainType":2,"messageKeys":{}},"BYRzAC6GoABvx2lv3MRaxrAr4tZh8gbEMhx0g+/2rypa":{"chainKey":{"counter":-1,"key":"++2oVc7JoLY+3qcitgh35OPqcyz5po+9vO+d+vKHkBQ="},"chainType":1,"messageKeys":{}}}},"BQvDcuAfAruflRGAHMzCcEZgyJKQKiD6ovQ4CtQwXJRy":{"registrationId":2,"currentRatchet":{"ephemeralKeyPair":{"pubKey":"BTqXVLk3wC890YxcLcj7BhbK6/0Dd2jPGwj9bb/EgM5a","privKey":"+DHiVLjJho5Z4+jJaRsTF4sckX7r3gu/7bVPJ3TbKns="},"lastRemoteEphemeralKey":"BSjm3UiTgOKyHJpWXw9rvPTqTSSOEUDwGFm9g2G7uTA/","previousCounter":0,"rootKey":"SG+JwscoCLbmQ8rg2xUGFg4TkcQ5EayqkXffvRGHSkI="},"indexInfo":{"baseKey":"BQvDcuAfAruflRGAHMzCcEZgyJKQKiD6ovQ4CtQwXJRy","baseKeyType":2,"closed":1703168146191,"used":1703168139218,"created":1703168139218,"remoteIdentityKey":"BZQqwfwyZFOYMRGpn2CIY4NvJqqqqsNfnQ15dWkLyeco"},"_chains":{"BSjm3UiTgOKyHJpWXw9rvPTqTSSOEUDwGFm9g2G7uTA/":{"chainKey":{"counter":1,"key":"0bxM55+9UnGFnzCDJMOQoH/rEgqqB7hQy9NSUpzwuIY="},"chainType":2,"messageKeys":{}},"BTqXVLk3wC890YxcLcj7BhbK6/0Dd2jPGwj9bb/EgM5a":{"chainKey":{"counter":-1,"key":"zYFYeAtAmyz/ltlVxIrj3cXak27L6B66CVz0c89v/Ww="},"chainType":1,"messageKeys":{}}}},"BYejhxzqpxtiV8JkYAEc8/eUc1Jcllo6SSuwr+qdjJVS":{"registrationId":2,"currentRatchet":{"ephemeralKeyPair":{"pubKey":"BXEsTEOV+Vy27FOss93e04kJd//7VrrEn0LyqZfv3qMM","privKey":"QBn6Cw/S2CKX70X0TD1cU00/zI5VZY33nVGbAkpiLWk="},"lastRemoteEphemeralKey":"Bac5ystblJVHut1sEjQ5MuORx+RguySVAaL/cyVRfVFO","previousCounter":0,"rootKey":"apJsjWJFt4q5F/0D2PsDcJafLywirteuSkOMoEktwr8="},"indexInfo":{"baseKey":"BYejhxzqpxtiV8JkYAEc8/eUc1Jcllo6SSuwr+qdjJVS","baseKeyType":2,"closed":1703168167893,"used":1703168146192,"created":1703168146192,"remoteIdentityKey":"BZQqwfwyZFOYMRGpn2CIY4NvJqqqqsNfnQ15dWkLyeco"},"_chains":{"Bac5ystblJVHut1sEjQ5MuORx+RguySVAaL/cyVRfVFO":{"chainKey":{"counter":14,"key":"PpAHaNdskWoKeEPQvaVQnCdAOjHgXMnaXihnrDb0CUY="},"chainType":2,"messageKeys":{}},"BXEsTEOV+Vy27FOss93e04kJd//7VrrEn0LyqZfv3qMM":{"chainKey":{"counter":-1,"key":"LGJ6R2aAkv26dh1tnNcIG+o70UbUQ9l3h1+Q0I6grLk="},"chainType":1,"messageKeys":{}}}},"BUS04dAMb0RhWAtVj7wZ481Cimcy0gqO/fWpCnZ+HflF":{"registrationId":2,"currentRatchet":{"ephemeralKeyPair":{"pubKey":"BW302JHLKuw+0dUxEx7ZD8E2G43D/4jdqAaNNW9wOgdd","privKey":"QKCuryPjOaV7eRYwkNYQWQ90olBpl4rf+E1zFNlSQns="},"lastRemoteEphemeralKey":"BWoDVUXZZu9qQ+iT6pOUd/WsreM2zEKxCV+Aj2KIAQFk","previousCounter":0,"rootKey":"KLBEVenUXAyLXa8HY5vIep0SIDeMJIcc3Nej97cfRgo="},"indexInfo":{"baseKey":"BUS04dAMb0RhWAtVj7wZ481Cimcy0gqO/fWpCnZ+HflF","baseKeyType":2,"closed":1703168170603,"used":1703168167893,"created":1703168167893,"remoteIdentityKey":"BZQqwfwyZFOYMRGpn2CIY4NvJqqqqsNfnQ15dWkLyeco"},"_chains":{"BWoDVUXZZu9qQ+iT6pOUd/WsreM2zEKxCV+Aj2KIAQFk":{"chainKey":{"counter":0,"key":"Xf/wylFpURSy3QOhgr6veqVrUSVI9BBgl2AleTGHwOs="},"chainType":2,"messageKeys":{}},"BW302JHLKuw+0dUxEx7ZD8E2G43D/4jdqAaNNW9wOgdd":{"chainKey":{"counter":-1,"key":"dCNIxwJnISZUydaD+KM1DuWFdtUAGBoy14FYNteKiLc="},"chainType":1,"messageKeys":{}}}},"BbpZtMbd5ocMZE2/LFxiE7nwPkq6SrZYSRnDkWoV3Mls":{"registrationId":2,"currentRatchet":{"ephemeralKeyPair":{"pubKey":"BcN+Z+6OvQF5Zf6yEBPYFSy0MxgclKk950kJEj6KhVEe","privKey":"mM5uRp+fZsJpyYCfLPBUGl/kcoXXksjSJl7phCVA9m0="},"lastRemoteEphemeralKey":"Bb5Rc7PLyLblmBx2htZJjYm5SP209HxkrPBefjZeHYEt","previousCounter":0,"rootKey":"9UblddSnfZXQKA6ZBThig+0c/Mw5E7d6P8M4vzW+/ZA="},"indexInfo":{"baseKey":"BbpZtMbd5ocMZE2/LFxiE7nwPkq6SrZYSRnDkWoV3Mls","baseKeyType":2,"closed":1703168179892,"used":1703168170604,"created":1703168170604,"remoteIdentityKey":"BZQqwfwyZFOYMRGpn2CIY4NvJqqqqsNfnQ15dWkLyeco"},"_chains":{"Bb5Rc7PLyLblmBx2htZJjYm5SP209HxkrPBefjZeHYEt":{"chainKey":{"counter":4,"key":"FnHmOHudlEF+IJqhIlEJitqrRQHz5pUMjalVptnaKXw="},"chainType":2,"messageKeys":{}},"BcN+Z+6OvQF5Zf6yEBPYFSy0MxgclKk950kJEj6KhVEe":{"chainKey":{"counter":-1,"key":"tQCaTUxIuR3rMaugLG//79mJmc+l0VZk2mr5XBKplsU="},"chainType":1,"messageKeys":{}}}},"BTEFzRhlBAcDvPhCOoS1FkNJGYqncrVtu6exkognrqpS":{"registrationId":2,"currentRatchet":{"ephemeralKeyPair":{"pubKey":"BRBNnn5vHc8iTITcaxlI/QkUcrXCYa0qsuGT9bbH8kB0","privKey":"AP4/Ub/7pr3QGcMW5SXNgbLuDvCf3Z2h8gouYILEt3U="},"lastRemoteEphemeralKey":"Bel0h8FE+7iWNtiTFA+UvZzGQ0iKRXCMYKpDhQ40CwcD","previousCounter":0,"rootKey":"D2fC0YXQ14brhGiUgNJNPimuxB+AojUhlqMYtMNbF0g="},"indexInfo":{"baseKey":"BTEFzRhlBAcDvPhCOoS1FkNJGYqncrVtu6exkognrqpS","baseKeyType":2,"closed":1703168181279,"used":1703168179893,"created":1703168179893,"remoteIdentityKey":"BZQqwfwyZFOYMRGpn2CIY4NvJqqqqsNfnQ15dWkLyeco"},"_chains":{"Bel0h8FE+7iWNtiTFA+UvZzGQ0iKRXCMYKpDhQ40CwcD":{"chainKey":{"counter":1,"key":"/nNYGJ6JFc+Rk5Qj2zG+tcLlBMZbvozwdEiIqGS+1MU="},"chainType":2,"messageKeys":{}},"BRBNnn5vHc8iTITcaxlI/QkUcrXCYa0qsuGT9bbH8kB0":{"chainKey":{"counter":-1,"key":"QlGW5/5l+4hYoqSZWE3oiGdH1K8fR0E2/hjjg5BoTgc="},"chainType":1,"messageKeys":{}}}},"BWfpnByapAGyB6EJwCAwoOABw3XKbnSz+4WqPMXaVwRs":{"registrationId":2,"currentRatchet":{"ephemeralKeyPair":{"pubKey":"BcinpvSnCX67gw6UJsr1vLRVJiUuSFrfwcFVHLBzsqUP","privKey":"MHHMiLo4+ygcgcmkjrZEbwzLTy8uPUQ8z8JFd2FFA2Q="},"lastRemoteEphemeralKey":"BUFtJ2CDfFJWLMk+1H9eKQ2AsCiL/RK/mv+AroWgLXAD","previousCounter":0,"rootKey":"e6LXHDZX2n/hvsm6elPShC62fW4YHSc9IJfuPbSKHG4="},"indexInfo":{"baseKey":"BWfpnByapAGyB6EJwCAwoOABw3XKbnSz+4WqPMXaVwRs","baseKeyType":2,"closed":1703168188795,"used":1703168181280,"created":1703168181280,"remoteIdentityKey":"BZQqwfwyZFOYMRGpn2CIY4NvJqqqqsNfnQ15dWkLyeco"},"_chains":{"BUFtJ2CDfFJWLMk+1H9eKQ2AsCiL/RK/mv+AroWgLXAD":{"chainKey":{"counter":7,"key":"ohTYBuGZ24+9/Jn9ggWLbr/uYfRmvjLwmxLN4nNqNr4="},"chainType":2,"messageKeys":{}},"BcinpvSnCX67gw6UJsr1vLRVJiUuSFrfwcFVHLBzsqUP":{"chainKey":{"counter":-1,"key":"WqGA82F8U/OVbN82SEAscIMeria1r+a9RkaDsgWEKoA="},"chainType":1,"messageKeys":{}}}},"Bd0L/FpWBWa1OizFJkKbSTgiWAQRgyERLbKsDYIIU95O":{"registrationId":2,"currentRatchet":{"ephemeralKeyPair":{"pubKey":"BX1EO2B/5F2HZfN3KYjNpYVDyJmDUw2z82gpJEP8s1pX","privKey":"APA/4Zi7CROnHT/6CspDX14s6d2EF+K/jTk+SO5GH1g="},"lastRemoteEphemeralKey":"BQ0quyILiybpdBXSRQoYlb2xHcOMT2IvkGnTKKphKCs+","previousCounter":0,"rootKey":"2A352pairTycNlLdANYrQmfz4/2Iih2QHLXexUgkzl8="},"indexInfo":{"baseKey":"Bd0L/FpWBWa1OizFJkKbSTgiWAQRgyERLbKsDYIIU95O","baseKeyType":2,"closed":1703168199291,"used":1703168188796,"created":1703168188796,"remoteIdentityKey":"BZQqwfwyZFOYMRGpn2CIY4NvJqqqqsNfnQ15dWkLyeco"},"_chains":{"BQ0quyILiybpdBXSRQoYlb2xHcOMT2IvkGnTKKphKCs+":{"chainKey":{"counter":9,"key":"pAdKWFqll/ZMRqSvOZlvSa39UnShBSwMnwUynWkQ1AA="},"chainType":2,"messageKeys":{}},"BX1EO2B/5F2HZfN3KYjNpYVDyJmDUw2z82gpJEP8s1pX":{"chainKey":{"counter":-1,"key":"pOeEB1RfwQn++jDA10YW7Vgti5yxfHupA8pLeH1p/Oc="},"chainType":1,"messageKeys":{}}}},"BZ/53RR0YES0cpRC9Q+1esiLuFQo9+Pd21Q4LD5euNYU":{"registrationId":2,"currentRatchet":{"ephemeralKeyPair":{"pubKey":"BSkzCqDf0CzsJ8qh9m1t5krwMrpFtEbdLo/WPXlG7202","privKey":"KMMOv0rd3NKg0W0XgJl9+EXyTGRn13S0ciVvjtbkd2o="},"lastRemoteEphemeralKey":"BVGuVGr6FODVLnPR+oJAbbuu0T//k3YvqtmxrHd+Gu4s","previousCounter":0,"rootKey":"fTer/vi66eF1zQp4vcoV5kAEoGP1+NLA60pSsEAOLx8="},"indexInfo":{"baseKey":"BZ/53RR0YES0cpRC9Q+1esiLuFQo9+Pd21Q4LD5euNYU","baseKeyType":2,"closed":1703168200560,"used":1703168199292,"created":1703168199292,"remoteIdentityKey":"BZQqwfwyZFOYMRGpn2CIY4NvJqqqqsNfnQ15dWkLyeco"},"_chains":{"BVGuVGr6FODVLnPR+oJAbbuu0T//k3YvqtmxrHd+Gu4s":{"chainKey":{"counter":4,"key":"ltZT1lAHqypfOO/WIHsqFQyDn8GEjjKWlQp1cFE3qYU="},"chainType":2,"messageKeys":{}},"BSkzCqDf0CzsJ8qh9m1t5krwMrpFtEbdLo/WPXlG7202":{"chainKey":{"counter":-1,"key":"YL8w51qgt99qoWPCoqAOnSmptoMTVgOzBtIKunlY1RM="},"chainType":1,"messageKeys":{}}}},"BfWwy8kzv5UwbmhKpduVrarbmfAsFj6MMMgwc6VPYolF":{"registrationId":2,"currentRatchet":{"ephemeralKeyPair":{"pubKey":"BQyK+r9nMYJHRCFkXF8up1aywOhRz8WW2PZP6AHdUzMc","privKey":"6PLhzZQ8nv63b7yyogbHL07KxpSqSbOp7dcfvebWVWA="},"lastRemoteEphemeralKey":"BVeQDWEzpv5zzDIOgVNpY9Kx/qnrKVJHaRFDTXY7LaVP","previousCounter":0,"rootKey":"XdAayS1gX2XjNbzM9cqhaHrhxsYBoErOgFEKvMufe/Y="},"indexInfo":{"baseKey":"BfWwy8kzv5UwbmhKpduVrarbmfAsFj6MMMgwc6VPYolF","baseKeyType":2,"closed":1703168204367,"used":1703168200562,"created":1703168200562,"remoteIdentityKey":"BZQqwfwyZFOYMRGpn2CIY4NvJqqqqsNfnQ15dWkLyeco"},"_chains":{"BVeQDWEzpv5zzDIOgVNpY9Kx/qnrKVJHaRFDTXY7LaVP":{"chainKey":{"counter":1,"key":"B8bCPgnhmWpWq2wb7D8TdOx07ZLIUgMTH68jNmGIjMQ="},"chainType":2,"messageKeys":{}},"BQyK+r9nMYJHRCFkXF8up1aywOhRz8WW2PZP6AHdUzMc":{"chainKey":{"counter":-1,"key":"prrmh5rJte9oh5LYPcHixyXKuZSRyrQQNaHWcyDtGZw="},"chainType":1,"messageKeys":{}}}},"BYm329Ms1QrClVu65jCOBaQM2eZu1j61lm7sqSuOr0QO":{"registrationId":2,"currentRatchet":{"ephemeralKeyPair":{"pubKey":"Bag37MujzTNuy/6DjqsjQnVLoC/e/ovRgR3ODLbIFQ8g","privKey":"6FFNnf5lyEVaaSphDo2OlVwzm5jLeC3h9ll5T0bkR1w="},"lastRemoteEphemeralKey":"Bd6bKpDeuaUhGm1cL2IBiDt7wi/9/gtYDkcG2U2VWzgS","previousCounter":0,"rootKey":"JZus2pqGQqokTwdDtxQf8/2oC7z3fiiNBz5+v1gdytk="},"indexInfo":{"baseKey":"BYm329Ms1QrClVu65jCOBaQM2eZu1j61lm7sqSuOr0QO","baseKeyType":2,"closed":1703182286667,"used":1703168204368,"created":1703168204368,"remoteIdentityKey":"BZQqwfwyZFOYMRGpn2CIY4NvJqqqqsNfnQ15dWkLyeco"},"_chains":{"Bd6bKpDeuaUhGm1cL2IBiDt7wi/9/gtYDkcG2U2VWzgS":{"chainKey":{"counter":71,"key":"rVykXHiTWP8a53Ea12ZJX9nJJ2SaRgEJB3SxpCpAD68="},"chainType":2,"messageKeys":{}},"Bag37MujzTNuy/6DjqsjQnVLoC/e/ovRgR3ODLbIFQ8g":{"chainKey":{"counter":-1,"key":"UKTJGS8wrzImsSkYquiiIasII5xKzo7BAZZ7Orq0bTo="},"chainType":1,"messageKeys":{}}}},"BYtr3+A0JIAozdVl/YlFH0b6hjisg1mTEUSlHSc6vRwi":{"registrationId":2,"currentRatchet":{"ephemeralKeyPair":{"pubKey":"BUpbxW6tR6edZfhN5grxS4no9w9Pg4pYgSIArpuUSb9w","privKey":"MNeI/qmR5LKfdoivTlKsrA9P5Bgvns8pNAS35BrzLVY="},"lastRemoteEphemeralKey":"BcXe66EAV44V+twKLjsHYXAR1HCxXjYCk0BqMxckdSYz","previousCounter":0,"rootKey":"H+Y5ELay/Ql9L94g1BaORX1RTqZj76J1/QE2+0UCz80="},"indexInfo":{"baseKey":"BYtr3+A0JIAozdVl/YlFH0b6hjisg1mTEUSlHSc6vRwi","baseKeyType":2,"closed":1703182739475,"used":1703182286668,"created":1703182286668,"remoteIdentityKey":"BZQqwfwyZFOYMRGpn2CIY4NvJqqqqsNfnQ15dWkLyeco"},"_chains":{"BcXe66EAV44V+twKLjsHYXAR1HCxXjYCk0BqMxckdSYz":{"chainKey":{"counter":74,"key":"DKhtWsWJTRtqMAlwd5cCCaTtOa+ctqKEAgCnKXkgfBY="},"chainType":2,"messageKeys":{}},"BUpbxW6tR6edZfhN5grxS4no9w9Pg4pYgSIArpuUSb9w":{"chainKey":{"counter":-1,"key":"ab2Z/EKzctraWXqzAZQosgRkB/pAvbxgKN08Ue21SKk="},"chainType":1,"messageKeys":{}}}},"BWhpPt7+KNCGsXm/ScoY/pvfa+AIEOlyjI3DEXbMujpy":{"registrationId":2,"currentRatchet":{"ephemeralKeyPair":{"pubKey":"BehSEtQkhypqaIBLUyqhp+gnPbYBkMHRAlfx9qKT/ml4","privKey":"KNny8spvRCZ06qZWg4JGDZtr05Tgb0mkz8f/Nn0JgWo="},"lastRemoteEphemeralKey":"BbBEKOjBibo68VTwSq7SOBBcatW0T8v9EuP7hCqdR6IT","previousCounter":0,"rootKey":"ABG9j98TbN6oJcyHW6WFyJHCgHisv2t9NyI3p6KNVH8="},"indexInfo":{"baseKey":"BWhpPt7+KNCGsXm/ScoY/pvfa+AIEOlyjI3DEXbMujpy","baseKeyType":2,"closed":1703182759964,"used":1703182739476,"created":1703182739476,"remoteIdentityKey":"BZQqwfwyZFOYMRGpn2CIY4NvJqqqqsNfnQ15dWkLyeco"},"_chains":{"BbBEKOjBibo68VTwSq7SOBBcatW0T8v9EuP7hCqdR6IT":{"chainKey":{"counter":2,"key":"iwHtTcfwrJ3IVsE/kl9/vtau5zIixgkocDUARyuL7CA="},"chainType":2,"messageKeys":{}},"BehSEtQkhypqaIBLUyqhp+gnPbYBkMHRAlfx9qKT/ml4":{"chainKey":{"counter":-1,"key":"lUFG76AP+hz/D1Oi1f6BhILQHPTvWLhIfoaImznjYZ4="},"chainType":1,"messageKeys":{}}}},"BV/TkhNaWRm5Qrk4Ec2KtxCp+dc5uCqf7+UbXc4ZyQoe":{"registrationId":2,"currentRatchet":{"ephemeralKeyPair":{"pubKey":"BbuGNB+CNg1puxqO+Em83UtYEs6of3oyT+ThIhuifkNI","privKey":"ULTlpUK+GHGVcR0WTMWl0X/x0re/XyTQa/rR2mZvXUM="},"lastRemoteEphemeralKey":"BdIbxGAtoq2TucEpTz+BC1nxKvdXKoGvRvfkR2A2SFA/","previousCounter":0,"rootKey":"MsqfM4gJWVfbY5y7yWOYh+oNqNKADvPSwQhRiNbuOOI="},"indexInfo":{"baseKey":"BV/TkhNaWRm5Qrk4Ec2KtxCp+dc5uCqf7+UbXc4ZyQoe","baseKeyType":2,"closed":1703182906258,"used":1703182759966,"created":1703182759966,"remoteIdentityKey":"BZQqwfwyZFOYMRGpn2CIY4NvJqqqqsNfnQ15dWkLyeco"},"_chains":{"BdIbxGAtoq2TucEpTz+BC1nxKvdXKoGvRvfkR2A2SFA/":{"chainKey":{"counter":44,"key":"gdUSs7EI1Vtj22+iu03TBLzTofYsTpzPRYENXomtlYM="},"chainType":2,"messageKeys":{}},"BbuGNB+CNg1puxqO+Em83UtYEs6of3oyT+ThIhuifkNI":{"chainKey":{"counter":-1,"key":"hEjtkLfb8+iln6ivUxtOX5sdlKlpRK4mifugwDHEFe8="},"chainType":1,"messageKeys":{}}}},"BThMXvGNFG+egIyp1q6Wu/XtN9NlFIUMDV7ac+TMGOl4":{"registrationId":2,"currentRatchet":{"ephemeralKeyPair":{"pubKey":"BQwIdhX2jGcjdWNIQzsVV7Yq0FNiTk+M3/nbv3y6bspl","privKey":"QAq4XKLK1BXl19Vxw5gyy7fEeUWUmbEA0KY9m2jWBGw="},"lastRemoteEphemeralKey":"BdbBPkTZhMZU3Rb9mJObLPnlJupHd7IDTYA9ME90OjMJ","previousCounter":0,"rootKey":"NyYc+7Jxe9HwWUTjbu0Zq0SQneKqr5YjYZ/RrDKzals="},"indexInfo":{"baseKey":"BThMXvGNFG+egIyp1q6Wu/XtN9NlFIUMDV7ac+TMGOl4","baseKeyType":2,"closed":1703182947980,"used":1703182906260,"created":1703182906260,"remoteIdentityKey":"BZQqwfwyZFOYMRGpn2CIY4NvJqqqqsNfnQ15dWkLyeco"},"_chains":{"BdbBPkTZhMZU3Rb9mJObLPnlJupHd7IDTYA9ME90OjMJ":{"chainKey":{"counter":13,"key":"PqUNqGwMzxFxZtKAyZef7MgI82hWOvqdVSOphVuCZZ4="},"chainType":2,"messageKeys":{}},"BQwIdhX2jGcjdWNIQzsVV7Yq0FNiTk+M3/nbv3y6bspl":{"chainKey":{"counter":-1,"key":"1hSkbplHKmB0G3gB4ioPQkiVgQaqXSU+fur1o7H5qD4="},"chainType":1,"messageKeys":{}}}},"BYMZoIdQPhwDcqpLba1kW/y2p5iyIDYXq9ibfP+e9VZE":{"registrationId":2,"currentRatchet":{"ephemeralKeyPair":{"pubKey":"BdJ/KpNK92ceqPlNpJpwHpQLCED/iMsxIewqDXXFWKsa","privKey":"+N5eQgmgMN2jlVuNpDlSuQGx/g6R+sy6coxLCaNkEk8="},"lastRemoteEphemeralKey":"Bfz+F/XJRYGvLZhGUCoY4bHNA0LBHVFcsJ1Kt3QaK0Iq","previousCounter":0,"rootKey":"EFj8H5WbkVClOeObcOnEA4WkmhlnWlZQq+cv+I7kXUM="},"indexInfo":{"baseKey":"BYMZoIdQPhwDcqpLba1kW/y2p5iyIDYXq9ibfP+e9VZE","baseKeyType":2,"closed":1703183399764,"used":1703182947982,"created":1703182947982,"remoteIdentityKey":"BZQqwfwyZFOYMRGpn2CIY4NvJqqqqsNfnQ15dWkLyeco"},"_chains":{"Bfz+F/XJRYGvLZhGUCoY4bHNA0LBHVFcsJ1Kt3QaK0Iq":{"chainKey":{"counter":64,"key":"SjSRLlInWWYaWMOnofahrtII25JpBNXFV+na4dAjYXs="},"chainType":2,"messageKeys":{}},"BdJ/KpNK92ceqPlNpJpwHpQLCED/iMsxIewqDXXFWKsa":{"chainKey":{"counter":-1,"key":"w/+8gXl7XIWGDiUP13ohWQpy1bXNlgvN7pCWwKHPFSc="},"chainType":1,"messageKeys":{}}}},"Bd0vxu7DKevkAua1nblUfMvFOPXzEXdipff97D41ZoxJ":{"registrationId":2,"currentRatchet":{"ephemeralKeyPair":{"pubKey":"BY36fn5s9oMLj8EerFyOaI49zvNTZP+02htsnVEZxxsB","privKey":"QDmMJncCN4xU3UxGsd4kxz7xrfc33kmRqXFyyK52P1o="},"lastRemoteEphemeralKey":"BVng/C5MYXgmgsRh53ONRnP87AeNLO3RuphmkEOMyZUB","previousCounter":0,"rootKey":"7uqz6KnUf1BPh9udEbPN3F2SfnQtbn8W+sue+pxtxAU="},"indexInfo":{"baseKey":"Bd0vxu7DKevkAua1nblUfMvFOPXzEXdipff97D41ZoxJ","baseKeyType":2,"closed":1703183910858,"used":1703183399765,"created":1703183399765,"remoteIdentityKey":"BZQqwfwyZFOYMRGpn2CIY4NvJqqqqsNfnQ15dWkLyeco"},"_chains":{"BVng/C5MYXgmgsRh53ONRnP87AeNLO3RuphmkEOMyZUB":{"chainKey":{"counter":70,"key":"iJnAJI/x7JQYfX20HvpAlSOIaTFZbuTonNuC2O4NeIo="},"chainType":2,"messageKeys":{}},"BY36fn5s9oMLj8EerFyOaI49zvNTZP+02htsnVEZxxsB":{"chainKey":{"counter":-1,"key":"khV1SRaHiUGMrAvPMT0V9giI8j1PD8loSnN5S1/CBkM="},"chainType":1,"messageKeys":{}}}},"BWR0EEMYGKQEYJUCpeRnnuOgrWGte+inRi660+qUQu0E":{"registrationId":2,"currentRatchet":{"ephemeralKeyPair":{"pubKey":"BUTq/zPSjxzQ/cvtYPIoug6O5RXWEO2Xs3/fzSwy4mYg","privKey":"QBTMTRT0AG4ebR98BxnARUl5+kZlJpskjciSlLjI9FQ="},"lastRemoteEphemeralKey":"BV8/JzvsX2i5u8kZldxjfM0RgGrb4Vfth2vL5GqiCaAU","previousCounter":0,"rootKey":"yoFrAhdqJ0jAZUGagvGXA9OpHf0UnF9T3hjkyR66bH8="},"indexInfo":{"baseKey":"BWR0EEMYGKQEYJUCpeRnnuOgrWGte+inRi660+qUQu0E","baseKeyType":2,"closed":-1,"used":1703183910860,"created":1703183910860,"remoteIdentityKey":"BZQqwfwyZFOYMRGpn2CIY4NvJqqqqsNfnQ15dWkLyeco"},"_chains":{"BV8/JzvsX2i5u8kZldxjfM0RgGrb4Vfth2vL5GqiCaAU":{"chainKey":{"counter":637,"key":"f5YJ5RzENb4kLFlaWTQtm5ssGWVxXcTHY5ztHP3idFg="},"chainType":2,"messageKeys":{"47":"kJXGGmc1ytcMY6V+CuVbJ7Rj3x9eqKIRaFQujoLJ9jU="}},"BUTq/zPSjxzQ/cvtYPIoug6O5RXWEO2Xs3/fzSwy4mYg":{"chainKey":{"counter":-1,"key":"/t6zl78d6ob0iVCMkgRkmQaovGq2Kf+DZxrRRHTSsEk="},"chainType":1,"messageKeys":{}}}}},"version":"v1"}