{"_sessions":{"BcdQdvCyGCElBEm05AcBpAI7vQHC2hmVAAqtg71cEsQ5":{"registrationId":1901493228,"currentRatchet":{"ephemeralKeyPair":{"pubKey":"BaKxVuNJVoLjFqwLjdehUrO+K/xMKI/tg6/+m5eB0EF/","privKey":"SMyV5DWaIuQVT3vpG1kss8SilZ+ZzoY50wv6XDdt4XM="},"lastRemoteEphemeralKey":"BaKlwA2Wd888jnEyeR/bEcBBlo7H71ZhOgNqM2TBEi5+","previousCounter":0,"rootKey":"WFYNOtxYOQNx6hcdpkjHvpw38n+08hW7ZGVQVGrZywI="},"indexInfo":{"baseKey":"BcdQdvCyGCElBEm05AcBpAI7vQHC2hmVAAqtg71cEsQ5","baseKeyType":2,"closed":-1,"used":1703089980662,"created":1703089980662,"remoteIdentityKey":"BfbKaOdd84vEPWo8bSxf3lfyzfU4jSIsU6jdk0BUN2Vx"},"_chains":{"BaKlwA2Wd888jnEyeR/bEcBBlo7H71ZhOgNqM2TBEi5+":{"chainKey":{"counter":432,"key":"4SObVnT7Rk3NXuf+d9vKjSKJcI/vFmYqawEstLxmOds="},"chainType":2,"messageKeys":{"80":"LjiiaOLNIbQ39zownQhKjvzmKWptE0wxmJxUe9AtBWI=","228":"IjePHdJwlgk9lFoJcJIBSojHYB/JgJbdA84MiIgores=","356":"UhCGQyQWAy06NU32Kwqe7ywbO4dqiS/rAxaGi6KnUbk=","400":"YA6SLkgImEoPaSEGv9cwfC4czXfvDjfwNVdmOagW7cQ=","421":"IqNZ5HB7d2opaTJv8BR87zPEX5IP/x2mpAO5+3Y13fI=","429":"U6/V5M9QENmllHMn0EBHOs13IYilxN2mz9l8AXHkK58="}},"BaKxVuNJVoLjFqwLjdehUrO+K/xMKI/tg6/+m5eB0EF/":{"chainKey":{"counter":-1,"key":"U86ATQrF+hhOouzU2FVb6FT4U+NOQoqZTFLrrA3P7/I="},"chainType":1,"messageKeys":{}}}}},"version":"v1"}