{"_sessions":{"BdRAX6dTWUi/vH2KQ6xumF4ty2vE3Q5jSB6fBOkIrogq":{"registrationId":1111789473,"currentRatchet":{"ephemeralKeyPair":{"pubKey":"BT1blm1dr+ZKm0jNhMoJFSdES9ePpzbxmda8uQPJkrxJ","privKey":"UB/EhHZkGS56i1wdq/kpH60FS3w0sniK/yUd99RFBmw="},"lastRemoteEphemeralKey":"BchUUQ3RSjgwdL9qe1KHjaLWQpMIj+1KF8swpnJMuWYP","previousCounter":0,"rootKey":"hIAhTtwuZrHjsIa4NNeCDppHaE0XDIJ+mFadHB/QL3M="},"indexInfo":{"baseKey":"BdRAX6dTWUi/vH2KQ6xumF4ty2vE3Q5jSB6fBOkIrogq","baseKeyType":2,"closed":-1,"used":1703092948057,"created":1703092948057,"remoteIdentityKey":"BVFOlvS8/e//O8CONv9G4kmB5AxDrWb91qK+TRA75T5C"},"_chains":{"BchUUQ3RSjgwdL9qe1KHjaLWQpMIj+1KF8swpnJMuWYP":{"chainKey":{"counter":3,"key":"oV7B8VwW6nkBrg5syOxuQ1x/u3d4sRWIEwQi5IzJOp8="},"chainType":2,"messageKeys":{"0":"JXt3Yr2ZxmZbO+DeNuTpEnK/ouoNOqx1bVEWv20gdpg=","2":"TlGXtLxHpPN1aj7wzzD2i+QxvIB6dRE8LXNzJRlA7Tw="}},"BT1blm1dr+ZKm0jNhMoJFSdES9ePpzbxmda8uQPJkrxJ":{"chainKey":{"counter":-1,"key":"5oD2P/hWp5eKwvcezNU1OwcbnlUKCmwAuUUWuGouqrY="},"chainType":1,"messageKeys":{}}}}},"version":"v1"}