{"_sessions":{"BQFl8lamTmwGD2yTg9qofgDkJVhzxZXSoXOuvySn5SMu":{"registrationId":1955572949,"currentRatchet":{"ephemeralKeyPair":{"pubKey":"BXdpgubmqbw5m+X3FiTqWHEjcy7a6yEwM7ZFvhw4+/JO","privKey":"iMaFuG36vr5FuMcBfmQkezMHX+9PzRuYimwJUNCqmVU="},"lastRemoteEphemeralKey":"BShnhBG10eiicBykAi+Ngus/4c/qSsbYMOmZl9j/G0Fl","previousCounter":0,"rootKey":"Geq3NoTEAOCNb1PYyWlZ8BvbIWB8mZQDtNJAmrTSGW4="},"indexInfo":{"baseKey":"BQFl8lamTmwGD2yTg9qofgDkJVhzxZXSoXOuvySn5SMu","baseKeyType":2,"closed":1703200148781,"used":1703200148459,"created":1703200148459,"remoteIdentityKey":"BUkoUcVhs3IEOEqt+HfPmKiuKp7ASLVPR4fbrR4/PdAM"},"_chains":{"BShnhBG10eiicBykAi+Ngus/4c/qSsbYMOmZl9j/G0Fl":{"chainKey":{"counter":0,"key":"c1xat+9yj35GI9Po0REAB+xZSPav4a2QyTPLkO4/MWY="},"chainType":2,"messageKeys":{}},"BXdpgubmqbw5m+X3FiTqWHEjcy7a6yEwM7ZFvhw4+/JO":{"chainKey":{"counter":-1,"key":"8IHiaOaVz7gitvJ9CKzz8gwajDTYGGuFm5ZdFcI1jFE="},"chainType":1,"messageKeys":{}}}},"BVnmB3lN86Zh6qKGrJwwKLB5wPMrmsuLsAAC+YSvEqpm":{"registrationId":1955572949,"currentRatchet":{"ephemeralKeyPair":{"pubKey":"BazJMQEadguKaLzVDIdrRD4m/Z1wK7SZZRk+uYrbZIVG","privKey":"KN2CZMF1BAQ3rCsNsBqatH0LOKQPcPRwnvdtzMJ/NWw="},"lastRemoteEphemeralKey":"BQiL9lfGqpPI3aKhuMdWL7qkBJWayEbQJnbffL8uB1VV","previousCounter":0,"rootKey":"H9TO0FiJQvIsFfTT7Db/dObDo4syQr9Fn9poiNQJAus="},"indexInfo":{"baseKey":"BVnmB3lN86Zh6qKGrJwwKLB5wPMrmsuLsAAC+YSvEqpm","baseKeyType":2,"closed":-1,"used":1703200148783,"created":1703200148783,"remoteIdentityKey":"BUkoUcVhs3IEOEqt+HfPmKiuKp7ASLVPR4fbrR4/PdAM"},"_chains":{"BQiL9lfGqpPI3aKhuMdWL7qkBJWayEbQJnbffL8uB1VV":{"chainKey":{"counter":0,"key":"zsRPukdl4xQ2dYHHnqOrDUDtAPuRcPBcI+dIgTrPmgw="},"chainType":2,"messageKeys":{}},"BazJMQEadguKaLzVDIdrRD4m/Z1wK7SZZRk+uYrbZIVG":{"chainKey":{"counter":-1,"key":"GGxEraHUU73VfEMg/Wu7rDAxnMS0N8uBUU/35Us1xdQ="},"chainType":1,"messageKeys":{}}}}},"version":"v1"}