{"_sessions":{"BbwTtHhM+7aZENaPCLHbevyknZCnB/QPV1U1kV5uZZR5":{"registrationId":8292,"currentRatchet":{"ephemeralKeyPair":{"pubKey":"BVcrIqIiY+1YUWbyU5u4RNwCVQEopIXKinI83AJ/xqIm","privKey":"oAiND6aaqe8wa9xnTqbJjcDIQu7htlHML49bNsU6QE8="},"lastRemoteEphemeralKey":"BWhCvA2vpEMjaN5sXxmVFlYC5U1WzcuX+T+xGNXwpocr","previousCounter":0,"rootKey":"8Lv9u+PjDti3HJ4mT/laCfgkwTGNo5Bf5Fjic2DeUTg="},"indexInfo":{"baseKey":"BbwTtHhM+7aZENaPCLHbevyknZCnB/QPV1U1kV5uZZR5","baseKeyType":1,"closed":-1,"used":1703090239253,"created":1703090239253,"remoteIdentityKey":"BRY/12rxHZBw3jVmTpRDNG65yoSn/rZ6m/UTWuyYgblh"},"_chains":{"BVcrIqIiY+1YUWbyU5u4RNwCVQEopIXKinI83AJ/xqIm":{"chainKey":{"counter":34,"key":"ob6jNSC6avR7oqvp9/FbwEqRuGJu9urJo9IH85QQknk="},"chainType":1,"messageKeys":{}}},"pendingPreKey":{"signedKeyId":1,"baseKey":"BbwTtHhM+7aZENaPCLHbevyknZCnB/QPV1U1kV5uZZR5","preKeyId":76}}},"version":"v1"}