{"_sessions":{"BQB5Ea3e6QHlE8lwQnUR3ULMAuAaOVN1huQ/YffkAcAm":{"registrationId":236,"currentRatchet":{"ephemeralKeyPair":{"pubKey":"BSOviAZsXmlvjBnfL7MaRuQu9mVy3Aop9BwO3XfoIDEh","privKey":"mCwqztZLkRYNwWxuGnnqqL/2Zup3SFcK2xkYlZGQsHI="},"lastRemoteEphemeralKey":"BVjMSvZLfzyt9fPojq2Cw4qT9et8yPqNZLrbsbmF6EhK","previousCounter":0,"rootKey":"eHl8HBUImxA4C5DZmRU/XGr/iiPBSvR+0KQs6CCM1VM="},"indexInfo":{"baseKey":"BQB5Ea3e6QHlE8lwQnUR3ULMAuAaOVN1huQ/YffkAcAm","baseKeyType":1,"closed":-1,"used":1703090239251,"created":1703090239251,"remoteIdentityKey":"BS3r8hqu9TZvf3VlxhTBvBnv0WLUFldrTe87JuDYizM/"},"_chains":{"BSOviAZsXmlvjBnfL7MaRuQu9mVy3Aop9BwO3XfoIDEh":{"chainKey":{"counter":34,"key":"EDjKM62RZ9/2HDpLjE5hfUUrItefeIWQYnlLudOWv+U="},"chainType":1,"messageKeys":{}}},"pendingPreKey":{"signedKeyId":1,"baseKey":"BQB5Ea3e6QHlE8lwQnUR3ULMAuAaOVN1huQ/YffkAcAm"}}},"version":"v1"}