{"_sessions":{"BQqOg7M1m/T4l2ARJrCG7nilbxD83yWl6O2B/DRHYz8d":{"registrationId":1164848305,"currentRatchet":{"ephemeralKeyPair":{"pubKey":"BTzt6QrJfYTUGm1+/tCohvuHIVDDHW2ZXe5XcMRYkXs+","privKey":"4I8zf3VzS+IsWMt576AJnwslLwfiMmLaH/L6ksR1RXw="},"lastRemoteEphemeralKey":"BTq5HIa7+r2S8uvSEuyjMgtI15CJmtIsQKfqgYBEdGQv","previousCounter":0,"rootKey":"hPKDNkUMR1qIcJfSkWYnboZFkl8KYcys5oP7j3Ydnos="},"indexInfo":{"baseKey":"BQqOg7M1m/T4l2ARJrCG7nilbxD83yWl6O2B/DRHYz8d","baseKeyType":2,"closed":-1,"used":1703094194454,"created":1703094194454,"remoteIdentityKey":"BVm0a63f8SLrjetsiXwmproqG7mdWWFtk/eF5R6vrVQr"},"_chains":{"BTq5HIa7+r2S8uvSEuyjMgtI15CJmtIsQKfqgYBEdGQv":{"chainKey":{"counter":1,"key":"r+LQ4kEK/3n5hQSObEmW31ZWNWnKFW0uVkdg4LKIjXQ="},"chainType":2,"messageKeys":{"0":"bUJNorW+Ik9KQ/u6x09rzrCYSp+7yVuaZgG6I+9tGC4="}},"BTzt6QrJfYTUGm1+/tCohvuHIVDDHW2ZXe5XcMRYkXs+":{"chainKey":{"counter":-1,"key":"+3xy7RFb5IhT1ZuEW8EsskciWzlwuDfTMxBjIpKoNAk="},"chainType":1,"messageKeys":{}}}}},"version":"v1"}