{"version":12,"hash":{"type":"Buffer","data":"EuLCqJMvMpJWjFvpKFqg2PLCpz5gaWXVkxktUV9ItlmhFX54syBDno8DwTIDa3O+3xZDYA+JGOIr1vvrcOfDWArbxYlHQB0P9ydfYi2Qh3hWPgDimyXqk/iJEYC/37ViKWXRd+8GUYaCrqiATlIq1Og8iJJSG3hLCPS13CISjP8="},"indexValueMap":{"CWxKkHc6iVy+ESPGSTMpCjptc2N+Skxv2hyTzTkWgEw=":{"valueMac":{"type":"Buffer","data":"urKYVn6hL4C2wolNt3vfvKJ/Hkx5lOvPljzT4lt5Okc="}},"DZ9FqZgHJ4oKm7f0V7Oh7DOicnhZF/Bl0YSHiHW9N6c=":{"valueMac":{"type":"Buffer","data":"EU0TILD7UrMX+OGfIuriqQDJpvOELsKAhuKxiuBeqLc="}},"DdP77dUsL9j2h4bSX+hbHAZ9EFY2QzxCW+tzkilVGRI=":{"valueMac":{"type":"Buffer","data":"nX+VD+R2rwStmqRPYUY8YoUTiCIHEDbd91azgAVAKe0="}},"ECx5NlsoHfxBaQkV84eaxYWpYmlvw0SY3xmI4C9xaqs=":{"valueMac":{"type":"Buffer","data":"mBLGXl7XmrnloEJLfPusBgtIgpm2MQ+aroDZdy1HaC8="}},"GCT3JBzT4SCIwfDpLZ7hm0sh7hqV51JB7aK5U4FtimM=":{"valueMac":{"type":"Buffer","data":"W+8qXlqsaIFn30A/fcswMET+CIY72wXrUbsLsaMrjiM="}},"GbHBu/VxeNKSZFmeDSEpJryCZEoQZjqjIXU/El5/t+8=":{"valueMac":{"type":"Buffer","data":"Wx/CUVsvytD96ORGpHMmnl0B/Qt9pmNIyuZG5gMQZEE="}},"Gjwsq8Vf04f8iQ2KoFaFAoRdXwXZ3U0S5hG+WvpOBqY=":{"valueMac":{"type":"Buffer","data":"cQhRP/aNuH2legaTGTbZcdFlMpwwc9cQmIbxS5rKdew="}},"GpNG6IwPvBzymGNkMLdl3dTvf3ZHZ2U4dBK+CE+WiO8=":{"valueMac":{"type":"Buffer","data":"zIOYJp2o4eoVyyw+ea8oZ+A10ko5zwkwW8tWnw8GYpo="}},"HAkYLDkvAgn6SDnWnAMeoO1MvHweKzuznqtSgw25y00=":{"valueMac":{"type":"Buffer","data":"dSDdqUIP1VkYAlmpMyZ/XUQemw1hQFnUU/h4swUzDJ0="}},"HeSQKhllk0U4g/UlRMitQxAYCahUMi42ErTmUbNANnw=":{"valueMac":{"type":"Buffer","data":"jmgzUmDN6xCK9jn1O8MV5veR/x1J1odFPkZBhfErveU="}},"Ii2eCwQLpFoSRHztpUbSisJ00EOjvmAVJe0w9nvfKfY=":{"valueMac":{"type":"Buffer","data":"eCfPRKyn8/5wKNn1r8724n4OT3HDrGJdn9a6lmD70Yw="}},"ImnJ5gxjV91oH+zY87IQD6vWxIzUGb7WwlcgCYkhv9Y=":{"valueMac":{"type":"Buffer","data":"jltqXCcGSy+d9UjyTJs7Ldl6FE2jBPgXTDtufvsNWSw="}},"JdkcD4m8+FxIu2xrq7q8bsopVxPYO5qNx0mxW5qQeGA=":{"valueMac":{"type":"Buffer","data":"+qijfYrR5q/WmtvXaPamhzZJoLFnjyHNrR7Nn0ShnbA="}},"JsI/ry60qyjGVEfjX5heZKv5RuWbEDLoOfYGC/Cbp44=":{"valueMac":{"type":"Buffer","data":"XOy6cBN5MHaCy4BAs7qvG+2byTfCkkJGUld/x6acx1w="}},"KIHl5pEfjNNu5imWxX0XH7WsUljXXFqHUpnp4mWKHbY=":{"valueMac":{"type":"Buffer","data":"k0kpKP9apmC+Alcu5fU3IDQrUNBl09rCvzmaAfLsSLE="}},"Kb96s4VMWHrHaUL/nxKkQfODC+6pxPaFL9HOp6xQJCs=":{"valueMac":{"type":"Buffer","data":"GLqP6IVtOt1O1mUzWQIXlCIeLoX3iwGISDdrHVdHPmM="}},"KjYLBk7z9y9dZTybjFzYZ8oFc541XXHC3wKML3gMSkg=":{"valueMac":{"type":"Buffer","data":"im299BHpEjKqkdrsayYLFq1t210KRc2j3ldDVWA0bcg="}},"Kzsr4lt1/aeCkrJb6/dvmmJi0LtkhaIsBsearKvpYms=":{"valueMac":{"type":"Buffer","data":"Cmcizk60IBFZzqpH3039fQNfW3rSCDPP638XZV16Bo0="}},"LYdag6twmvvmA8FJfFC7ViZP8Q4kg0vVHOK6Wk2Ajrk=":{"valueMac":{"type":"Buffer","data":"wj2idH802P4pfVf5viqvRY7mtss4SNhGGDsUh9DIzLU="}},"LdZR3KMyTT9hsQ//URQ8tLw39oOWGVmuEhSXev5zerI=":{"valueMac":{"type":"Buffer","data":"52eLOAbytpUu2Tkfvw8g5BPfvPyDWuakBhYcFQmXYaQ="}},"L48d3gPRM2frGyIrW1DjMNts/ANJp/WevrTLKNC5DHA=":{"valueMac":{"type":"Buffer","data":"ZarHXDVaOyoyltmk25YNS6I5s5QhA5Wgl2EkpgTIxsY="}},"MWAogmKJmeFoiH7aWzeAyQGz60udzPMbkDEDC6OYVcw=":{"valueMac":{"type":"Buffer","data":"yym6e+TV1K6XH+TV9yW8LOZx34QgQEbQ0g45mHQVXVU="}},"MjFGjSfBkR0rXJ2dGoK/qjVgzyJyoQ4QAe1RH/myli8=":{"valueMac":{"type":"Buffer","data":"3CgeZQPWUqDvXDQj597xRGecBpRsd7eIBfTwhGTq2ZM="}},"NaE/q9naE3SG20mb6GrX5aygQiQx8OPS03sWOgXVBwc=":{"valueMac":{"type":"Buffer","data":"ufkvBttvCvuJDQUTDkcjWZXscypyCGntSUBbOF9dWyY="}},"N2XWtwA7671A/udrrjJSsGxO8AqBF8o1ItepxAG+8gk=":{"valueMac":{"type":"Buffer","data":"p44aIQI8gE9Hmj5obpDvdtuhxCQlyszkWxn9iNJp62Q="}},"OBWoIhh4JphkIlo/Tu1Ls1ra4KvgNVECVG/IYwLPHCQ=":{"valueMac":{"type":"Buffer","data":"0t4opa8UNwLvCoyozSUBDNVA8yvCyqwzn2Nt17++U7I="}},"OcQ8sDue+6yOhPBEwAMOb8QtLL5WTljQ3aw144RtM6Q=":{"valueMac":{"type":"Buffer","data":"uqlHhnRsDYED+EtgLPTCnrrD6NsegJFmiw9V0ZuOS0I="}},"OfvSa6iUinHFVfp6Y3wY9iTLF+0olEJ6j6L81hbdFlM=":{"valueMac":{"type":"Buffer","data":"IAMK/0c3/+uE7t/B8c84wVU+6ktGD9+VhIhpUrmktZw="}},"POM4S0bpWTurrVFXLYs9dSmFq9CtH962MLXyDHVWQmc=":{"valueMac":{"type":"Buffer","data":"iXbchqJAuKCekUma8hv7Rtu5wbfHrSA9So2Lku5J6Ic="}},"PSWjBxrjUet5tiP11J9LpXF92P5sPVmnAT/0IQcCyRs=":{"valueMac":{"type":"Buffer","data":"MUOySOeY3wiDf85NxWB1TqWRdtF47i9L6DcF2HJXyXQ="}},"PvY9Js8GKB2L6aNC2l58QDh2emDE2iDpckO93B3DI+A=":{"valueMac":{"type":"Buffer","data":"loIEu21aHyn5Ys0CwJZHtM60gufL/oXx3wCM5nhcLDs="}},"QKm8oCiVVXItq9hHSmX+vn+DPUI8WmuCsRO3+vA1ttw=":{"valueMac":{"type":"Buffer","data":"fZVJDBwF/T7b0KEspVMCTh3yk/LEdL4AGcuOO8Fr5b8="}},"QQc9yY4Tep41TaXybdkRKNkC4/6sn7vdFTDLdWYaKSM=":{"valueMac":{"type":"Buffer","data":"3GwSIyDNfT7GePWUZjt7Hzyt1ArXbAUQUsIg2BYHroY="}},"Q7P1el4iFKJy8NDQkY7WZ9oeHvhTz9JFeAlKIry5uK4=":{"valueMac":{"type":"Buffer","data":"i4gcK1P8jBnfOvn9ymGxFy2ADX+jZ36Dw8qHaftpG+E="}},"R3i7eyp/OtXwHFeztu+ENuUWvFjY5pgHw8S7xh7uLEg=":{"valueMac":{"type":"Buffer","data":"BNCNiDsiDwstjdw/SUYIYvY8RA8yVgKGBdKceHWZP8s="}},"Sb/3df5SbATVGqIYh0detgiss7FGo5NpCKj9CVwjzFY=":{"valueMac":{"type":"Buffer","data":"NK8MivgCR5xW4/YcNBaYqWPkjvwPIpHS1oICBLbp/V0="}},"ScJaO4iwA18+lE2IP6zFax7CWtyT+pdF/LwBML1j7qU=":{"valueMac":{"type":"Buffer","data":"Go3LWNdqkuafETFAiw5xhlL/FR8/ZPRvkG1g1+BNVCg="}},"ShFxLamAhKOvY0vTSzN9JbI2JVB568W5eh1ZVgdyxfg=":{"valueMac":{"type":"Buffer","data":"7pEN3mbtstARHAV/BSEqqK01XHKD7KET04eEajo1Zok="}},"Su2sYrEIV6K4KKdtj9hK8oG3p4lPZWN5MXHUrWtBx4Q=":{"valueMac":{"type":"Buffer","data":"lf+2c8zfCIbnfmbTab8EiZCbnSPxjwL9Pb4cKZoCotA="}},"TV9hA/lotIzVNre2KB+UoeSa3N31ac28i0R3qoyxQW0=":{"valueMac":{"type":"Buffer","data":"/CfYPr95A/R6TrNqJtM8FLUcW3SggHVueAjrYNmMxYc="}},"Ud2UaL4q+/sIpihJe3pVXvX+ag3AM2+7PnvUT+XV/W8=":{"valueMac":{"type":"Buffer","data":"63lqGOz8HIe0RDvPhz7z2yHiDM3F19/Udt5r5rXqic4="}},"W1AqC5F2EuP1lGKMF+6TUMeEE/2vEJPoW/UNmzZhm74=":{"valueMac":{"type":"Buffer","data":"MwTQVRMeJi4vQBkRhL4+wcK8nrw9e3uG4/qmDLPe7T4="}},"XzKufRwKo4UT640iCyWH+n7tipK/3bnVKwXzR8JA0WE=":{"valueMac":{"type":"Buffer","data":"twfke7mxXzjNJJafBgQjGcNdLQjabQtXy1jbm0Sa69A="}},"X1Qlx6nGEByiHH5sFp/R27158yjSCeriHuhWknkeTgk=":{"valueMac":{"type":"Buffer","data":"6xkVMxrMvaW4rcezKqDK/739UzJC7e0RfzadFjq00WA="}},"ZLqRaz8TKBGkAQh8xw1xzVi7cRWwp98wBdsLEYXn/zk=":{"valueMac":{"type":"Buffer","data":"5Mh010VQ+s4LdJiYQARJ2lEqh46F2auY1d06GAaj3Gk="}},"bWryJ1OpzyJiQtDk3m7GcUUksiwH6rm/MXqXiSzmyrY=":{"valueMac":{"type":"Buffer","data":"xo0BhMX82y79vs46JbFH3oR70MjQCR7WaB706ecLp9E="}},"b57/toCYop0VbPGGAXTE3szlfkid5W1NgvZi9ZhEYWk=":{"valueMac":{"type":"Buffer","data":"dDzrMCUCYWjt7gtnDYZASX4OML6tNuIWl2xEyMX0fSk="}},"cRMNEEfkLUMTKkbJ4HQfq4uqCRm2G7BstHWGmD7dAk8=":{"valueMac":{"type":"Buffer","data":"DlzktFc1UCPFqTKSMXQBDt2zsFHIMMx8LQPfi+84tDg="}},"dQUYZcw/lMRTSRHt1f0DU3XeO75xR1xlvc4yZVwXhXs=":{"valueMac":{"type":"Buffer","data":"wnzR/lIp1e5nba/SkQi+trtd1BHQo7xRiq7GiXwOZSs="}},"dWiqBDKbHUsDo/2fvvSJb223MCPSjmhbHNUNNrY1s5s=":{"valueMac":{"type":"Buffer","data":"t6kaAGfDjE04HqF7ve/qExC1UZLNHuM6U6Pcz6S3yGE="}},"dZxAiudAFboVeSt/yPHdDipa/PaNHqJr25TpEYXlIjE=":{"valueMac":{"type":"Buffer","data":"MwH4xprU7PajyKLKItmirz+obv61AQgChWGBVQxU/6Y="}},"emLozoOhHA3gM8EEGqE/J3cUrmq9ZEOiQQpL9vsi348=":{"valueMac":{"type":"Buffer","data":"Pw71kGHur7RChBrZhW6AD7ik3IpQmTT3JjfRfwaI6CU="}},"fb5ILbBz4OBH/MXj+aT/2lk6UkiOcgiG/LTT4ULBcDc=":{"valueMac":{"type":"Buffer","data":"miDNqOtWXtdPjcywbd2u/h6CcAeK51PQj3gF6tNnTMM="}},"gSZPLbNd/ORQ5Kn+taRNZIx6ngF6uKp+nkuigMPP66o=":{"valueMac":{"type":"Buffer","data":"qA3gR1ZxizvgaER6RjTDc1pG6R+iJpxY6vL0WZY5UM8="}},"hOkWBgAWbZbIETrdbGeiXB5UzGkCYoWrMzr4vy5kT78=":{"valueMac":{"type":"Buffer","data":"9+ES6sblUBgPw8DmKZolrCfDdKPe4/fpxf8L8NsPxgc="}},"hWfJUiQp1/wpeGk0WyPzG8o06PNCcerKxt4wkiQ2jUw=":{"valueMac":{"type":"Buffer","data":"4fbCowXCf5Qw1RKgNdrcFgekOOuI8tqefAESD8lhBbY="}},"iBFhlAjpDBrpnqI7iyueQi3suFYq1zozxVU6Graavfk=":{"valueMac":{"type":"Buffer","data":"VaesJUJ6Kmn81FFuUuFSHwHzzeNho9yIXyZBl8BUwc4="}},"jrn5t1OQXHZZcGa8rWENsRJse4uOhN0jJuHf9Pj+d8Y=":{"valueMac":{"type":"Buffer","data":"KPNviqfCyP+v5vHYpDj9P0B+937VgJxY4EogX6l5nN0="}},"j9KdlW6bjRX9SWSlFNNaCOBFATQxcB9VreYnPPCiGU4=":{"valueMac":{"type":"Buffer","data":"ZVeLGcW5Np5B3Drvae/euGR8toVXbmgkemJeOQuHQD0="}},"lTGs5fYhG1ReFsCQhlVuVIGm/+3/UplI1ChxsZSYBlo=":{"valueMac":{"type":"Buffer","data":"1f4J8nUad+raYSbDFy0TrOezWSDcngS5D6xo4uCwsuo="}},"lizhjXtzPkT5hqvp6+Aay14nWiHV/pJssDseOSz1y2I=":{"valueMac":{"type":"Buffer","data":"rjriUjCJvky5NOLAsYZ6S1ujyPKSeok6xK/wT/OlG8c="}},"ljiJHu6lyA9pnJ6LX4z8RnShnCnZBeDqsG4Ki/YQgyM=":{"valueMac":{"type":"Buffer","data":"ODMzjeuNwExboqoYs+tBktt52K4WsWf7Qz/c5vFIZ98="}},"mSgnCS4kTuE5/GeUmOInX7Vml+bnolxva3FOWOGlLXQ=":{"valueMac":{"type":"Buffer","data":"u1+nm8qxOXF4VfksBlr3ai7w0Fg81EowwU2732m7W3Q="}},"nKdW7MOL0aDnIdX/03w9RZf9FlhCpbm10fU6xRBRDZM=":{"valueMac":{"type":"Buffer","data":"qlZCxnBUkKeMS+GrTlyfZlrjCr0UXB6PyeXLTayLf18="}},"nWRSjLRoZN6SpTneij2E7Le8Wj2TA3/NsOXL6w+hJ5w=":{"valueMac":{"type":"Buffer","data":"br2BYrbX8WQK+HaGDsQZn2Cl0zTGYF+g5D3hVBcQ9+E="}},"ndRFKPWDGEwk/tiSswkgLNunY/2eSnn6ZVk5M0ynb0Q=":{"valueMac":{"type":"Buffer","data":"eswz6DF/4JJtaZ1NHncsBG8qXj17Qqr8nq+WTIm95UQ="}},"n3apuGwMMy2gbIQdxIH0vjwUwRIDPkYkibZ6TTfP1XM=":{"valueMac":{"type":"Buffer","data":"Z5VyYhVRiNfh7TReTJ7BzM1yjvfnp8Kkipf/DuPvBn8="}},"otlE3fXA7tF882JNoQJL51OVM8TleCoyAzbpbR4ysZo=":{"valueMac":{"type":"Buffer","data":"jeKwZsqjfVW9j5n9nyTUU/yAZA3t/sXQZzhNa9Q6DyA="}},"qxTxrOH1GugZy/CtA1B6bhbbelxr+4A+MJEBz5e4eRk=":{"valueMac":{"type":"Buffer","data":"FrV1hDEp9ZaCbMVWz2EiYDKzthTw5IedzuuU8ZVrcTw="}},"rTnlAXdG7Wx9Z56TdkfGbwkw1e0FJMSI9HatpAyJxAg=":{"valueMac":{"type":"Buffer","data":"Ul81uhuwefLIAmbxBH2mAP3Juorx8Z0nid2+LfwnuFo="}},"rwUxJjID1bKYOS0duqOcjv9x9YY/X5SYytVgiugO31s=":{"valueMac":{"type":"Buffer","data":"MGFFNpuwFelkLI5rZGyb6C8z6XIqR7K0evJe71BkJfY="}},"tVKhB11kKQWU8unIadgF5xD5bg4nkbXw8UX7+NMvtBI=":{"valueMac":{"type":"Buffer","data":"JgOU0e6/Zgtq2t3VGLs+gOoBW7DI6r+VZnaXFwCwjtk="}},"t58o3CombFcWXWdy9kfWjoz04AAu3E6ES2TgdyAZGXc=":{"valueMac":{"type":"Buffer","data":"vyICiVqbp71iCzG0DytWlJomfCviEN87owFBHOYof8s="}},"wlu8NqDu8pzNm84XS7TKyvKTO9o26o6XLJvep3aw+rg=":{"valueMac":{"type":"Buffer","data":"KjVoBjcHnGeohF7bqhZmGAn9aDRG3IfBXxZkMzXD0KY="}},"xCe1odzwVb0GfzGiiIV+wEyO43Bb8AHoyxG2xEpfzGA=":{"valueMac":{"type":"Buffer","data":"teysEkQ5o3hpgfylNAUw5dFU6FLatfRQF6bZLCj9yBU="}},"xR6wKtN8eXk+i/gF1WqRKpTkrlveB7MkVgOIp5pVz0M=":{"valueMac":{"type":"Buffer","data":"KV8UEGA/wqDjNmjypJqECAtEkU7CCxArkbEYGK41Li4="}},"xyIsbSnRgRORaRvSisvXmn1KEHG90XMwppMtViJxab4=":{"valueMac":{"type":"Buffer","data":"ddBTMtJ3IORbcej6bZ/TTQVE4qFmvfVMwylOFPuUWhE="}},"yEdzZYJ2+8RvblYv/avoRI+1D74hKDjPxYIvbFyuYxU=":{"valueMac":{"type":"Buffer","data":"G3TC9yeYTDaSmbCRr1riMmvXhcJ+AX83z16ESagjO1s="}},"yqZ7ydI5NinsTXY8Iv8IPIa7nCLa2EAbmShcHKGp5OQ=":{"valueMac":{"type":"Buffer","data":"EfXaz3/ld07So/ZIOKt/TrOt81H9KJwsCWz92u9YA7g="}},"zijI94DKi+eTJiVmtiYDuqQgKDfBSfCFlvdLeMEzpNs=":{"valueMac":{"type":"Buffer","data":"f3NJ73c3SxJMLF3ZGy3nbeZ11VR0KaKfYSnYNtL09MA="}},"0uK3LCa1JOKAF1ESnqJMBPJ3uCEoJ8+Dj5vISeFpJT4=":{"valueMac":{"type":"Buffer","data":"KoCmC0u7PxLLq8KStaUHR2M5hekeRf79ogYG81NOj68="}},"0zmz0htq/WLId6OTTq+BMPtQOLhXzInkqNjScVFGnD0=":{"valueMac":{"type":"Buffer","data":"CftVKiJMoSypbVroNs3g3flNPmu8/nJZhTB6TuEZEnY="}},"1PPw2hFKWWxqThDy48KPvXHvRmzxac0aP43Wuj9AqrU=":{"valueMac":{"type":"Buffer","data":"xlY/ps5uRjY2WhztJKC5ZnVoF7HoTneFfq5kcFFuOcg="}},"1mtaAn/Xt7mxBGE0y/cXiuKRghpbPZuyFDaCejeflRM=":{"valueMac":{"type":"Buffer","data":"WMT1+t6LognUVM5OTN6L2ewiWXFG6cds3e4RyF2/xwI="}},"2HMHW36iTmEuuF5QikcgV+2PDxTKPJ2TP4NXNsOB850=":{"valueMac":{"type":"Buffer","data":"ov1aoztv6XfzMmmPuxJlnk0ReYri6cLOmIo1XfWlr78="}},"2PrD51k88+fhUIFtfpdiasv1lE1AqDrKLQJSz3hrhho=":{"valueMac":{"type":"Buffer","data":"UOhlToWAF8/2u40vOMEzkN+rgbn7GWYXJyZtDO7LwiE="}},"2vXDmhHY0JR901gHLyl1BDA4XXOPB6DJdA3Xa635utM=":{"valueMac":{"type":"Buffer","data":"iwaaDr+NwDWtZukjAdfLGsGfHHE2ypgedoMOVPxQyJQ="}},"22nU5AixaiRT4S7MD7hGYPDIkK50swgcp+p28oTXXdI=":{"valueMac":{"type":"Buffer","data":"R2onbh6GGkN71PGmA8qX6EXDbUJy9yryZpglgSqLWbA="}},"4o9TX8ZdbqUrvbfo8yy/RyVew4GBGPfOvOwnT9yKR+w=":{"valueMac":{"type":"Buffer","data":"x94ZaFWCDi0FgLJucWQv6Dtjo2Wl7clHg617jO4KQeM="}},"5pnhD0gXyKYMvNe4gItaJtYsmPjK0QOJ2L1gdoeMWfE=":{"valueMac":{"type":"Buffer","data":"jgdknakwKnljlBnQg0wBzxNDJwnFgSlZpwtpXQaEt70="}},"7icXoQW6OJ8l6QmCNhe+UYjZHRi4ppdbl/qImlHOiLU=":{"valueMac":{"type":"Buffer","data":"haknhEDpFuarYXDG3gSL4wn1oGMUBO1XywZKNoTe9I4="}},"89PV4vIGDdi21XNdOiRahyO5tgsHGj5Q3w0OtAfWMRw=":{"valueMac":{"type":"Buffer","data":"UPkpQxM4Q+lpfmIowSTiPVxxMsIIprlgTjHURtof/Ig="}},"96GttDgNH0ypQArlckXXuegqjYf/HW7dKc72v/ZP9Wc=":{"valueMac":{"type":"Buffer","data":"G7SU+akawtH19z9M1MCsd1ZggZjgI4JFNZp6HAJ2kV0="}},"+SP+6Zt8+yerMHK73oHloysTQ8T0VBbOFbCBbHr3IRA=":{"valueMac":{"type":"Buffer","data":"ZvfVkqw83yLubRXgUjo2oaX39DOIsNulpImM+uLD8gA="}},"+gD8TH2SOwfqH7pdk/u159ORKnqdYD3r0BpSwuH4S4I=":{"valueMac":{"type":"Buffer","data":"+Plnv7fCnsZprUsMp6VJ9TU+guapeNMOmsq+Sk4pJd4="}},"+moyUMyXGh06RJ3NESXYv6L8awE9zNSZ722dywfnsLU=":{"valueMac":{"type":"Buffer","data":"XPLBGx4phsuNibW6newPIfOuHn7D01rNRrWskUM2orA="}},"+1apzXQaSG34mLy3cj49x5bSo5C4e2q797+d56ZNQ+s=":{"valueMac":{"type":"Buffer","data":"r/4nxiwzuIT/sLrlg6O6F8a2z20KxeISSABRuhlHVgs="}},"o8vgyIAPqxuC/ecBZi35gw6ozaujsAfw+MXTm9+KW2E=":{"valueMac":{"type":"Buffer","data":"d9O6NnsFv1SBXaU+jv4z43Eegc97wx4yGqzQWyXj2CI="}},"uc4Z80ST4Qe9oAkep8LwjF3oO0vwYt74JDvxGS5A90g=":{"valueMac":{"type":"Buffer","data":"iaNJlLCRYN0yJsWWHAkSOXmOOIxZ/LOYpTCURcmJtOo="}},"s6Pg1rKwKAh3MSni2vdNyrDtq6FDvRtZjDCyDxswfDo=":{"valueMac":{"type":"Buffer","data":"Dmk3mQnsftBf+vT8oR0kx88tcv3mi1ic0kOOi8KN5dQ="}},"3bYpOoSisjyL3ddB/oasxHCmmUbU1SDWefBbB7l5d4I=":{"valueMac":{"type":"Buffer","data":"adHOgbeXAxHaxUamF1MWFcKsSqnS4Bw6z4Kn5+ZpI6Q="}},"95y7m3D6ZH3s9syTj/gDg2iRyqiFM+ELmtqospxdCbs=":{"valueMac":{"type":"Buffer","data":"W0cuoMVU6bDp+4NqH77+jEqjg36V56HuMDX/cP1LG9o="}},"nqAxLro7JAAujpL3gvF+s4BoUC9NM3eJpKnRxLgfduE=":{"valueMac":{"type":"Buffer","data":"H4BN4BUNdlwmKzVPnQgcss/e6FWZ7S/Xl5gnyxl4QYM="}},"VZtEsgDfnp94N6ukadKTUm6VLk2XVLUyM+395Ud17CY=":{"valueMac":{"type":"Buffer","data":"1fWQIDxJA5Y+nhMBCc+he5ZU4rDDQ0i504/n7Ni8Lrc="}},"Fqjmo8NfR8lrf+WXcjQXClnPUNr6k+eTB+/GBjBQgvE=":{"valueMac":{"type":"Buffer","data":"C76h/oqxdnHgVU2yIeqeiwUbO2ZiGjNnH47eHjx+wP0="}},"D3po1xHyIF1UIE1lRnW3uNUJdtXe7BHdRbzdb5dB+KY=":{"valueMac":{"type":"Buffer","data":"EcLF/AGYZaaNj7jRqMga7JxrGPxCzei3/glVHNRnxSc="}},"3mp2nciuI+mobIdUeM8WWGzy4yY9/h4LMue3N/AIPBY=":{"valueMac":{"type":"Buffer","data":"Edb3PsbYxw0nyWuKSp2KTyB+RXXir01KQUPG/kMQrWg="}},"k9o0QDnJnCTJRiRaZrqlQG8Z7hj6Y9DovWi8kFz8DeQ=":{"valueMac":{"type":"Buffer","data":"gfhS8X0PaoFCW5AhVEpIlsL/nQ1jLQv25QzkgM4ALBU="}},"1SG69BAdo/QuIsQwgInshTcVno/7feDySH2940opiv0=":{"valueMac":{"type":"Buffer","data":"9PuB5klr4HlDv9sEfUnopbF8huHr809YD2gkmCbDrkI="}},"eoKYqILcdiogl32xjMxooIk/vMAwePJcLniuxBN2XSY=":{"valueMac":{"type":"Buffer","data":"qbD/S8JEDhBUFjNYoSV6cDmj6yHWSinixTwRJvNsycU="}},"pzP1Whc3Sob5YRhMAXIyfVr0B3wZitdRnZguDfPu40Q=":{"valueMac":{"type":"Buffer","data":"BemV8XWzhxvflLYJJONYcsV5wCMEHbEl5QHYe5FZvaQ="}},"KT+sxcGZEhs6kxu8vrgReotrhfcw8T7KeZ3w7GFH+QY=":{"valueMac":{"type":"Buffer","data":"23Ubzns+pQitUeBKDe7Qpo30jMbVMxMC9YrRwVRijY4="}},"c5g4FP3WLkVZKpABfSiWVvLoY5LkmWtwFV/Q4krHlMI=":{"valueMac":{"type":"Buffer","data":"MSIWTLbrX7qwkUAvBgdfBAfh2gzZ/GcPFldtE8oJE5I="}},"26zlPMI1TmOEM+ylThrOvBGnozmCRBKn9IZ5OPVeD/E=":{"valueMac":{"type":"Buffer","data":"x+GIUp0WYEyg5Eof/Wo58bOao2FNvIX6QGw6LAHSxWI="}},"YJt6/jxS4GHeTVogNL0EXGLigwQQGfcfuwFzBSEg28g=":{"valueMac":{"type":"Buffer","data":"OUnojOnITONB/lsn3CN/6Sy4kqAYIMLYdj7RrorFgiw="}}}}