{"version":9,"hash":{"type":"Buffer","data":"fkMtEhwwrinn1i1g5f5dglxsRASPUz++u5p8Q2yU3R//UZ2RT4vNH2VBS2FsV54oM/Qqwriy5z+FCrxzZbF2EFyLoiuk5RgvZIhpse4HepM9ah78p6Jxi0Q8FgtQGLJLVLWV5iHjJBSYFpFfUJeAibxjw+p9SCNlMTijQ5+rj30="},"indexValueMap":{"ALfgiMxpyW3TCDcxhcmPXKDgIsVcfhevyIxuIJVgWE0=":{"valueMac":{"type":"Buffer","data":"h6aeeXDG+7aihpce2FhOLfuFPeZlHUT0Jq9bNTfra9w="}},"ASiS13NGXsBg/1QB8kvD3soBxjUnRtO/uFRPYLHYlQA=":{"valueMac":{"type":"Buffer","data":"OVnGWnj8/vrPhndIXpMrqVjvZVwKopWILxAod21d3n0="}},"AmneC9lXUbqU5xcYsxtzAvOTQW1I1hhu7PW4lK9G61Y=":{"valueMac":{"type":"Buffer","data":"XOatGKZ4RnjbuT9/VthnvEk1mpNHOADQ9asNWTbVEy4="}},"AzATRM8fS/qvr2UPQ/zsdeRd0/SF8Yv/kDpD0tSs5Qg=":{"valueMac":{"type":"Buffer","data":"/D6szr6BYka6KnpfyuZH9MYaThVmPGpdqepPrhyDGS4="}},"BMF67Nwk21oybyXiB+w5rUOgMcuSxsZCtueIwSy6lpU=":{"valueMac":{"type":"Buffer","data":"F/7VrCij9FWbZc5SUIo09F7iXBKYPtJoELXZMSfdC8M="}},"BQNl2OH0D1OaRXv77Evam3cPFq1TMuGaZifAVQ5cp5s=":{"valueMac":{"type":"Buffer","data":"ticnauKo3Y7k9dHlo4rTwykEQTQimc9N2P2bvDPJbgo="}},"BcUzrnIZI3ZPH/43g8v3W7ct8eYMtOI6zLSQkUVZKG0=":{"valueMac":{"type":"Buffer","data":"mmM9Tfu7rYOx54C5BVOJaLl9oLmHFtbBc8QY8q+92zU="}},"BiC9bDwLBU5SONSRrLq8eIZSlyExOC7QuxqiaG7Bbcg=":{"valueMac":{"type":"Buffer","data":"3X7jd5WEeTP1aF6znJ7EbXnCRpZjOmhAiGDohA+wK6w="}},"Bz8dvInkJp+Idx4LYZn81cwQwvWU8I72HpKhrWm+Imc=":{"valueMac":{"type":"Buffer","data":"Gt7lvliK3Qo2HWdWbzLtRNTvj37Q5QsgrzdiDRbmdrU="}},"CCsStHoL3vNmWTtpw491/5VTAnh47bjC+oD5D7sr+Qk=":{"valueMac":{"type":"Buffer","data":"u4YRGhFw/OufUNAtf78AF5Om4NYEnrQz+klOmewRsXw="}},"CHqvgD8QhnN83rgWZfYqJ/VPR/YtM+SIwyVHAcV97Gc=":{"valueMac":{"type":"Buffer","data":"W9nlqwtRcDSyXXepQmSs9qswTb/RvUPUZs45GR6vtHg="}},"CSasddBhiLNWW2H43I71O0gIFbabCGnPgU9C+zXh0DI=":{"valueMac":{"type":"Buffer","data":"lI4K0JgRy0sXT5qqTB5RtOzYypHaaANlgoWHkLm3uAA="}},"Ca5Bcfaq3kWKa3M4qnFVRt4xhntw0s1g+66b3xc3J4s=":{"valueMac":{"type":"Buffer","data":"2v4vOHunS67u3x8H5hZfJDcPwl/zF4SjeeZQCSmTubs="}},"CkN9vguh0Dlzgm3DW9dvbJwvFEy1yfSYxfAdUc4oD40=":{"valueMac":{"type":"Buffer","data":"XVPHGSlYoCJnG1JD9JG+HSqqfqCZA1nKi80Vluh8HRI="}},"Cw7mDCac4fEvCPxj8x1jhuSZjojeAWiwI8XLeaXniKM=":{"valueMac":{"type":"Buffer","data":"HPtQz/MbS2vf0qosxEPt5n72OLIAwr/3PKI4iSdm4PA="}},"C17fA8f91maeQ6pXHITgWuUTRHeY/FYelnvKDrMMOu8=":{"valueMac":{"type":"Buffer","data":"GF0JbPHE4kRgF2b98OZY6L+nMBi0GhRhFbn4lMWZsqw="}},"DSrXXgoSzsKAlZELjmsvfzeK328kukwDX47ItdAEWRE=":{"valueMac":{"type":"Buffer","data":"70W/cnymFSVmzXvgLkUPWwKmBTSrB7edP2vihaVOuZs="}},"DegXgldH1J+HcnpHl4F9A0DXuOuYtSF075we9gHX/b0=":{"valueMac":{"type":"Buffer","data":"md+xm8x84oZ/QKkjngfaijmpalobzBgWH5HPMmFU3+s="}},"DhyRkqG1nW254niNBmh/qAHtsfHOZursfN/GH5hBFxw=":{"valueMac":{"type":"Buffer","data":"Lg7CmKy319tfLaCdV3t2NE1DcHar7ew1fOkZwlmDX+U="}},"DyvKc8d3jz5b3Db3I8+52M+lGYkCjxZPUca/lUXc5BY=":{"valueMac":{"type":"Buffer","data":"d82gOvrNzmovjABBd7KbnPpME3o7yR7EsNXVDLzN1SQ="}},"D1tLWssf7KIeHaL0xUZxMlvFos0vDgT38IiUj2i1d8U=":{"valueMac":{"type":"Buffer","data":"Fk0IoiN5QL/yN+3n2WBsz+d5SXWSrrPw4zlUkCIVApg="}},"EYEtS/yUMxSG0OpibE/G41nLPFCStiirYHkUmKQZDrE=":{"valueMac":{"type":"Buffer","data":"9Cn6Dp02SIZcKLi45FH7IdTJV8rKy+tY5YHNIxWsj0I="}},"FDzoEhM2mbDUBLfMAg/vnVlfLbFM7+8aoZyzKxNhDtc=":{"valueMac":{"type":"Buffer","data":"1nq1L45I17AO3MjMtG4DoWYnQ6UnLxqNVYnHi9szsAk="}},"FVPeKSoi2VQjO8SYuyr7vy/xHgYdcJGHYxr8pzogNm4=":{"valueMac":{"type":"Buffer","data":"koIZ5IVTbfaoF5QHIdTXr6B6l5/BgTmKNhblt0cp1IQ="}},"Fa4PHkUMLPxG3j9rlkFohQjb5bjB3WVSvzzj2FmS5wI=":{"valueMac":{"type":"Buffer","data":"ufZsmoN3RwY7MN8HSmJrhlTEdf4i9vt2nDCyPJd6G8c="}},"Fp0pWBy89E1NFXGKG9pH8lfQK22u/Xy7AvK9fdKVj9s=":{"valueMac":{"type":"Buffer","data":"2xiL2XkHWeFt5x8F8qZKjbdIYIrdt3PQfeKbj9UHwPo="}},"GlCqGDqSMKa1aLGgR1L3OrtNxoJif9OX7B/H1hK7Wn4=":{"valueMac":{"type":"Buffer","data":"GXn7Pk1IdonOAKT6PKIElemELAj7TIklYsG+LCSdti4="}},"Gz5jHatsQj0JrI7cXGBtAn+bvv+0FebYmMbrL91Mn6A=":{"valueMac":{"type":"Buffer","data":"yNqsZgdC7Ns4IlBQwzuAxYYiOcXs2dmpdZUcYhs79+c="}},"G3EaqexSUYqYU/Ne8xVMWQBvbi2f2PvSVmdgTwOnnTI=":{"valueMac":{"type":"Buffer","data":"SHT8b3nfYvF53yAMJ4EIfdip+ydePCEuHOhrr0Qed/o="}},"G78lggj9cxizPpiZV2euc04n5gHGwVB6I7AHtWY4Iwg=":{"valueMac":{"type":"Buffer","data":"V4VWXWv59SYDLFyGxIzxv3TmRYAIs6+CSaBs0gfZF68="}},"HlWRc9kPjgQTFuPj4bEvaJlyUN1/3YCaG3bTy1iAjAY=":{"valueMac":{"type":"Buffer","data":"3fOfihMf9ecfhQNX28A2v3Hb6bQkihj+WXCtotZQrHA="}},"HsM1ydhGSxrvVi7Xa8yCSXzEIrdw/iAkfxrGBnWZGmc=":{"valueMac":{"type":"Buffer","data":"8tj9slE4wzT2uKO1P60zHL+T/ncvEN+YSEpuyYdfj2U="}},"IxVwtp2TZD1AdYDANyioPZLgN8xxFp+y23xqLHZYshw=":{"valueMac":{"type":"Buffer","data":"1reX/sYai9J1nDvedW2uKMiIAxePkNWy2NOMPvwVyu8="}},"JnA3AMKGa3jbE1ZN/53OnM8qmulkhyaLF1Gg2Y4L8uA=":{"valueMac":{"type":"Buffer","data":"v/Vp+ZLFZ2358YECKyVnXg+Tp+kp6KsFwzzjdCqUbcM="}},"KFqp+8Pca+pP22NZ7zd2LsteXDTTP2btfphHRHatFdY=":{"valueMac":{"type":"Buffer","data":"SjrwQOSu2krEdljB1+mSP4ce6VtxmjhSnzgosSdjwKM="}},"KzVJL4nMV6ONCfHQZQ7pWr4s4vjaLJNuaiggMeWbOuE=":{"valueMac":{"type":"Buffer","data":"LAk6xOIV0R0pxZAhA/SfQEB9nipY6fmbbphykas0TIE="}},"L9Y93pCV9lDKzRH4wxfemZKM6o2tx39Ya/sM6kJkPmA=":{"valueMac":{"type":"Buffer","data":"Q/Q2/kIQeqOJhzmhj1IU1KJkNCedMmr+pjfVa4Ey+uE="}},"MA3UAl9vvjiUEgmNQbTKvo4x/DaI9A/NEShgB6kNljs=":{"valueMac":{"type":"Buffer","data":"QKfD87ciffxpR3XmRXrBWeWWBGxeFpLQRkg7GRXNLFU="}},"MimhbVUAWGotSSmc9dXQMtUZOVLZoLTo9aml6ghRteI=":{"valueMac":{"type":"Buffer","data":"sgltc9lXM7pgI9V0h4zRsIaW3zknD/5Ycj6OUTx6U3E="}},"MoYFCCefnfqSFHOC9qGFc+G/MaqpswKV38eLeFVPmnc=":{"valueMac":{"type":"Buffer","data":"hkxH6j9tUW8a/Nqj7KatZ99iiwZzwerslIudi8zdOIM="}},"M3K8EuOkCjmpTvV4dHKBTH6+RRmu3LNfNrHGXK+yVzM=":{"valueMac":{"type":"Buffer","data":"A/u2f3jH9/JvzT/8CBX2LwGi7igOz459yoD4HjIplIY="}},"OEocWyUi0PCSiwrs63+oox0+Rxevq9uRfBztWy4GrkM=":{"valueMac":{"type":"Buffer","data":"k8cm8mjTzSdPUrm1GMhF5dZ1Yvu3ojloOX7/GIjpPK8="}},"OHyaOEz727P8/HfUKM8qoKwThCWZSsMb+GiqD/UJG6U=":{"valueMac":{"type":"Buffer","data":"T+Tb+Xp9k716QhbtlMxt/LitBz7PtxxXb8Nstzn0hNQ="}},"OH1lTZ0kmBAPpjnspB+1Xs3uOfCF2a0MfXECG/lYu18=":{"valueMac":{"type":"Buffer","data":"8iPa+N57S/6wfJTe5FcjSZK1YtdwQkbFYmmcJ1cjlVw="}},"On/hljxJazR98MfMiiDipPp1gNMRQ0f2Z2l3hldlmMI=":{"valueMac":{"type":"Buffer","data":"3K3+5JY5fil0WIlZbBHuRZxFOsHT9sj0krQik9MsVGs="}},"PPyoGUfkYf3QgSPpvzM9A0fJS15vykeSTO19nilrflo=":{"valueMac":{"type":"Buffer","data":"+B++BPL5f0WVdBXHI1EhO0yrGyrSEhRx4A9sgBfOM8s="}},"P5y05LUOJ5L3dy9C6ruPAFggZisQ+Fpx/RLn2crirXs=":{"valueMac":{"type":"Buffer","data":"BtNiXEmBGPWaUAiUlU3YVZ6L1IQYBVZUzW7g4dp4lYE="}},"QFwPipDEScxZvfN3YYkmC66+22u2J04gvg3+lYwIb50=":{"valueMac":{"type":"Buffer","data":"Pt43fqgtqAHux+B0iMmwfu7YS5FvPsS4kml+ypxIG+8="}},"QMgA5rKJVKEoduiRJ4pBFzYPwoshvTPv3AjIx4jUcAE=":{"valueMac":{"type":"Buffer","data":"WvqMuxZKvMFKfa4+KziINNahIDZ73qa9njMNQmdd4UA="}},"QZN5VMdp3wly7z33K52BRhXZ/OC3Xr7RLEuni4wxelY=":{"valueMac":{"type":"Buffer","data":"llz/0dIQucSQGlo4ib0PmQ5INOIhqSnyWyuOEVNZsB8="}},"QrBYU94ILBwKruG3eC5Bt+GM/IvOmV+uOAsYrzek8Mg=":{"valueMac":{"type":"Buffer","data":"yiM6ll34qDu+fkMh71yWUsZd/1D2Cdm/+xK6RCthaec="}},"RFUv8Y+H36nQuYXeul5MPV5F3XHGdqiwx8bo6PaPSOw=":{"valueMac":{"type":"Buffer","data":"ys/RwwhxfpUV0xkI8SwIIsrQ5sS5wJ4YVAq1UxK6HOM="}},"RI+Y7sPOf/qYyA7GXgtQ+EI89FgDYnVEeRb0hjRgcJs=":{"valueMac":{"type":"Buffer","data":"nk852x1j4LYcAOWxj1Av9Dk4PsOVjvk0/bDw7qQpES8="}},"RTVhXFHLFnThgj6DsfEevjKeSPia3Epgjr7TcRCgO68=":{"valueMac":{"type":"Buffer","data":"U5KcHwQw7sJSpDLh1ans5T0XNFzbnbhNplceEauFi4Q="}},"R22Ib5r2wN6uaeIeoNwRYTDIfZV3+b9UUs5jucmXHE0=":{"valueMac":{"type":"Buffer","data":"bOGNcrj69dl5qWeWrVXHvFASHWJX0ZWrIOcbGr4Yst4="}},"SHhyr5yN+5nu2/Z3pO1sU37qCIYCZqtNOX+aF3IKFQw=":{"valueMac":{"type":"Buffer","data":"jhA7PvjtGaLedf/JEw/qkhlSUXzwwUQoLOHqo5Qas7s="}},"Sga2EKTYBOSpS/5PB9zXTawvNz4sqES+hEHNbwk6ycQ=":{"valueMac":{"type":"Buffer","data":"xoYvF9VNTTHmwB/MlVU7AJ6jYdGc2EwTqc3A39dspOI="}},"TvbWH69CexepECWMojvv+FZeGO16DlvyqJnsPYkmRTU=":{"valueMac":{"type":"Buffer","data":"76XEz5dNXPCjzi1bba3ws10D9Ggy43KsRlCj7IRyd3Y="}},"UDV5cp6FhWyhskY75lWsaz04asrCPWmW/ElWDg+fBMA=":{"valueMac":{"type":"Buffer","data":"xhhUBl3++r6AkprzqLu4yTWsvjajHcnqBvcqz1sHua8="}},"UHKSKSf2p6ck9wH7tX/9KesMi9FFFclsEPWg5p4bSjY=":{"valueMac":{"type":"Buffer","data":"4DRa0ap9oWnlDNnjfXx61QWJbdviJqSDLDUuIkzJOkM="}},"U2IPRcskpux2yqPuSHRTyn9iYsFkwkcTqPiPSoCNGno=":{"valueMac":{"type":"Buffer","data":"mDwn+VHVDpiMQ5Vr8jpQNeLJZrdT9uOoEjd7OBJpp0k="}},"U28/jUcvFUMg86Xga7oudIcJCK9M5BfSU1FtydXfpEs=":{"valueMac":{"type":"Buffer","data":"9j94+V6fD5bMFqidYlCx/t6J6EC3LEXNbZwLguibQk0="}},"U/CCQuQRX5Q3q+/JQVn2poDjxpJAeW37aar54xw1yxU=":{"valueMac":{"type":"Buffer","data":"lm/cTpY+3QKpXnnOhGpjuaGCHFt8iHov4KTS8EKHCQw="}},"Vo4ot94z7vd3ozSCpBuU+M/KU3/tK7G4Uvb92jqSMwI=":{"valueMac":{"type":"Buffer","data":"FnP/RfrwHkgIY79YvzB33WdEvgySq9++C3pb0qBDIUM="}},"V5M6Jnst1SK1Ukfem8FoZFm4vgl0SxSS5HKxM1kYTfE=":{"valueMac":{"type":"Buffer","data":"VQuGeyYb1pMEhEd13Vm5JUkYXra4dSSbA+nSbv8tCdA="}},"W3Goi/dZYAaUbaC6jxC+/7tT8OvyxLPp2Y150WdLUuQ=":{"valueMac":{"type":"Buffer","data":"agaz+Y576x07sVzu6ioQ+kLBsn30Rk8MVoxLFMG9j/4="}},"XAnpwMQF5yTjzznrTdMF1NAR9SEYJNPlAfueKjibQcg=":{"valueMac":{"type":"Buffer","data":"pQQMB1HtxZLJE8zVpY2S5gqnvnDF2UIr8+QfwnGhVgo="}},"Xcp3HVcAQ/KkoDmRObruYHDVfXOkMKv725MrDbJ8J6Y=":{"valueMac":{"type":"Buffer","data":"Jc4XdswLHyKdVokEba4OgscmCvi31kIagBiw0wt59bs="}},"YhrOnPM/lg4ufyxDhgXFIF3mAjd///z5iDBbKXtkZhA=":{"valueMac":{"type":"Buffer","data":"YgjoWKKZLcjG83xWe3Q3ZkZ2fBvz79mjUq8RbIdPfVw="}},"Yk0pUdgXOLSe9NDPTWwfZ6wu8DkK+LwN5CBguiPKJXA=":{"valueMac":{"type":"Buffer","data":"sE5wCn7HgvTjST/SSL+v/TxLIvAp3uOoxA+YdFNbQB4="}},"Ymw2MD54RrpJumbkIGK6lQkKxAPra40spoKL0t14s4Q=":{"valueMac":{"type":"Buffer","data":"AtlaRie3XkcKxvRPpxHxZzGMhm8cT/5SAdujIlDIkk0="}},"ZDmOTf589RiZ8mQpTseAC0Wylkm01LhG7KsJgxj1jmM=":{"valueMac":{"type":"Buffer","data":"LgcTMSWTK7okZ0zDtvhwUiG/RzovmrFGdkHFyf3b5X0="}},"ZQIqC+RcvwDQyWgcAbD4icQR3L85U2KzWb2+Y/btgHw=":{"valueMac":{"type":"Buffer","data":"j+DNv0xKBm6/p4AgsAugtCNeDZYolcB0gUwNqCoyBXo="}},"ZZbqtGk42BQHkBUovZimH2QC++DmzmAa3QgJ/ovv97A=":{"valueMac":{"type":"Buffer","data":"Z0GBMTWDUO5Qe0KmfsbnemN9Yb/YpV3gLTYcBz5EwhI="}},"aAFWuGFBaRHQmvJHt5pm++Zl0HJQZBy2SkXNQ/ugvQ8=":{"valueMac":{"type":"Buffer","data":"0r+5VX/ttJ3mdchiEiy+K4FgvQ6pCFZcsrO8qnfoZL8="}},"akQfJre9FhLnZcoEQnkSzJ4uBH5BK4KpMiGjbfiS0Io=":{"valueMac":{"type":"Buffer","data":"GKO7xpB0Dz+IUVOJW27d74T2w2EP44BFjNmiJkXBA80="}},"an/iNGrRDreotzxHmWYfKu6t3DTbXG2YV0AYW6KrzF8=":{"valueMac":{"type":"Buffer","data":"KCn0W0YcJYWmYTjHrKawCi9UElZ1XOguLMZoS7ZtD5M="}},"azFGLIx2O91ix5OJIs27ClqGXmwZeXgdXRQlprqiRU0=":{"valueMac":{"type":"Buffer","data":"WHZUMqFBbWBpn2nQo4E/7CrS5w3jwsbls8yCS8yNT7I="}},"bnw0LBQ7SUNHw8cgxFiW13calPavoUI9V2U8Usx9ayI=":{"valueMac":{"type":"Buffer","data":"HlxPFLl5SOgHBcFPTWlTVo3tWEityGIs1j9U8zXoqDg="}},"cCQDWC3tQ4WqFNYPE5QxvscTqeHnABz0VGCyoUWcUIE=":{"valueMac":{"type":"Buffer","data":"jrD6vI8Zg4SJBnVl8yItTrdWxkimpTrhBpBRtVfsUks="}},"cEvgEeVzAdMTHTBdLwI/DaCJSJVYHYzCAdSM74gMKwo=":{"valueMac":{"type":"Buffer","data":"6eEPC02jgTLt31wAg19A3Wc5kd8v3K+7cxQ/KP0JjH4="}},"cGi8bDrbRkcjvB3CUzTOdLRy3alybwcwLBlg7uZ3sg0=":{"valueMac":{"type":"Buffer","data":"sWTq+5PikrzjCNTNpMaa8OPcHTO6vTCFDAIWF0ctxZo="}},"cRZvutMLCCweptxjh4Cy7x4vnffIKqyFXZ5vQaQDmI8=":{"valueMac":{"type":"Buffer","data":"QqgZNKyp4XAIG24SUyatifnQk5705gQwWtHxKeuUMOs="}},"dBA0kON7N5PCu14XkQYzdlYZUqzifMVpJL7DrvdtBTI=":{"valueMac":{"type":"Buffer","data":"QTLEpgJNGnCtDGUj1wcvaLPGRYhn+W96sdhrAwmay5Y="}},"dUpM7rXqDT8q5mvbT84c4wj75rW9Q2kuApGSWrie4Eg=":{"valueMac":{"type":"Buffer","data":"X9eVAGzxuX2lQr/4w9ZHQhal+RnZkQgFb5YkzyKr2MA="}},"du1He8FteNv+gAY8Y8uPeVnT8XRwxcjDlz5dkHl+Mt8=":{"valueMac":{"type":"Buffer","data":"kGtpDT/MSWQdSPnBB+QwWi0XiM8056cOEV7hCkSMts8="}},"d04Y3P9swCDRpzrB+HUo0x4GMtRA/zdPAQlM3tvxPeo=":{"valueMac":{"type":"Buffer","data":"rvpEVkN3AYcnfhQsDKfkRoSvEDEThbfZqwZcV6HiNZs="}},"eIJQ4M/vXF3n38a8Sz8wcWvsWv+sYEeZcqWPY9JkiTU=":{"valueMac":{"type":"Buffer","data":"ZTYvmQGaYkB9mb2On+JosrzL5GK7nVcHU9uJZNGIN+0="}},"egxdRuvEmKu07rgydSZsRTV1FbQQ8R7XeZt4pKfBhp8=":{"valueMac":{"type":"Buffer","data":"JD5Cp9qk7+hF57UwoUW2fDVqrfbVUFUFX8OURQeaOIg="}},"eg471KcZjtujVL4AJhwkoT1i9w7w41fjPhw2xrAH8mI=":{"valueMac":{"type":"Buffer","data":"mSdr7s/0bf7xHKZZifbvq5ZCBWXUaIal042vTw82O64="}},"eiXObDv7W2RjVrgxZmEoYk/nF6aPuV4cn9jTE07Xy2Y=":{"valueMac":{"type":"Buffer","data":"FN9dmqzhbAHx7hDSplPFJXGQBK76sswHOqneBl4TjLY="}},"evsC6q9rIxAMfb8dgs/otpOO7m2Yc1a0JMI2+eLbuxc=":{"valueMac":{"type":"Buffer","data":"NoXc6tTF/qh01LmByYoo5vMJ2iIiFfwWITs4peyayE8="}},"exi1lr8cGbXVkD7eLHYXEOXRbyo7NAIBfjt7rFScoYg=":{"valueMac":{"type":"Buffer","data":"s9YdBY/VsMSK4BvgmUwLQ1U6Ep4r4FEb/vnSzNAZfSE="}},"fFudLQDMzu8tLOKUW40/QRzcxB1kaG2uEemRGHdDFAg=":{"valueMac":{"type":"Buffer","data":"GoUdtp0zlCQd0tZEPQQ/mzmH5EXSSU0RV2WtUTcZXWQ="}},"fK6GxkQIV5CqXeZc0ofrTYsnP544aXYAnSSQw2yblI0=":{"valueMac":{"type":"Buffer","data":"pmgV5BeiMd96WkMkrXimw4PUZ8hCHIgYyepjQV7Ophw="}},"fPJbSOIQPKKdbwu++VHvgjN6Yk45FEt6x60+j9L3XB0=":{"valueMac":{"type":"Buffer","data":"KjSTstkIFmdqamJk/Nk7EajmxtT3bRhyaWCYCTFRkmw="}},"fz/NlHhw/O3J+dNhoZc/R78gK63WzpvaiJ9/j8hDmb4=":{"valueMac":{"type":"Buffer","data":"kexWXNH2keKAret/lhFLkDj4/8zL2hAZu4JmMfBUIN8="}},"f5bk0Llnz+BS7K8FtXznJ6o73twaMHdLsxBJ4CCPgtc=":{"valueMac":{"type":"Buffer","data":"91UaSJAVkgvzCTne6wm6gqWdYjdfOGKiYRHMD/tHV6U="}},"gNW3gTPdiuCMz0d043ghbWOd72OfM+YeapDmtEKk4hc=":{"valueMac":{"type":"Buffer","data":"LhDyAbX9jzyS7Y4zioG+akDcPlBF43hhn6dWRwutGPw="}},"gdwM+Ws7hUIc5Y1eeNtKdb9R2UIHZTVcwBxYud3H0TE=":{"valueMac":{"type":"Buffer","data":"9+9LCkEAOZ/5e00XJrlfv9H8MkYNiitbYw00k3BNAIE="}},"gizsY4Ij5NGEMh9E0fjZ20TyF4Jf2lruC5sIireNf1U=":{"valueMac":{"type":"Buffer","data":"Ci6iJy6WzVsLb/mOKnM9aj/D98HKTQuczCds4VPXPyo="}},"gpR0+VypOvHoXFN+0auI6b+nboiWMPwhJGO0kwL4iQU=":{"valueMac":{"type":"Buffer","data":"KROdABCEovYyJMpw7BtMwEWkthRBU3YVHDPvDsk31ws="}},"g7XmL4gtJrwECM7Ypx8uN1O54tBNEiwqxo6ISC/HUDk=":{"valueMac":{"type":"Buffer","data":"0klPKOPV2lyglBlvDvY/58sH6pXpReLrXklduPTf9IQ="}},"g/BWLH1nDnRLPnuoDOJcN7nn7gcmKZpD63ijyHVwPYU=":{"valueMac":{"type":"Buffer","data":"PYQUp8mBtWqmdwFzKOBnyesLoj0r7hnnqNAB8Pr3BQo="}},"hVKN+rSe/llOujv6sdhLo7I2RJfUBnkUcv4Jetzc5dU=":{"valueMac":{"type":"Buffer","data":"Vp+GyilBRxZggwzu2GW4mXIdjmsU8GpXkeU5ACvp3nY="}},"hmsS4NRoG+Hc76oyv0Uco+r/21dYQuLh7LhbNVtbo30=":{"valueMac":{"type":"Buffer","data":"WR0AugZeq5I7P6sPwqe2b8VOH8gW3OhgzIm8oKikixk="}},"hyUSsBD/3cZWa2ct13pHJonWW75dqSmzplXIDsZOAB8=":{"valueMac":{"type":"Buffer","data":"isv8HDNLTytkxAWRX7iHYCTgs1xeE6c6wreyEXkaM5o="}},"iuflMRY0M81siNxsb4Al/9Bhy45P5k9BX5Cg9MZnUh8=":{"valueMac":{"type":"Buffer","data":"xh9ogDXJ00zbdnfkYLs6ZJNSQRm+Sl28akAz48TXOPM="}},"joaKnlZ85t/3jyspY/TVMhGTMjoFF1biCzhvg1YE/D8=":{"valueMac":{"type":"Buffer","data":"YqIpjeB/m+y5dKMxcb49t9XOUV0WxC2scMJugmsaX0g="}},"ke84srNZU89boA8ac7n7HhYxGIsig8S/nYkiFPZzgBY=":{"valueMac":{"type":"Buffer","data":"NTISSWBoW2Q99WdjfUHNkGOHztDLoICNS+8WvNA2RR8="}},"lEoYnZcOVASIis+5D3ouWM+AqYl7LrJld2lPd26g/Ak=":{"valueMac":{"type":"Buffer","data":"CAdWTp0ycdqLr7bEfFjGp3Xm1aInkS2+RYxIcnm9kW4="}},"liiSRtdEvFOjQEOI4VRBFrcleP3lMeLZ1n9RTucpS/4=":{"valueMac":{"type":"Buffer","data":"tiDZyBILVbutzUmUJMf81YQtbl8s3EgXpdCuJVNX9Pk="}},"mVTP3oIT7fU4vbqqWobbQTGTMemPD/peKNRweOQfp8U=":{"valueMac":{"type":"Buffer","data":"NtaBLcEdiG/N2vms93Aah25toNzFxdCEZ3zhN1MqFXs="}},"mYBeDKqwb3uGNn1gHAVTxeITF0XbR5VlBaTKGdjmv3U=":{"valueMac":{"type":"Buffer","data":"SyelYTv/7mvQLnQDD2O0TBEe5haCMzddyC25SF60qfc="}},"mtiymGRV43FNiShpTO0c523hXSaWO8CScAERcbfnlz8=":{"valueMac":{"type":"Buffer","data":"bdEt0zAsfQGKFx4x5Mouis4/NkGfvVnqCwQFa5u/Kbo="}},"m3SBLIK3QrbCl0tF27uuBsiZZophlORdRY3Sg57zbS4=":{"valueMac":{"type":"Buffer","data":"uvOO90gNu1tWCnfyJw3H9uonlsGwqJfxy/HcbRimgyU="}},"nPsCDnr8VqSmPp+sVHZrbBcJf4aWvSHM3c20A/DpAdw=":{"valueMac":{"type":"Buffer","data":"KPeIIGLHM4g7O86vhYprR380KPTMh0VpyH9+MdQRxT8="}},"nWPvpjPsw23NFh6R/IYfH60ORADwX2gEo34pyH9DqMk=":{"valueMac":{"type":"Buffer","data":"GYJZNO9e87en0RscncMUz0sl/Hq7iInBmfQJ9qscqKY="}},"oBg5JFCLtAmAME8NXDHWcuNKuVwtQYJ/cwW0UQCTgeE=":{"valueMac":{"type":"Buffer","data":"aLG28WOVsZSXvcMl0RWr9GIp8bqDo+yI0mO++BpDz0A="}},"oGNlpcHBHNXPUwwl/aD0o0BGE/sGc9Z5Bs5ZLIGTOBI=":{"valueMac":{"type":"Buffer","data":"ebhL2kqzRqp3oF8ojGZbqAykXl3byqOEWqneCgw9tCU="}},"oc10nNwGbFqzGvCywc4M6Od9M7bdA+6HxMvtR/t3Mv4=":{"valueMac":{"type":"Buffer","data":"9cuDZvR+EaBLzPiwY2Y7DogaY/gfqT00B7bUif+FWcY="}},"osSXnGXn+gv3HQSsRbXOxC9kgw0x30L53bx88OHahdc=":{"valueMac":{"type":"Buffer","data":"qQTclgqbvGkhtJn3DlU3XnfGcUHi4VZgxT7YYib/8ZU="}},"pFcFoo9xWm1bv67ptgHI+B7N0SIFaWljOrJzUUbLYtY=":{"valueMac":{"type":"Buffer","data":"9KFb8fPHfbS3Za9eTDUspuAmMatl5WexLqVb13m9dRs="}},"pGGIpFsEsO/QSR/nK86y22Mfse2Ph3NDMRHUiPmwghM=":{"valueMac":{"type":"Buffer","data":"ZzCqxwnWJlkqyyE91qb3msBY/booOD3cBq1QrkiINRI="}},"pJ446t8q0rAgqzQvgutnBnNyQT/cCSzPMsSRClD9IRM=":{"valueMac":{"type":"Buffer","data":"CA1rlU0W8chtVsne5r4ZxVHLmxuL6gkfT6ld2zDDEBY="}},"pc/s5EM80MxP0OCne3fSOsHeXx1RM2NZ9FbQADScTYI=":{"valueMac":{"type":"Buffer","data":"dKIZeOetwHWzQLc78gBrTZ8rBfTMp7eDOPu0MBVd9rM="}},"qLO+5fst7N7t/OrjAhF5z+obh996c9tb/IMu6n8AH3Q=":{"valueMac":{"type":"Buffer","data":"7RDWeEbEp3YjL5wRqej895Aun1RDPw34CUo/YlEEiIc="}},"rw091Mp5h3U0C3fwfd0nuL7TQ12rv6V1GCJDhdzL8Vc=":{"valueMac":{"type":"Buffer","data":"L7op29Bpd6zXpL9DHPIQR+gsQ6iW4rc1BG1bGmGMvkU="}},"scKPG+0M8TYkWAVOQlbpeozg2fyRTkc+wr2osPPztZw=":{"valueMac":{"type":"Buffer","data":"83kN6qjv88dLGakXezim6/2fW0xY2YWp4RmgWXpfxXI="}},"seXPtnSpFoQJMitwgv3Hez8aqrJdyJjhOOfHYOAqCF0=":{"valueMac":{"type":"Buffer","data":"SyrpCn2xAzPgUNZFvigYMNOJ7uPC4oIHQPYXORpjnVI="}},"sgjKTF+0ydblBhBIDt72+NQ+R/jwAdqSs4RFu3t7EPc=":{"valueMac":{"type":"Buffer","data":"v0fsrO52uJulFfUHAmiHtBx9k4mbe8hg39JDB3W5W70="}},"st63o/ot3dFaQU0XZzBQIS+zph//7vRF3ruxNFToFDo=":{"valueMac":{"type":"Buffer","data":"HFM8WvwnpzntbpE+mzWgwGC5SH8RdgC+RSeJViH90dU="}},"tpRC48EgiXtSPIbbv59L9rP0VdS03bEQRQ63VydV45c=":{"valueMac":{"type":"Buffer","data":"kqVQD2OzoXE0Mr+FbgmN+t3ddRryriORmCzmFvCx8Ko="}},"ugCZ0BO9F/gWvroVVBy/WYdIoOKA/W99TBs3vPW0C8c=":{"valueMac":{"type":"Buffer","data":"xM/SX/8vzQvrGnPFowauO7ixS2t4Fxah+OlUnKYR+Os="}},"ui0SVoyJA/Djo492AfzLgpzuAzL5Ejc77XIbnl+R70E=":{"valueMac":{"type":"Buffer","data":"qpgD/sy5CdQYbTe86eD6y8FWxUFlCQikEiE9xn9kbLo="}},"ukSbEZZH1FIkGHf9hRNAoA1eLZT86YvR8Hmg96PNWBI=":{"valueMac":{"type":"Buffer","data":"YhCe2fwuNwro7/glfcnmoxjUxjdxdvCoRxYznPFCcoI="}},"upEXYVwkeb6GgcpXldSeqYiQWE8gSft3XcE4tQYNTdE=":{"valueMac":{"type":"Buffer","data":"VnP3a9nI5sI88BW2d4jsfLohosP7ma65LZhtTDMmNcE="}},"ushT+vDS0qIItLIz7sSd+mSKeCQnR5p8VxJ6/N5/8QY=":{"valueMac":{"type":"Buffer","data":"pL0GeiQmE5ar2sKLS817y2LwTBD88Ydy8V2EI3H86dc="}},"u2R6Ae5jOz9kv3aF+YRE37vtzMf382wl0Sl7K6K6hEs=":{"valueMac":{"type":"Buffer","data":"j97lzqfpoDS4tOUlBhPAA4tA4tqp/RZsvmAkp5tSoPc="}},"vSJ2suw0vlMvkMaWMUV8TxCG7ApHPNeO3X6Yk1jMh8s=":{"valueMac":{"type":"Buffer","data":"7ViBx77Licx7PLNf517z7uq7hNikf4a5mgslgSdNe38="}},"vhyG8duc96uD5LGzlo+fw6Ur0erX+KAIQAiKyUwJh90=":{"valueMac":{"type":"Buffer","data":"RmdysGUi3gFNw+OkQN85uxNOPkRXWVgB2GakmbEfWaQ="}},"wa75XKNWZgYeX99Z4c6LXXJbt1cjgbQvT0c2C9BBpzA=":{"valueMac":{"type":"Buffer","data":"TCpS+NRnaRwkDjYvsJINSFl+h8XLSvFib1Dwo3x4t+k="}},"wcnyzRCfh9HA5JbwSUum2XcumlS3Hq/Wi7KAXI8ysNA=":{"valueMac":{"type":"Buffer","data":"BLyLW2LhDEnBsbfBmUvc13xfY/t4ARkJlKym2vYhFA4="}},"wxxbbzonFWtgtIbpG/Ch33NS/Ht64QpdpTGvr2OUOdw=":{"valueMac":{"type":"Buffer","data":"qun9lvI8S0K9hpEDDOPfzySM6JuK0jeHm+tJLHxPeUk="}},"xCL6Q9Ihobxa3k4MtCLgUkpCirFlM6RogqDSVZ+uy8I=":{"valueMac":{"type":"Buffer","data":"TBSpTkf9Pu38dhef3XsiRg04If9b7CISHkcviZElDPY="}},"yZ6NcKhpaetONuSnYhUjCbiG2pN72TtlVxGUT2J7k04=":{"valueMac":{"type":"Buffer","data":"oGT9wKz1D3EQsCJ8sGHeFSkxfRYpWycpZjSjMtLMXeI="}},"yazRUqvvMTSwbYWVgcjUP9QCxdsxj42MjbNrUr2FTKY=":{"valueMac":{"type":"Buffer","data":"n1FRmKi/erx9/q/kuTB97eyzrsvrGVdO+fL9ZVk0AOU="}},"y4oU7tahirj99p0IAXMeeNgUDRtyJkykjLrAE+s/c8s=":{"valueMac":{"type":"Buffer","data":"ppe8YaxyGfCKFDh+niOYVbatuOCHjiYzic+AZ5ApuHI="}},"zWKrqTpTY3MO43W9QS8c6CWf7VIMCjH4n7ajexl0nkg=":{"valueMac":{"type":"Buffer","data":"Fdps0VxWNqPC2zW3jHUjFfDM3NBfPhWAd9fetwrijVY="}},"zpGhlTXn7e8w+AUUcNbY4chgAcncci1yz162Q8qFGFg=":{"valueMac":{"type":"Buffer","data":"wA25i/Wxv9GWO92M7CqY/5Wnpn3TXdUR9mw0RHWU98Y="}},"z8vJDc3I6fsasF4aJ4+tWU8cWwnMnSciaXPL93bKj/I=":{"valueMac":{"type":"Buffer","data":"B5hGvvUxAuloFqfM7SyXLrlnDktF5tMEZKyzfWBjPN0="}},"z+wSIwrVUicP6Tjd42nXjvT29F0JUN+MMv3YUOID8ow=":{"valueMac":{"type":"Buffer","data":"uEqjN8+wjYVSAdSE+MVtXdbPvFXRwKLA2l1Ljsht9tY="}},"0H/MKKlpNDDHOk06vbbBmkKFlh1cb+z9e1WKrUSfnCY=":{"valueMac":{"type":"Buffer","data":"/0uMoFxpM9o58Q8P9FJX7WKWGHjUN21iThwqeD5MAzo="}},"0UpvqiVVuJOlVRlIzA4+t0XLLpofR6SO/H6w03Q2XfE=":{"valueMac":{"type":"Buffer","data":"QiaL8tSo4bXHfWdEA3r+mr9HJ2pBfE9ufXu+IPcGRnQ="}},"0ZtK2onia/39LGXUenuxZ25OJLCmoOImseaAJtzuUDY=":{"valueMac":{"type":"Buffer","data":"ayqdClfD/w2/6wxLWgSrQWRGMUggVSa/TVPqzwh190k="}},"00/aLo3QHTm7SpPn+90bz3agBc9LsIh4gFBzqrflLxI=":{"valueMac":{"type":"Buffer","data":"U4tkaR2JwfG8KkRlc/VtjLlwC1jpIqlWmK5CEoQA2rs="}},"0/ePz8fPjD1J9F6X3OEAefFxt7Ri0LoIbAw79ZkvwYA=":{"valueMac":{"type":"Buffer","data":"oIFD0914XTQuetHTuQ7QsTGwDxRwQAPI9/itmBQxOME="}},"1au1j5kypgi2m8VYv9DTj6boIspLJ2+vTfRjGmfj700=":{"valueMac":{"type":"Buffer","data":"SGBxlS4lQzsZJqe2HdMkkBGouus/Nn5VgmibnvjXP2w="}},"1iA0vh+Kb6BK/jJ2LApWv7ean18hJ/3WRNfC/XPUUP0=":{"valueMac":{"type":"Buffer","data":"/7NJ2RQTOeZeRP1dHxKBHfOA6r5rV4uJPJcHFAE7nHg="}},"1tI90zXQHgMTRQ34bzJNkbxY0+FsK8/Vz/sAAXGNxSM=":{"valueMac":{"type":"Buffer","data":"/sT7SkWohk+8AiANcyiowgwVRCo2WC/vXwj8O/SH5a0="}},"2Ni0BLjSu5GB12Jbt52zY5DZ1gRkKKBdbkiv22uAZ6g=":{"valueMac":{"type":"Buffer","data":"geoh62K0Edb8vvPUW87abErMXA0Z6DkacfQzPfxGFC0="}},"2UY0dxv+QCY+6HtdnVWd8Xa2riJeSyYP8RBKYVATEi0=":{"valueMac":{"type":"Buffer","data":"fLAAjvt17JzaFfHs7idKObZprMUQOMmjlX2mBRhIhg8="}},"3B3B85Nt47ee2tLp7rNHFevMk6jEv0vNdcaWxGF7N3I=":{"valueMac":{"type":"Buffer","data":"rGeL+/banAFEAI/IeYNNhYF0YA9eX7LVxGUe8MtjVSk="}},"3icJpMzRhjH/EoQ00a3a7CgyNy5GUB7/8l8uVfdragc=":{"valueMac":{"type":"Buffer","data":"OZWH/qS7p0QEfUGYRbIcGDYJHZeBA9/5sacYmmfl898="}},"3j9E78lPpbXxrB8UqTo/ug/AH0BucozpB89iJSWtIT8=":{"valueMac":{"type":"Buffer","data":"asrAEnvNvwb8DwZs1gMbqLqoQGFO7VMlgL1eOQi6BgA="}},"3n3iKi6CdircWLrA88rOgxd/XIQdo9M2HPDKslq8Ubo=":{"valueMac":{"type":"Buffer","data":"WLW0nPJ3lB6tTf91QMX8xxjqANdFPAYTxgidTB34Dy4="}},"3tj0apM5S4ZLDu11rMVXYi300V+lyZ+OZVyQvzJLIQc=":{"valueMac":{"type":"Buffer","data":"jV6fhG+6FDHsb+aLiAd9wM4nzF19fYsMfZtVZ48nL10="}},"3vMrNH/6LTJiyfzhlPmJaj2kK3pgTeEkd6/3RVJYVUo=":{"valueMac":{"type":"Buffer","data":"Lyws1LqPYjdzIFJMC0t8TYQe7nzaNxJmMpOV69OKNaA="}},"33HecA8dK1qhmttkdy9fM83IpUpr5pYd2ayzW3qd4HA=":{"valueMac":{"type":"Buffer","data":"57t6+3X6r2JEppzYm5T0MmuIW6eLfr2IzYtXpabb8nY="}},"35MQGM2FnDX0jYs5OKS+luweOmybq1UMevx1nH4/s1c=":{"valueMac":{"type":"Buffer","data":"bjsvfSPXKG/MCGklO4GuhPSDaJQpdXxEpA8WiJk+0Ww="}},"4KEXv/VQRgdE8fJGyPu3/pQgd8Jg3Evu03ibZYao33g=":{"valueMac":{"type":"Buffer","data":"CriqRw2lQKPB9JBeRZVEBCZFsT6dFHUu4XTUDEs5NMU="}},"4SK+TV9Pghhcx3rfan0/FtsEu1mYGc2INbCxjbZhvVw=":{"valueMac":{"type":"Buffer","data":"f7A/FAX4Z8JLEh6rD0JCg2ieuAqmkNDGpZ8jJb8RsX8="}},"4xUNNeLJf+GuzAp6uh4CAhCZkoyrIViPINbINVLKLC0=":{"valueMac":{"type":"Buffer","data":"0CoOFLtZNQ/VpglPd8MxgGTHG+JVFVtzSTzp3g7gguY="}},"4yW70c6Ebc5/G1z1ZzRv0l/L71u8ZzLfATEU/H0yTJs=":{"valueMac":{"type":"Buffer","data":"rnmObGockioX/qogFhs8rtlYWa+/8LEcSwKn/KYJZrs="}},"46XJ6y9VoXAJlFxRvONpJy/mhYP/4SNViKQLTk19ZtM=":{"valueMac":{"type":"Buffer","data":"2K1D4dIvvkZkB2rgqS8CiCs+VKg8Re1G2JcyMGZ8GLk="}},"5RBsBQxjZg6gBaHWw7+QkuWmGP7sHPbPNQ9Kx19J8Yg=":{"valueMac":{"type":"Buffer","data":"JKgasKcirZVet0X9zg41nrlUOmPTyQ4nOe5T1OYWktY="}},"5WxN/mdXfrPKrKNNfvmcg+qUYvlkflliSpnT4G82JVA=":{"valueMac":{"type":"Buffer","data":"aEVYBbP0pHAip1aYRURTxtoj0y0T7iUkpiZ05H4jnOA="}},"5bFRnBeek9Ug5K/2WdEqYoW7Gy6So/u+PKVYqwkl9ss=":{"valueMac":{"type":"Buffer","data":"VAdo23nCtX2IFPG6Mi+eQTmsjZKsMxnmVfbelv/BSyc="}},"5kJMj16C9PAxsG6Aq5hLWhbFcVJN8Tv/7dtsF9b4+3U=":{"valueMac":{"type":"Buffer","data":"TMyErPXMF9wyheA/3I1KFcO0VMmR38WUMWfLAQXNptM="}},"5rOw2lw7NifGKqIOY76zuSxZEHPMu22MHxe+TzYiJN4=":{"valueMac":{"type":"Buffer","data":"AnJjz1ipotThtpThGppLsYoeQydj1LKDGrGLgeuXYqE="}},"5uQabn354zutL1EAY6Rc5fJV57MauSvgYlr/Pyepws4=":{"valueMac":{"type":"Buffer","data":"CoaqboIFNuEEVLp+1jbY3qySwL/t0CgMJujLaQuxHHg="}},"57PHVi7vtjRiTxB7vVxbQ7VqSO/fREK2vS+KnCXhTxY=":{"valueMac":{"type":"Buffer","data":"Qmf31q3yk/upm99kIK5pqT0Otk7CDgxxjUkrHuXvI34="}},"6K+CnIiaRVIiz3jPPU/EfnLi/LdaV9ht+m1KsatKZuw=":{"valueMac":{"type":"Buffer","data":"GGRSEP5taFckhc9ewW0QB71Hx/xHAzQ9XGxcqAoOyFY="}},"6WeDovZSufPS1Exn8e41pt3PsyIvqp7skmdcVuq0B6s=":{"valueMac":{"type":"Buffer","data":"VvO+1fsvVH5/gyblkSxwti6E03lLTAwapzMcSoayN04="}},"6Xov7bXfNcaDjbJ8e6H1gP0LNNqQZYGZWiBsaMQYBlc=":{"valueMac":{"type":"Buffer","data":"ZkazVYI7DT8CRx98vVmnTsirXF6CfaEhR7XiYj0OOAo="}},"6j8dVyihO0g4RgzEQ/+DgafhYow5vNHJudtyqX32D5k=":{"valueMac":{"type":"Buffer","data":"7fHVgk8UQeazwq+ORUp4qZSznFQTmSM/8lpMMGRG5Gw="}},"6qehGxeAMYwEBAH8zzYjP6aquD1Ku8pr1WQeGVnbiLg=":{"valueMac":{"type":"Buffer","data":"O3JsTz3MtHeeVrAXSDsFekXeY989OXwKG/JO4JH93Yc="}},"7F5+aWCI/HTeSQiiv6iAC+FppsLl38CQDWHmZ7k6U7o=":{"valueMac":{"type":"Buffer","data":"Y08ZLoTBFK/Ys05F1RYdaLwqC8RgNVWjgdtFwAxAZsg="}},"7QXV7E61HYtUyhI9y04kBtBluooazIdCH9ruyE7047c=":{"valueMac":{"type":"Buffer","data":"QUwe9JE6kRFcnJLKIgn2b2QbwfdTMRJ0p3FikzQftv0="}},"8A89vmDQdOLb2Qa3AbzwyisWo9ajjynB5S0rvjgWwLk=":{"valueMac":{"type":"Buffer","data":"pmhHZwL0q2p+TL77E4zp+95k8fvYX13wLyyYUFV4mnY="}},"8TmiP872Y3RUGkl8/Mn5dfvvMyPRu74llWg6v7yNAdM=":{"valueMac":{"type":"Buffer","data":"oQ6NBVquI7Q3qsbYeexUrFlG7Jnl8WsdV9i3DcqYgZA="}},"+Rcj/ieG74N3SQ8qs+3KLNj5ulVl5pqKfCRu227JDbA=":{"valueMac":{"type":"Buffer","data":"8jf1PQR92MW73EO0oRXfuG5MG3jPRe76QDIaIsBgNa8="}},"+rWg3jynU0xvzF9Nh/Je7R7GXiBO28mTueAfaJoz1hI=":{"valueMac":{"type":"Buffer","data":"ByaDEKGrdpeSrXRyOdUpzgS1Vr6bwx1ERN9IOq1I8+4="}},"/rMr4+EwPn5gb+/ZoL5XSaFhmd55tJmxvrSEvQLF96w=":{"valueMac":{"type":"Buffer","data":"xPzjvY6n+9xsXjg2fs6jhABqvXhpovO17avO3NuGRgw="}},"/01ekboegWqjNBli3UgolCe+xtJvf18xCxmRzXkjFJE=":{"valueMac":{"type":"Buffer","data":"R5dJsu0hxBCX4+APOGcmMi78ygFh/oz1DAbZKkisRns="}},"jJuPfOF/sFuioNYv15JbWjoJR4OgHV7dAiL1ACgZDJA=":{"valueMac":{"type":"Buffer","data":"5wJFSC7i94nby1M/4ryTqZfBWHfyBvGuWZ8wd722bAE="}},"2XLtloT+nLIk/3tI/IYvtsiMLaSfELmdzepjlmsMqlA=":{"valueMac":{"type":"Buffer","data":"cbLy7QI2Nk8fGZ/LrJSs6MbB0eEyAVK3+FktolXHT8s="}},"iQgb68+lZCG2PP4eiSIbOma5jlFdohQqBdWP/ulhu7Q=":{"valueMac":{"type":"Buffer","data":"iFqcs0Iq2JWjRfTDkGX2Lvv6db+gzX7qVfKY4bgUXw0="}},"mwoYdkICNYA9HhFzm3tb/ZTsRziGmLGusEkaWyI79kU=":{"valueMac":{"type":"Buffer","data":"LH8p4yd+szt1QW9NGMKLdpcr5y+Dz5h8cE6fEg7VW5A="}},"miMI1c0mMd625UYpQ9MFbkRQD2lfWmqFitEtrOl7Eyk=":{"valueMac":{"type":"Buffer","data":"13qEwnj3AKdrNbhJsG793txT0l+GyrcC2jGZLoWZAj0="}},"HWoZInVVPdsHc5eOQjQ11AUUbvBgm+ebHZ/Mg4sEUDM=":{"valueMac":{"type":"Buffer","data":"GdLvFFwYlt5Su8xckjNFsIr+iqzxleEacm26bLIcl/0="}}}}