{"noiseKey":{"private":{"type":"Buffer","data":"mCz0fjOrmnm8xg+483TgdyIBwxu7u3fpqf8jcEk7LFg="},"public":{"type":"Buffer","data":"o4LYydJD+qNAhJwBxMxv4/oGYAy/ByrF2BTDlCI3WS4="}},"signedIdentityKey":{"private":{"type":"Buffer","data":"ABtUoiZKGQijA7PfNgzgh7dvyeHEdpDbC9eb4811YUc="},"public":{"type":"Buffer","data":"tRKHJAnvmkZ4UH34xZhxoueStBzGiRm2opvHfJhVOWU="}},"signedPreKey":{"keyPair":{"private":{"type":"Buffer","data":"uF5BtHVG1U/zmBnKH5Wt0I+NyiWu3/E7N3zhg9tn2VE="},"public":{"type":"Buffer","data":"VDj5Bcqa7A4b1eKPWbb5W5XjBQH2dacPZT0WHwFODhw="}},"signature":{"type":"Buffer","data":"tOw2E2tSCFlkHJUp6IiXjJx7RCXiyYDEMfxEmpNthpUy5egHw+g7ka72zcpjMqhu0VCmgET51QPExauv8YxwiQ=="},"keyId":1},"registrationId":183,"advSecretKey":"2DqqguZrRJtu70AySYWeXv4QSHo9KpSbQbpN4HGRIag=","processedHistoryMessages":[{"key":{"remoteJid":"923444903451@s.whatsapp.net","fromMe":true,"id":"3A39B54FC692844398B0"},"messageTimestamp":1703076464},{"key":{"remoteJid":"923444903451@s.whatsapp.net","fromMe":true,"id":"3AB0C71C4A69BF037562"},"messageTimestamp":1703076467},{"key":{"remoteJid":"923444903451@s.whatsapp.net","fromMe":true,"id":"3A9C79F2F39547917452"},"messageTimestamp":1703076477},{"key":{"remoteJid":"923444903451@s.whatsapp.net","fromMe":true,"id":"3A6E61BBB90F07B0A999"},"messageTimestamp":1703076564},{"key":{"remoteJid":"923444903451@s.whatsapp.net","fromMe":true,"id":"3A8E4EED39341F5D6FA1"},"messageTimestamp":1703076566}],"nextPreKeyId":208,"firstUnuploadedPreKeyId":208,"accountSyncCounter":1,"accountSettings":{"unarchiveChats":false},"account":{"details":"CP7C/MMOEOjEi6wGGAQgACgA","accountSignatureKey":"xHKGWZkkiYNrFDkd9Nf+ZmKS+SvJYoTa3nrE4r9/6Rg=","accountSignature":"JTr/pKI+tNH6mrZbBWeAJXA/ydJCZFJoPO8phO/ZOPv4FuJN5yRBkE2Vv2/bJUEeDCScXkzWlzcEG1KgsOe1DA==","deviceSignature":"p4Rp8xptl7BI9iljr98yr5pcfxEqDWr5mJYfsZGlyH4IMdKFPneieY/EupYfkAkFhZ0Pt2d8qaM1iERYk5KRhQ=="},"me":{"id":"923444903451:34@s.whatsapp.net","lid":"138968096059481:34@lid"},"signalIdentities":[{"identifier":{"name":"923444903451:34@s.whatsapp.net","deviceId":0},"identifierKey":{"type":"Buffer","data":"BcRyhlmZJImDaxQ5HfTX/mZikvkryWKE2t56xOK/f+kY"}}],"platform":"iphone","lastAccountSyncTimestamp":1703098493,"myAppStateKeyId":"AAAAAFOc"}