[{"senderKeyId":1463249554,"senderChainKey":{"iteration":3,"seed":"/rXnxqHx84hSMYN5tKyxph7XUgsx+YFLOT5lJH2y2vw="},"senderSigningKey":{"public":"Bd+GTO67NF0WZu6UNtWjksvUaebQJz+c+11Yd+QMPo4f"},"senderMessageKeys":[]},{"senderKeyId":1463249554,"senderChainKey":{"iteration":1,"seed":"ejT5g7Gi/OCaZIhbroMpm+6OnCaPCmVQ+U5GMaV4CLg="},"senderSigningKey":{"public":"Bd+GTO67NF0WZu6UNtWjksvUaebQJz+c+11Yd+QMPo4f"},"senderMessageKeys":[]},{"senderKeyId":906143950,"senderChainKey":{"iteration":5,"seed":"feYfQIpz6TV0FCkt7FmTQBmbDTupOjE7ZqCCVTo05+k="},"senderSigningKey":{"public":"BQY4moBsOBYHb6W+wQgX5AxvCEV/yzDym1/FuNtPI4l3"},"senderMessageKeys":[]},{"senderKeyId":581947681,"senderChainKey":{"iteration":8,"seed":"BwjvWrFoSHt+TCWJhdbGMujhDZ99hVAeQDVvuhDKO6k="},"senderSigningKey":{"public":"BZGOExCxPNclgfd0TS23d6PChK5wjBHrh/fXCfuWKDt9"},"senderMessageKeys":[{},{},{},{}]},{"senderKeyId":40366662,"senderChainKey":{"iteration":1,"seed":"+m4yaWNhtUsi8/t9T1Ev6xNgf268Fu1ftqTDHCYpfSQ="},"senderSigningKey":{"public":"BVsxA3gILDIHSy7x4vve8GaKe5mXLH2Unx9eOEUKMpVa"},"senderMessageKeys":[]},{"senderKeyId":1187980899,"senderChainKey":{"iteration":2,"seed":"5BCm9WsFNUzAVlL/cuiMLSEgOlFSG/EonBdBzVU/C6M="},"senderSigningKey":{"public":"BX2JGJjRdeXGciaik1X0BLq9e88JW6pnRQc/DAvpy7x3"},"senderMessageKeys":[]}]