[{"senderKeyId":1937409896,"senderChainKey":{"iteration":4,"seed":"osiNEMRBTXhHjpBJXVZ90D+B8LJ5o2HC5hYOaRHdzHQ="},"senderSigningKey":{"public":"Bf2wH/S+AUjklw2cOD89jihuVvI+/eAlBeOSbWbCxWoS"},"senderMessageKeys":[]},{"senderKeyId":1937409896,"senderChainKey":{"iteration":1,"seed":"9Ih9z9EAQdJ5RM+Ta40QR8GGsFUW1Lw5m4DiLrF80cU="},"senderSigningKey":{"public":"Bf2wH/S+AUjklw2cOD89jihuVvI+/eAlBeOSbWbCxWoS"},"senderMessageKeys":[]},{"senderKeyId":1937409896,"senderChainKey":{"iteration":2,"seed":"D7K5D1cRFE2GI9XFYfrPGvBvaFeyHEnyqMe0/jmYUCw="},"senderSigningKey":{"public":"Bf2wH/S+AUjklw2cOD89jihuVvI+/eAlBeOSbWbCxWoS"},"senderMessageKeys":[]},{"senderKeyId":1545972764,"senderChainKey":{"iteration":1,"seed":"lPILEz5lUV/sNpGqkgFskUgS+JkiF/2HogOx1dMlSxs="},"senderSigningKey":{"public":"BXJXFvRYaFiY7WxEjRAbzlwbhrCiaqlpPVGn3XQEJUVz"},"senderMessageKeys":[]}]