[{"senderKeyId":637797381,"senderChainKey":{"iteration":4,"seed":"tJiFmJ+1OlDPac1s148HASq7YCV/UxUnoQbeSNaop4Q="},"senderSigningKey":{"public":"BaOt/0ilJNpD/VyENLGYo1lir8+ILQlQbcNmNb8axpYN"},"senderMessageKeys":[{}]},{"senderKeyId":637797381,"senderChainKey":{"iteration":2,"seed":"vwYF8cI7Au0XDbubPGuf198DwZ2iLfEoykepk4eRlWI="},"senderSigningKey":{"public":"BaOt/0ilJNpD/VyENLGYo1lir8+ILQlQbcNmNb8axpYN"},"senderMessageKeys":[]},{"senderKeyId":112936113,"senderChainKey":{"iteration":2,"seed":"Pk7CZ97nCM5owa0rOVaXglrWjVuyqRFq+tJNDZBM/80="},"senderSigningKey":{"public":"BSqKyeA7K/gwr5FMytAzc7AsfANNStb/FmSuk+EgC7oV"},"senderMessageKeys":[]},{"senderKeyId":1627061094,"senderChainKey":{"iteration":5,"seed":"1WFFq8f9fCmfsWg/cncOLPfReYeNj36yBoI1ypNlNfc="},"senderSigningKey":{"public":"BUOlS0xPlDz9UTAvuz92owacIkeo9e1f35o/G8CuGdJo"},"senderMessageKeys":[]},{"senderKeyId":1627061094,"senderChainKey":{"iteration":4,"seed":"HrAVHMZJIPClkAhgEJalnUYz2UzekI6PuSJiznd99BI="},"senderSigningKey":{"public":"BUOlS0xPlDz9UTAvuz92owacIkeo9e1f35o/G8CuGdJo"},"senderMessageKeys":[]}]