[{"senderKeyId":1514563214,"senderChainKey":{"iteration":9,"seed":"V6pAhtCPHQGLVpkaKZHqKiSEyIdbrEjkAnGVVM+33ws="},"senderSigningKey":{"public":"BYcw8m/AxOj49jI2eBxdVT59SiD/pIFkUyCAiOH3fmla"},"senderMessageKeys":[]},{"senderKeyId":1514563214,"senderChainKey":{"iteration":2,"seed":"020CvIX+AbaGf/GbBW5J2mVTrczSnb+yqpLfb2DFpoo="},"senderSigningKey":{"public":"BYcw8m/AxOj49jI2eBxdVT59SiD/pIFkUyCAiOH3fmla"},"senderMessageKeys":[]},{"senderKeyId":1514563214,"senderChainKey":{"iteration":8,"seed":"FhHRRhhGnZ+w5SuQeovT0xXAyNBLAwgy9+vXt0+d8cE="},"senderSigningKey":{"public":"BYcw8m/AxOj49jI2eBxdVT59SiD/pIFkUyCAiOH3fmla"},"senderMessageKeys":[]}]