[{"senderKeyId":454706997,"senderChainKey":{"iteration":1,"seed":"xIsdRCC+7zneBQf2DoL2vGULXoFKsAKFsg9NBBx3dlI="},"senderSigningKey":{"public":"BaDviJPn4mVw84YK2kIG0CMuchBxitg8ZLDppFzIgwcT"},"senderMessageKeys":[]},{"senderKeyId":1468512578,"senderChainKey":{"iteration":5,"seed":"yp3u6gX689jNSiAgw3ktVYijfcEYk18/zmLU8WHRWcw="},"senderSigningKey":{"public":"BW1BNuY6siG0xMi7wleQZ4lH0caajBDnf30GHlVIp1o3"},"senderMessageKeys":[{}]},{"senderKeyId":1468512578,"senderChainKey":{"iteration":3,"seed":"7c6uSXsgjsB4XDeQc88NnIX+0Olh/KJqky2+F/vgM6M="},"senderSigningKey":{"public":"BW1BNuY6siG0xMi7wleQZ4lH0caajBDnf30GHlVIp1o3"},"senderMessageKeys":[]},{"senderKeyId":1468512578,"senderChainKey":{"iteration":3,"seed":"7c6uSXsgjsB4XDeQc88NnIX+0Olh/KJqky2+F/vgM6M="},"senderSigningKey":{"public":"BW1BNuY6siG0xMi7wleQZ4lH0caajBDnf30GHlVIp1o3"},"senderMessageKeys":[]}]