[{"senderKeyId":730068710,"senderChainKey":{"iteration":2,"seed":"hcX59jaiZdaUwZmP7gAXYBUf0PXsQ3nxl29l12cpm1c="},"senderSigningKey":{"public":"BYVOKEpUnd7pWrb9YuXY+AzKlA/rY36fqyE8gWWX/GE5"},"senderMessageKeys":[]},{"senderKeyId":168999076,"senderChainKey":{"iteration":2,"seed":"GFy8sq4pLhVFuFSg2S7YysiyeS9d2Kz+0OueCLLiPfU="},"senderSigningKey":{"public":"BdgEVL5VoHruSwNqp2tcT/taTDD3usz1llIvkl93d3Yy"},"senderMessageKeys":[]},{"senderKeyId":915912340,"senderChainKey":{"iteration":8,"seed":"fV4MeUBpNhzJEQzWcDtq0JyuW0AadZbdm66UzjjTUTI="},"senderSigningKey":{"public":"BQYYMB6w5nKLonlla/ERSmUylH9pQKxaGFOj1CFFtUcS"},"senderMessageKeys":[]},{"senderKeyId":915912340,"senderChainKey":{"iteration":1,"seed":"x8ijXzhd8PmfeyIY9E/qY9FNP9coCjyfM7WmnA/iYPU="},"senderSigningKey":{"public":"BQYYMB6w5nKLonlla/ERSmUylH9pQKxaGFOj1CFFtUcS"},"senderMessageKeys":[]},{"senderKeyId":372598644,"senderChainKey":{"iteration":1,"seed":"+6seNR0wFCXHDX/U9aL4Q+3td+oX6R+8DUJIAd4MZlE="},"senderSigningKey":{"public":"BW/CjkFW1tFCZHxOarDUGSoooochdhDuaYs8nmhIle0u"},"senderMessageKeys":[]}]