[{"senderKeyId":470493147,"senderChainKey":{"iteration":12,"seed":"MnD4zAgq3yFwAwj6N43IWrKoMw0bDqCP0DKRJxjCNkw="},"senderSigningKey":{"public":"BWdgtxl9rpmBERAYZQytQpE0NyuhqV9R3iLBiAiT6soS"},"senderMessageKeys":[]},{"senderKeyId":701644025,"senderChainKey":{"iteration":6,"seed":"UgwgIKxq7K+bpL/d6wvUv5e9yb5+YtRisVDkgmf0CbY="},"senderSigningKey":{"public":"BbXoBuj2BrWhsTKKdQj6x0wxaPHuIVNCebi/tsP0TeMI"},"senderMessageKeys":[]},{"senderKeyId":1783706144,"senderChainKey":{"iteration":1,"seed":"mXA+UlIPCt0jK74JJxJKzV76NohgliQJrllbP484PBs="},"senderSigningKey":{"public":"BZ7GMp6zjr7PRSln0ekhARpnn52WfDu8cG7u/o0lz2gG"},"senderMessageKeys":[]}]