{"_sessions":{"BRy3V2sXE1sux3/EKHqHNlg/8NfVH1GRz1x7BmVK67Ne":{"registrationId":920556963,"currentRatchet":{"ephemeralKeyPair":{"pubKey":"BbqpfY7SyEnPNRo4dkBgMmKD7z6hDRtY2JRNK6J3BkQZ","privKey":"uEu5R5kEF8bxhecJNGpv6PbeVvLS1DeV3/s1dssRY3g="},"lastRemoteEphemeralKey":"BQSogXqTy/IdzbGmDglgIPgwdx3WHCWOLEBJgZ0xpGpA","previousCounter":0,"rootKey":"e7bc7Tbv5ffutt7AE4qiHsXUA01WC+aP1p0dLH9O54Y="},"indexInfo":{"baseKey":"BRy3V2sXE1sux3/EKHqHNlg/8NfVH1GRz1x7BmVK67Ne","baseKeyType":2,"closed":-1,"used":1703141563422,"created":1703141563422,"remoteIdentityKey":"BRTQlD+RmXiEI3o9I7EEX0MyMKVssDcBaeau2nu37p4y"},"_chains":{"BQSogXqTy/IdzbGmDglgIPgwdx3WHCWOLEBJgZ0xpGpA":{"chainKey":{"counter":2,"key":"Lp3NhPZdubhCjVa0RGpzN4RTQl2ST4+s2BfiXppvvoQ="},"chainType":2,"messageKeys":{}},"BbqpfY7SyEnPNRo4dkBgMmKD7z6hDRtY2JRNK6J3BkQZ":{"chainKey":{"counter":-1,"key":"Tt1oXlM653/uflLKODUaCwi1WRfM3wGcv4yFDEh63cY="},"chainType":1,"messageKeys":{}}}}},"version":"v1"}