{"_sessions":{"BbzOSEM+cVujgLHoWr6yEkX3onobSDC+tiyZnYw5FlRB":{"registrationId":231635877,"currentRatchet":{"ephemeralKeyPair":{"pubKey":"BXuQHNHwZ1gL2BcmVu+agQ7/7QyLnTE4+b7VkbN2hskS","privKey":"0Mm4GOpyRFwb94QRGmKbzfW2fIf3t6yet4fUuafyiE4="},"lastRemoteEphemeralKey":"Bakp8IB6ZMwNbx0bIqfGpglKaIIvMJEw+htmAdALPehH","previousCounter":0,"rootKey":"YqWX/lKWJAk9O0J6WCdOiUlaoUl/VTwyz1AOhVZIuuI="},"indexInfo":{"baseKey":"BbzOSEM+cVujgLHoWr6yEkX3onobSDC+tiyZnYw5FlRB","baseKeyType":1,"closed":-1,"used":1703079064848,"created":1703079064848,"remoteIdentityKey":"BRZi91RkOG0VVLAUbQgCf5bpsroYE4Aknl2izse8WyJ4"},"_chains":{"BXuQHNHwZ1gL2BcmVu+agQ7/7QyLnTE4+b7VkbN2hskS":{"chainKey":{"counter":2,"key":"GQ/SYiD17CWLdPbNHwqpURp5+4/Yg3my/ZR+ipC8TwA="},"chainType":1,"messageKeys":{}}},"pendingPreKey":{"signedKeyId":1,"baseKey":"BbzOSEM+cVujgLHoWr6yEkX3onobSDC+tiyZnYw5FlRB","preKeyId":3237464}}},"version":"v1"}