{"_sessions":{"BR7EfwdeQuM9tetILQO+mW3xcRIVqvPT0xLF9xH1lOp9":{"registrationId":99,"currentRatchet":{"ephemeralKeyPair":{"pubKey":"BWPbLHlxZA3o+acW43bm541uxekg7/LRVu+32Q60RW1c","privKey":"uP3azAfFh3sCasZuJIgr9NG3xYDYCcm2T7qL7ftp8UU="},"lastRemoteEphemeralKey":"BQRamd+QbMq3f88Ge+ODM1P8omZaSa59lZbrrzw+yeRh","previousCounter":0,"rootKey":"II4l64L9wHJ0qQO5uJPGVuMyUZqh0NH1Cjmk1AlNFuA="},"indexInfo":{"baseKey":"BR7EfwdeQuM9tetILQO+mW3xcRIVqvPT0xLF9xH1lOp9","baseKeyType":1,"closed":1703182869376,"used":1703181748277,"created":1703181748277,"remoteIdentityKey":"BZojmHQ7/2kp40PcPyHz2j6lYSqOvsZcWFPpDtEYPSRF"},"_chains":{"BWPbLHlxZA3o+acW43bm541uxekg7/LRVu+32Q60RW1c":{"chainKey":{"counter":81,"key":"zwpj8cMBmwq/Ffjq0+86z1aZK0TaCqZSSH4XruRRnGw="},"chainType":1,"messageKeys":{}}},"pendingPreKey":{"signedKeyId":1,"baseKey":"BR7EfwdeQuM9tetILQO+mW3xcRIVqvPT0xLF9xH1lOp9","preKeyId":12}},"BZ5HdTxQ1r7KmfRtfzCKbwzLJLqpu9i4XFHJDjAXTosk":{"registrationId":99,"currentRatchet":{"ephemeralKeyPair":{"pubKey":"BXbjYLFrYKl+rAZlIvKiz5U1epIBBM8ktBwCMWmBnSBY","privKey":"4A+k+DDYR8y4iU2D6BsCbD/8Vfs+jKnLEmrOTnnLdWA="},"lastRemoteEphemeralKey":"BQRamd+QbMq3f88Ge+ODM1P8omZaSa59lZbrrzw+yeRh","previousCounter":0,"rootKey":"dKx5WOLSR+EsZHbOBhmSEixjkZ08LCcsJZc7Qzcbb3E="},"indexInfo":{"baseKey":"BZ5HdTxQ1r7KmfRtfzCKbwzLJLqpu9i4XFHJDjAXTosk","baseKeyType":1,"closed":1703182941970,"used":1703182869366,"created":1703182869366,"remoteIdentityKey":"BZojmHQ7/2kp40PcPyHz2j6lYSqOvsZcWFPpDtEYPSRF"},"_chains":{"BXbjYLFrYKl+rAZlIvKiz5U1epIBBM8ktBwCMWmBnSBY":{"chainKey":{"counter":12,"key":"tYNoBIreJHdrQDtwG2qHCPgPYodKL0AnYHY/lg75bN0="},"chainType":1,"messageKeys":{}}},"pendingPreKey":{"signedKeyId":1,"baseKey":"BZ5HdTxQ1r7KmfRtfzCKbwzLJLqpu9i4XFHJDjAXTosk","preKeyId":30}},"BQeWt5y5muIbZU7lOxVNdSP+hZabPjf01WJwwsDuo0xo":{"registrationId":99,"currentRatchet":{"ephemeralKeyPair":{"pubKey":"BehfBznFErffuLTO99QDVhYyVMye3XJFfGzyg2+cCmx+","privKey":"sIbhEHwliAYAlsRL+GzzP9deoPehecEDuRjuHTy6mlA="},"lastRemoteEphemeralKey":"BQRamd+QbMq3f88Ge+ODM1P8omZaSa59lZbrrzw+yeRh","previousCounter":0,"rootKey":"skpeiMQ3UdfwZdKJsIsuv81i1MqGiiCzSA6yyNsm1mg="},"indexInfo":{"baseKey":"BQeWt5y5muIbZU7lOxVNdSP+hZabPjf01WJwwsDuo0xo","baseKeyType":1,"closed":-1,"used":1703182941668,"created":1703182941668,"remoteIdentityKey":"BZojmHQ7/2kp40PcPyHz2j6lYSqOvsZcWFPpDtEYPSRF"},"_chains":{"BehfBznFErffuLTO99QDVhYyVMye3XJFfGzyg2+cCmx+":{"chainKey":{"counter":263,"key":"l6PoxruuhDlGi5t1j7e3V2eHINCiibR+RQK7UY2+aDU="},"chainType":1,"messageKeys":{}}},"pendingPreKey":{"signedKeyId":1,"baseKey":"BQeWt5y5muIbZU7lOxVNdSP+hZabPjf01WJwwsDuo0xo","preKeyId":16}}},"version":"v1"}