{"_sessions":{"BVChT7ETcroh1qNSc9CvezLnhHAk3X631VxkSNCwJUZd":{"registrationId":1728,"currentRatchet":{"ephemeralKeyPair":{"pubKey":"BW7t2w/RrZjJifOhjYflOg70n/OZN3u1/14Za2Rd+E5c","privKey":"cBXLZNXMaRcv81jtVgYLnTzJ9WZ+pIvbgL0lEFUIjkU="},"lastRemoteEphemeralKey":"BRAID+yMktGlefgLQKZKSOIwCktiPanCXGyoN5TDQblF","previousCounter":0,"rootKey":"Nd4gsWt+c3Uur9AgSDZJ0KyI2/EiCmhCqcwiU39feP8="},"indexInfo":{"baseKey":"BVChT7ETcroh1qNSc9CvezLnhHAk3X631VxkSNCwJUZd","baseKeyType":1,"closed":-1,"used":1703079053963,"created":1703079053963,"remoteIdentityKey":"BVKjvm3Hp8ez8TsGfMRzBEgAI43hcJVK9uPtOZDjyF5x"},"_chains":{"BW7t2w/RrZjJifOhjYflOg70n/OZN3u1/14Za2Rd+E5c":{"chainKey":{"counter":2,"key":"K1iajhcbIqnjdQNZl1EF0+UHeW7/UjUFtK1pyEqV484="},"chainType":1,"messageKeys":{}}},"pendingPreKey":{"signedKeyId":1,"baseKey":"BVChT7ETcroh1qNSc9CvezLnhHAk3X631VxkSNCwJUZd","preKeyId":1248}}},"version":"v1"}