{"_sessions":{"BTWyvDlD3PqDtaQl8aYxZHUAHRWuNFmHMw6Mv1DKmLU7":{"registrationId":1514245032,"currentRatchet":{"ephemeralKeyPair":{"pubKey":"BREB8msf4EpSwztk3LNmpWSlfPHmGesMsXA3VwO+66tV","privKey":"WEPVOysxTbmU48PTqI9fstLqRq7viGJFz9HKso4VgFk="},"lastRemoteEphemeralKey":"BemlemHYZ84c4BdBa9e3efRyPUpj6kE+ALyf+sQ8mF57","previousCounter":0,"rootKey":"NirjzKGFfc0e5jQxttCypFfyYeU13pLn628lVQ8mSZE="},"indexInfo":{"baseKey":"BTWyvDlD3PqDtaQl8aYxZHUAHRWuNFmHMw6Mv1DKmLU7","baseKeyType":1,"closed":-1,"used":1703079060746,"created":1703079060746,"remoteIdentityKey":"BZLW1Pj5y3hvYqCFM8VTSQ1cUVzo1FL8PbYQDnM+H4kO"},"_chains":{"BREB8msf4EpSwztk3LNmpWSlfPHmGesMsXA3VwO+66tV":{"chainKey":{"counter":2,"key":"w/D6aa/pPzk8SS7ocsvj77HD16VCLg9oTUvO8iHVXj8="},"chainType":1,"messageKeys":{}}},"pendingPreKey":{"signedKeyId":37,"baseKey":"BTWyvDlD3PqDtaQl8aYxZHUAHRWuNFmHMw6Mv1DKmLU7","preKeyId":1474054}}},"version":"v1"}