{"_sessions":{"BdzEK22ma/+iq2Y9UcyuHzka28cTDJXPM4x0wOZMhyVt":{"registrationId":11311,"currentRatchet":{"ephemeralKeyPair":{"pubKey":"BePefroAS3S+9G8iEG41jMMD5H9O4dobZeGXq3eeLv0u","privKey":"mKoWZkVwX9HtByBf0UDiRjfxtoAko9qDqTmVeHqudUw="},"lastRemoteEphemeralKey":"BV+M+s7s4+av4x7VzlKrzPqOQMNvxXgu96yCc4CeS1Aq","previousCounter":0,"rootKey":"RoXq9sE2ezgFA1T3ucqnF4zkegURUfxcOeGlUJyzeb0="},"indexInfo":{"baseKey":"BdzEK22ma/+iq2Y9UcyuHzka28cTDJXPM4x0wOZMhyVt","baseKeyType":1,"closed":1703149110479,"used":1703149014575,"created":1703149014575,"remoteIdentityKey":"BSCuWTui5S7Xi7UybUnaFs6b5YkTs28ewhqcKLfFXMcN"},"_chains":{"BePefroAS3S+9G8iEG41jMMD5H9O4dobZeGXq3eeLv0u":{"chainKey":{"counter":102,"key":"KaMu1eT+erYXgafe7YgNp5Y3dAM7H6gA65DoGUYd5W8="},"chainType":1,"messageKeys":{}}},"pendingPreKey":{"signedKeyId":1,"baseKey":"BdzEK22ma/+iq2Y9UcyuHzka28cTDJXPM4x0wOZMhyVt","preKeyId":938}},"BbcsAv5C+Lzw8f1UXnuGix1qsvNt0dIHilQBQjNGHssz":{"registrationId":11311,"currentRatchet":{"ephemeralKeyPair":{"pubKey":"BZF26+o+tjiWgHsxV3yoI7dsAlYXCkxAASkLZILSpbUl","privKey":"mA6asrrU1TdVUNURXbgzs5JZj91CKiQgebql3f9AGEg="},"lastRemoteEphemeralKey":"BV+M+s7s4+av4x7VzlKrzPqOQMNvxXgu96yCc4CeS1Aq","previousCounter":0,"rootKey":"bISsF6A2fCJ5SwL2pxSJYixkiDBEM5qCzbZUsG/uwBA="},"indexInfo":{"baseKey":"BbcsAv5C+Lzw8f1UXnuGix1qsvNt0dIHilQBQjNGHssz","baseKeyType":1,"closed":1703149110490,"used":1703149110187,"created":1703149110187,"remoteIdentityKey":"BSCuWTui5S7Xi7UybUnaFs6b5YkTs28ewhqcKLfFXMcN"},"_chains":{"BZF26+o+tjiWgHsxV3yoI7dsAlYXCkxAASkLZILSpbUl":{"chainKey":{"counter":-1,"key":"mGxvinUIxFCF3PSQeS6VueEJjVhGLJiYH6QKUDMyYjY="},"chainType":1,"messageKeys":{}}},"pendingPreKey":{"signedKeyId":1,"baseKey":"BbcsAv5C+Lzw8f1UXnuGix1qsvNt0dIHilQBQjNGHssz","preKeyId":911}},"Beh9sSkd0u7rU/1ul/hPwFaSx35rISYqToHPBADtxkVL":{"registrationId":11311,"currentRatchet":{"ephemeralKeyPair":{"pubKey":"Bf0JEadeqQd11eJuEYZYBOouOrMu9NaHih/vlR7XA/wn","privKey":"2Ifzp/xpJvnNZZQWNGc/NozxrsxzWdus+VTWW5V751U="},"lastRemoteEphemeralKey":"BV+M+s7s4+av4x7VzlKrzPqOQMNvxXgu96yCc4CeS1Aq","previousCounter":0,"rootKey":"cF+Rnrq5+/dJrdHjSaWGrb4OCIYn/Yt5mRfASJXik4k="},"indexInfo":{"baseKey":"Beh9sSkd0u7rU/1ul/hPwFaSx35rISYqToHPBADtxkVL","baseKeyType":1,"closed":1703149110504,"used":1703149110490,"created":1703149110490,"remoteIdentityKey":"BSCuWTui5S7Xi7UybUnaFs6b5YkTs28ewhqcKLfFXMcN"},"_chains":{"Bf0JEadeqQd11eJuEYZYBOouOrMu9NaHih/vlR7XA/wn":{"chainKey":{"counter":-1,"key":"p5+ZiBMPkRyRivydtKxXzncdzL1GlptsVMXoKki/0Nk="},"chainType":1,"messageKeys":{}}},"pendingPreKey":{"signedKeyId":1,"baseKey":"Beh9sSkd0u7rU/1ul/hPwFaSx35rISYqToHPBADtxkVL","preKeyId":895}},"BVwzRnuDKz2W8YtSLeJPaAcnaUKXD6XsuPnYk0Bdzm8A":{"registrationId":11311,"currentRatchet":{"ephemeralKeyPair":{"pubKey":"Bem0zqnMz8S/RXCUQGYyGejYAGOfkWYndJSgFgo7M50w","privKey":"yEt9L9Yfi7mRGCvpnjy1J3osbVGgq/x2Yo0NKwyy8Ws="},"lastRemoteEphemeralKey":"BV+M+s7s4+av4x7VzlKrzPqOQMNvxXgu96yCc4CeS1Aq","previousCounter":0,"rootKey":"f8zVR0OmdCIJbkeeKk//t8PC/fqw8r+N3AoRZIPtKaA="},"indexInfo":{"baseKey":"BVwzRnuDKz2W8YtSLeJPaAcnaUKXD6XsuPnYk0Bdzm8A","baseKeyType":1,"closed":1703149154913,"used":1703149110504,"created":1703149110504,"remoteIdentityKey":"BSCuWTui5S7Xi7UybUnaFs6b5YkTs28ewhqcKLfFXMcN"},"_chains":{"Bem0zqnMz8S/RXCUQGYyGejYAGOfkWYndJSgFgo7M50w":{"chainKey":{"counter":60,"key":"+ylytPdJ6gWwZ7KW5c6XoazcWYJF9IQH4v7k7hua758="},"chainType":1,"messageKeys":{}}},"pendingPreKey":{"signedKeyId":1,"baseKey":"BVwzRnuDKz2W8YtSLeJPaAcnaUKXD6XsuPnYk0Bdzm8A","preKeyId":262}},"BcqTuWrNKeYC3weO+mlSAsOaN0JqKO6ehfQ3U7UIkT9w":{"registrationId":11311,"currentRatchet":{"ephemeralKeyPair":{"pubKey":"BX9O/rfNG1tjI9dikw4GstzAgcjTwnIzNZT4cjdDvnFd","privKey":"4GgN8kV/aui1X3Tcx+jOxIFBqpjb5PVe6yFWPyNcrl4="},"lastRemoteEphemeralKey":"BV+M+s7s4+av4x7VzlKrzPqOQMNvxXgu96yCc4CeS1Aq","previousCounter":0,"rootKey":"cyJEwkRUNJD6RoWWY/Ai7ODTESHEJCaTkJOqTbvzqR8="},"indexInfo":{"baseKey":"BcqTuWrNKeYC3weO+mlSAsOaN0JqKO6ehfQ3U7UIkT9w","baseKeyType":1,"closed":1703149154970,"used":1703149154712,"created":1703149154712,"remoteIdentityKey":"BSCuWTui5S7Xi7UybUnaFs6b5YkTs28ewhqcKLfFXMcN"},"_chains":{"BX9O/rfNG1tjI9dikw4GstzAgcjTwnIzNZT4cjdDvnFd":{"chainKey":{"counter":-1,"key":"gWLmjjlxUAuC7Twm1PpHFRwmsifmeZrxQ/bHhx5O4Dw="},"chainType":1,"messageKeys":{}}},"pendingPreKey":{"signedKeyId":1,"baseKey":"BcqTuWrNKeYC3weO+mlSAsOaN0JqKO6ehfQ3U7UIkT9w","preKeyId":247}},"BazEpjhk+3froInVvF47yLFyckj90NPeHdg+TXv1+Fcv":{"registrationId":11311,"currentRatchet":{"ephemeralKeyPair":{"pubKey":"BY2yqggYb8SaZw6Tbj2gkHvrlUPonBA8wot6CVPNHsE0","privKey":"QLOEBmGwP6qvU8dkirKgLcI52ODesYIPAUVugQXm3no="},"lastRemoteEphemeralKey":"BV+M+s7s4+av4x7VzlKrzPqOQMNvxXgu96yCc4CeS1Aq","previousCounter":0,"rootKey":"fUebkMTY5tFgnIc4wKwYjSfOfB9gmWUK/dIciu35pwU="},"indexInfo":{"baseKey":"BazEpjhk+3froInVvF47yLFyckj90NPeHdg+TXv1+Fcv","baseKeyType":1,"closed":1703149154983,"used":1703149154969,"created":1703149154969,"remoteIdentityKey":"BSCuWTui5S7Xi7UybUnaFs6b5YkTs28ewhqcKLfFXMcN"},"_chains":{"BY2yqggYb8SaZw6Tbj2gkHvrlUPonBA8wot6CVPNHsE0":{"chainKey":{"counter":-1,"key":"Hxzfh8tohN1qnLYilyIECi1JT4MXisr4GeAGP7iccOA="},"chainType":1,"messageKeys":{}}},"pendingPreKey":{"signedKeyId":1,"baseKey":"BazEpjhk+3froInVvF47yLFyckj90NPeHdg+TXv1+Fcv","preKeyId":980}},"BVBUhFC7kJp7OJKwJ0Y+ammUwVNRh1K+66dyy9aVvRpE":{"registrationId":11311,"currentRatchet":{"ephemeralKeyPair":{"pubKey":"BbjZyimSxSk+3oA9uUy5Ap86F+BGUpiD+npA9EKvwS4l","privKey":"8Ep8Bx8cWONtC9BibaS8HN9RZ1aqkMXDSmBNLq5zZF4="},"lastRemoteEphemeralKey":"BV+M+s7s4+av4x7VzlKrzPqOQMNvxXgu96yCc4CeS1Aq","previousCounter":0,"rootKey":"4LgQvhVX85coWrhR+mQAd22rm925iNJ9khKAW2FyKKI="},"indexInfo":{"baseKey":"BVBUhFC7kJp7OJKwJ0Y+ammUwVNRh1K+66dyy9aVvRpE","baseKeyType":1,"closed":1703149278270,"used":1703149154982,"created":1703149154982,"remoteIdentityKey":"BSCuWTui5S7Xi7UybUnaFs6b5YkTs28ewhqcKLfFXMcN"},"_chains":{"BbjZyimSxSk+3oA9uUy5Ap86F+BGUpiD+npA9EKvwS4l":{"chainKey":{"counter":108,"key":"7D8+m9gt5I4MaXMsh9BvBuQ3jlyphUf4Fd854qMRK+E="},"chainType":1,"messageKeys":{}}},"pendingPreKey":{"signedKeyId":1,"baseKey":"BVBUhFC7kJp7OJKwJ0Y+ammUwVNRh1K+66dyy9aVvRpE","preKeyId":291}},"BQShVEsmmSjyyr+/O1Gv6+P9Tcd2iEwbhhZdxOq3IxZu":{"registrationId":11311,"currentRatchet":{"ephemeralKeyPair":{"pubKey":"BUNRu0U7Ci3BWR+V3vI1hiFdne0xEX4J4jShoM5ntjsw","privKey":"gNUzXERRvDPL3598M8Zb0/VK4pABXNyMELW7skASZHk="},"lastRemoteEphemeralKey":"BV+M+s7s4+av4x7VzlKrzPqOQMNvxXgu96yCc4CeS1Aq","previousCounter":0,"rootKey":"2owpOwHs+SqMbOOaqymBkBHe0vjFK91B7sSxNd71Das="},"indexInfo":{"baseKey":"BQShVEsmmSjyyr+/O1Gv6+P9Tcd2iEwbhhZdxOq3IxZu","baseKeyType":1,"closed":1703149279793,"used":1703149278092,"created":1703149278092,"remoteIdentityKey":"BSCuWTui5S7Xi7UybUnaFs6b5YkTs28ewhqcKLfFXMcN"},"_chains":{"BUNRu0U7Ci3BWR+V3vI1hiFdne0xEX4J4jShoM5ntjsw":{"chainKey":{"counter":-1,"key":"MB1RvP2RzmZDzF21iXiLiU5oD0IX8Azqiq7gKBSXr+o="},"chainType":1,"messageKeys":{}}},"pendingPreKey":{"signedKeyId":1,"baseKey":"BQShVEsmmSjyyr+/O1Gv6+P9Tcd2iEwbhhZdxOq3IxZu","preKeyId":266}},"BfuiHbx/gEkF8RfIxqRXoVSDRY/fKggLHU0FxRLUWxJ3":{"registrationId":11311,"currentRatchet":{"ephemeralKeyPair":{"pubKey":"BW872pFUwybJrUVzBoZrhjVCMYqm6SEkouMjbn57CVoh","privKey":"cFMP//CYYZlP3wmxRINUVAytVwAXT+M1XOxECNoU7WM="},"lastRemoteEphemeralKey":"BV+M+s7s4+av4x7VzlKrzPqOQMNvxXgu96yCc4CeS1Aq","previousCounter":0,"rootKey":"dH3ItJiCVJIJN1XToOd1gEHqufM+GhS7CL+56CRCJ2U="},"indexInfo":{"baseKey":"BfuiHbx/gEkF8RfIxqRXoVSDRY/fKggLHU0FxRLUWxJ3","baseKeyType":1,"closed":1703149279861,"used":1703149278569,"created":1703149278569,"remoteIdentityKey":"BSCuWTui5S7Xi7UybUnaFs6b5YkTs28ewhqcKLfFXMcN"},"_chains":{"BW872pFUwybJrUVzBoZrhjVCMYqm6SEkouMjbn57CVoh":{"chainKey":{"counter":-1,"key":"1cQ93YHnz/xad2d+oA/ZTE/HV9d7p7lw1mXcpuVu7sQ="},"chainType":1,"messageKeys":{}}},"pendingPreKey":{"signedKeyId":1,"baseKey":"BfuiHbx/gEkF8RfIxqRXoVSDRY/fKggLHU0FxRLUWxJ3","preKeyId":211}},"BZax4VWkMw5iwXDLRk+okvT2EM/acLbB7qZbq0sAtME1":{"registrationId":11311,"currentRatchet":{"ephemeralKeyPair":{"pubKey":"BRIy3Qm8koK2r5hltoEQ3HPEkvOfiueZiQtGeLDXdFID","privKey":"iLy5E6pSE32xoUjqJxsME9QJoCqFNBJLcnrfkHxVuGo="},"lastRemoteEphemeralKey":"BV+M+s7s4+av4x7VzlKrzPqOQMNvxXgu96yCc4CeS1Aq","previousCounter":0,"rootKey":"A1dDsFRI3z2gKbJuxlPfxmM87dN3IC71Ljy5BpVo0QE="},"indexInfo":{"baseKey":"BZax4VWkMw5iwXDLRk+okvT2EM/acLbB7qZbq0sAtME1","baseKeyType":1,"closed":1703149279902,"used":1703149279825,"created":1703149279825,"remoteIdentityKey":"BSCuWTui5S7Xi7UybUnaFs6b5YkTs28ewhqcKLfFXMcN"},"_chains":{"BRIy3Qm8koK2r5hltoEQ3HPEkvOfiueZiQtGeLDXdFID":{"chainKey":{"counter":-1,"key":"deoJYXZONZOEdCuJlOj45df5xKU6z9cUZHZIZ6E7fvA="},"chainType":1,"messageKeys":{}}},"pendingPreKey":{"signedKeyId":1,"baseKey":"BZax4VWkMw5iwXDLRk+okvT2EM/acLbB7qZbq0sAtME1","preKeyId":974}},"BYQ1x/apz7IYdqwJ29cUZO6BQdO9sFgPS5c9sDw4AgA9":{"registrationId":11311,"currentRatchet":{"ephemeralKeyPair":{"pubKey":"BS09YUoCD7MJIxMbg5qdCQdy/GV/a5bdIz6DpSWrlCEH","privKey":"aLavK9kPbiM4BEhgbDTvINu0RRIt6jqlz/NWNB+G6Uc="},"lastRemoteEphemeralKey":"BV+M+s7s4+av4x7VzlKrzPqOQMNvxXgu96yCc4CeS1Aq","previousCounter":0,"rootKey":"Yxd8DbFqxhDXYm73zkQWiNseE3848H/CXKtXtoJUYus="},"indexInfo":{"baseKey":"BYQ1x/apz7IYdqwJ29cUZO6BQdO9sFgPS5c9sDw4AgA9","baseKeyType":1,"closed":1703149279991,"used":1703149279901,"created":1703149279901,"remoteIdentityKey":"BSCuWTui5S7Xi7UybUnaFs6b5YkTs28ewhqcKLfFXMcN"},"_chains":{"BS09YUoCD7MJIxMbg5qdCQdy/GV/a5bdIz6DpSWrlCEH":{"chainKey":{"counter":-1,"key":"Ii4KO4R5M+mvMfCzyi6/ulsNhCiIrrDLA3NpFwELFQw="},"chainType":1,"messageKeys":{}}},"pendingPreKey":{"signedKeyId":1,"baseKey":"BYQ1x/apz7IYdqwJ29cUZO6BQdO9sFgPS5c9sDw4AgA9","preKeyId":898}},"BaYzh9MDKlCdshmT5bRWnF/dfuOyjpjlemCUVbFEM50u":{"registrationId":11311,"currentRatchet":{"ephemeralKeyPair":{"pubKey":"BfNM2mtzDO38Clfw7iddma5PmAHpV0ACfp30h7pWDz8+","privKey":"UBB8nzmoJNfiXvFI7W5+CuvETx/K6NCIBSiNfzs6DkM="},"lastRemoteEphemeralKey":"BV+M+s7s4+av4x7VzlKrzPqOQMNvxXgu96yCc4CeS1Aq","previousCounter":0,"rootKey":"xktyXeBNbxBA9ZObIbzgBDIK38b1PAhbYKHhEb3LBNQ="},"indexInfo":{"baseKey":"BaYzh9MDKlCdshmT5bRWnF/dfuOyjpjlemCUVbFEM50u","baseKeyType":1,"closed":1703149280009,"used":1703149279990,"created":1703149279990,"remoteIdentityKey":"BSCuWTui5S7Xi7UybUnaFs6b5YkTs28ewhqcKLfFXMcN"},"_chains":{"BfNM2mtzDO38Clfw7iddma5PmAHpV0ACfp30h7pWDz8+":{"chainKey":{"counter":-1,"key":"0kpN6zHpNetpxs2hO/Ktq/Qbxp1pfPHpPSdCF+2MqGE="},"chainType":1,"messageKeys":{}}},"pendingPreKey":{"signedKeyId":1,"baseKey":"BaYzh9MDKlCdshmT5bRWnF/dfuOyjpjlemCUVbFEM50u","preKeyId":297}},"BQP3kOwB4ItInHeGq0v5J23oYSSHesoAQrKvL1LOEk9B":{"registrationId":11311,"currentRatchet":{"ephemeralKeyPair":{"pubKey":"BaE2DjL3xWotKJVWPYooRae9RjY3DI1eDd9t1WwQ08dl","privKey":"KP8reguv4HVV2vqrbp8jQX8kF0OB1tJYG8oUtqKHu20="},"lastRemoteEphemeralKey":"BV+M+s7s4+av4x7VzlKrzPqOQMNvxXgu96yCc4CeS1Aq","previousCounter":0,"rootKey":"btu6eOrI2UYMTOfPomeXYOVXU0WrTeCbFr/JfnH+f9E="},"indexInfo":{"baseKey":"BQP3kOwB4ItInHeGq0v5J23oYSSHesoAQrKvL1LOEk9B","baseKeyType":1,"closed":1703149280028,"used":1703149280009,"created":1703149280009,"remoteIdentityKey":"BSCuWTui5S7Xi7UybUnaFs6b5YkTs28ewhqcKLfFXMcN"},"_chains":{"BaE2DjL3xWotKJVWPYooRae9RjY3DI1eDd9t1WwQ08dl":{"chainKey":{"counter":-1,"key":"GZiixRXVfiCMXUGKS+CMLe9eyjQQxiRuk8ok2aHNzh4="},"chainType":1,"messageKeys":{}}},"pendingPreKey":{"signedKeyId":1,"baseKey":"BQP3kOwB4ItInHeGq0v5J23oYSSHesoAQrKvL1LOEk9B","preKeyId":207}},"BXNj2rFkSK9HvwEbSlTpoG8uyfMwyAJgjANcefNAiW9W":{"registrationId":11311,"currentRatchet":{"ephemeralKeyPair":{"pubKey":"BX0zc6FfAK6CUAAQovO0ongAYYbtDUf5VusnuEyD64st","privKey":"0HqhKz7ntZfI2Rzt7klnH9QIbzmPchatQ1zn+zZI1UQ="},"lastRemoteEphemeralKey":"BV+M+s7s4+av4x7VzlKrzPqOQMNvxXgu96yCc4CeS1Aq","previousCounter":0,"rootKey":"bhCd3ody1XJqTDX73jCcFFIui1MMSpwqVti3yqpBgzg="},"indexInfo":{"baseKey":"BXNj2rFkSK9HvwEbSlTpoG8uyfMwyAJgjANcefNAiW9W","baseKeyType":1,"closed":1703149280062,"used":1703149280028,"created":1703149280028,"remoteIdentityKey":"BSCuWTui5S7Xi7UybUnaFs6b5YkTs28ewhqcKLfFXMcN"},"_chains":{"BX0zc6FfAK6CUAAQovO0ongAYYbtDUf5VusnuEyD64st":{"chainKey":{"counter":-1,"key":"7GHiqlwBOD00CCdBGrcNmtF3HgcNQJWd5EpKsGCoUMI="},"chainType":1,"messageKeys":{}}},"pendingPreKey":{"signedKeyId":1,"baseKey":"BXNj2rFkSK9HvwEbSlTpoG8uyfMwyAJgjANcefNAiW9W","preKeyId":304}},"Ba0wxMprQn0qD1OZcXrGHKspCP18OQvLy+yySXkc/kBJ":{"registrationId":11311,"currentRatchet":{"ephemeralKeyPair":{"pubKey":"BSFjYyqFMCxkg5vrtYhvedRSl71T6NHQSI4rNfDJqFV4","privKey":"GKn1NFWdwvKemvkJo2PWIE37uIE7Nhivq9Q6WHSf+2I="},"lastRemoteEphemeralKey":"BV+M+s7s4+av4x7VzlKrzPqOQMNvxXgu96yCc4CeS1Aq","previousCounter":0,"rootKey":"aPfVOiGZZEea1pvYkScwBRWy2KuZEqqEAER4ymKHdkY="},"indexInfo":{"baseKey":"Ba0wxMprQn0qD1OZcXrGHKspCP18OQvLy+yySXkc/kBJ","baseKeyType":1,"closed":1703149372286,"used":1703149280061,"created":1703149280061,"remoteIdentityKey":"BSCuWTui5S7Xi7UybUnaFs6b5YkTs28ewhqcKLfFXMcN"},"_chains":{"BSFjYyqFMCxkg5vrtYhvedRSl71T6NHQSI4rNfDJqFV4":{"chainKey":{"counter":135,"key":"T2GfsUtPzSiO6jkr/oDqcdXeD+Ix1AaUMAJpzJSrbFE="},"chainType":1,"messageKeys":{}}},"pendingPreKey":{"signedKeyId":1,"baseKey":"Ba0wxMprQn0qD1OZcXrGHKspCP18OQvLy+yySXkc/kBJ","preKeyId":231}},"BYwys8csB5YqH61afUcjjOIpkoBlsJ9uGy8JVsZT1nI2":{"registrationId":11311,"currentRatchet":{"ephemeralKeyPair":{"pubKey":"BYBaMF3LVBPK0HxM7vpXKT2ODGYsVv+KRCMQEBRz4htD","privKey":"MGWs7iQsOMeENVRJdjdZcQR1O07MZKoGHaWkUZ/QymU="},"lastRemoteEphemeralKey":"BV+M+s7s4+av4x7VzlKrzPqOQMNvxXgu96yCc4CeS1Aq","previousCounter":0,"rootKey":"pWc61l24f4doVwca720qadVopvkHpMOxzuAJ4+xfS5c="},"indexInfo":{"baseKey":"BYwys8csB5YqH61afUcjjOIpkoBlsJ9uGy8JVsZT1nI2","baseKeyType":1,"closed":1703149419901,"used":1703149372185,"created":1703149372185,"remoteIdentityKey":"BSCuWTui5S7Xi7UybUnaFs6b5YkTs28ewhqcKLfFXMcN"},"_chains":{"BYBaMF3LVBPK0HxM7vpXKT2ODGYsVv+KRCMQEBRz4htD":{"chainKey":{"counter":80,"key":"T/MbmbV94ZrJdgxbgdEZuR4kBfDVz6XKvvZPhwgJYyk="},"chainType":1,"messageKeys":{}}},"pendingPreKey":{"signedKeyId":1,"baseKey":"BYwys8csB5YqH61afUcjjOIpkoBlsJ9uGy8JVsZT1nI2","preKeyId":249}},"BWjzypZiMEj2omRcvRZrxwcpp5SmxxGTzmpyZAZ8LWEK":{"registrationId":11311,"currentRatchet":{"ephemeralKeyPair":{"pubKey":"BbmXSkto/rsEvYIVjRZkJinG+r8oCh82p4uxIfREsTEP","privKey":"YHRPEoXDrQXPnwtT8aQAu9lytSSddqFxUXXPRwOFGUU="},"lastRemoteEphemeralKey":"BV+M+s7s4+av4x7VzlKrzPqOQMNvxXgu96yCc4CeS1Aq","previousCounter":0,"rootKey":"RW1BleBiUk916yV21RuRVwNrsYpSvA71JaIx4/wq/SY="},"indexInfo":{"baseKey":"BWjzypZiMEj2omRcvRZrxwcpp5SmxxGTzmpyZAZ8LWEK","baseKeyType":1,"closed":1703149420189,"used":1703149419777,"created":1703149419777,"remoteIdentityKey":"BSCuWTui5S7Xi7UybUnaFs6b5YkTs28ewhqcKLfFXMcN"},"_chains":{"BbmXSkto/rsEvYIVjRZkJinG+r8oCh82p4uxIfREsTEP":{"chainKey":{"counter":-1,"key":"kzaRRn6CHv+zLZpNa/qmTFMET5XylISyvAad/8BU7fk="},"chainType":1,"messageKeys":{}}},"pendingPreKey":{"signedKeyId":1,"baseKey":"BWjzypZiMEj2omRcvRZrxwcpp5SmxxGTzmpyZAZ8LWEK","preKeyId":300}},"BZxbEN2UchnED/gv9PES/tcLwNWZacEEmpCUq5nriZVj":{"registrationId":11311,"currentRatchet":{"ephemeralKeyPair":{"pubKey":"BUE1Pj+J3r4eZV4e/qWF/CaKkPtQz5Sr0u+A5LyrnVdM","privKey":"wME8zvDnW4kIpeK/NSRJ8O7dttpnJILza5lE9DbXI0w="},"lastRemoteEphemeralKey":"BV+M+s7s4+av4x7VzlKrzPqOQMNvxXgu96yCc4CeS1Aq","previousCounter":0,"rootKey":"ocGKPo1mm+QqjeGMWexnleHID6G7o71bjDeXlMVdtU8="},"indexInfo":{"baseKey":"BZxbEN2UchnED/gv9PES/tcLwNWZacEEmpCUq5nriZVj","baseKeyType":1,"closed":1703149420331,"used":1703149420101,"created":1703149420101,"remoteIdentityKey":"BSCuWTui5S7Xi7UybUnaFs6b5YkTs28ewhqcKLfFXMcN"},"_chains":{"BUE1Pj+J3r4eZV4e/qWF/CaKkPtQz5Sr0u+A5LyrnVdM":{"chainKey":{"counter":-1,"key":"jrV22yEcg5EzTqbKLPocyc+6Fy0s2/sWgQ/lHFSeP6s="},"chainType":1,"messageKeys":{}}},"pendingPreKey":{"signedKeyId":1,"baseKey":"BZxbEN2UchnED/gv9PES/tcLwNWZacEEmpCUq5nriZVj","preKeyId":258}},"BYrPZr6dQRLUQMgDx/OcE7l0FivTQIrxDrXhdA6Plpos":{"registrationId":11311,"currentRatchet":{"ephemeralKeyPair":{"pubKey":"BQlBASQ7myXdicmADjCw6bfPN4nC7f1EcAKPN37ZqDxl","privKey":"OG9Qm7A3afRsv1Vg/pqOd+xugC9T3wOAW+jPQbHU6U8="},"lastRemoteEphemeralKey":"BV+M+s7s4+av4x7VzlKrzPqOQMNvxXgu96yCc4CeS1Aq","previousCounter":0,"rootKey":"b48OU4+f8dtrTki0w/q2jk8mcACQdRh4rO3hcEgxBTE="},"indexInfo":{"baseKey":"BYrPZr6dQRLUQMgDx/OcE7l0FivTQIrxDrXhdA6Plpos","baseKeyType":1,"closed":1703149420413,"used":1703149420273,"created":1703149420273,"remoteIdentityKey":"BSCuWTui5S7Xi7UybUnaFs6b5YkTs28ewhqcKLfFXMcN"},"_chains":{"BQlBASQ7myXdicmADjCw6bfPN4nC7f1EcAKPN37ZqDxl":{"chainKey":{"counter":-1,"key":"B6c/160wGrzU4iBTGu4+l1omcPIzm9BduLit+1+F2i4="},"chainType":1,"messageKeys":{}}},"pendingPreKey":{"signedKeyId":1,"baseKey":"BYrPZr6dQRLUQMgDx/OcE7l0FivTQIrxDrXhdA6Plpos","preKeyId":956}},"BZ8oCgDMEHgPeS8IHUqkrReTtkvsIXS4av7y7cL1MHEq":{"registrationId":11311,"currentRatchet":{"ephemeralKeyPair":{"pubKey":"Bbx6f/tSN9jopPAx/xDVpRI6gBsUPohnJEKSshPzzyEH","privKey":"GDwh+BMVQsX7+Z3w8j1GU6rbZM1Mv5sd0wdrpb4QA0U="},"lastRemoteEphemeralKey":"BV+M+s7s4+av4x7VzlKrzPqOQMNvxXgu96yCc4CeS1Aq","previousCounter":0,"rootKey":"LMxSjmGsJmboasB0QjSVOlMeHJu6Gv8aAqwWCX/fVnk="},"indexInfo":{"baseKey":"BZ8oCgDMEHgPeS8IHUqkrReTtkvsIXS4av7y7cL1MHEq","baseKeyType":1,"closed":1703149451092,"used":1703149420402,"created":1703149420402,"remoteIdentityKey":"BSCuWTui5S7Xi7UybUnaFs6b5YkTs28ewhqcKLfFXMcN"},"_chains":{"Bbx6f/tSN9jopPAx/xDVpRI6gBsUPohnJEKSshPzzyEH":{"chainKey":{"counter":55,"key":"xb+L8WVz+LYMgV5ssPkrNBwC6SWR0HOtvwu19XaZJ8Q="},"chainType":1,"messageKeys":{}}},"pendingPreKey":{"signedKeyId":1,"baseKey":"BZ8oCgDMEHgPeS8IHUqkrReTtkvsIXS4av7y7cL1MHEq","preKeyId":269}},"Ba8CXjavmVINZPavuKu1T+iZINUTv4unrOFpNjL6qilB":{"registrationId":11311,"currentRatchet":{"ephemeralKeyPair":{"pubKey":"BUIWRlitQCoKyR6tfDLl6uky3qnRdM1bJBu9dyoa9ihg","privKey":"MEQtAdcq/Q8xWAiWjILCsltBT5kiNkVTYdT8agWboFw="},"lastRemoteEphemeralKey":"BV+M+s7s4+av4x7VzlKrzPqOQMNvxXgu96yCc4CeS1Aq","previousCounter":0,"rootKey":"puCv4ge4HgPjWkl5mXRrklzhhuEiLck57Maizk9KvuE="},"indexInfo":{"baseKey":"Ba8CXjavmVINZPavuKu1T+iZINUTv4unrOFpNjL6qilB","baseKeyType":1,"closed":1703149584292,"used":1703149451085,"created":1703149451085,"remoteIdentityKey":"BSCuWTui5S7Xi7UybUnaFs6b5YkTs28ewhqcKLfFXMcN"},"_chains":{"BUIWRlitQCoKyR6tfDLl6uky3qnRdM1bJBu9dyoa9ihg":{"chainKey":{"counter":226,"key":"U1TZkukGFo/fViojCORPa1cyeEjPKeXZhOcrKJeN3NU="},"chainType":1,"messageKeys":{}}},"pendingPreKey":{"signedKeyId":1,"baseKey":"Ba8CXjavmVINZPavuKu1T+iZINUTv4unrOFpNjL6qilB","preKeyId":901}},"BfaI1tQtAhHf+ErfFkl+tnBQtxM4Eg89PdLFydhlZJwY":{"registrationId":11311,"currentRatchet":{"ephemeralKeyPair":{"pubKey":"BTq/8hP3yf0Ym0JphJrGRx/rAf+yU/dKjzR3dwzVyhhm","privKey":"8NOEdTb/1+LBLwrmHtH2DmCyeuUMJvE9BvzCBFrgslg="},"lastRemoteEphemeralKey":"BV+M+s7s4+av4x7VzlKrzPqOQMNvxXgu96yCc4CeS1Aq","previousCounter":0,"rootKey":"bDrjOktNlywmUrSOJANZsQJM7jxLzt5CK6jkPCaakNw="},"indexInfo":{"baseKey":"BfaI1tQtAhHf+ErfFkl+tnBQtxM4Eg89PdLFydhlZJwY","baseKeyType":1,"closed":1703149584475,"used":1703149584264,"created":1703149584264,"remoteIdentityKey":"BSCuWTui5S7Xi7UybUnaFs6b5YkTs28ewhqcKLfFXMcN"},"_chains":{"BTq/8hP3yf0Ym0JphJrGRx/rAf+yU/dKjzR3dwzVyhhm":{"chainKey":{"counter":-1,"key":"JX1ppMKsehQAMvE00TV6uSnMhQSVCOUPguPY7R9KS1w="},"chainType":1,"messageKeys":{}}},"pendingPreKey":{"signedKeyId":1,"baseKey":"BfaI1tQtAhHf+ErfFkl+tnBQtxM4Eg89PdLFydhlZJwY","preKeyId":935}},"BVL5M5a++CDauTnhmTVdQXxnRGnuEYAz67BlTiRfKyhF":{"registrationId":11311,"currentRatchet":{"ephemeralKeyPair":{"pubKey":"BV15I/ctBY1McTsUv92KK7IIbIgEI1bRQ0D25ckI1R9U","privKey":"kATcc1W6c69j/UiPz+Ic71BKVGAHeMXMRy2n3eG9QFA="},"lastRemoteEphemeralKey":"BV+M+s7s4+av4x7VzlKrzPqOQMNvxXgu96yCc4CeS1Aq","previousCounter":0,"rootKey":"ZnKeFxBfgeiLNNCwwwgOpQLoY9v8NF1H7LIl/j2IUGw="},"indexInfo":{"baseKey":"BVL5M5a++CDauTnhmTVdQXxnRGnuEYAz67BlTiRfKyhF","baseKeyType":1,"closed":1703149584623,"used":1703149584405,"created":1703149584405,"remoteIdentityKey":"BSCuWTui5S7Xi7UybUnaFs6b5YkTs28ewhqcKLfFXMcN"},"_chains":{"BV15I/ctBY1McTsUv92KK7IIbIgEI1bRQ0D25ckI1R9U":{"chainKey":{"counter":-1,"key":"9hAOU2b7qPLdiHk1Ru9KetIyfUEpeSfgqzXzwT4x+Sw="},"chainType":1,"messageKeys":{}}},"pendingPreKey":{"signedKeyId":1,"baseKey":"BVL5M5a++CDauTnhmTVdQXxnRGnuEYAz67BlTiRfKyhF","preKeyId":295}},"BWMETU+FgZ8mxQFDsLdoEzlR0DOeW/F+/o+DUUPnNfEJ":{"registrationId":11311,"currentRatchet":{"ephemeralKeyPair":{"pubKey":"BZwJUtiwm7k8ECWS04mtfWw4eX1d8RO7/rUV5MlySylK","privKey":"WE1wCpbx9mE0s3SQ8iLRyD3bKLq9yHhriBaY9ADb11k="},"lastRemoteEphemeralKey":"BV+M+s7s4+av4x7VzlKrzPqOQMNvxXgu96yCc4CeS1Aq","previousCounter":0,"rootKey":"brwchGquku2ozwQ9r3WrSa1xb5nPpPjhxFo0Hu4yyVA="},"indexInfo":{"baseKey":"BWMETU+FgZ8mxQFDsLdoEzlR0DOeW/F+/o+DUUPnNfEJ","baseKeyType":1,"closed":-1,"used":1703149584523,"created":1703149584523,"remoteIdentityKey":"BSCuWTui5S7Xi7UybUnaFs6b5YkTs28ewhqcKLfFXMcN"},"_chains":{"BZwJUtiwm7k8ECWS04mtfWw4eX1d8RO7/rUV5MlySylK":{"chainKey":{"counter":234,"key":"7d9MgK9F3IQlKjEnxkuEehfhM7u6lSWkYQ2vsapZjE8="},"chainType":1,"messageKeys":{}}},"pendingPreKey":{"signedKeyId":1,"baseKey":"BWMETU+FgZ8mxQFDsLdoEzlR0DOeW/F+/o+DUUPnNfEJ","preKeyId":926}}},"version":"v1"}