{"_sessions":{"BVXo5j3Au+lbQvqs0Gk1zR8xmPYwBHyxUKF+SRTHPkMS":{"registrationId":1853312449,"currentRatchet":{"ephemeralKeyPair":{"pubKey":"BUihDuquRBLCuQk8caDcFQACcPU/MkTzVWucZV0l7PIO","privKey":"6F+uoK4+AqRgmJNLzeiQ9xWwgW/TJF6XNFtdHE81ZVQ="},"lastRemoteEphemeralKey":"BQOrV5i4q1haBZRs2T3xF2sniVtilKxefF8F+kT1zsNg","previousCounter":0,"rootKey":"cCEVw1XHO8/vgfUwg1NZ8mKjJdr0MPJuBOVAO6l78LI="},"indexInfo":{"baseKey":"BVXo5j3Au+lbQvqs0Gk1zR8xmPYwBHyxUKF+SRTHPkMS","baseKeyType":2,"closed":-1,"used":1703141562952,"created":1703141562952,"remoteIdentityKey":"BXBUS+cV1OStzSVmuMF8uK4gpTjf07Fx6XZC+D/0EslA"},"_chains":{"BQOrV5i4q1haBZRs2T3xF2sniVtilKxefF8F+kT1zsNg":{"chainKey":{"counter":0,"key":"uhrHL5jXa2436JTUaSIu+8S9AcdvOozBpq6popzLEXk="},"chainType":2,"messageKeys":{}},"BUihDuquRBLCuQk8caDcFQACcPU/MkTzVWucZV0l7PIO":{"chainKey":{"counter":-1,"key":"ARvLwMFgRwWZGjVDFpAmYy5bc4tXRtHEEH4xcA2XBKw="},"chainType":1,"messageKeys":{}}}}},"version":"v1"}