{"_sessions":{"BVko0E9AXBnRBMyoiGby74fQkUdrrVcu3N8EQ7133A52":{"registrationId":439489415,"currentRatchet":{"ephemeralKeyPair":{"pubKey":"Bd/lSuHLLRikjE2gf/YlpK75x/D+oTyyegHn9NSDVVQr","privKey":"sB/XL2VhrxMmENCSVDNhnLQFdEGsWngm26eQyHcXQUk="},"lastRemoteEphemeralKey":"BZ2lW1rF4YIZHgzZrgSwHr6EDTwMDpfO32P3RXxocN5C","previousCounter":0,"rootKey":"UbjUTVK2W2zDyCfKi7m0m9HBywHXRHWJRzfNqardZZU="},"indexInfo":{"baseKey":"BVko0E9AXBnRBMyoiGby74fQkUdrrVcu3N8EQ7133A52","baseKeyType":2,"closed":-1,"used":1703307388583,"created":1703307388583,"remoteIdentityKey":"BfFoJqTkPdp8e3x8XpNjcSo7V5QQvuSSUY1gZTjUbVI5"},"_chains":{"BZ2lW1rF4YIZHgzZrgSwHr6EDTwMDpfO32P3RXxocN5C":{"chainKey":{"counter":1,"key":"F99cd3BtVkW6EcMeurJvf+lyc2DMxD5snYVrPAylkVE="},"chainType":2,"messageKeys":{}},"Bd/lSuHLLRikjE2gf/YlpK75x/D+oTyyegHn9NSDVVQr":{"chainKey":{"counter":-1,"key":"M4R02A65Aq8Cj58tPUqtPkqyINiMkABBm3uCYQ8noYI="},"chainType":1,"messageKeys":{}}}}},"version":"v1"}