{"_sessions":{"Bcsra/N7kQlV0sjpieicPtVN3Tn4YcQz4URPNSUUyMV6":{"registrationId":668964873,"currentRatchet":{"ephemeralKeyPair":{"pubKey":"BeG4Vy53OvZhnzLF2vzy9Ww2BUyV5OtCWDBALnZ5nakw","privKey":"SFjmodocdyiJRarEvB/K/EU+zPBgXr+kW8PXGBVham8="},"lastRemoteEphemeralKey":"BeuwL5bsNDG/se/Bg1iGquxozVqPVblxV44H7bURCkxg","previousCounter":0,"rootKey":"SOwl4+45e2BzpbfxAxaWBfor2gatIVaz3/Ea+uX+3bM="},"indexInfo":{"baseKey":"Bcsra/N7kQlV0sjpieicPtVN3Tn4YcQz4URPNSUUyMV6","baseKeyType":2,"closed":-1,"used":1703306607785,"created":1703306607785,"remoteIdentityKey":"BWQvy3rYW6g9CEMcu6A2reL7OYzvaozaQc3M34IFfW5x"},"_chains":{"BeuwL5bsNDG/se/Bg1iGquxozVqPVblxV44H7bURCkxg":{"chainKey":{"counter":0,"key":"5VwuDr1NyzoSp9wfUsKyWZE99BvdhyMSv+9ycg0aQh8="},"chainType":2,"messageKeys":{}},"BeG4Vy53OvZhnzLF2vzy9Ww2BUyV5OtCWDBALnZ5nakw":{"chainKey":{"counter":-1,"key":"Pzz9otUpcLSYkUb8KJkFbdm30tmDMdy1Uc5TL5pWSpA="},"chainType":1,"messageKeys":{}}}}},"version":"v1"}