{"_sessions":{"BcwxAbTJ4TMssfmC4Y0fhJMHQjeExSqhWBVnkWA8CDp7":{"registrationId":1069869130,"currentRatchet":{"ephemeralKeyPair":{"pubKey":"BbhEXZmkawNdvHEZ5gzAXBiIsE6mujHuUESII/3+h90+","privKey":"+Ok0ljlPVIlkClVAfnpNZPFW0/+jcOETqcJo452nRnM="},"lastRemoteEphemeralKey":"BYgCrksQvf74zLWmuwqCicmK7uQ5zpizAmN4Tvi+mytn","previousCounter":0,"rootKey":"PgYk2G0OFVMt2gVW7p5SjxoYSxbFrRNx3aUuX8QG0PY="},"indexInfo":{"baseKey":"BcwxAbTJ4TMssfmC4Y0fhJMHQjeExSqhWBVnkWA8CDp7","baseKeyType":2,"closed":-1,"used":1703236158773,"created":1703236158773,"remoteIdentityKey":"BUHgdQd3EvfPnbmjmMf4sKDtFKDEAXIOfvzVPgdPB3RQ"},"_chains":{"BYgCrksQvf74zLWmuwqCicmK7uQ5zpizAmN4Tvi+mytn":{"chainKey":{"counter":0,"key":"H4sFbLrkZa3OeyIHkZkwLbPoC0eX/2oJf1xystY0kdc="},"chainType":2,"messageKeys":{}},"BbhEXZmkawNdvHEZ5gzAXBiIsE6mujHuUESII/3+h90+":{"chainKey":{"counter":-1,"key":"GJN7WNMf8ArxH/YDszY6/IlIXKJYKPQhmvrkYlZRQU4="},"chainType":1,"messageKeys":{}}}}},"version":"v1"}