{"_sessions":{"BShXawkDCzApeOVhPEqW9CLrvrHdKF7JrF+2hBVsdh0r":{"registrationId":819478443,"currentRatchet":{"ephemeralKeyPair":{"pubKey":"BWJFlENTbQ0u3FA1Bc7kYLMXSNUmDytSX45NMcy/rYdU","privKey":"ECoeTk/Sq8Am7GmNzPSxUc+L+mLtyW1U+fsE6VHkOkw="},"lastRemoteEphemeralKey":"BQH4SRrCeRPxk6ggz5u3A9KfTGSL5P003XmjpxLV7/9+","previousCounter":0,"rootKey":"jmy/k51wwlvPH5zyPkYKccGiU+94hL/lDxobW+tyMRE="},"indexInfo":{"baseKey":"BShXawkDCzApeOVhPEqW9CLrvrHdKF7JrF+2hBVsdh0r","baseKeyType":2,"closed":-1,"used":1703216331615,"created":1703216331615,"remoteIdentityKey":"Ba4Ji05VCR1JPF147xjzLolBWIAHmsRp5KQaBcJw/P4o"},"_chains":{"BQH4SRrCeRPxk6ggz5u3A9KfTGSL5P003XmjpxLV7/9+":{"chainKey":{"counter":0,"key":"AoelL5HInLPeTf6U0md5uRbY4fafgqvbnMIzdajRZjc="},"chainType":2,"messageKeys":{}},"BWJFlENTbQ0u3FA1Bc7kYLMXSNUmDytSX45NMcy/rYdU":{"chainKey":{"counter":-1,"key":"4HBCnSus58URZr0ww3ayJuIHwi5T94o4Nw4ccyoTJbU="},"chainType":1,"messageKeys":{}}}}},"version":"v1"}