{"_sessions":{"BfBGLTrCEHB69Np2YY0KKMIxlyZ1DFh6XpwGwpbmZbkb":{"registrationId":45881717,"currentRatchet":{"ephemeralKeyPair":{"pubKey":"BZOZ6AFBTZNkOv10q5zLYNsYOvowqx9vIDC0oikkb9NN","privKey":"KA7mz8EXX7hi2ymf6kAkHYUgNGsSaexJ7Pdlz/cKM1U="},"lastRemoteEphemeralKey":"BbNLwG3R7+GKwW3xD7Iq0lAlqg/qJF+5iOPVX6oBP6t4","previousCounter":0,"rootKey":"AyNrUmUzCBYU5xJ/RQgXpq1x78ccCUyKaH8kmYRirYw="},"indexInfo":{"baseKey":"BfBGLTrCEHB69Np2YY0KKMIxlyZ1DFh6XpwGwpbmZbkb","baseKeyType":2,"closed":-1,"used":1703157012879,"created":1703157012879,"remoteIdentityKey":"BYFcKJcgUmZSyIx3P2EhMEdBtT4/kNtv99Vku3Je9OQh"},"_chains":{"BbNLwG3R7+GKwW3xD7Iq0lAlqg/qJF+5iOPVX6oBP6t4":{"chainKey":{"counter":3,"key":"2OJTlFSLLhDwECnvCuFUhB6jiiL6q8GhAFqZMI4Na+4="},"chainType":2,"messageKeys":{}},"BZOZ6AFBTZNkOv10q5zLYNsYOvowqx9vIDC0oikkb9NN":{"chainKey":{"counter":-1,"key":"uKJjNeKz+qjnRoEJWw3OIFAG8WoGo8QzembIfmWhA3Q="},"chainType":1,"messageKeys":{}}}}},"version":"v1"}