{"_sessions":{"BUG35SM1j8YT1iTYiD8gmqPDyOzhUUODRynbprGsfrsB":{"registrationId":2072365849,"currentRatchet":{"ephemeralKeyPair":{"pubKey":"BXdR4lEXH2wFW0reQVO4vjCSmx/3ffB0XJGkutYAD6BA","privKey":"kNjnuf2MwZ1kabN19PXPPaZ7zqD/FnEE2zTWQD9rLWE="},"lastRemoteEphemeralKey":"BW7eXYBCmSdwrv4e8JMdsrBW7/gIeVR3jZeb1e2x5ZET","previousCounter":0,"rootKey":"+HeePmr3RVGfsPEYLKN6Mc/hpMuHhzSCLRnI+H7E1po="},"indexInfo":{"baseKey":"BUG35SM1j8YT1iTYiD8gmqPDyOzhUUODRynbprGsfrsB","baseKeyType":1,"closed":1703148988964,"used":1703148988858,"created":1703148988858,"remoteIdentityKey":"BTmOrZ/0T6CD4z8g5eVu2mtarOLdnb5LVM354DbNAV8g"},"_chains":{"BXdR4lEXH2wFW0reQVO4vjCSmx/3ffB0XJGkutYAD6BA":{"chainKey":{"counter":0,"key":"wgOKYxk6D9POhZPaGWgXHz5mIqTZdHsBrgetn8xkWkE="},"chainType":1,"messageKeys":{}}},"pendingPreKey":{"signedKeyId":1,"baseKey":"BUG35SM1j8YT1iTYiD8gmqPDyOzhUUODRynbprGsfrsB","preKeyId":284539}},"BW4HVp1qJtYqFIJNIKXRrRDRDBdOImhKXE1x8GrYlMI3":{"registrationId":2072365849,"currentRatchet":{"ephemeralKeyPair":{"pubKey":"BZMmKsA8awPSPDtVBUC495yxm4yWmvX8U5I2qqz1BVBN","privKey":"iF/lydV0MVwhqFqn6rh4GHXuKaFEZnm9CdmwKkZSI1k="},"lastRemoteEphemeralKey":"BW7eXYBCmSdwrv4e8JMdsrBW7/gIeVR3jZeb1e2x5ZET","previousCounter":0,"rootKey":"MAMvdHgqhHOy0QudJt+Ela4C5EkwG/AH0JL8b0uSVNI="},"indexInfo":{"baseKey":"BW4HVp1qJtYqFIJNIKXRrRDRDBdOImhKXE1x8GrYlMI3","baseKeyType":1,"closed":1703149110526,"used":1703148988963,"created":1703148988963,"remoteIdentityKey":"BTmOrZ/0T6CD4z8g5eVu2mtarOLdnb5LVM354DbNAV8g"},"_chains":{"BZMmKsA8awPSPDtVBUC495yxm4yWmvX8U5I2qqz1BVBN":{"chainKey":{"counter":144,"key":"9b7BohbwGWNgaiX83dDhRxXFsjDq1S34ts2KFLguP6w="},"chainType":1,"messageKeys":{}}},"pendingPreKey":{"signedKeyId":1,"baseKey":"BW4HVp1qJtYqFIJNIKXRrRDRDBdOImhKXE1x8GrYlMI3","preKeyId":284294}},"BUKJ7LJ85bgBFCw/2tKUPn4RtNxLUqC2jUuVptha6AsM":{"registrationId":2072365849,"currentRatchet":{"ephemeralKeyPair":{"pubKey":"BWDS23DoGEiU/QvgzceZQGaFoN8dkVI055/DZ9cBvqcO","privKey":"qPNEejE3mvoI7VLhm2dRh6KzUnNu4phzSdWFWlRioXs="},"lastRemoteEphemeralKey":"BW7eXYBCmSdwrv4e8JMdsrBW7/gIeVR3jZeb1e2x5ZET","previousCounter":0,"rootKey":"aF5WI+ROrupCFEoMLJI7gU5VL/4S/N9PVrlFpO4EFDo="},"indexInfo":{"baseKey":"BUKJ7LJ85bgBFCw/2tKUPn4RtNxLUqC2jUuVptha6AsM","baseKeyType":1,"closed":1703149110535,"used":1703149110189,"created":1703149110189,"remoteIdentityKey":"BTmOrZ/0T6CD4z8g5eVu2mtarOLdnb5LVM354DbNAV8g"},"_chains":{"BWDS23DoGEiU/QvgzceZQGaFoN8dkVI055/DZ9cBvqcO":{"chainKey":{"counter":-1,"key":"2WzbJ/EVnPzF/PN3WzwtbFYWR7pC5MaW7d1u/4TMMHA="},"chainType":1,"messageKeys":{}}},"pendingPreKey":{"signedKeyId":1,"baseKey":"BUKJ7LJ85bgBFCw/2tKUPn4RtNxLUqC2jUuVptha6AsM","preKeyId":284333}},"BTySol/U7jdbl+A6XXnMlM32IxRGifMzow0xK1P5nzk+":{"registrationId":2072365849,"currentRatchet":{"ephemeralKeyPair":{"pubKey":"BS5gAMBeZhbxALmvem4r41b5icF1CilQu7H7vwH8AqNY","privKey":"gPDGjJL4wFNNAp8HB/GEHCLrs7natCJWhKE3JbF1XWI="},"lastRemoteEphemeralKey":"BW7eXYBCmSdwrv4e8JMdsrBW7/gIeVR3jZeb1e2x5ZET","previousCounter":0,"rootKey":"mRiZhpwPSVNNeQccd1bwDCoi3y6Um0BRYbU0Uwkv+RY="},"indexInfo":{"baseKey":"BTySol/U7jdbl+A6XXnMlM32IxRGifMzow0xK1P5nzk+","baseKeyType":1,"closed":1703149110565,"used":1703149110535,"created":1703149110535,"remoteIdentityKey":"BTmOrZ/0T6CD4z8g5eVu2mtarOLdnb5LVM354DbNAV8g"},"_chains":{"BS5gAMBeZhbxALmvem4r41b5icF1CilQu7H7vwH8AqNY":{"chainKey":{"counter":-1,"key":"RvKd9XS6PLY0ulDlB4a7rzlg+IKWbAC+ul10ATBNzBU="},"chainType":1,"messageKeys":{}}},"pendingPreKey":{"signedKeyId":1,"baseKey":"BTySol/U7jdbl+A6XXnMlM32IxRGifMzow0xK1P5nzk+","preKeyId":284283}},"BfDkfmD2kuZksJnWwwWESc8PEGx+Yk21oLk7Jj5iu/sH":{"registrationId":2072365849,"currentRatchet":{"ephemeralKeyPair":{"pubKey":"BR6AJYCHgIvHUkfqaXw1jc5kBbAHSC07aUmM/VJ6K7Yk","privKey":"MIHGuIb65ygDGmCYMHLxZDGuiXbU4k/aiubrSJzyzUY="},"lastRemoteEphemeralKey":"BW7eXYBCmSdwrv4e8JMdsrBW7/gIeVR3jZeb1e2x5ZET","previousCounter":0,"rootKey":"BxkHYkhC45WE7lJYkrwjsxa4Zbbt8uKIVnaa9rOEqhU="},"indexInfo":{"baseKey":"BfDkfmD2kuZksJnWwwWESc8PEGx+Yk21oLk7Jj5iu/sH","baseKeyType":1,"closed":1703149155011,"used":1703149110564,"created":1703149110564,"remoteIdentityKey":"BTmOrZ/0T6CD4z8g5eVu2mtarOLdnb5LVM354DbNAV8g"},"_chains":{"BR6AJYCHgIvHUkfqaXw1jc5kBbAHSC07aUmM/VJ6K7Yk":{"chainKey":{"counter":61,"key":"jADt9Qqgt3MFBJzIEWwuMyhQPq2qi/XXJsvuq3GAgYY="},"chainType":1,"messageKeys":{}}},"pendingPreKey":{"signedKeyId":1,"baseKey":"BfDkfmD2kuZksJnWwwWESc8PEGx+Yk21oLk7Jj5iu/sH","preKeyId":284328}},"BUb+wP0LfSXMOQZ9XZEifJX1nY4UmyEIEUQX5CwgKZMo":{"registrationId":2072365849,"currentRatchet":{"ephemeralKeyPair":{"pubKey":"Bf7VBuphukD08vyAYJMw4XHrNU9rjPohvpW2vKuxEnlp","privKey":"UCU+v3IGJEGQsiKePnwvRJum7q//n64clVSgDl03ulI="},"lastRemoteEphemeralKey":"BW7eXYBCmSdwrv4e8JMdsrBW7/gIeVR3jZeb1e2x5ZET","previousCounter":0,"rootKey":"cvlit2FC+mfbplWq0fhHvxdDBhZpt2z5MSxJ4Y+LNAE="},"indexInfo":{"baseKey":"BUb+wP0LfSXMOQZ9XZEifJX1nY4UmyEIEUQX5CwgKZMo","baseKeyType":1,"closed":1703149155021,"used":1703149154714,"created":1703149154714,"remoteIdentityKey":"BTmOrZ/0T6CD4z8g5eVu2mtarOLdnb5LVM354DbNAV8g"},"_chains":{"Bf7VBuphukD08vyAYJMw4XHrNU9rjPohvpW2vKuxEnlp":{"chainKey":{"counter":-1,"key":"+07VQ9v1uPSkjPrJ+1KLzKCXzcyKUKm8fYT0Y7hQ3mU="},"chainType":1,"messageKeys":{}}},"pendingPreKey":{"signedKeyId":1,"baseKey":"BUb+wP0LfSXMOQZ9XZEifJX1nY4UmyEIEUQX5CwgKZMo","preKeyId":284342}},"BSHSP3Tt6S4HO6rw0Ic4tZ9lLCGCTOitQXH0oVkoiP1m":{"registrationId":2072365849,"currentRatchet":{"ephemeralKeyPair":{"pubKey":"BR3uTHY1aLAbpP9dzSj4NLzG3OsRloWEFtb/Yot0hIMN","privKey":"IMMBbI9F1O8a3PGvrZSYeTaj3KuxiddXT0RKyVR3On0="},"lastRemoteEphemeralKey":"BW7eXYBCmSdwrv4e8JMdsrBW7/gIeVR3jZeb1e2x5ZET","previousCounter":0,"rootKey":"LmPmWspzcN1t9l1xYlz82wCSfJsK8SBwxhLWQ1DeBlo="},"indexInfo":{"baseKey":"BSHSP3Tt6S4HO6rw0Ic4tZ9lLCGCTOitQXH0oVkoiP1m","baseKeyType":1,"closed":1703149155031,"used":1703149155020,"created":1703149155020,"remoteIdentityKey":"BTmOrZ/0T6CD4z8g5eVu2mtarOLdnb5LVM354DbNAV8g"},"_chains":{"BR3uTHY1aLAbpP9dzSj4NLzG3OsRloWEFtb/Yot0hIMN":{"chainKey":{"counter":-1,"key":"tGELsfsM4ASZkCpKh0WFSWf3pJUxrVQ2E1ELAuRNuj4="},"chainType":1,"messageKeys":{}}},"pendingPreKey":{"signedKeyId":1,"baseKey":"BSHSP3Tt6S4HO6rw0Ic4tZ9lLCGCTOitQXH0oVkoiP1m","preKeyId":284508}},"Be5rLnObmIRjjCajqFaEfaLqBr6gSE+fmhXbHa9AatRq":{"registrationId":2072365849,"currentRatchet":{"ephemeralKeyPair":{"pubKey":"BayHAlJjnLKWbDTUshY1rQ/qFduuH76Fz0E1jn42y2Zq","privKey":"APzrz5pyRCZ1KTJpJu/3J6byskGWxDJkxM70bRYDXXY="},"lastRemoteEphemeralKey":"BW7eXYBCmSdwrv4e8JMdsrBW7/gIeVR3jZeb1e2x5ZET","previousCounter":0,"rootKey":"rcU0l5I08V1wzpa3bKeVl/gws5Lg4tGsSjTzt9w7VC8="},"indexInfo":{"baseKey":"Be5rLnObmIRjjCajqFaEfaLqBr6gSE+fmhXbHa9AatRq","baseKeyType":1,"closed":1703149278272,"used":1703149155030,"created":1703149155030,"remoteIdentityKey":"BTmOrZ/0T6CD4z8g5eVu2mtarOLdnb5LVM354DbNAV8g"},"_chains":{"BayHAlJjnLKWbDTUshY1rQ/qFduuH76Fz0E1jn42y2Zq":{"chainKey":{"counter":114,"key":"+tl6eUQ/vCFPX04e7Buihbbe8/kJfSiI+uVTgPQkCnw="},"chainType":1,"messageKeys":{}}},"pendingPreKey":{"signedKeyId":1,"baseKey":"Be5rLnObmIRjjCajqFaEfaLqBr6gSE+fmhXbHa9AatRq","preKeyId":284756}},"BZ2IoxFb5K5KvznECl6XeUmkDJr7PliZ0VIq0hKEpzFr":{"registrationId":2072365849,"currentRatchet":{"ephemeralKeyPair":{"pubKey":"BUpNkC/v712gaoRz7rrwYaev39A4BU+HZeiI3uMNKZBh","privKey":"eMV+snzKxtyv/2bKxqmI33PUgEhlOKnNbp0X4oKNzVs="},"lastRemoteEphemeralKey":"BW7eXYBCmSdwrv4e8JMdsrBW7/gIeVR3jZeb1e2x5ZET","previousCounter":0,"rootKey":"UriJa1eXdOQm+mvLSt9tQpsXPJYJBcg9fAJQBVqU+UU="},"indexInfo":{"baseKey":"BZ2IoxFb5K5KvznECl6XeUmkDJr7PliZ0VIq0hKEpzFr","baseKeyType":1,"closed":1703149279688,"used":1703149278095,"created":1703149278095,"remoteIdentityKey":"BTmOrZ/0T6CD4z8g5eVu2mtarOLdnb5LVM354DbNAV8g"},"_chains":{"BUpNkC/v712gaoRz7rrwYaev39A4BU+HZeiI3uMNKZBh":{"chainKey":{"counter":-1,"key":"yNyI5cPuTC8wm6OyVvUIkuBkhMNh4Dn7GeUTWPSiBws="},"chainType":1,"messageKeys":{}}},"pendingPreKey":{"signedKeyId":1,"baseKey":"BZ2IoxFb5K5KvznECl6XeUmkDJr7PliZ0VIq0hKEpzFr","preKeyId":284565}},"Bay0whraTxYaIQUUv9NxFBCz5OgdScF9KM/zgDtu1kRA":{"registrationId":2072365849,"currentRatchet":{"ephemeralKeyPair":{"pubKey":"BXrqR3BNLTDT21dIg4zz0Gs0bGbTsbzfhmDaK4+bbsUm","privKey":"kCCc8sGOupRvSDf/GADlff2KQeJZQNFee8CFYHZcn0Q="},"lastRemoteEphemeralKey":"BW7eXYBCmSdwrv4e8JMdsrBW7/gIeVR3jZeb1e2x5ZET","previousCounter":0,"rootKey":"/uSF9ibo7f/gysVFYi2tii3SFkzyoeHiIuYVSbnzszM="},"indexInfo":{"baseKey":"Bay0whraTxYaIQUUv9NxFBCz5OgdScF9KM/zgDtu1kRA","baseKeyType":1,"closed":1703149279708,"used":1703149278468,"created":1703149278468,"remoteIdentityKey":"BTmOrZ/0T6CD4z8g5eVu2mtarOLdnb5LVM354DbNAV8g"},"_chains":{"BXrqR3BNLTDT21dIg4zz0Gs0bGbTsbzfhmDaK4+bbsUm":{"chainKey":{"counter":-1,"key":"1ExEPjxe6oYPiRg1Is5R0myLlx0AlPRgoHtkKQ2tZFg="},"chainType":1,"messageKeys":{}}},"pendingPreKey":{"signedKeyId":1,"baseKey":"Bay0whraTxYaIQUUv9NxFBCz5OgdScF9KM/zgDtu1kRA","preKeyId":284324}},"Bc7Awy55tzKYmSQJW6Lr4yyNOf7J79Hwx+9bV/cfX9Ed":{"registrationId":2072365849,"currentRatchet":{"ephemeralKeyPair":{"pubKey":"BR/E8KZx+UIa65Ok94pP/1hxzf/iEuH+gAjB71MNhKd9","privKey":"gNIbGs1ercjS+Z4Xa/c5iJ3hxaYvPuqVnKSibYIUi38="},"lastRemoteEphemeralKey":"BW7eXYBCmSdwrv4e8JMdsrBW7/gIeVR3jZeb1e2x5ZET","previousCounter":0,"rootKey":"5IAlpxlUIT6porsYQIAUSI/a2DuHeHhNhcs+RSSDvnA="},"indexInfo":{"baseKey":"Bc7Awy55tzKYmSQJW6Lr4yyNOf7J79Hwx+9bV/cfX9Ed","baseKeyType":1,"closed":1703149279723,"used":1703149279707,"created":1703149279707,"remoteIdentityKey":"BTmOrZ/0T6CD4z8g5eVu2mtarOLdnb5LVM354DbNAV8g"},"_chains":{"BR/E8KZx+UIa65Ok94pP/1hxzf/iEuH+gAjB71MNhKd9":{"chainKey":{"counter":-1,"key":"Q9Ubu39m3+fa7z0Nk2vHd6FFdf73FANzOcTybqRYIpk="},"chainType":1,"messageKeys":{}}},"pendingPreKey":{"signedKeyId":1,"baseKey":"Bc7Awy55tzKYmSQJW6Lr4yyNOf7J79Hwx+9bV/cfX9Ed","preKeyId":284326}},"BX0rR8ZCUYRSqm/GUcf76sujfvTyr0zxdSui+mii+klI":{"registrationId":2072365849,"currentRatchet":{"ephemeralKeyPair":{"pubKey":"BYBJF1CZemPCIocx5ulP9pLQJw8+2TGUHsc1L/XKlgUi","privKey":"2OsQ4+liTdDiJz60pEonifXeuD3w26rUzgIgkx5dCFc="},"lastRemoteEphemeralKey":"BW7eXYBCmSdwrv4e8JMdsrBW7/gIeVR3jZeb1e2x5ZET","previousCounter":0,"rootKey":"iPTvr1Ry8bD74gfLkoOaO20303VJ/vwMUBLUNMRdV00="},"indexInfo":{"baseKey":"BX0rR8ZCUYRSqm/GUcf76sujfvTyr0zxdSui+mii+klI","baseKeyType":1,"closed":1703149279737,"used":1703149279723,"created":1703149279723,"remoteIdentityKey":"BTmOrZ/0T6CD4z8g5eVu2mtarOLdnb5LVM354DbNAV8g"},"_chains":{"BYBJF1CZemPCIocx5ulP9pLQJw8+2TGUHsc1L/XKlgUi":{"chainKey":{"counter":-1,"key":"hFvys5RWcizCBcwi6svI+1VDWFpHx0tSCpo6CbO7fGk="},"chainType":1,"messageKeys":{}}},"pendingPreKey":{"signedKeyId":1,"baseKey":"BX0rR8ZCUYRSqm/GUcf76sujfvTyr0zxdSui+mii+klI","preKeyId":284292}},"BSuzH56OK63PVbEIppxK7ladf8RWUpiP9x77GhN1hwgj":{"registrationId":2072365849,"currentRatchet":{"ephemeralKeyPair":{"pubKey":"BWtZ2rj1XJzHbIquiPa2S3i1oGXpYHhku+miu8R6MGEL","privKey":"yDaqIFtTmjJTvYwZ8beyqWUqbylVgEkShhwVk38e1Fs="},"lastRemoteEphemeralKey":"BW7eXYBCmSdwrv4e8JMdsrBW7/gIeVR3jZeb1e2x5ZET","previousCounter":0,"rootKey":"gLRRcm28HbLPUpUP+0aXo102Vi4UrN5uLrpy45wtXaw="},"indexInfo":{"baseKey":"BSuzH56OK63PVbEIppxK7ladf8RWUpiP9x77GhN1hwgj","baseKeyType":1,"closed":1703149279768,"used":1703149279736,"created":1703149279736,"remoteIdentityKey":"BTmOrZ/0T6CD4z8g5eVu2mtarOLdnb5LVM354DbNAV8g"},"_chains":{"BWtZ2rj1XJzHbIquiPa2S3i1oGXpYHhku+miu8R6MGEL":{"chainKey":{"counter":-1,"key":"/vt6kxQxbP1+QyUIK9VqRJCTIhlPfrJXPT+6sKu9XRw="},"chainType":1,"messageKeys":{}}},"pendingPreKey":{"signedKeyId":1,"baseKey":"BSuzH56OK63PVbEIppxK7ladf8RWUpiP9x77GhN1hwgj","preKeyId":284337}},"BWrtEOI4i9IshEI031FE6rmNmYT7NMhbBiDJc/w8uUJY":{"registrationId":2072365849,"currentRatchet":{"ephemeralKeyPair":{"pubKey":"BYaEOHDNGhnxjaithrgJb2qe1LtEcf6/XziUKaiurTR4","privKey":"2Ack6itO+1XKwfQ7AxRJUegNr2u/wYSdDlePoC+BSHM="},"lastRemoteEphemeralKey":"BW7eXYBCmSdwrv4e8JMdsrBW7/gIeVR3jZeb1e2x5ZET","previousCounter":0,"rootKey":"kQGimqDcrPmtP6ARyOaihpa49WjJtM8/jEmmXuHI1C8="},"indexInfo":{"baseKey":"BWrtEOI4i9IshEI031FE6rmNmYT7NMhbBiDJc/w8uUJY","baseKeyType":1,"closed":1703149279779,"used":1703149279767,"created":1703149279767,"remoteIdentityKey":"BTmOrZ/0T6CD4z8g5eVu2mtarOLdnb5LVM354DbNAV8g"},"_chains":{"BYaEOHDNGhnxjaithrgJb2qe1LtEcf6/XziUKaiurTR4":{"chainKey":{"counter":-1,"key":"jNtsEkHOqYvzyNzTKbWakJwRK6HgX0bQ1uFgsqMDzJc="},"chainType":1,"messageKeys":{}}},"pendingPreKey":{"signedKeyId":1,"baseKey":"BWrtEOI4i9IshEI031FE6rmNmYT7NMhbBiDJc/w8uUJY","preKeyId":284140}},"BYrjn98mKpvGYU9Blhbz+uCvLWFqRWgkKATdoFf1tSgH":{"registrationId":2072365849,"currentRatchet":{"ephemeralKeyPair":{"pubKey":"Bd6rel1DoW0YqrMUWypqpc9hh1rFSfHPerKp0fxy4eYm","privKey":"cAtTfCVZ339pKyqb7lxjVUhYTUKd6/waWweF3GVwAmE="},"lastRemoteEphemeralKey":"BW7eXYBCmSdwrv4e8JMdsrBW7/gIeVR3jZeb1e2x5ZET","previousCounter":0,"rootKey":"l62pLYonfYuqo/UeC1F5ywkmh+xhGyMNh2Esn10o2EU="},"indexInfo":{"baseKey":"BYrjn98mKpvGYU9Blhbz+uCvLWFqRWgkKATdoFf1tSgH","baseKeyType":1,"closed":1703149279792,"used":1703149279779,"created":1703149279779,"remoteIdentityKey":"BTmOrZ/0T6CD4z8g5eVu2mtarOLdnb5LVM354DbNAV8g"},"_chains":{"Bd6rel1DoW0YqrMUWypqpc9hh1rFSfHPerKp0fxy4eYm":{"chainKey":{"counter":-1,"key":"/0xcouEf/bEZQIwgkREAmNADpBmfSkr+dm8YJXnk7+c="},"chainType":1,"messageKeys":{}}},"pendingPreKey":{"signedKeyId":1,"baseKey":"BYrjn98mKpvGYU9Blhbz+uCvLWFqRWgkKATdoFf1tSgH","preKeyId":284303}},"BX8h+7l4i4i2HHjem0WH3VTgUVej1w0Zeh7EELB8D7BC":{"registrationId":2072365849,"currentRatchet":{"ephemeralKeyPair":{"pubKey":"BVn+8wNaPkn8VeyhxDqt4egkmtGbj+mMGM+lUE1/cite","privKey":"+Pb/puBn/Hghvv+xGntq7KdeboFdRKyq3JZhLX1nf2g="},"lastRemoteEphemeralKey":"BW7eXYBCmSdwrv4e8JMdsrBW7/gIeVR3jZeb1e2x5ZET","previousCounter":0,"rootKey":"tHJvJdmS5ExtISMtbGnjE1x4hwezPM0AGywY1pQvcmY="},"indexInfo":{"baseKey":"BX8h+7l4i4i2HHjem0WH3VTgUVej1w0Zeh7EELB8D7BC","baseKeyType":1,"closed":1703149372288,"used":1703149279791,"created":1703149279791,"remoteIdentityKey":"BTmOrZ/0T6CD4z8g5eVu2mtarOLdnb5LVM354DbNAV8g"},"_chains":{"BVn+8wNaPkn8VeyhxDqt4egkmtGbj+mMGM+lUE1/cite":{"chainKey":{"counter":137,"key":"MMFTQ3AZtKvizQIizwsa7PB+JdGMNqw+6bceIk90waI="},"chainType":1,"messageKeys":{}}},"pendingPreKey":{"signedKeyId":1,"baseKey":"BX8h+7l4i4i2HHjem0WH3VTgUVej1w0Zeh7EELB8D7BC","preKeyId":284640}},"BYERclcnezLsN2ziCcmm5yCkuZJa6M7BfkJxiIk0iEUT":{"registrationId":2072365849,"currentRatchet":{"ephemeralKeyPair":{"pubKey":"Bc7Dl4sDbh+DPJ5V2FE5kb/O0SoXBPGs+1nTQPQICNJ1","privKey":"ILzGvA6znIiyIcrHbuCPBV2DrlvlFcap+xZMehYX52U="},"lastRemoteEphemeralKey":"BW7eXYBCmSdwrv4e8JMdsrBW7/gIeVR3jZeb1e2x5ZET","previousCounter":0,"rootKey":"oHMfsW0o1LyVeWnd+B47jwZf+5y4j8lmDQ0mXwEsLxg="},"indexInfo":{"baseKey":"BYERclcnezLsN2ziCcmm5yCkuZJa6M7BfkJxiIk0iEUT","baseKeyType":1,"closed":1703149419606,"used":1703149372186,"created":1703149372186,"remoteIdentityKey":"BTmOrZ/0T6CD4z8g5eVu2mtarOLdnb5LVM354DbNAV8g"},"_chains":{"Bc7Dl4sDbh+DPJ5V2FE5kb/O0SoXBPGs+1nTQPQICNJ1":{"chainKey":{"counter":89,"key":"TCpcCMwVFXTkClCyPanZe3VGfQSZl32JsSqIIftwf08="},"chainType":1,"messageKeys":{}}},"pendingPreKey":{"signedKeyId":1,"baseKey":"BYERclcnezLsN2ziCcmm5yCkuZJa6M7BfkJxiIk0iEUT","preKeyId":284197}},"BVNPr5o3YLmDNGzbVtCfMrONYFbquF8ktBgX7Cxi5ngk":{"registrationId":2072365849,"currentRatchet":{"ephemeralKeyPair":{"pubKey":"BR3UySg4HPuM0ibSYXB1nSn+7j8F0NTay8pvz6nXB+E6","privKey":"OCn6qVTPr4jAyhZcoo3PESbtxD8s157bz+cEAggG31o="},"lastRemoteEphemeralKey":"BW7eXYBCmSdwrv4e8JMdsrBW7/gIeVR3jZeb1e2x5ZET","previousCounter":0,"rootKey":"myev6TwmPdcRonEBCwJMCDGX7Hkrmw6M6iGYbP/2bj0="},"indexInfo":{"baseKey":"BVNPr5o3YLmDNGzbVtCfMrONYFbquF8ktBgX7Cxi5ngk","baseKeyType":1,"closed":1703149419904,"used":1703149419567,"created":1703149419567,"remoteIdentityKey":"BTmOrZ/0T6CD4z8g5eVu2mtarOLdnb5LVM354DbNAV8g"},"_chains":{"BR3UySg4HPuM0ibSYXB1nSn+7j8F0NTay8pvz6nXB+E6":{"chainKey":{"counter":-1,"key":"P0vUe5E2vd+pCyF3CCl08k48OUUi/fhpPPtADhDl1QQ="},"chainType":1,"messageKeys":{}}},"pendingPreKey":{"signedKeyId":1,"baseKey":"BVNPr5o3YLmDNGzbVtCfMrONYFbquF8ktBgX7Cxi5ngk","preKeyId":284509}},"BcathrdqjOuV1/QPVcyO1zPKjAkBjEDsLge9Ujhc0OEc":{"registrationId":2072365849,"currentRatchet":{"ephemeralKeyPair":{"pubKey":"BXE+4CichRkc5FBz0XOOtmYQPrRhp+go4UrGMTeIRdgr","privKey":"WLe6UMabfKQTzJCqdX9ngqmNOHz2XPg73SZJmHN2l20="},"lastRemoteEphemeralKey":"BW7eXYBCmSdwrv4e8JMdsrBW7/gIeVR3jZeb1e2x5ZET","previousCounter":0,"rootKey":"69NK76jW4ZIWgTlA/Gkgs23EbCo0owohhW1fEoqG/Xw="},"indexInfo":{"baseKey":"BcathrdqjOuV1/QPVcyO1zPKjAkBjEDsLge9Ujhc0OEc","baseKeyType":1,"closed":1703149420191,"used":1703149419812,"created":1703149419812,"remoteIdentityKey":"BTmOrZ/0T6CD4z8g5eVu2mtarOLdnb5LVM354DbNAV8g"},"_chains":{"BXE+4CichRkc5FBz0XOOtmYQPrRhp+go4UrGMTeIRdgr":{"chainKey":{"counter":-1,"key":"hEftfSUPXLK4yUU/ykMzBq7X+vs7SU/VoVmhL9PGdrU="},"chainType":1,"messageKeys":{}}},"pendingPreKey":{"signedKeyId":1,"baseKey":"BcathrdqjOuV1/QPVcyO1zPKjAkBjEDsLge9Ujhc0OEc","preKeyId":284495}},"Bf6dpBuuXqq3uIhOIGBkoXwc347jc4macRoCC8Ok+UEa":{"registrationId":2072365849,"currentRatchet":{"ephemeralKeyPair":{"pubKey":"BSBkxbjklqH0QNp51MlHaYKnDrnTiR24N0YXd47HIO43","privKey":"oBK1MB7acAWJoxWq+UETrowLZe2Ya5eGuVCrlBJHy2U="},"lastRemoteEphemeralKey":"BW7eXYBCmSdwrv4e8JMdsrBW7/gIeVR3jZeb1e2x5ZET","previousCounter":0,"rootKey":"0ja67J74PaeX+adfDFa7PYqYilk9g3cNmrCegwT7nYw="},"indexInfo":{"baseKey":"Bf6dpBuuXqq3uIhOIGBkoXwc347jc4macRoCC8Ok+UEa","baseKeyType":1,"closed":1703149420335,"used":1703149420115,"created":1703149420115,"remoteIdentityKey":"BTmOrZ/0T6CD4z8g5eVu2mtarOLdnb5LVM354DbNAV8g"},"_chains":{"BSBkxbjklqH0QNp51MlHaYKnDrnTiR24N0YXd47HIO43":{"chainKey":{"counter":-1,"key":"GH0BEszzrF/ck5M0CekXE+iq0EQBY0LJkwMKxiQLGwE="},"chainType":1,"messageKeys":{}}},"pendingPreKey":{"signedKeyId":1,"baseKey":"Bf6dpBuuXqq3uIhOIGBkoXwc347jc4macRoCC8Ok+UEa","preKeyId":284709}},"BQ1muZvscabtCkpEykmDoCSGBCvu6ztwnYFQTbQZdgFy":{"registrationId":2072365849,"currentRatchet":{"ephemeralKeyPair":{"pubKey":"BV1oE1LebTz7/A00/U5PSP0cziv0ReaxDe5QeVX5zA4i","privKey":"iF8csdR6M5OS/cCKoetRqgaF0zd8/7yjwS8kcS9UXnY="},"lastRemoteEphemeralKey":"BW7eXYBCmSdwrv4e8JMdsrBW7/gIeVR3jZeb1e2x5ZET","previousCounter":0,"rootKey":"2y/DPjG9bMIyG4WF9aWFDT4B835/E2kNKxK6iqGBlzI="},"indexInfo":{"baseKey":"BQ1muZvscabtCkpEykmDoCSGBCvu6ztwnYFQTbQZdgFy","baseKeyType":1,"closed":1703149451093,"used":1703149420291,"created":1703149420291,"remoteIdentityKey":"BTmOrZ/0T6CD4z8g5eVu2mtarOLdnb5LVM354DbNAV8g"},"_chains":{"BV1oE1LebTz7/A00/U5PSP0cziv0ReaxDe5QeVX5zA4i":{"chainKey":{"counter":56,"key":"EIAPRDsZU/NaVHj7sygPwsk8E5IT1BsL4iaahSAo3x8="},"chainType":1,"messageKeys":{}}},"pendingPreKey":{"signedKeyId":1,"baseKey":"BQ1muZvscabtCkpEykmDoCSGBCvu6ztwnYFQTbQZdgFy","preKeyId":284273}},"BQZ7/dLZnAIcPlo2hogYgAK7DAoQ5EHKhz76x/le7vkn":{"registrationId":2072365849,"currentRatchet":{"ephemeralKeyPair":{"pubKey":"BcookLE80CL8BHVLXmgb14ERjK7Wrhqg8g8jD2qzkf9e","privKey":"MEIFNVRYCrX4NUcSRBSUmg/hd8dFjxBRo5fTh+t/83Q="},"lastRemoteEphemeralKey":"BW7eXYBCmSdwrv4e8JMdsrBW7/gIeVR3jZeb1e2x5ZET","previousCounter":0,"rootKey":"uNo2XUBUVGAH0XZQqE1IWg7/ZPVf36J302I+yESaY5I="},"indexInfo":{"baseKey":"BQZ7/dLZnAIcPlo2hogYgAK7DAoQ5EHKhz76x/le7vkn","baseKeyType":1,"closed":1703149584297,"used":1703149451087,"created":1703149451087,"remoteIdentityKey":"BTmOrZ/0T6CD4z8g5eVu2mtarOLdnb5LVM354DbNAV8g"},"_chains":{"BcookLE80CL8BHVLXmgb14ERjK7Wrhqg8g8jD2qzkf9e":{"chainKey":{"counter":240,"key":"EmTW26glSYKgr4Ucn6fiLatyUeh4Yl2LnJaa4aD/F8c="},"chainType":1,"messageKeys":{}}},"pendingPreKey":{"signedKeyId":1,"baseKey":"BQZ7/dLZnAIcPlo2hogYgAK7DAoQ5EHKhz76x/le7vkn","preKeyId":284505}},"BT5gJJb9p176nIMjNmp5yv4P/8XRyms6I9RiDR7qkokl":{"registrationId":2072365849,"currentRatchet":{"ephemeralKeyPair":{"pubKey":"BSx9UrFyY+svHLMqm5EYAnSHm7bZm3WDeMHWDttSOvAy","privKey":"KO6OcUWU8lWTMAwqbtztsnuW5Nc2igZs8pD0ynGTSHE="},"lastRemoteEphemeralKey":"BW7eXYBCmSdwrv4e8JMdsrBW7/gIeVR3jZeb1e2x5ZET","previousCounter":0,"rootKey":"A9TkYIp9SLzkT1qYc+q0odX3lCkp8GQbZea4yhs3EAA="},"indexInfo":{"baseKey":"BT5gJJb9p176nIMjNmp5yv4P/8XRyms6I9RiDR7qkokl","baseKeyType":1,"closed":1703149584485,"used":1703149584267,"created":1703149584267,"remoteIdentityKey":"BTmOrZ/0T6CD4z8g5eVu2mtarOLdnb5LVM354DbNAV8g"},"_chains":{"BSx9UrFyY+svHLMqm5EYAnSHm7bZm3WDeMHWDttSOvAy":{"chainKey":{"counter":-1,"key":"EOunkQ2D0+qe+I+pW/iJd9oIvDIuNP3I9fCfF3AiJ7Y="},"chainType":1,"messageKeys":{}}},"pendingPreKey":{"signedKeyId":1,"baseKey":"BT5gJJb9p176nIMjNmp5yv4P/8XRyms6I9RiDR7qkokl","preKeyId":284676}},"BZ4LFJDWXwmM9pgZONf5oOM5HFXJJE5WW7VYQRUDjxhk":{"registrationId":2072365849,"currentRatchet":{"ephemeralKeyPair":{"pubKey":"BXFwUYS+Tk6/edL+ysij0lEnOwrBYzxosoAIRdj6WzZI","privKey":"0GpvmJuASJgoinO902HtE3bG2WTm2tmqqB0W6Grvp2k="},"lastRemoteEphemeralKey":"BW7eXYBCmSdwrv4e8JMdsrBW7/gIeVR3jZeb1e2x5ZET","previousCounter":0,"rootKey":"b5O7b60mqgQnSWtsxpAxIIeUL1S0YIbRiCydquzCHAU="},"indexInfo":{"baseKey":"BZ4LFJDWXwmM9pgZONf5oOM5HFXJJE5WW7VYQRUDjxhk","baseKeyType":1,"closed":1703149584635,"used":1703149584437,"created":1703149584437,"remoteIdentityKey":"BTmOrZ/0T6CD4z8g5eVu2mtarOLdnb5LVM354DbNAV8g"},"_chains":{"BXFwUYS+Tk6/edL+ysij0lEnOwrBYzxosoAIRdj6WzZI":{"chainKey":{"counter":-1,"key":"ch9HRpZ6hNZXOt7/dslf0yVK1U76wpW4CjADhOAHmxU="},"chainType":1,"messageKeys":{}}},"pendingPreKey":{"signedKeyId":1,"baseKey":"BZ4LFJDWXwmM9pgZONf5oOM5HFXJJE5WW7VYQRUDjxhk","preKeyId":284259}},"BZPoHDlDun6ETWM9xaGyacfSrk9zN0pvIZNIk3T1NztV":{"registrationId":2072365849,"currentRatchet":{"ephemeralKeyPair":{"pubKey":"Bbgy8bhmXEXsRLn9Vx5WUIWGIg/U/RNbiy18vXRk8ng5","privKey":"iIbhQo6dEbcb3f1l0iT2GQOCxV4MwNNqKDnSRDgM3V0="},"lastRemoteEphemeralKey":"BW7eXYBCmSdwrv4e8JMdsrBW7/gIeVR3jZeb1e2x5ZET","previousCounter":0,"rootKey":"ZPt1YMDV0595rRyGvavEP1YVV7Znf1BN6u/3TyKMOVI="},"indexInfo":{"baseKey":"BZPoHDlDun6ETWM9xaGyacfSrk9zN0pvIZNIk3T1NztV","baseKeyType":1,"closed":-1,"used":1703149584593,"created":1703149584593,"remoteIdentityKey":"BTmOrZ/0T6CD4z8g5eVu2mtarOLdnb5LVM354DbNAV8g"},"_chains":{"Bbgy8bhmXEXsRLn9Vx5WUIWGIg/U/RNbiy18vXRk8ng5":{"chainKey":{"counter":1171,"key":"G4uv/gYvDPcpJvgYAFObUWWeTJrvI5avXn5xkJiU+ic="},"chainType":1,"messageKeys":{}}},"pendingPreKey":{"signedKeyId":1,"baseKey":"BZPoHDlDun6ETWM9xaGyacfSrk9zN0pvIZNIk3T1NztV","preKeyId":284325}}},"version":"v1"}