{"_sessions":{"BeKbqh+/4IGWRhdOoIo4HFluiH+BTigMehYyJ74CL4sm":{"registrationId":772796963,"currentRatchet":{"ephemeralKeyPair":{"pubKey":"BQo3qJthbaxd+qoJsf876vv0stqCQT7Q4zjiG21QF0U7","privKey":"2BsZIgQ41tQqJsu1zcGWdwLIL4iHZrITG6UU8tosIV0="},"lastRemoteEphemeralKey":"BRj7DSddfbESNtMMg/Klp+X/Uz+7xeNr35xCEy5eYN0l","previousCounter":0,"rootKey":"DTXWOJxmZ9YmEfaZBhQjXnt3votYD95yumAQOIeNYf0="},"indexInfo":{"baseKey":"BeKbqh+/4IGWRhdOoIo4HFluiH+BTigMehYyJ74CL4sm","baseKeyType":2,"closed":-1,"used":1703297567844,"created":1703297567844,"remoteIdentityKey":"Bf9y9pl97iOLgmSzTDJgd/gjKUzKOrw5du6itM5gMWg/"},"_chains":{"BRj7DSddfbESNtMMg/Klp+X/Uz+7xeNr35xCEy5eYN0l":{"chainKey":{"counter":0,"key":"VsXNc290qx96gnb5uJ0TYbjeTdCoqJqcNawmAib4EEw="},"chainType":2,"messageKeys":{}},"BQo3qJthbaxd+qoJsf876vv0stqCQT7Q4zjiG21QF0U7":{"chainKey":{"counter":-1,"key":"ue/bseT/zr8y12oxHkG6sKT1r4B219+1HP+Uko3pz9Q="},"chainType":1,"messageKeys":{}}}}},"version":"v1"}