{"_sessions":{"BWzuI1JjTHjm/CMHww0pWqIXfw5YyOumQ/4u7EKQLi59":{"registrationId":473044493,"currentRatchet":{"ephemeralKeyPair":{"pubKey":"BZtwCL5Ldnc0e0mI4xmuJ+VF1rpD2Yo+BMKUcJkjje5c","privKey":"iCIqrfjWPI3Ms+ePP++88jLI7h/FaPqfuMFYtRN2QWg="},"lastRemoteEphemeralKey":"BZUsb+fiy9zjX1O87wEUVvCg+hxn7gN1icLrZ9u/SJ9f","previousCounter":0,"rootKey":"dotRPgsEZkYuRzpp7FY3JKSV1wXHrI54RVr5RvRYpJI="},"indexInfo":{"baseKey":"BWzuI1JjTHjm/CMHww0pWqIXfw5YyOumQ/4u7EKQLi59","baseKeyType":2,"closed":-1,"used":1703193489618,"created":1703193489618,"remoteIdentityKey":"BQTuROAGYG8Gmvlp1msXDdkXep7ZeOcbQVjH7r7LQT0L"},"_chains":{"BZUsb+fiy9zjX1O87wEUVvCg+hxn7gN1icLrZ9u/SJ9f":{"chainKey":{"counter":0,"key":"3+HqqXbO6HjPGT7gueC/XcjIVpevnVkg4baTnoYZFaE="},"chainType":2,"messageKeys":{}},"BZtwCL5Ldnc0e0mI4xmuJ+VF1rpD2Yo+BMKUcJkjje5c":{"chainKey":{"counter":-1,"key":"6ql45zGysyRFsp7Hc8HrSYVOSM/HF2DSBxGbMisZ4So="},"chainType":1,"messageKeys":{}}}}},"version":"v1"}