{"_sessions":{"BaxT1xx2TF/kLwciQIHBLidbLsdPXDQ3m0n5GuSu1ZYw":{"registrationId":705259187,"currentRatchet":{"ephemeralKeyPair":{"pubKey":"BYEtlSKYLq6eNNKgqxnkwlFeww0s37wRif9LDTwntLYI","privKey":"eCDIFAtUjqxVikvWxyPUZAfWLqieaUQr5EpBBeFnMUM="},"lastRemoteEphemeralKey":"BQ//puFXWSXzo1bwTLLwRLbZScSSiwAzB8kgD7RcJHEk","previousCounter":0,"rootKey":"YN850PxRoycYC+wuvwzBn+K43CkWt4gaYFAir8EzH0Q="},"indexInfo":{"baseKey":"BaxT1xx2TF/kLwciQIHBLidbLsdPXDQ3m0n5GuSu1ZYw","baseKeyType":2,"closed":-1,"used":1703141563414,"created":1703141563414,"remoteIdentityKey":"BZd1LV4LSWIJqifNX+6MRBmn/+JlCJOIanVo4dRdzQIn"},"_chains":{"BQ//puFXWSXzo1bwTLLwRLbZScSSiwAzB8kgD7RcJHEk":{"chainKey":{"counter":0,"key":"PnxDbN1BhkZFXh0MLN+Hi0RJfigPAZ49LaHzHFvDmD8="},"chainType":2,"messageKeys":{}},"BYEtlSKYLq6eNNKgqxnkwlFeww0s37wRif9LDTwntLYI":{"chainKey":{"counter":-1,"key":"GOb3xUOZAQtd2J30CbhQ2ZoMXRdcM4sH9XexnZLkCAo="},"chainType":1,"messageKeys":{}}}}},"version":"v1"}