{"_sessions":{"BR7iSdHunk09xJBeJcNZp8SWC80vP1OrDHs3HRFehtcj":{"registrationId":2966,"currentRatchet":{"ephemeralKeyPair":{"pubKey":"BbyRHp2VjpcCJguVY3jipuqeuIhkYpHuMo2004IVqft1","privKey":"2Py7VXPG7lapicRjju+VgWldWa2MBMwZirnEUaXHhHU="},"lastRemoteEphemeralKey":"BS0V9XOtmQCf/jmGn8RuP+Za6y/1cVj0zr11iceMX6AM","previousCounter":0,"rootKey":"RCJMPrp5mlIs/sFt4AQhqxZNlV5fYHiFnf9PvK9KV+c="},"indexInfo":{"baseKey":"BR7iSdHunk09xJBeJcNZp8SWC80vP1OrDHs3HRFehtcj","baseKeyType":1,"closed":-1,"used":1703079030951,"created":1703079030951,"remoteIdentityKey":"BVN5ONJq4lcE0GVGqztNz3uy0ALkSx9K+k3yYcCJ1qg5"},"_chains":{"BbyRHp2VjpcCJguVY3jipuqeuIhkYpHuMo2004IVqft1":{"chainKey":{"counter":1,"key":"kgGNskmRvlzvbSOiIFRqLN8GvTR2RGZm0o0EUn3OYws="},"chainType":1,"messageKeys":{}}},"pendingPreKey":{"signedKeyId":2,"baseKey":"BR7iSdHunk09xJBeJcNZp8SWC80vP1OrDHs3HRFehtcj","preKeyId":617}}},"version":"v1"}