{"_sessions":{"BUdKq1/Pgezw4LihXlVFV0vmHY/cri+uyPbe5PkfFINv":{"registrationId":1095649671,"currentRatchet":{"ephemeralKeyPair":{"pubKey":"BQLAnBI4nN9uXp+MJEahF1EH6xmwonlmTNy03DUlnrgm","privKey":"kE7bnK6foL3l3eCBHA8lwne9pRz73n3V7SSXjUI/fn0="},"lastRemoteEphemeralKey":"BXbq5Gt9jtETpUrGLqx81JCYC7khcEkJdfbSyJ3+7Hs0","previousCounter":0,"rootKey":"d8bdYrAkkPTnPLCz1IhMBwp9fznFZWoAG8PaWagqcKs="},"indexInfo":{"baseKey":"BUdKq1/Pgezw4LihXlVFV0vmHY/cri+uyPbe5PkfFINv","baseKeyType":2,"closed":-1,"used":1703225217365,"created":1703225217365,"remoteIdentityKey":"BdYT4tUR6hSIDRTBJExozNU5f/YedAeQUjgmIOqIvTBa"},"_chains":{"BXbq5Gt9jtETpUrGLqx81JCYC7khcEkJdfbSyJ3+7Hs0":{"chainKey":{"counter":0,"key":"nrDj8Il84gNEIATsdk29rWzFaabOAFnZRJhy47/B7gg="},"chainType":2,"messageKeys":{}},"BQLAnBI4nN9uXp+MJEahF1EH6xmwonlmTNy03DUlnrgm":{"chainKey":{"counter":-1,"key":"mxYJWAME37b0ZLL5kloBkzaMJ3R3UoKgY3ZxIwcGSUc="},"chainType":1,"messageKeys":{}}}}},"version":"v1"}