{"_sessions":{"Bb/gFTADWxTBaP5vfsWemlJ96aYo22495WS7EA3ob3Ny":{"registrationId":1790679784,"currentRatchet":{"ephemeralKeyPair":{"pubKey":"BeUZwGRgIl5YiEasa5Xkm8aUxGX0g43hNfVaZvHsT7kE","privKey":"eDaNN9QbdgOJQdadULk+KbNqL2U0Vbg3ZmT1XZeeomg="},"lastRemoteEphemeralKey":"BY0NYGUMgKB8TpgqmxVXElE16BkkntxTUITiUF1DoVJI","previousCounter":0,"rootKey":"gB4rhGURplZymXJdQ1dkYECE4ptEn4YurlCX9ShaPxc="},"indexInfo":{"baseKey":"Bb/gFTADWxTBaP5vfsWemlJ96aYo22495WS7EA3ob3Ny","baseKeyType":2,"closed":-1,"used":1703141562616,"created":1703141562616,"remoteIdentityKey":"Bdjf+7dENxGI4X28z98N+1pNXeryyKCLjpOJuQSj6mBy"},"_chains":{"BY0NYGUMgKB8TpgqmxVXElE16BkkntxTUITiUF1DoVJI":{"chainKey":{"counter":3,"key":"sus+9hxdgYdgJtSQ+pgTrhKJmdwRE8Zi8LxMGTl9aG8="},"chainType":2,"messageKeys":{}},"BeUZwGRgIl5YiEasa5Xkm8aUxGX0g43hNfVaZvHsT7kE":{"chainKey":{"counter":-1,"key":"HhSut1Et31RB07c4G1FpxOKjhksSVajLari/yLo81lA="},"chainType":1,"messageKeys":{}}}}},"version":"v1"}