{"_sessions":{"Bd29Km07zoYuf1NQz2xUzFuHNGtthMHBpSMlhh7A5UN1":{"registrationId":1655068491,"currentRatchet":{"ephemeralKeyPair":{"pubKey":"Ba/K5A1sLfozl+/IFZw6llJAAkrl074LcawBn9VSZNQV","privKey":"uB3kpuMEu+krpmnd/NHIPxTwdvKpN8ZPS32QijQK80g="},"lastRemoteEphemeralKey":"BXamrWq+lm9TotVumvs6QDU/IV627ETQcKIXUZSwdaQV","previousCounter":0,"rootKey":"C6I9p+rhOPCkbIHQ81Zf3VmDPyaPr9OI2Dwb9nrpk1o="},"indexInfo":{"baseKey":"Bd29Km07zoYuf1NQz2xUzFuHNGtthMHBpSMlhh7A5UN1","baseKeyType":2,"closed":-1,"used":1703254149862,"created":1703254149862,"remoteIdentityKey":"BV/qeqQkBY0JULTOXRHGWWjS1GfD+nV9zc58yPTsjlZ1"},"_chains":{"BXamrWq+lm9TotVumvs6QDU/IV627ETQcKIXUZSwdaQV":{"chainKey":{"counter":0,"key":"MWHoxbXpmjQEa2bq2B9ZOolnqUFhTaa24h8PS7ehhNo="},"chainType":2,"messageKeys":{}},"Ba/K5A1sLfozl+/IFZw6llJAAkrl074LcawBn9VSZNQV":{"chainKey":{"counter":-1,"key":"zLf2nxo8ru1pXzfWxfWXzIH+ZwhmoxYlb2FWIEb6guE="},"chainType":1,"messageKeys":{}}}}},"version":"v1"}