{"_sessions":{"Bc6J9gcM3Nm7L6PcCv3IqiaoYWG8RWCJ+1ToZWM8AF8I":{"registrationId":211678093,"currentRatchet":{"ephemeralKeyPair":{"pubKey":"BeL0PhhMYG38a4Lamu2erMO+bAHyGwC46aQqlqh2wFwy","privKey":"UGHoESxOxNwyxpR2Nd1dR50cNJPdhEHx5U1fw4clvXs="},"lastRemoteEphemeralKey":"BWTAFCdYh4ICTMQVFSlV0eNvLs4a79QX+r0Xhx6RcewO","previousCounter":0,"rootKey":"VShPOgTyfPdWdSa+NxQcGycbQEJ5YhDMlDvkbMVbzIw="},"indexInfo":{"baseKey":"Bc6J9gcM3Nm7L6PcCv3IqiaoYWG8RWCJ+1ToZWM8AF8I","baseKeyType":1,"closed":-1,"used":1703181748278,"created":1703181748278,"remoteIdentityKey":"BT3DU9jGbmOc0hrRDbm2qGs3p76v1YF3cKlwk8wqb7Rn"},"_chains":{"BeL0PhhMYG38a4Lamu2erMO+bAHyGwC46aQqlqh2wFwy":{"chainKey":{"counter":357,"key":"M2AKWwInbnvvv07B9avkAOuWdZZzlOnhDHTkWhU23PY="},"chainType":1,"messageKeys":{}}},"pendingPreKey":{"signedKeyId":27,"baseKey":"Bc6J9gcM3Nm7L6PcCv3IqiaoYWG8RWCJ+1ToZWM8AF8I","preKeyId":5795754}}},"version":"v1"}