{"_sessions":{"BYiw+I3ibbC4bAHYz6lzwAb2AC65y5bLX8kNv9POb5Rr":{"registrationId":15968,"currentRatchet":{"ephemeralKeyPair":{"pubKey":"BZXelUiEqJXzlCSpXIZLTjAv9b+iuwjZJ4fMwLFTQlp1","privKey":"aJZf9xM9z0fWXjfA6Nv5+te8R0wDvP28fNocPZFDa2A="},"lastRemoteEphemeralKey":"BQ4AG7LO9IZ+c5iZEOul3BxmXf6mdBBhP0PA7tNY9wY4","previousCounter":0,"rootKey":"YU4xW6VsqbSwsmxsgeavYglivSkB2iYrQ5QgjKBLCm4="},"indexInfo":{"baseKey":"BYiw+I3ibbC4bAHYz6lzwAb2AC65y5bLX8kNv9POb5Rr","baseKeyType":1,"closed":-1,"used":1703079045702,"created":1703079045702,"remoteIdentityKey":"BW1wUujRhwii2T0ia+kigMuqtw7AOgLDein5LJUU5GYk"},"_chains":{"BZXelUiEqJXzlCSpXIZLTjAv9b+iuwjZJ4fMwLFTQlp1":{"chainKey":{"counter":1,"key":"uhLrrHHx0CJDHmuoHqRqNqSm9qIWLBoKLzlgREbLNaA="},"chainType":1,"messageKeys":{}}},"pendingPreKey":{"signedKeyId":2,"baseKey":"BYiw+I3ibbC4bAHYz6lzwAb2AC65y5bLX8kNv9POb5Rr","preKeyId":1974}}},"version":"v1"}