{"_sessions":{"BQ98JnQ8huf/OSy0HT47uyLSzYN32NwC99FAu7MeT71n":{"registrationId":581097553,"currentRatchet":{"ephemeralKeyPair":{"pubKey":"BQiROJJEIC0RJ4FKqpW2ELsA84XQarssanHriUTcTTUO","privKey":"cAo43w+YtQ0XJqB/uhRwuVYI8kOoaL9ZqRWyIkjbPGw="},"lastRemoteEphemeralKey":"BbgxZdMR/YzWnJZ9apse2D0QpR3lk5RdkcJU7y2nyWox","previousCounter":0,"rootKey":"5oRb6a6cm+2aV+izglXKa4E9oRGbqdj157nucg3I2Gw="},"indexInfo":{"baseKey":"BQ98JnQ8huf/OSy0HT47uyLSzYN32NwC99FAu7MeT71n","baseKeyType":1,"closed":-1,"used":1703079006293,"created":1703079006293,"remoteIdentityKey":"BSWmE+rrhWU0W0oMCswU0rOGmFMH6m/77y04PVpmW4RA"},"_chains":{"BQiROJJEIC0RJ4FKqpW2ELsA84XQarssanHriUTcTTUO":{"chainKey":{"counter":1,"key":"EgQyB55N24oE0BeTr6rUo4+orBUHQGdBgFF6zvltfQk="},"chainType":1,"messageKeys":{}}},"pendingPreKey":{"signedKeyId":23,"baseKey":"BQ98JnQ8huf/OSy0HT47uyLSzYN32NwC99FAu7MeT71n","preKeyId":16289456}}},"version":"v1"}