{"_sessions":{"BV0BnJTKJEmGEhACOvi1wQMchArnNxH29RfHG5VAoy82":{"registrationId":943,"currentRatchet":{"ephemeralKeyPair":{"pubKey":"BXJCkple6ifLvEZFcSm8HUOqcG6aspaRZTdQLHoqFu4O","privKey":"WAHTRq3X7/tXcweEkg+SKZlphqG+S+ryu0LkpWXNo3w="},"lastRemoteEphemeralKey":"Baokb0y91pIHD5HQ/HUYHmQZFEo3svomPxSui5wUyWVG","previousCounter":0,"rootKey":"d0mWymVgE63tLlopUCBMXl2Dpv5jlrg/d50NtGTDCfk="},"indexInfo":{"baseKey":"BV0BnJTKJEmGEhACOvi1wQMchArnNxH29RfHG5VAoy82","baseKeyType":1,"closed":-1,"used":1703192541179,"created":1703192541179,"remoteIdentityKey":"BeqgR+U2Vk3JcNu5sNslxAgk0cZBVjZlukfFyC34kBMw"},"_chains":{"BXJCkple6ifLvEZFcSm8HUOqcG6aspaRZTdQLHoqFu4O":{"chainKey":{"counter":50,"key":"RguivSIYs25VNE3BxKzQFqyQTRui6acmZ2qlUdfQEQ4="},"chainType":1,"messageKeys":{}}},"pendingPreKey":{"signedKeyId":1,"baseKey":"BV0BnJTKJEmGEhACOvi1wQMchArnNxH29RfHG5VAoy82","preKeyId":100}}},"version":"v1"}