{"_sessions":{"BfYJlVxDOt+l9S1ilGbdjDi0rGaY2BOIrDpM+4mng8YR":{"registrationId":1803,"currentRatchet":{"ephemeralKeyPair":{"pubKey":"BSevXY85YHvb4lx3QxxJzkkVSMXxaef90gd4Hoi4tSZr","privKey":"IIQoiwa/DS3t3o28JgGQeco3wcQk+G7+or2z2xcBw3k="},"lastRemoteEphemeralKey":"BQNz1myp9Xeg9sGFqNBhVgiMIzqghIP1s7UGOL+sZpdD","previousCounter":0,"rootKey":"YAtmlkfi2FT78+at89ZVPFk8sP8iAEFwqAP/Oa2/Dno="},"indexInfo":{"baseKey":"BfYJlVxDOt+l9S1ilGbdjDi0rGaY2BOIrDpM+4mng8YR","baseKeyType":1,"closed":-1,"used":1703079060744,"created":1703079060744,"remoteIdentityKey":"BXC1ki+exFzMUorLt0OE6WNoUtjEh1OgDl/C9BEgas4r"},"_chains":{"BSevXY85YHvb4lx3QxxJzkkVSMXxaef90gd4Hoi4tSZr":{"chainKey":{"counter":2,"key":"CV65R9wUkEdMV21ctTxDZvKHYPSxe3oG+q7dPa9OwTY="},"chainType":1,"messageKeys":{}}},"pendingPreKey":{"signedKeyId":1,"baseKey":"BfYJlVxDOt+l9S1ilGbdjDi0rGaY2BOIrDpM+4mng8YR","preKeyId":925}}},"version":"v1"}