{"_sessions":{"BQcS6OWfc4/jC477amkYHKVjK7iDlvnuJOremjztpVlf":{"registrationId":1955572949,"currentRatchet":{"ephemeralKeyPair":{"pubKey":"BV4TuapeDRn/CuEVEup4aijv66Qn6HgQ+wy+xx8Qz4Qe","privKey":"SKAgj5HZuj4LUHmGj6rMLk+UtfUe/E1fp6FV2KrSAUQ="},"lastRemoteEphemeralKey":"BRrfkVTtE//4oMtAKTZh4aAaatIgBZOneltOlB7CoDhQ","previousCounter":0,"rootKey":"xM6iSt5lPoKE+yhjqwWmwwDbn63OeElaglrGkdyRw18="},"indexInfo":{"baseKey":"BQcS6OWfc4/jC477amkYHKVjK7iDlvnuJOremjztpVlf","baseKeyType":1,"closed":-1,"used":1703200146723,"created":1703200145073,"remoteIdentityKey":"BUkoUcVhs3IEOEqt+HfPmKiuKp7ASLVPR4fbrR4/PdAM"},"_chains":{"BRrfkVTtE//4oMtAKTZh4aAaatIgBZOneltOlB7CoDhQ":{"chainKey":{"counter":0,"key":"bnDx7EH42td4b8oS6IkcNNXd2zcnMiudCtis2WRBcZE="},"chainType":2,"messageKeys":{}},"BV4TuapeDRn/CuEVEup4aijv66Qn6HgQ+wy+xx8Qz4Qe":{"chainKey":{"counter":126,"key":"qJ1rWSfEJBX3eVQ8oNFTWXuotDlpSSr0xemlt7jzfEE="},"chainType":1,"messageKeys":{}}}}},"version":"v1"}