{"_sessions":{"BeoXNHwCduVf2V10YXlSIONR2Z+M9bpOL5ObLyxFuOpO":{"registrationId":2095523014,"currentRatchet":{"ephemeralKeyPair":{"pubKey":"BZIz6kwAC9M9KrpFw2Lx4MBXsyr2TdUYLeJ+Htw+Krp6","privKey":"+NNHZznZX52+h3Z3stMsrTd13ZI7LYl+w9Ya6tm4Emo="},"lastRemoteEphemeralKey":"BQyvUnR+MPbBaMRAe4F+9dZ6pHZXsHiNcuTSptqiCcMp","previousCounter":0,"rootKey":"6K/mrca4w7zfMHao0Hb653GNlrl9BWwQ+PN3VZEc950="},"indexInfo":{"baseKey":"BeoXNHwCduVf2V10YXlSIONR2Z+M9bpOL5ObLyxFuOpO","baseKeyType":2,"closed":-1,"used":1703310961678,"created":1703310961678,"remoteIdentityKey":"Bal2fqtSuparNGOopL/1fu9jSvbiqHtk7Jez9iIBoD97"},"_chains":{"BQyvUnR+MPbBaMRAe4F+9dZ6pHZXsHiNcuTSptqiCcMp":{"chainKey":{"counter":0,"key":"k2J+0Rp48CZHtClo/OmTuSouJcDNRMXh8k0rE+KE3/Q="},"chainType":2,"messageKeys":{}},"BZIz6kwAC9M9KrpFw2Lx4MBXsyr2TdUYLeJ+Htw+Krp6":{"chainKey":{"counter":-1,"key":"0jRqvP9BrwkxnuNQnoPh8oFeLzIdrNmf2KQzLkVNVV8="},"chainType":1,"messageKeys":{}}}}},"version":"v1"}