{"_sessions":{"BcSLA2q6QtD/zohVg8rZIFBptbZJle8NKMvNr31c/hV/":{"registrationId":1999216745,"currentRatchet":{"ephemeralKeyPair":{"pubKey":"BeaeQilVXhWuzO+KDqBGL20BkvdGmw/ypMsOOA9fqgpW","privKey":"ANkEfRtTxzguKpK2X6gMkLDy19dWtCNRw+lihht1UXE="},"lastRemoteEphemeralKey":"BSnnjNZFMn+1DsGvRRWyNQllOBigQ9hyIgv57OGDiG8O","previousCounter":0,"rootKey":"HiPvFFtljn59d6jcY1jhgJKf2VxwI5Z2IbSYSEBkmM0="},"indexInfo":{"baseKey":"BcSLA2q6QtD/zohVg8rZIFBptbZJle8NKMvNr31c/hV/","baseKeyType":2,"closed":-1,"used":1703310995480,"created":1703310995480,"remoteIdentityKey":"BcAZgHrUBpar6BYhorLiJ8qNPziFRLfWCIkbaRr0kGA1"},"_chains":{"BSnnjNZFMn+1DsGvRRWyNQllOBigQ9hyIgv57OGDiG8O":{"chainKey":{"counter":0,"key":"bElJIKTO6cwKR9tV68O/22kkJgzcbtb8r0zrkUnFzOo="},"chainType":2,"messageKeys":{}},"BeaeQilVXhWuzO+KDqBGL20BkvdGmw/ypMsOOA9fqgpW":{"chainKey":{"counter":-1,"key":"JRdHj/kjhpsQOFndi+hCELAzbF6F1c6UnizNc8nPa+E="},"chainType":1,"messageKeys":{}}}}},"version":"v1"}