{"_sessions":{"BdtYq0GzyP3txk/H440ZMcn1t/wJx5174zl6PoI1lxQs":{"registrationId":700604965,"currentRatchet":{"ephemeralKeyPair":{"pubKey":"BVCdYDP+knyddHyx8nS19zDRCp3GdPQhgYwh5sHTu3A2","privKey":"mMkN6AdZoxCBWwUETInDj4DyfxJcfSFy639EUTe/x0g="},"lastRemoteEphemeralKey":"BWuzuoiJqvbrxAR6GmCy5wQq9INNccD44Zz82tGTtcFQ","previousCounter":0,"rootKey":"VhHfqkXLQnYuUNV39GF0S6OuO88Q/ht645FCNXEEDv4="},"indexInfo":{"baseKey":"BdtYq0GzyP3txk/H440ZMcn1t/wJx5174zl6PoI1lxQs","baseKeyType":2,"closed":-1,"used":1703208363888,"created":1703208363888,"remoteIdentityKey":"BevwySQBxkWtKoYaYcG04cu8Ot/lzq+Bbz0HQn6eXGFX"},"_chains":{"BWuzuoiJqvbrxAR6GmCy5wQq9INNccD44Zz82tGTtcFQ":{"chainKey":{"counter":0,"key":"2K/zN4kRa3Km9JOXoep4wIlfX1BT9w8Np85zmg8aWX8="},"chainType":2,"messageKeys":{}},"BVCdYDP+knyddHyx8nS19zDRCp3GdPQhgYwh5sHTu3A2":{"chainKey":{"counter":-1,"key":"CfL7LsDmvgYqgVnzYC/FHQW8xUwfkujyuXR4LjWW2Z8="},"chainType":1,"messageKeys":{}}}}},"version":"v1"}