{"_sessions":{"BaQsFLfNgFXoQy3bsr8ga7A578KTuCsnKdhoQsdb2Qca":{"registrationId":1832568912,"currentRatchet":{"ephemeralKeyPair":{"pubKey":"BRnpzxEuG/e481aBUCr7QH9Bt8hqo45WncTpVT3rvd1/","privKey":"yGJ5bLmSME6SgrNNtk8FBhlIQVC4NXe7pbM3OlulrEg="},"lastRemoteEphemeralKey":"BfGksYzZDK2S6yyy0Ze78dt9kcELqCGlbK5jp7n3RcpQ","previousCounter":0,"rootKey":"fprqd+/5WVYtCmvz32rYWvJRH02VIvRFR7+MOKtf6eo="},"indexInfo":{"baseKey":"BaQsFLfNgFXoQy3bsr8ga7A578KTuCsnKdhoQsdb2Qca","baseKeyType":2,"closed":-1,"used":1703166309909,"created":1703166309909,"remoteIdentityKey":"Be6M3mOXKvB6b1KYn/Jey1P9KsLeW0ugNxk16sdaVgcG"},"_chains":{"BfGksYzZDK2S6yyy0Ze78dt9kcELqCGlbK5jp7n3RcpQ":{"chainKey":{"counter":2,"key":"Fjz+y9yh4BF47qdBBfBb0lvbjEo4yhK07iejilM5uU0="},"chainType":2,"messageKeys":{}},"BRnpzxEuG/e481aBUCr7QH9Bt8hqo45WncTpVT3rvd1/":{"chainKey":{"counter":-1,"key":"MdaLY8P61nBj+PtqVtq9RoPZPlEJF2FEAvd6FN4rJ1Q="},"chainType":1,"messageKeys":{}}}}},"version":"v1"}