{"_sessions":{"BQC2N1n7mRXIPxVsuI8lhXE1PPWN9sU27ZBE999SJyt3":{"registrationId":1412855166,"currentRatchet":{"ephemeralKeyPair":{"pubKey":"BVKdAgd/Y5QWD4CecH7zRA7W0cmijNQ/d7zTdf5eRLpz","privKey":"8LCyF++lGB1XL4bZMHdAIRBEIQt2LFzQeyaRcGLgels="},"lastRemoteEphemeralKey":"BZJ6Ra9HEFAuG94f5qjo2rbQsddD81rUm9dGCOwBrnYr","previousCounter":0,"rootKey":"SXB5VX/MRusH6dq68AEcDV0i3hMuYSN+Q4SFZ2getEU="},"indexInfo":{"baseKey":"BQC2N1n7mRXIPxVsuI8lhXE1PPWN9sU27ZBE999SJyt3","baseKeyType":2,"closed":-1,"used":1703158493585,"created":1703158493585,"remoteIdentityKey":"Bek7y5/eUHkqs5h58Vrds/WfMVf9Xo+L8tosi6n2veYx"},"_chains":{"BZJ6Ra9HEFAuG94f5qjo2rbQsddD81rUm9dGCOwBrnYr":{"chainKey":{"counter":0,"key":"6IGSekAiVVn7dGDz8lSAiep0hW2o2l/vC7DFQ4uJGIY="},"chainType":2,"messageKeys":{}},"BVKdAgd/Y5QWD4CecH7zRA7W0cmijNQ/d7zTdf5eRLpz":{"chainKey":{"counter":-1,"key":"pmg3qEQpr8DIM3js3nqlQH3Zc+0RvDbpMQsq2ucnmYw="},"chainType":1,"messageKeys":{}}}}},"version":"v1"}