{"_sessions":{"BaDZSAB636MQudUszVVur/dGGF8sXJBAPkEh3P2qwi83":{"registrationId":656154376,"currentRatchet":{"ephemeralKeyPair":{"pubKey":"BY5CTMnP+SUA7dKDhQNMPTwaYVQSqAc/RJYYsZoMNA5e","privKey":"0COL+4r0WbCimJZTiBjtqPayzo5r4sMeujTkNai8slw="},"lastRemoteEphemeralKey":"BW6ZtDc7Q1XB61GMJJBvknvDx33e6MpRHSb0j4Q88rUi","previousCounter":0,"rootKey":"OSmUvRZaW0EZVv+2APG/A0MRjgoiBZNiUo9NgGNJP7c="},"indexInfo":{"baseKey":"BaDZSAB636MQudUszVVur/dGGF8sXJBAPkEh3P2qwi83","baseKeyType":2,"closed":-1,"used":1703244128704,"created":1703244128704,"remoteIdentityKey":"BcYU9DohLI/aeuA8wXFuXHgNjDC9fRU7EISW/EVam5N7"},"_chains":{"BW6ZtDc7Q1XB61GMJJBvknvDx33e6MpRHSb0j4Q88rUi":{"chainKey":{"counter":0,"key":"h3ozKGQN2bJFar8Wm8RqnbH+KQ5czd2SFVzlV0mR28o="},"chainType":2,"messageKeys":{}},"BY5CTMnP+SUA7dKDhQNMPTwaYVQSqAc/RJYYsZoMNA5e":{"chainKey":{"counter":-1,"key":"KUmhF57SemNZe6Z04oeHyG+YlMSkZKKZaXfV68YSpug="},"chainType":1,"messageKeys":{}}}}},"version":"v1"}