{"_sessions":{"BY0aNmLxJDJtmbFSa/dFB5snJ5k7jmdQZeSXzZIi8EkU":{"registrationId":9703,"currentRatchet":{"ephemeralKeyPair":{"pubKey":"BaqWbMNHICv29kVMGmoMlEtWHlY8UNwwiytNDtOS2rxj","privKey":"+PYtUdx7OzgaIUcoffnBnZYJAMmDic29t9f/sUJeo1Q="},"lastRemoteEphemeralKey":"BWM5ybnPUFga+LpB3J8WIn2g73Kmz1nUTNEqhDLJkUM9","previousCounter":0,"rootKey":"jsqWxoe1xBq9tY+MRZynHyIP55txOtf79mYDP74VpAQ="},"indexInfo":{"baseKey":"BY0aNmLxJDJtmbFSa/dFB5snJ5k7jmdQZeSXzZIi8EkU","baseKeyType":1,"closed":-1,"used":1703079047940,"created":1703079047940,"remoteIdentityKey":"BRKbuuVvPVieBHQ1HLSJAjuiE2Opc1A9VeEjQxBbdAlf"},"_chains":{"BaqWbMNHICv29kVMGmoMlEtWHlY8UNwwiytNDtOS2rxj":{"chainKey":{"counter":1,"key":"RXOZdYC3JAsOMBZYSHJgcpPUL8upAk/CWmqEn2Ss1pY="},"chainType":1,"messageKeys":{}}},"pendingPreKey":{"signedKeyId":1,"baseKey":"BY0aNmLxJDJtmbFSa/dFB5snJ5k7jmdQZeSXzZIi8EkU","preKeyId":592}}},"version":"v1"}