{"_sessions":{"BdQNnqqStm3JRW4sgVty7Lq2JCr/fL5+MA5dOEy0SSE6":{"registrationId":1382244408,"currentRatchet":{"ephemeralKeyPair":{"pubKey":"BZMiT5pLpZaM6/eEmWvdRkjTqLao3Yoye4Fevtw5URRM","privKey":"QPvH40+eWtV2Nta1yVsjdA6IGR2AiVzbsxlPhNQONEw="},"lastRemoteEphemeralKey":"BWp5oqh+sUp9JEQIeRYFxKOV7wDsVu8nWZFdskTXMJ5b","previousCounter":0,"rootKey":"NAM5GSLHdQLygeblMQGEL8bcMJGDMzMcxy3V+BbbPcI="},"indexInfo":{"baseKey":"BdQNnqqStm3JRW4sgVty7Lq2JCr/fL5+MA5dOEy0SSE6","baseKeyType":2,"closed":-1,"used":1703077525673,"created":1703077525673,"remoteIdentityKey":"BTL8fsNb+RAxRBXhW3lGorpCR2cb3zAzg6nl6aw19IAp"},"_chains":{"BWp5oqh+sUp9JEQIeRYFxKOV7wDsVu8nWZFdskTXMJ5b":{"chainKey":{"counter":27,"key":"0CSQqTN1DlePv9sS/X3NR2M5xNpaclp4jvmwJ4BGHj8="},"chainType":2,"messageKeys":{"3":"WME6QPuywggFKYG55Bv3HDHntGzgnrUfnukhOG1RcVI="}},"BZMiT5pLpZaM6/eEmWvdRkjTqLao3Yoye4Fevtw5URRM":{"chainKey":{"counter":-1,"key":"i5dG8nEcDH2rasSv5mEABYno5cNRCeutkfR8a2uxrDI="},"chainType":1,"messageKeys":{}}}}},"version":"v1"}