{"_sessions":{"BZm9oKqMWNYnhwMNlNNrOlKq30HIpiCn0H7iJvFQTL1y":{"registrationId":14162,"currentRatchet":{"ephemeralKeyPair":{"pubKey":"BfrpPY55tKyrazVTtxe9p74rTCefxJXpxwzFm+750yEw","privKey":"IEeJQGJ+vnfy16E0YD2mKkE7m7GwIE4yOe+52Iyjqlg="},"lastRemoteEphemeralKey":"BdhBIhmN2pshcf9fd3fYrJxJXixsX+FTA+KTDiNvDycy","previousCounter":0,"rootKey":"xjIvbOdJZurpC49htgZ72K3gjcpGwWF//zys3PMCWUw="},"indexInfo":{"baseKey":"BZm9oKqMWNYnhwMNlNNrOlKq30HIpiCn0H7iJvFQTL1y","baseKeyType":1,"closed":-1,"used":1703079047938,"created":1703079047938,"remoteIdentityKey":"BVq8OPqo/ZhWGu2MY5BzNAZb5XERRyvW6YJn61mfishl"},"_chains":{"BfrpPY55tKyrazVTtxe9p74rTCefxJXpxwzFm+750yEw":{"chainKey":{"counter":1,"key":"Q/shDSBJgxsJO3QXFhBSChFBrWf27pgukp5n3Crgf0U="},"chainType":1,"messageKeys":{}}},"pendingPreKey":{"signedKeyId":3,"baseKey":"BZm9oKqMWNYnhwMNlNNrOlKq30HIpiCn0H7iJvFQTL1y"}}},"version":"v1"}