{"_sessions":{"Bckc9KsER7NRVeRcBwOjfrPkVampeDlkpP1H1opqhIwy":{"registrationId":852399018,"currentRatchet":{"ephemeralKeyPair":{"pubKey":"BQS+21AvyWVpaUcWPfnmc7cWwSRfHQtIbREpt58OGK5F","privKey":"AKbKdxRuLIgdwYFvFpaiwbPcIoMDEeTUA0xOuz/CUXk="},"lastRemoteEphemeralKey":"BYBWQCcC59aNS+8yBN0agCWuDTF/2Ijdju2V+Y0gr4pg","previousCounter":0,"rootKey":"/qNhNx3CxulhW4Ij88NJLpPDphGcR0q9b++kPl3xUq8="},"indexInfo":{"baseKey":"Bckc9KsER7NRVeRcBwOjfrPkVampeDlkpP1H1opqhIwy","baseKeyType":2,"closed":-1,"used":1703307656826,"created":1703307656826,"remoteIdentityKey":"BQm+VxldpqA9xw7LTHvr+IuRvSypjZdJBasmV0AO6pwE"},"_chains":{"BYBWQCcC59aNS+8yBN0agCWuDTF/2Ijdju2V+Y0gr4pg":{"chainKey":{"counter":0,"key":"ariWkOi7jmGs4DhJSXXHRXKMpjr23wFKhf/wPpeSkEs="},"chainType":2,"messageKeys":{}},"BQS+21AvyWVpaUcWPfnmc7cWwSRfHQtIbREpt58OGK5F":{"chainKey":{"counter":-1,"key":"Pq139uxGFQvmBzoeSXrife2nR5IFSlvtGaoECar8j+Q="},"chainType":1,"messageKeys":{}}}}},"version":"v1"}