{"_sessions":{"BT8mNnulE9zvS7gVaQo+/qW1JKRtq3vd1c7fF6g8dX5A":{"registrationId":11311,"currentRatchet":{"ephemeralKeyPair":{"pubKey":"Bekaw6thaGFFQwVGsU+X1aR2gV+9aWp4ERfRJrKW8Ct9","privKey":"uGdWwcx1tAzW0xe7XLQghgOZyg+nIRa83b1bKmqvs14="},"lastRemoteEphemeralKey":"BV+M+s7s4+av4x7VzlKrzPqOQMNvxXgu96yCc4CeS1Aq","previousCounter":0,"rootKey":"rgK1o6EhzbQDPVQXCc0vO2bWDZDuv5dVcQLfLtS4Ozo="},"indexInfo":{"baseKey":"BT8mNnulE9zvS7gVaQo+/qW1JKRtq3vd1c7fF6g8dX5A","baseKeyType":1,"closed":1703166313573,"used":1703166313352,"created":1703166313352,"remoteIdentityKey":"BSCuWTui5S7Xi7UybUnaFs6b5YkTs28ewhqcKLfFXMcN"},"_chains":{"Bekaw6thaGFFQwVGsU+X1aR2gV+9aWp4ERfRJrKW8Ct9":{"chainKey":{"counter":0,"key":"U2Oh8z4z374C4FuYS0qSJHbP97pZV76V9ZXj/SFK0ek="},"chainType":1,"messageKeys":{}}},"pendingPreKey":{"signedKeyId":1,"baseKey":"BT8mNnulE9zvS7gVaQo+/qW1JKRtq3vd1c7fF6g8dX5A","preKeyId":882}},"BTlFUtUrxopfcsAVg1XgSpqMjqe4jTPy6yfZeIlbHM4X":{"registrationId":11311,"currentRatchet":{"ephemeralKeyPair":{"pubKey":"BWG2f7v4gqh4ZdH3g+abT8U5b4iuLFW6ribeMxIVFfoU","privKey":"+HnsxKFOSKGYUdBB9d36mDLU40gP10U+5Xtl26S/Cmw="},"lastRemoteEphemeralKey":"BV+M+s7s4+av4x7VzlKrzPqOQMNvxXgu96yCc4CeS1Aq","previousCounter":0,"rootKey":"3XaVaWS2zKzkcM7JTEwr03yfHiPPPbs5/Nbf+EaCRQ0="},"indexInfo":{"baseKey":"BTlFUtUrxopfcsAVg1XgSpqMjqe4jTPy6yfZeIlbHM4X","baseKeyType":1,"closed":-1,"used":1703166313564,"created":1703166313564,"remoteIdentityKey":"BSCuWTui5S7Xi7UybUnaFs6b5YkTs28ewhqcKLfFXMcN"},"_chains":{"BWG2f7v4gqh4ZdH3g+abT8U5b4iuLFW6ribeMxIVFfoU":{"chainKey":{"counter":1862,"key":"DkeVFStGbQYQYuQIc/gr5tD1sp8isQJ3QojCbShiGfc="},"chainType":1,"messageKeys":{}}},"pendingPreKey":{"signedKeyId":1,"baseKey":"BTlFUtUrxopfcsAVg1XgSpqMjqe4jTPy6yfZeIlbHM4X","preKeyId":981}}},"version":"v1"}