{"_sessions":{"BT8afGPx+5G0ryhf2SGEIpa8rGZFU+A2BXunq++7dplz":{"registrationId":9135,"currentRatchet":{"ephemeralKeyPair":{"pubKey":"BXoIfjNam9+/7/i4Bbu8ouQhFRAOPD9XSxJCnXl2j6V8","privKey":"qEJnP2pvyenrIgfjKrIufond3XL9RQSDKicjoMcoWHo="},"lastRemoteEphemeralKey":"BSSE7lRNFa1QDnGeTEZiaezIgfdAutyeFezsf1CtkE4u","previousCounter":0,"rootKey":"pUQ8+Pp4GInM3/geEcfyqsZzbCLIp9SPkBcooKAm0SY="},"indexInfo":{"baseKey":"BT8afGPx+5G0ryhf2SGEIpa8rGZFU+A2BXunq++7dplz","baseKeyType":1,"closed":-1,"used":1703079001571,"created":1703079001571,"remoteIdentityKey":"Bax2Af+TqtJlAfPvorrjBGHJaNHfOsgxBvSpGCW+dPAF"},"_chains":{"BXoIfjNam9+/7/i4Bbu8ouQhFRAOPD9XSxJCnXl2j6V8":{"chainKey":{"counter":1,"key":"E+y1y0cJ3S5JxBsOJ30bB9Wwwc5KYK3G/lIAAAfVsys="},"chainType":1,"messageKeys":{}}},"pendingPreKey":{"signedKeyId":3,"baseKey":"BT8afGPx+5G0ryhf2SGEIpa8rGZFU+A2BXunq++7dplz","preKeyId":8544}}},"version":"v1"}