{"_sessions":{"BVRGo2msK9KsqwfNOjJEOsZ9tRkBVVFTtgG2tjVqRgpj":{"registrationId":227,"currentRatchet":{"ephemeralKeyPair":{"pubKey":"BeHgGK+YEO7Ck6xehqAXrSBq41P4uaG9LL+kPwDXi2Zp","privKey":"sJ4CSdkts+nASHScCRvvd1KBVH4fuhaRAlF9ajdT82Y="},"lastRemoteEphemeralKey":"BeSoWbFo0XQUxHCnALkhC7FZPCZZHgLv926JbMH7YL80","previousCounter":0,"rootKey":"wm74FHO9LP/OwFo1fXcsCptsn0oR6932xpMWi/WiWvY="},"indexInfo":{"baseKey":"BVRGo2msK9KsqwfNOjJEOsZ9tRkBVVFTtgG2tjVqRgpj","baseKeyType":2,"closed":-1,"used":1703079368278,"created":1703079368278,"remoteIdentityKey":"BRMcnGhk1rcYAalcjrLL19ds1MJkv5GKnl5yJ3JzUH5j"},"_chains":{"BeSoWbFo0XQUxHCnALkhC7FZPCZZHgLv926JbMH7YL80":{"chainKey":{"counter":5,"key":"t6qmsrXNKYxuwfhUgG3bYdiRJF+4papedZHA1n4m/mI="},"chainType":2,"messageKeys":{}},"BeHgGK+YEO7Ck6xehqAXrSBq41P4uaG9LL+kPwDXi2Zp":{"chainKey":{"counter":-1,"key":"wdQW3hFYa+eqfVw20X79bpnXOdseyHIiN6/QDKN9f4U="},"chainType":1,"messageKeys":{}}}}},"version":"v1"}