{"_sessions":{"BWJLr+f3el0gRTsgcp3GiXSymgoUZarlynOQ83VT/jwz":{"registrationId":1043978758,"currentRatchet":{"ephemeralKeyPair":{"pubKey":"Be0RPojuzpIhQEtk6NhGnWTo4/4qtbLe3YnFAPT/f9kF","privKey":"QOBTq1dIMhPmZFFdLBUPEem31SI8nWUm9Pdt4egMX10="},"lastRemoteEphemeralKey":"BY/UXvJlOYQFwhATPAjre/WDLbvKr7kzX8JTSmlFom1Y","previousCounter":0,"rootKey":"yoX4vs4Nl0Tlo3VpY1dG5rn12EG34T3MOXWsttkPkx4="},"indexInfo":{"baseKey":"BWJLr+f3el0gRTsgcp3GiXSymgoUZarlynOQ83VT/jwz","baseKeyType":2,"closed":-1,"used":1703161134892,"created":1703161134892,"remoteIdentityKey":"BVYTX0eJrTkJmOSuQHgfh+1qyCjimdTn+3mcDf5XN4cC"},"_chains":{"BY/UXvJlOYQFwhATPAjre/WDLbvKr7kzX8JTSmlFom1Y":{"chainKey":{"counter":1,"key":"H4jApCB0qNsVVqAloTSh7eEGbUuheUu+uMn+3IROuzU="},"chainType":2,"messageKeys":{}},"Be0RPojuzpIhQEtk6NhGnWTo4/4qtbLe3YnFAPT/f9kF":{"chainKey":{"counter":-1,"key":"Zo0Gbh0xwc/LDE4Op6g/gqF6FdvV4rJEwO3rvh/fq1I="},"chainType":1,"messageKeys":{}}}}},"version":"v1"}