{"_sessions":{"BWx5ySlGGGd8bJqcmIbYO7bCzYBiPLDZb0E10EpN2ilm":{"registrationId":549139577,"currentRatchet":{"ephemeralKeyPair":{"pubKey":"BfWMkcfRgCMF9IWIc7Mzg4vkINK9Jr4tFQtf62Rd16Eq","privKey":"cI0chg9lQIbUJnDb0igeitjHxcTX48+INe6WCKHk0lI="},"lastRemoteEphemeralKey":"BeMzmqMDdOBYyI05w3DFQfFhcIVNfvVHNWtJFmN7zfhx","previousCounter":0,"rootKey":"yXzLC/gHC3G4xeZoAlBNGkoyjyUAXh/E+d7SQT3ihV8="},"indexInfo":{"baseKey":"BWx5ySlGGGd8bJqcmIbYO7bCzYBiPLDZb0E10EpN2ilm","baseKeyType":2,"closed":-1,"used":1703230287393,"created":1703230287393,"remoteIdentityKey":"BYEjhCnxGBxkC9CTXy4DxLvdaLRK5lZM9GLaLoVDaSJS"},"_chains":{"BeMzmqMDdOBYyI05w3DFQfFhcIVNfvVHNWtJFmN7zfhx":{"chainKey":{"counter":0,"key":"730QTXlZJhxnb4/4VHi9sZKNQJ72mtl9FG0jJ4oy7x8="},"chainType":2,"messageKeys":{}},"BfWMkcfRgCMF9IWIc7Mzg4vkINK9Jr4tFQtf62Rd16Eq":{"chainKey":{"counter":-1,"key":"L785+gr8oN0KBxnjiN4KMWy3iWt5Rfhm/ZaGpnyPv4c="},"chainType":1,"messageKeys":{}}}}},"version":"v1"}