{"_sessions":{"BdAF55bbHeGE9XZvjMI/MrL9OjtTqYaS5mmvmXr9wt1q":{"registrationId":9061,"currentRatchet":{"ephemeralKeyPair":{"pubKey":"Bf2qU2nxvyEDdsjiIp55ZRNxMTXa6X9Kz61C1M8Glec9","privKey":"WECMbjBnn+1zGYsOahoTFz81E2CDbwz1H7UNnzGmi2I="},"lastRemoteEphemeralKey":"BVYfXZooNCMh6GqLlyLFkqK6UtWT1iERjDpE7mW2Ho5y","previousCounter":0,"rootKey":"4aeXKN8MoGCqdC3Kbtv+Cx5XUm7qWwzlV+irPpI7dSY="},"indexInfo":{"baseKey":"BdAF55bbHeGE9XZvjMI/MrL9OjtTqYaS5mmvmXr9wt1q","baseKeyType":1,"closed":1703149110272,"used":1703149014571,"created":1703149014571,"remoteIdentityKey":"BV0n6Snv36XQGyQv989M3UdQzSJzUXcuEdPT9XP8HRs5"},"_chains":{"Bf2qU2nxvyEDdsjiIp55ZRNxMTXa6X9Kz61C1M8Glec9":{"chainKey":{"counter":102,"key":"ueYWJBf+x/WuvjHbt+R8q+f60gOF6K3IU7DInEVC494="},"chainType":1,"messageKeys":{}}},"pendingPreKey":{"signedKeyId":1,"baseKey":"BdAF55bbHeGE9XZvjMI/MrL9OjtTqYaS5mmvmXr9wt1q","preKeyId":837}},"BZZCOXxOTbflYBnc+N2GRnuisGwF/YTjEceiPNPwcr8Q":{"registrationId":9061,"currentRatchet":{"ephemeralKeyPair":{"pubKey":"BfWdyNr0H2J+Pzh4pxGIui95/SvalFCf2zXfjHCdcrh3","privKey":"kGw2ZLLQYGpYcAT54ZD42vIOb8p0CUauIDdIYtTXiEI="},"lastRemoteEphemeralKey":"BVYfXZooNCMh6GqLlyLFkqK6UtWT1iERjDpE7mW2Ho5y","previousCounter":0,"rootKey":"ixfgv38Jkif1jnZSo8QIG9hWtLO7djSz1Ytj0GEDaXg="},"indexInfo":{"baseKey":"BZZCOXxOTbflYBnc+N2GRnuisGwF/YTjEceiPNPwcr8Q","baseKeyType":1,"closed":1703149110284,"used":1703149110183,"created":1703149110183,"remoteIdentityKey":"BV0n6Snv36XQGyQv989M3UdQzSJzUXcuEdPT9XP8HRs5"},"_chains":{"BfWdyNr0H2J+Pzh4pxGIui95/SvalFCf2zXfjHCdcrh3":{"chainKey":{"counter":-1,"key":"YAwbIcli+dqgng6fgo84+k1EA4qaMxZRF9pHEIipnLU="},"chainType":1,"messageKeys":{}}},"pendingPreKey":{"signedKeyId":1,"baseKey":"BZZCOXxOTbflYBnc+N2GRnuisGwF/YTjEceiPNPwcr8Q","preKeyId":864}},"BZl8nQC8qZ9EvB606g3R6JIl/EmtT9re6WviG62LzUFz":{"registrationId":9061,"currentRatchet":{"ephemeralKeyPair":{"pubKey":"BX/fmv6QzN/oo0Tfq6bc0pLknx63xh8ZKRuJuLnsBnVQ","privKey":"kMlmrGpfODViWETLVgL6YUBHIXckig3RyhZ38H6WQGA="},"lastRemoteEphemeralKey":"BVYfXZooNCMh6GqLlyLFkqK6UtWT1iERjDpE7mW2Ho5y","previousCounter":0,"rootKey":"ziqcqckvPEVzK6mJ+BSBa49CzEapGS+rHjmXAUX2Wp0="},"indexInfo":{"baseKey":"BZl8nQC8qZ9EvB606g3R6JIl/EmtT9re6WviG62LzUFz","baseKeyType":1,"closed":1703149110295,"used":1703149110283,"created":1703149110283,"remoteIdentityKey":"BV0n6Snv36XQGyQv989M3UdQzSJzUXcuEdPT9XP8HRs5"},"_chains":{"BX/fmv6QzN/oo0Tfq6bc0pLknx63xh8ZKRuJuLnsBnVQ":{"chainKey":{"counter":-1,"key":"suO9xA8o6lH1r0jbzrN5rl6yCNz/eZC4t/XYeSYZBRA="},"chainType":1,"messageKeys":{}}},"pendingPreKey":{"signedKeyId":1,"baseKey":"BZl8nQC8qZ9EvB606g3R6JIl/EmtT9re6WviG62LzUFz","preKeyId":885}},"BVTG0hu+rLI29UYd/ebQdVaXrq9YbkyXai5NE8RO7vMK":{"registrationId":9061,"currentRatchet":{"ephemeralKeyPair":{"pubKey":"BRNE83VKSBQIZ4GRMibyNMSld+yU8EGScG+d/szqw4NN","privKey":"6JJI2Y/auWqHZ3BWHG91kihyxv7qDkW04PN/5z3cn1U="},"lastRemoteEphemeralKey":"BVYfXZooNCMh6GqLlyLFkqK6UtWT1iERjDpE7mW2Ho5y","previousCounter":0,"rootKey":"gPt9YGaXfc1WO2dsr05sid1TlyvdFilOG7WMeaQ+1bU="},"indexInfo":{"baseKey":"BVTG0hu+rLI29UYd/ebQdVaXrq9YbkyXai5NE8RO7vMK","baseKeyType":1,"closed":1703149154727,"used":1703149110294,"created":1703149110294,"remoteIdentityKey":"BV0n6Snv36XQGyQv989M3UdQzSJzUXcuEdPT9XP8HRs5"},"_chains":{"BRNE83VKSBQIZ4GRMibyNMSld+yU8EGScG+d/szqw4NN":{"chainKey":{"counter":61,"key":"WwNwMDQ4xgyIquIyWMj1AAE2CR6W3PpS80mSjkqABsQ="},"chainType":1,"messageKeys":{}}},"pendingPreKey":{"signedKeyId":1,"baseKey":"BVTG0hu+rLI29UYd/ebQdVaXrq9YbkyXai5NE8RO7vMK","preKeyId":321}},"BbJ+ZHxxXJdoB9Qu6PPvKLILS/FTV2hBA4o+yrce6h12":{"registrationId":9061,"currentRatchet":{"ephemeralKeyPair":{"pubKey":"Bbg+K1VdllVba7rigKlXChfdTxfYP8xIhtAAZAwwvTBC","privKey":"8P9Ha1IrEp4OF2LalViud/b7wJ+FAJr+acXDPW4Pn2M="},"lastRemoteEphemeralKey":"BVYfXZooNCMh6GqLlyLFkqK6UtWT1iERjDpE7mW2Ho5y","previousCounter":0,"rootKey":"M21hc5NejLKrS8cxcBZW8R3WTJ8Gt1Ksj36zsn6gVkc="},"indexInfo":{"baseKey":"BbJ+ZHxxXJdoB9Qu6PPvKLILS/FTV2hBA4o+yrce6h12","baseKeyType":1,"closed":1703149154766,"used":1703149154708,"created":1703149154707,"remoteIdentityKey":"BV0n6Snv36XQGyQv989M3UdQzSJzUXcuEdPT9XP8HRs5"},"_chains":{"Bbg+K1VdllVba7rigKlXChfdTxfYP8xIhtAAZAwwvTBC":{"chainKey":{"counter":-1,"key":"9uf2NhHhiDBugg1jeB2Jcs8cb1iWz6zmdUeCjtfGpXg="},"chainType":1,"messageKeys":{}}},"pendingPreKey":{"signedKeyId":1,"baseKey":"BbJ+ZHxxXJdoB9Qu6PPvKLILS/FTV2hBA4o+yrce6h12","preKeyId":227}},"BdDPrkz/sSroL/n5wHJ8VtF0N7jZRN3z2VGdeG71pB9r":{"registrationId":9061,"currentRatchet":{"ephemeralKeyPair":{"pubKey":"BWyik9jv+TlmLQcT9gXnezbOeqJBypZluHr65Z6K+zMZ","privKey":"eBk1yIEpCsdRNVfIxTZW/21WKmNzBJ2D3G3A5L1DfVQ="},"lastRemoteEphemeralKey":"BVYfXZooNCMh6GqLlyLFkqK6UtWT1iERjDpE7mW2Ho5y","previousCounter":0,"rootKey":"eBW9V9Jnll40oS1qPHIwT0S7JQCQ8jG/kfkhbvYOYHc="},"indexInfo":{"baseKey":"BdDPrkz/sSroL/n5wHJ8VtF0N7jZRN3z2VGdeG71pB9r","baseKeyType":1,"closed":1703149154779,"used":1703149154765,"created":1703149154765,"remoteIdentityKey":"BV0n6Snv36XQGyQv989M3UdQzSJzUXcuEdPT9XP8HRs5"},"_chains":{"BWyik9jv+TlmLQcT9gXnezbOeqJBypZluHr65Z6K+zMZ":{"chainKey":{"counter":-1,"key":"THBqWgl6quh4She6z3mS01fQ/Vroc7WRL2k/4xuicKg="},"chainType":1,"messageKeys":{}}},"pendingPreKey":{"signedKeyId":1,"baseKey":"BdDPrkz/sSroL/n5wHJ8VtF0N7jZRN3z2VGdeG71pB9r","preKeyId":840}},"BUP9n+Dv7+rB0DIqCOvY8TCJbzQ55mSaD/qXGLFQr6tc":{"registrationId":9061,"currentRatchet":{"ephemeralKeyPair":{"pubKey":"BcBJjeuxPkQ32/6QrFyT5AeR3uGzFBYSWDXbOKHMQZIw","privKey":"MEYZfJdqwpEVw72GXkuqHqX8ldlujh/TrFMOrjuNAUY="},"lastRemoteEphemeralKey":"BVYfXZooNCMh6GqLlyLFkqK6UtWT1iERjDpE7mW2Ho5y","previousCounter":0,"rootKey":"r16z3rBahnyOUjQZkSMjHkQHK6rMF7EcBV720PHKJYQ="},"indexInfo":{"baseKey":"BUP9n+Dv7+rB0DIqCOvY8TCJbzQ55mSaD/qXGLFQr6tc","baseKeyType":1,"closed":1703149278259,"used":1703149154778,"created":1703149154778,"remoteIdentityKey":"BV0n6Snv36XQGyQv989M3UdQzSJzUXcuEdPT9XP8HRs5"},"_chains":{"BcBJjeuxPkQ32/6QrFyT5AeR3uGzFBYSWDXbOKHMQZIw":{"chainKey":{"counter":114,"key":"XB3adAocnhHvMtiZ80WS9/Rzsg2cR8ktD+ssG2B+nSk="},"chainType":1,"messageKeys":{}}},"pendingPreKey":{"signedKeyId":1,"baseKey":"BUP9n+Dv7+rB0DIqCOvY8TCJbzQ55mSaD/qXGLFQr6tc","preKeyId":847}},"Bdb3LQzS5r0NBN0PW7haLLHbGNah667POkUTAVLkMHsi":{"registrationId":9061,"currentRatchet":{"ephemeralKeyPair":{"pubKey":"BfF986EVWSNLHwiQp8VuKLeePTKYuMaR+7SdF+cXSGYb","privKey":"YLJe5YTRyTIoqJcU6FdtdkYNql01VycqUSOrMmHrc1M="},"lastRemoteEphemeralKey":"BVYfXZooNCMh6GqLlyLFkqK6UtWT1iERjDpE7mW2Ho5y","previousCounter":0,"rootKey":"HRpgUo/lscGlj8xE3X00wDHui9yOlcsMjBDXDKObK7k="},"indexInfo":{"baseKey":"Bdb3LQzS5r0NBN0PW7haLLHbGNah667POkUTAVLkMHsi","baseKeyType":1,"closed":1703149278704,"used":1703149278081,"created":1703149278081,"remoteIdentityKey":"BV0n6Snv36XQGyQv989M3UdQzSJzUXcuEdPT9XP8HRs5"},"_chains":{"BfF986EVWSNLHwiQp8VuKLeePTKYuMaR+7SdF+cXSGYb":{"chainKey":{"counter":-1,"key":"X7NwP7xxtObihPzwfM9nfstn7X58GCTyBZ3c7RNRqg8="},"chainType":1,"messageKeys":{}}},"pendingPreKey":{"signedKeyId":1,"baseKey":"Bdb3LQzS5r0NBN0PW7haLLHbGNah667POkUTAVLkMHsi","preKeyId":953}},"BU0gsydoT1MQjK1pvTQaa0OqbAiZ9GT8Pf/rrZDyV1NK":{"registrationId":9061,"currentRatchet":{"ephemeralKeyPair":{"pubKey":"Bb4Dl9K/jLyhov76wTkr0GIaqww/CjpVtlJssMqpkeYC","privKey":"YF00fQNkNSYgyAPKFdE02kPHYVFYkwbYXuq//ZHFF34="},"lastRemoteEphemeralKey":"BVYfXZooNCMh6GqLlyLFkqK6UtWT1iERjDpE7mW2Ho5y","previousCounter":0,"rootKey":"zSC07Z48c/eTZXf0NURzoV8lN7NIKcOWDTatDNdDICM="},"indexInfo":{"baseKey":"BU0gsydoT1MQjK1pvTQaa0OqbAiZ9GT8Pf/rrZDyV1NK","baseKeyType":1,"closed":1703149278774,"used":1703149278297,"created":1703149278297,"remoteIdentityKey":"BV0n6Snv36XQGyQv989M3UdQzSJzUXcuEdPT9XP8HRs5"},"_chains":{"Bb4Dl9K/jLyhov76wTkr0GIaqww/CjpVtlJssMqpkeYC":{"chainKey":{"counter":-1,"key":"mPmHab/E5JlCNhPbDLi3VRASE6+WTMpF8dYsKozgUN0="},"chainType":1,"messageKeys":{}}},"pendingPreKey":{"signedKeyId":1,"baseKey":"BU0gsydoT1MQjK1pvTQaa0OqbAiZ9GT8Pf/rrZDyV1NK","preKeyId":879}},"BVc2QZi0szgvB5KmxpKwP2NpCYNsLNljz8GG9+Ta0Q99":{"registrationId":9061,"currentRatchet":{"ephemeralKeyPair":{"pubKey":"BUP5o/zM6Lw/fi5e730cx4SrjcL81dr81l4NzWap3uFn","privKey":"cI9BIQcEeofhKRTXImNKgOUesK1MIUhUmkZEUlNbSlE="},"lastRemoteEphemeralKey":"BVYfXZooNCMh6GqLlyLFkqK6UtWT1iERjDpE7mW2Ho5y","previousCounter":0,"rootKey":"BhyOtuxpnd8C3vZ8LKI6QI2guBulrWHUdB6GaZErJjI="},"indexInfo":{"baseKey":"BVc2QZi0szgvB5KmxpKwP2NpCYNsLNljz8GG9+Ta0Q99","baseKeyType":1,"closed":1703149278787,"used":1703149278773,"created":1703149278773,"remoteIdentityKey":"BV0n6Snv36XQGyQv989M3UdQzSJzUXcuEdPT9XP8HRs5"},"_chains":{"BUP5o/zM6Lw/fi5e730cx4SrjcL81dr81l4NzWap3uFn":{"chainKey":{"counter":-1,"key":"AoHpXGpVOhcloyYAnAf7Mr3rtXNAOEa3wldj7QJ8FXk="},"chainType":1,"messageKeys":{}}},"pendingPreKey":{"signedKeyId":1,"baseKey":"BVc2QZi0szgvB5KmxpKwP2NpCYNsLNljz8GG9+Ta0Q99","preKeyId":877}},"BetHMkyv+k1b45siJpMZHS0HxlU9FiAi4rC1WjDOfzQ9":{"registrationId":9061,"currentRatchet":{"ephemeralKeyPair":{"pubKey":"BQYbTt03sTBx267lk/O3AmGP/+yeKYXCSmMAfMLbdgRR","privKey":"kGAw4Ejpp/3FZnJCHGfPiHHZh6TNN2mNHNtxV6fPaHY="},"lastRemoteEphemeralKey":"BVYfXZooNCMh6GqLlyLFkqK6UtWT1iERjDpE7mW2Ho5y","previousCounter":0,"rootKey":"ZgvkrE83rQbcbC1FeArhrBwE1f/TltS0BKw+uIc7Ta0="},"indexInfo":{"baseKey":"BetHMkyv+k1b45siJpMZHS0HxlU9FiAi4rC1WjDOfzQ9","baseKeyType":1,"closed":1703149278799,"used":1703149278786,"created":1703149278786,"remoteIdentityKey":"BV0n6Snv36XQGyQv989M3UdQzSJzUXcuEdPT9XP8HRs5"},"_chains":{"BQYbTt03sTBx267lk/O3AmGP/+yeKYXCSmMAfMLbdgRR":{"chainKey":{"counter":-1,"key":"ddp6hRIj4a9PdoDzMGEKNaXV59UJ2UQkFD2PI/fc7Uc="},"chainType":1,"messageKeys":{}}},"pendingPreKey":{"signedKeyId":1,"baseKey":"BetHMkyv+k1b45siJpMZHS0HxlU9FiAi4rC1WjDOfzQ9","preKeyId":998}},"BQeCTvZDKSC0CKH2oPyApES+iLkguGs8Y9yYbPVDPZ9z":{"registrationId":9061,"currentRatchet":{"ephemeralKeyPair":{"pubKey":"BSslSbPZO+TDaFPKYTsuNPEurtYBxqerGb78lPXIgnNO","privKey":"kPRW7+d7165t1QkTnFMm9CXeo/Zsa94Mn8xSAJcoGE0="},"lastRemoteEphemeralKey":"BVYfXZooNCMh6GqLlyLFkqK6UtWT1iERjDpE7mW2Ho5y","previousCounter":0,"rootKey":"pGZOA5hv2mzfmAjIUL1R1S319iAsfmrLRB/pEf5aqtY="},"indexInfo":{"baseKey":"BQeCTvZDKSC0CKH2oPyApES+iLkguGs8Y9yYbPVDPZ9z","baseKeyType":1,"closed":1703149278810,"used":1703149278798,"created":1703149278798,"remoteIdentityKey":"BV0n6Snv36XQGyQv989M3UdQzSJzUXcuEdPT9XP8HRs5"},"_chains":{"BSslSbPZO+TDaFPKYTsuNPEurtYBxqerGb78lPXIgnNO":{"chainKey":{"counter":-1,"key":"p54ZZEnwPCb+5A1MtmwJyOSPuhsxpWf5nfyoF/dVK8U="},"chainType":1,"messageKeys":{}}},"pendingPreKey":{"signedKeyId":1,"baseKey":"BQeCTvZDKSC0CKH2oPyApES+iLkguGs8Y9yYbPVDPZ9z","preKeyId":364}},"BcSR8Rfn0vINFyurp7EuByN6VdeHoKKuGDe2oV7QUXAT":{"registrationId":9061,"currentRatchet":{"ephemeralKeyPair":{"pubKey":"Bck8HB2/pmI6Me733s/9LPOwkLunTS89ZUSdjOccHk4l","privKey":"SBlsR/l/reo6EWbtKc/AOvJ9lJFrKj3MinBwSdRqD04="},"lastRemoteEphemeralKey":"BVYfXZooNCMh6GqLlyLFkqK6UtWT1iERjDpE7mW2Ho5y","previousCounter":0,"rootKey":"gfNCGKcmRhT4Qr8pqsyjfV2oz+6QC+N4Puq4ALKmnVs="},"indexInfo":{"baseKey":"BcSR8Rfn0vINFyurp7EuByN6VdeHoKKuGDe2oV7QUXAT","baseKeyType":1,"closed":1703149278821,"used":1703149278809,"created":1703149278809,"remoteIdentityKey":"BV0n6Snv36XQGyQv989M3UdQzSJzUXcuEdPT9XP8HRs5"},"_chains":{"Bck8HB2/pmI6Me733s/9LPOwkLunTS89ZUSdjOccHk4l":{"chainKey":{"counter":-1,"key":"IyDPKEfcjihNK/8IvwbCuYlQlEx/MEPe2+OyD1+dRjE="},"chainType":1,"messageKeys":{}}},"pendingPreKey":{"signedKeyId":1,"baseKey":"BcSR8Rfn0vINFyurp7EuByN6VdeHoKKuGDe2oV7QUXAT","preKeyId":922}},"BR8HOuiLf2g3JZaxv4b9kBCqzp0Memo7K4MiOVJdlYBH":{"registrationId":9061,"currentRatchet":{"ephemeralKeyPair":{"pubKey":"BWJnv/myvi5B2AXg08GWeCLBvZ5+gegMlZJHVcJ36t8E","privKey":"uIBGByON+LJDpSyyXrOrU62GcrUXMf9TdaNU79wTfU0="},"lastRemoteEphemeralKey":"BVYfXZooNCMh6GqLlyLFkqK6UtWT1iERjDpE7mW2Ho5y","previousCounter":0,"rootKey":"dtXU1rjxIGGJfbD2ZteiLTX8WDkwxu1zf2OPHusWjMg="},"indexInfo":{"baseKey":"BR8HOuiLf2g3JZaxv4b9kBCqzp0Memo7K4MiOVJdlYBH","baseKeyType":1,"closed":1703149278860,"used":1703149278820,"created":1703149278820,"remoteIdentityKey":"BV0n6Snv36XQGyQv989M3UdQzSJzUXcuEdPT9XP8HRs5"},"_chains":{"BWJnv/myvi5B2AXg08GWeCLBvZ5+gegMlZJHVcJ36t8E":{"chainKey":{"counter":-1,"key":"2kwyMKtOn+2tXAGSaHH/qnQ0K09T5p8uo7JqQK2PAr8="},"chainType":1,"messageKeys":{}}},"pendingPreKey":{"signedKeyId":1,"baseKey":"BR8HOuiLf2g3JZaxv4b9kBCqzp0Memo7K4MiOVJdlYBH","preKeyId":272}},"Bb7i2wCIEVQPsY55gAxFIMBOnygz0c4e1fzL6ISdOMka":{"registrationId":9061,"currentRatchet":{"ephemeralKeyPair":{"pubKey":"BTG5KD9hqbf9wOC9BW2ioZ3glPaZCblXyvuN5XIPEng9","privKey":"2ML5AVHDYhlhAZSABism9NUHi+Zjkkw3ebVr3YF4tnU="},"lastRemoteEphemeralKey":"BVYfXZooNCMh6GqLlyLFkqK6UtWT1iERjDpE7mW2Ho5y","previousCounter":0,"rootKey":"b8/8ytiWy9R0IfZLDrJti+a8MYt3SSAvdHkbfi4Vu/8="},"indexInfo":{"baseKey":"Bb7i2wCIEVQPsY55gAxFIMBOnygz0c4e1fzL6ISdOMka","baseKeyType":1,"closed":1703149372284,"used":1703149278859,"created":1703149278859,"remoteIdentityKey":"BV0n6Snv36XQGyQv989M3UdQzSJzUXcuEdPT9XP8HRs5"},"_chains":{"BTG5KD9hqbf9wOC9BW2ioZ3glPaZCblXyvuN5XIPEng9":{"chainKey":{"counter":137,"key":"h27V0kcd4tU7FtlmdTVJRb8bM6FD4yObSkR0rpQss7E="},"chainType":1,"messageKeys":{}}},"pendingPreKey":{"signedKeyId":1,"baseKey":"Bb7i2wCIEVQPsY55gAxFIMBOnygz0c4e1fzL6ISdOMka","preKeyId":319}},"BUn7yEIpywEpilgQr62qPunPIe+YyjIeiqzvk1mYvPIJ":{"registrationId":9061,"currentRatchet":{"ephemeralKeyPair":{"pubKey":"BdA3Hh9Q6OF2hYvKoGheQ/5/YiPybnGbp7G3Hdt7xTsk","privKey":"MCtG8vb/SXvDiqkeq7VxuYbENZP/nSb3a8hVJQU+9kg="},"lastRemoteEphemeralKey":"BVYfXZooNCMh6GqLlyLFkqK6UtWT1iERjDpE7mW2Ho5y","previousCounter":0,"rootKey":"06cqfHIcsRDPy0rcDdgHEhnwVKwjrvTfME9rNVFgZpw="},"indexInfo":{"baseKey":"BUn7yEIpywEpilgQr62qPunPIe+YyjIeiqzvk1mYvPIJ","baseKeyType":1,"closed":1703149419598,"used":1703149372183,"created":1703149372183,"remoteIdentityKey":"BV0n6Snv36XQGyQv989M3UdQzSJzUXcuEdPT9XP8HRs5"},"_chains":{"BdA3Hh9Q6OF2hYvKoGheQ/5/YiPybnGbp7G3Hdt7xTsk":{"chainKey":{"counter":89,"key":"Mfutx1mZqDqTLug35HP1/QXvr5mvxGl081URLj4FGlA="},"chainType":1,"messageKeys":{}}},"pendingPreKey":{"signedKeyId":1,"baseKey":"BUn7yEIpywEpilgQr62qPunPIe+YyjIeiqzvk1mYvPIJ","preKeyId":236}},"BXVho3GMwnNxxiiRr7xJgD0YurYZmXkjNLCrxpICtSw9":{"registrationId":9061,"currentRatchet":{"ephemeralKeyPair":{"pubKey":"BeBDkOnx06wRJ6aECl4ZqRKrjaSnwm12Tub6m5xVz2lZ","privKey":"yL/P5x8ErFIN0P5s3cKwL5Z9ik93gMaAmJqdtsc8fmI="},"lastRemoteEphemeralKey":"BVYfXZooNCMh6GqLlyLFkqK6UtWT1iERjDpE7mW2Ho5y","previousCounter":0,"rootKey":"sgkavp7rfkDhJPCJipQjnw1Ib5grsmxrfOYr2BT8wm4="},"indexInfo":{"baseKey":"BXVho3GMwnNxxiiRr7xJgD0YurYZmXkjNLCrxpICtSw9","baseKeyType":1,"closed":1703149419900,"used":1703149419454,"created":1703149419454,"remoteIdentityKey":"BV0n6Snv36XQGyQv989M3UdQzSJzUXcuEdPT9XP8HRs5"},"_chains":{"BeBDkOnx06wRJ6aECl4ZqRKrjaSnwm12Tub6m5xVz2lZ":{"chainKey":{"counter":-1,"key":"FIG7FUE4CDyT0qfXbrJM4qh9xVHmfGx/tu3QVhbxF/E="},"chainType":1,"messageKeys":{}}},"pendingPreKey":{"signedKeyId":1,"baseKey":"BXVho3GMwnNxxiiRr7xJgD0YurYZmXkjNLCrxpICtSw9","preKeyId":817}},"BXTTC3rnoAaAK3EcccaCYE3JsHSXHRJ9uUSrvztfzaIX":{"registrationId":9061,"currentRatchet":{"ephemeralKeyPair":{"pubKey":"BVLC3QQ9XbF+pPmd0RNZbcKc5SvrHo5fTPmjCL98p0Ni","privKey":"oPSFbR3bjg5H3oKEV0WxTGaftB60VfIS/9fH4Q3fwXU="},"lastRemoteEphemeralKey":"BVYfXZooNCMh6GqLlyLFkqK6UtWT1iERjDpE7mW2Ho5y","previousCounter":0,"rootKey":"ZFr+4hXkt5/+HUS4NV0vkC9fqO3HN+XFrmidj1VC/vk="},"indexInfo":{"baseKey":"BXTTC3rnoAaAK3EcccaCYE3JsHSXHRJ9uUSrvztfzaIX","baseKeyType":1,"closed":1703149420186,"used":1703149419680,"created":1703149419680,"remoteIdentityKey":"BV0n6Snv36XQGyQv989M3UdQzSJzUXcuEdPT9XP8HRs5"},"_chains":{"BVLC3QQ9XbF+pPmd0RNZbcKc5SvrHo5fTPmjCL98p0Ni":{"chainKey":{"counter":-1,"key":"I8UcXkJfuTxr4/iBVNOwaa8VH8caPxtq8DVU4w4SOyk="},"chainType":1,"messageKeys":{}}},"pendingPreKey":{"signedKeyId":1,"baseKey":"BXTTC3rnoAaAK3EcccaCYE3JsHSXHRJ9uUSrvztfzaIX","preKeyId":843}},"BTs5lfAitOu+wGB+GCaSt/7brMHTw1eFbWhShG6AZpVt":{"registrationId":9061,"currentRatchet":{"ephemeralKeyPair":{"pubKey":"BXkesubH4FphJkOLCT9LYHQiml3R0TAkgE8rIhAd1J9y","privKey":"CDzhHpVzW28Huh8EZIyVqcIW8Hmo1bUYsFST0NqqjF4="},"lastRemoteEphemeralKey":"BVYfXZooNCMh6GqLlyLFkqK6UtWT1iERjDpE7mW2Ho5y","previousCounter":0,"rootKey":"bh3zd9gzYrlR9NXrXNsvwsNxg3vlDPRDKRQuDFcje1E="},"indexInfo":{"baseKey":"BTs5lfAitOu+wGB+GCaSt/7brMHTw1eFbWhShG6AZpVt","baseKeyType":1,"closed":1703149420329,"used":1703149420083,"created":1703149420083,"remoteIdentityKey":"BV0n6Snv36XQGyQv989M3UdQzSJzUXcuEdPT9XP8HRs5"},"_chains":{"BXkesubH4FphJkOLCT9LYHQiml3R0TAkgE8rIhAd1J9y":{"chainKey":{"counter":-1,"key":"3E3d7UqZvW+Ebtzxi6iTiZnxefTbPUgn/BYTFLeeAdw="},"chainType":1,"messageKeys":{}}},"pendingPreKey":{"signedKeyId":1,"baseKey":"BTs5lfAitOu+wGB+GCaSt/7brMHTw1eFbWhShG6AZpVt","preKeyId":824}},"BVXMr557yDfT0nVl02Px3q3jKu1sAynNyO7ME6lOSCQ2":{"registrationId":9061,"currentRatchet":{"ephemeralKeyPair":{"pubKey":"BW/w8vASBuc8/AS4MyPGyoi/qQdzKtUg58LNpffAxAEW","privKey":"GFRn6QEbv+xKUgyiHkkPnmXeNUOlnQo+zqnC6PAvkGw="},"lastRemoteEphemeralKey":"BVYfXZooNCMh6GqLlyLFkqK6UtWT1iERjDpE7mW2Ho5y","previousCounter":0,"rootKey":"QvzhzUWcBg7vrIyTOnsEGE6q5WJ5Kp+fmBUbeOo+GYM="},"indexInfo":{"baseKey":"BVXMr557yDfT0nVl02Px3q3jKu1sAynNyO7ME6lOSCQ2","baseKeyType":1,"closed":1703149451091,"used":1703149420234,"created":1703149420234,"remoteIdentityKey":"BV0n6Snv36XQGyQv989M3UdQzSJzUXcuEdPT9XP8HRs5"},"_chains":{"BW/w8vASBuc8/AS4MyPGyoi/qQdzKtUg58LNpffAxAEW":{"chainKey":{"counter":56,"key":"K77I5DRKzip8BDsfn7LjPAR7zoMYnwrWaQdlLTHR2hg="},"chainType":1,"messageKeys":{}}},"pendingPreKey":{"signedKeyId":1,"baseKey":"BVXMr557yDfT0nVl02Px3q3jKu1sAynNyO7ME6lOSCQ2","preKeyId":1000}},"BQVpTvmYTf/qmRTjBHJ9CQ3CoBcFVelDtJI23OuVQz81":{"registrationId":9061,"currentRatchet":{"ephemeralKeyPair":{"pubKey":"BYGgO61Bhi2NruGkMudIdq/6R+hAt9bO45CiOr1Rh3JW","privKey":"qPhsBQNb0VVJF2PkFHlFAO6+AIOl9jl8jAfoajI8WU4="},"lastRemoteEphemeralKey":"BVYfXZooNCMh6GqLlyLFkqK6UtWT1iERjDpE7mW2Ho5y","previousCounter":0,"rootKey":"FjY8OrTISC0pxbYuSCHJMhal0YF0BvUH7vx/E8dXuXw="},"indexInfo":{"baseKey":"BQVpTvmYTf/qmRTjBHJ9CQ3CoBcFVelDtJI23OuVQz81","baseKeyType":1,"closed":1703149584283,"used":1703149451077,"created":1703149451077,"remoteIdentityKey":"BV0n6Snv36XQGyQv989M3UdQzSJzUXcuEdPT9XP8HRs5"},"_chains":{"BYGgO61Bhi2NruGkMudIdq/6R+hAt9bO45CiOr1Rh3JW":{"chainKey":{"counter":240,"key":"Lqoh9zsXTJk86JeE3GQnCidsItRb/D3lpmug7zwllyM="},"chainType":1,"messageKeys":{}}},"pendingPreKey":{"signedKeyId":1,"baseKey":"BQVpTvmYTf/qmRTjBHJ9CQ3CoBcFVelDtJI23OuVQz81","preKeyId":379}},"BWcZCshXUSdi2k5hA3yIrkbQ8P5/KEmK9FoXZ10XBsoL":{"registrationId":9061,"currentRatchet":{"ephemeralKeyPair":{"pubKey":"BezCHAhKLcm1XxUZ2sPVmBvtVbT7hKxkEH6zIGMELMQz","privKey":"QAQb+sFkDtETWVchaubo47/r+FZsVqS0izwvPS0bjXA="},"lastRemoteEphemeralKey":"BVYfXZooNCMh6GqLlyLFkqK6UtWT1iERjDpE7mW2Ho5y","previousCounter":0,"rootKey":"7XgfY1Xv2UfJiexLhTHwYGnqKuR8X0l6SO5JFQqojxw="},"indexInfo":{"baseKey":"BWcZCshXUSdi2k5hA3yIrkbQ8P5/KEmK9FoXZ10XBsoL","baseKeyType":1,"closed":1703149584469,"used":1703149584259,"created":1703149584259,"remoteIdentityKey":"BV0n6Snv36XQGyQv989M3UdQzSJzUXcuEdPT9XP8HRs5"},"_chains":{"BezCHAhKLcm1XxUZ2sPVmBvtVbT7hKxkEH6zIGMELMQz":{"chainKey":{"counter":-1,"key":"3kHlAjsmx7JOWCFTRFilhbVxRxEbt9FfqogIXREso0w="},"chainType":1,"messageKeys":{}}},"pendingPreKey":{"signedKeyId":1,"baseKey":"BWcZCshXUSdi2k5hA3yIrkbQ8P5/KEmK9FoXZ10XBsoL","preKeyId":832}},"BVrq8jhUCKtw8cn6jnKSZy5+pWOpl2IAfV21MJ1CC5wU":{"registrationId":9061,"currentRatchet":{"ephemeralKeyPair":{"pubKey":"BXK9H+OU23Y+S8AHQ6yfR+NcQbE379d3nmZYpC9h6AIK","privKey":"2HNLsT5n4x7Fe4YjHJyBD4UepGmZGKHRQqqrg3SPelg="},"lastRemoteEphemeralKey":"BVYfXZooNCMh6GqLlyLFkqK6UtWT1iERjDpE7mW2Ho5y","previousCounter":0,"rootKey":"ADXrOaRU4pqnUw6LwimYRsuRnwORpoWTuMl7xkuaXMU="},"indexInfo":{"baseKey":"BVrq8jhUCKtw8cn6jnKSZy5+pWOpl2IAfV21MJ1CC5wU","baseKeyType":1,"closed":1703149584633,"used":1703149584383,"created":1703149584383,"remoteIdentityKey":"BV0n6Snv36XQGyQv989M3UdQzSJzUXcuEdPT9XP8HRs5"},"_chains":{"BXK9H+OU23Y+S8AHQ6yfR+NcQbE379d3nmZYpC9h6AIK":{"chainKey":{"counter":-1,"key":"g2wil60C+2gPmQkX5p+n+BGx0WMHYMx7BfBfpqm6Bns="},"chainType":1,"messageKeys":{}}},"pendingPreKey":{"signedKeyId":1,"baseKey":"BVrq8jhUCKtw8cn6jnKSZy5+pWOpl2IAfV21MJ1CC5wU","preKeyId":927}},"BXTYrsEkHKySP2A5Rd99CMUnieeFEMDs2SeJCuzqdOYC":{"registrationId":9061,"currentRatchet":{"ephemeralKeyPair":{"pubKey":"BdI/p2GaWtCnMTAhng/8WJ2fFijx7JBkdgGN4E2fIOBP","privKey":"EAvosV6w9PAJqeoJnjwMCi3iF/aIcL7QmNxkWG/GNn0="},"lastRemoteEphemeralKey":"BVYfXZooNCMh6GqLlyLFkqK6UtWT1iERjDpE7mW2Ho5y","previousCounter":0,"rootKey":"w4iTPctpEeohaJ9gFUoSBzXoavSSumpaKEKAo1Bdj7A="},"indexInfo":{"baseKey":"BXTYrsEkHKySP2A5Rd99CMUnieeFEMDs2SeJCuzqdOYC","baseKeyType":1,"closed":-1,"used":1703149584575,"created":1703149584575,"remoteIdentityKey":"BV0n6Snv36XQGyQv989M3UdQzSJzUXcuEdPT9XP8HRs5"},"_chains":{"BdI/p2GaWtCnMTAhng/8WJ2fFijx7JBkdgGN4E2fIOBP":{"chainKey":{"counter":235,"key":"7dOMq6oCrX1Ps4j25sRnaF0VUlL50Jtx8BBWYcc68Yo="},"chainType":1,"messageKeys":{}}},"pendingPreKey":{"signedKeyId":1,"baseKey":"BXTYrsEkHKySP2A5Rd99CMUnieeFEMDs2SeJCuzqdOYC","preKeyId":345}}},"version":"v1"}