{"_sessions":{"BQRUfBVvt24DDJUCsZLdgBAwaRKtvYtFeqaT5d+I0+Ax":{"registrationId":1367781738,"currentRatchet":{"ephemeralKeyPair":{"pubKey":"Bf+d1AVXjEsn0Q5NmfmlPtKZ37JC2hTWmOD/0CyWtgBd","privKey":"+EfgN/gWroLjvNO654XXpYli4qgf9PDxl0nJabpTAXM="},"lastRemoteEphemeralKey":"BTi94lHYe//sDfvDn0CjBpyDozQ8rrwy4WpT4j9x7lFA","previousCounter":0,"rootKey":"PGakVMsx4l0XAfuwgekagDMJfHGxFjT58EyrRd2zb74="},"indexInfo":{"baseKey":"BQRUfBVvt24DDJUCsZLdgBAwaRKtvYtFeqaT5d+I0+Ax","baseKeyType":2,"closed":-1,"used":1703202108709,"created":1703202108709,"remoteIdentityKey":"BVFCiJbKrxStvfdIs0DznwPg8+/tHbGzxhtT0/cssWY1"},"_chains":{"BTi94lHYe//sDfvDn0CjBpyDozQ8rrwy4WpT4j9x7lFA":{"chainKey":{"counter":0,"key":"BpE1inzUL9wS3S8biL0F5AjTdVOTl1ED90gmLiZK4uk="},"chainType":2,"messageKeys":{}},"Bf+d1AVXjEsn0Q5NmfmlPtKZ37JC2hTWmOD/0CyWtgBd":{"chainKey":{"counter":-1,"key":"5cACgAjk0smP6dZM/egaW2Z5MwaNWBWJ+OF9g8U98XQ="},"chainType":1,"messageKeys":{}}}}},"version":"v1"}