{"_sessions":{"Bbj3s7EmMZeoPfKJvW71h+XnmoKtAZgx/pOM+sHUm1l7":{"registrationId":1469148943,"currentRatchet":{"ephemeralKeyPair":{"pubKey":"BTlKozm1WyftHggHa5knY17bRHYg5Fvk+zbFpVrx10EZ","privKey":"gAB8mQsz4bww/QThEVmOfp6Xt0oFis015KQwPLKz+lI="},"lastRemoteEphemeralKey":"BXN0nFNiR17LtdLOKQvLKd2fw08hts32su347hdwU6J+","previousCounter":0,"rootKey":"4cf+v0mbqtA/zOqpSo5ei6sJN3BxftBaYATkte/2hZQ="},"indexInfo":{"baseKey":"Bbj3s7EmMZeoPfKJvW71h+XnmoKtAZgx/pOM+sHUm1l7","baseKeyType":2,"closed":-1,"used":1703141562961,"created":1703141562961,"remoteIdentityKey":"Bc7+a+Bje4QxxMg6ovId+8ArAe/uHRj8iF/BlcN5SQ8d"},"_chains":{"BXN0nFNiR17LtdLOKQvLKd2fw08hts32su347hdwU6J+":{"chainKey":{"counter":181,"key":"JAJJ2/AbZwxILkon3ojM5WqVnbQ/YyP/YuQbXYLJ110="},"chainType":2,"messageKeys":{"28":"3+iL+GpIeGv2ZqnKXwOQ7ixWFNyKvlkxzfiIQAN1+jk=","67":"WL8pnzxHb6oLTy9favptAMCfr5Fomqt9IkkU2w+NFq0=","80":"15OrNRt+YYgo2kTbY7PUDstBFDeIAhN11BrPWpNM7bM="}},"BTlKozm1WyftHggHa5knY17bRHYg5Fvk+zbFpVrx10EZ":{"chainKey":{"counter":-1,"key":"6nudKENzG8ZCUErPrjM7moxjoZ0Fec/5Wab3DiAky7Y="},"chainType":1,"messageKeys":{}}}}},"version":"v1"}