{"_sessions":{"BXE7NwyD3UW4dAFcWM7y+6PKk38s1Rea7fOWYYAFo1Fr":{"registrationId":13658,"currentRatchet":{"ephemeralKeyPair":{"pubKey":"BY+87jUFH72zVGl8uW+etrWUqHlFeHgF6fpj5EwdXQY/","privKey":"+LlDYqbvRplTRZ2Pvi9//LXGKuF1yn1Llb7KOa0H9n0="},"lastRemoteEphemeralKey":"BUj6M+YKDofgRkWaW9mJAnBVP9ck04f3TfJTkFihxic4","previousCounter":0,"rootKey":"ApoolO/wPxKaMcWXP56BFrc6OrAwYua714cYWseKhZ0="},"indexInfo":{"baseKey":"BXE7NwyD3UW4dAFcWM7y+6PKk38s1Rea7fOWYYAFo1Fr","baseKeyType":1,"closed":-1,"used":1703158495995,"created":1703158495995,"remoteIdentityKey":"BeLzcXm3TSH/rAyZnSCXMm0GRY/IN7/pZBguiiS9pSRc"},"_chains":{"BY+87jUFH72zVGl8uW+etrWUqHlFeHgF6fpj5EwdXQY/":{"chainKey":{"counter":180,"key":"OIgUBHznBFI6pxoZTrdIc3RjQznV0n/BX/NlLg0NCPU="},"chainType":1,"messageKeys":{}}},"pendingPreKey":{"signedKeyId":1,"baseKey":"BXE7NwyD3UW4dAFcWM7y+6PKk38s1Rea7fOWYYAFo1Fr","preKeyId":80}}},"version":"v1"}