{"_sessions":{"BYtKqJ+aiqDJHPz7cfTxAa6v/RKAarQGhR+P0MywzHxA":{"registrationId":337905551,"currentRatchet":{"ephemeralKeyPair":{"pubKey":"BbfgW6Oiwm0UK8IIZQgZ8k+F49lZxpSE9WtOstPN8YkE","privKey":"kIsRq5krwDzEJHzhpjF9vjqFZjjmDL++Dajx16IKlms="},"lastRemoteEphemeralKey":"Bd/n0lzKxTFIM8MVe4jrMOXXzwuDVZMfRS8nuBdX1P5i","previousCounter":0,"rootKey":"7773dR/ZDa6AqDioruhfP8vTpca1doxhGWkcKArWgx0="},"indexInfo":{"baseKey":"BYtKqJ+aiqDJHPz7cfTxAa6v/RKAarQGhR+P0MywzHxA","baseKeyType":2,"closed":-1,"used":1703234103742,"created":1703234103742,"remoteIdentityKey":"BTtJFdaDnV7ejiJiqVFdhOXeKBw3/3PEjI9Pi+G48Igd"},"_chains":{"Bd/n0lzKxTFIM8MVe4jrMOXXzwuDVZMfRS8nuBdX1P5i":{"chainKey":{"counter":0,"key":"VHHVVx3Dbf7knCppQ14B+YLycAHBd5qZJ9GQWw/nzK0="},"chainType":2,"messageKeys":{}},"BbfgW6Oiwm0UK8IIZQgZ8k+F49lZxpSE9WtOstPN8YkE":{"chainKey":{"counter":-1,"key":"WqNMK1RsAaCMosyRXgu/LB20LzllTuHzTwoeNdc/7FM="},"chainType":1,"messageKeys":{}}}}},"version":"v1"}