{"_sessions":{"BR8zP5Fc1dxlz+pIDkmePXPUGChdofZVF1NR5pC8eYc/":{"registrationId":490732172,"currentRatchet":{"ephemeralKeyPair":{"pubKey":"BYiOAoXFdbuprJ7b+10ytXyKgGeqNU8OUYbPFUKNJ6Fn","privKey":"sPPPVZMqSjiRbaeYr8cjLDz26qSmv6wvwDHbcC3lkXg="},"lastRemoteEphemeralKey":"BYrtj3i/nNYwykivdWBi73RVp7sX1V8gifqASZ/MRRUk","previousCounter":0,"rootKey":"A543ms58dM3qQsZfTv4wx6cdInnYV/c0U8UD1xmt/L8="},"indexInfo":{"baseKey":"BR8zP5Fc1dxlz+pIDkmePXPUGChdofZVF1NR5pC8eYc/","baseKeyType":2,"closed":-1,"used":1703084072747,"created":1703084072747,"remoteIdentityKey":"BbcrYNpouzjpdeWP3wXmIgzz+JjNfIVn+CfTBOv63q1b"},"_chains":{"BYrtj3i/nNYwykivdWBi73RVp7sX1V8gifqASZ/MRRUk":{"chainKey":{"counter":4,"key":"PKUh+tR2TVjOX/JqS5PIsupzZOe2wrroQ3r71mnVB78="},"chainType":2,"messageKeys":{"3":"G04W8ldmqhiZDHmaSo6W2+RQbSOUhlRgag4nEyGmV40="}},"BYiOAoXFdbuprJ7b+10ytXyKgGeqNU8OUYbPFUKNJ6Fn":{"chainKey":{"counter":-1,"key":"+vFdUkqE6Ky3zE7oZLXhpjdGnurYCVdqoMGJcNsbZVs="},"chainType":1,"messageKeys":{}}}}},"version":"v1"}