{"_sessions":{"Be02yrIoJG8GjYpOMZVmC1ej57skayoZEUAYAISHCC01":{"registrationId":1383827990,"currentRatchet":{"ephemeralKeyPair":{"pubKey":"Bf/Ec7CFIRANrNxyvmJdfgy7FMSqIxAx/axd7OV35xsZ","privKey":"2ECd25KgeDwViINcqKQkKDm7TFBU5G20rhlYfzAWQWs="},"lastRemoteEphemeralKey":"BXL+QQ+AgBpM44XlEUHW7RpFtLcnJtKuFt2WYIWgJc4q","previousCounter":0,"rootKey":"8J/pK2ZLI55xoTHwsC8Q+euoNGlAbUzGLrjFNCWMFmw="},"indexInfo":{"baseKey":"Be02yrIoJG8GjYpOMZVmC1ej57skayoZEUAYAISHCC01","baseKeyType":2,"closed":-1,"used":1703211089685,"created":1703211089685,"remoteIdentityKey":"BcgY/eILQpQ3JDYZ6RfUxgc95hTEeLL1xqfplGZk9j9i"},"_chains":{"BXL+QQ+AgBpM44XlEUHW7RpFtLcnJtKuFt2WYIWgJc4q":{"chainKey":{"counter":0,"key":"vLrpmOjZSSiwX3K1PaL5GEtkc4tHs04YYDYyGtMns9Q="},"chainType":2,"messageKeys":{}},"Bf/Ec7CFIRANrNxyvmJdfgy7FMSqIxAx/axd7OV35xsZ":{"chainKey":{"counter":-1,"key":"vIXUFI8KDRAPmTZMFpTxHrImMASSPb6qLc+JuAIWcfk="},"chainType":1,"messageKeys":{}}}}},"version":"v1"}