{"_sessions":{"BUFys0ezWp7r+A6sMx8fbOkmP+RH2KYhnkpoXNNw9agu":{"registrationId":1312599453,"currentRatchet":{"ephemeralKeyPair":{"pubKey":"BRX+U+f6uAfQORhHy86eIme2S9JHgwXfpzxyFb3wB0Q7","privKey":"cN0ZhPrtBgM64Fp/UwXoZtxf+PWvJaCcLvwpvLtLeUA="},"lastRemoteEphemeralKey":"Ba0H/7/Pz2KwUvLmO+IZ4UUZoRvF7UIHINU7/kdirZcc","previousCounter":0,"rootKey":"PiDjLcsRBwukv1Wuf3mwQsp0fY82SYP1Km/qvWPUgew="},"indexInfo":{"baseKey":"BUFys0ezWp7r+A6sMx8fbOkmP+RH2KYhnkpoXNNw9agu","baseKeyType":2,"closed":-1,"used":1703081697034,"created":1703081697034,"remoteIdentityKey":"BXh2ccGBbJk2FI/itjY/jONFf3Y1qABKW7hozWcAnbYN"},"_chains":{"Ba0H/7/Pz2KwUvLmO+IZ4UUZoRvF7UIHINU7/kdirZcc":{"chainKey":{"counter":23,"key":"xpSsjJgma1ljeOqnt3VmpLsGA9FjdHdW+a/wXCZvqCI="},"chainType":2,"messageKeys":{"16":"jiNyNfX1g9nmI/kTcIWplm37r7JiK/3vhb+npY5IvdQ=","19":"SBK5BqjBHASRsjTyyBK9g0G/X9N8uue+r7DvkgGR6k0="}},"BRX+U+f6uAfQORhHy86eIme2S9JHgwXfpzxyFb3wB0Q7":{"chainKey":{"counter":-1,"key":"50QO+9zKMcco5QuyJL4HdcSMn1PTT67FrfWciD0671Y="},"chainType":1,"messageKeys":{}}}}},"version":"v1"}