{"_sessions":{"BVdQpnztr9vJDoUwZcnyMxEQvSfFjmqSFMf2QMOfUlE9":{"registrationId":299575974,"currentRatchet":{"ephemeralKeyPair":{"pubKey":"Beq3oTfADqySB7mguvtCYG37qFPp+NGHPyhXbS2YrO4+","privKey":"GKhYhIePGhfQYmEVrwmeVgg0dFa7+ufsZOLKbsdXKmQ="},"lastRemoteEphemeralKey":"BR6As5SS4u1L0RG6GZeq4uq6ZNPlLVJr3pKvavdCRXlX","previousCounter":0,"rootKey":"iEWymWqlAZtW1KyK/sEd448NqbWcGViizowQA0lk4Fk="},"indexInfo":{"baseKey":"BVdQpnztr9vJDoUwZcnyMxEQvSfFjmqSFMf2QMOfUlE9","baseKeyType":2,"closed":-1,"used":1703215970871,"created":1703215970871,"remoteIdentityKey":"Bdhaiv34pySEWP+2VPrDoaQjFkY/z3SSkUT9OrhbvZ5r"},"_chains":{"BR6As5SS4u1L0RG6GZeq4uq6ZNPlLVJr3pKvavdCRXlX":{"chainKey":{"counter":0,"key":"RplPDYESTFWSTBJ7KRR84YfqKFt0iJzLs+NPamWq9XU="},"chainType":2,"messageKeys":{}},"Beq3oTfADqySB7mguvtCYG37qFPp+NGHPyhXbS2YrO4+":{"chainKey":{"counter":-1,"key":"Rh/ky+CYPglU7nGshXCrLLynPvQSq3u9Vr59rRrEqJA="},"chainType":1,"messageKeys":{}}}}},"version":"v1"}