{"_sessions":{"BRXaNEPMWSff/Pa7IM4K7sQSENzdj10z2d3AevaW0qxw":{"registrationId":1916,"currentRatchet":{"ephemeralKeyPair":{"pubKey":"BX69Luc/FggbR6M252BDMKvUfVauTvIOuVAZDDsMLjhz","privKey":"4KIGFOfhcsSIcNaZnE3fFJ1ZxS3myXANRhJokJ30y2c="},"lastRemoteEphemeralKey":"BVdJTrpH7sb+gCE4GWN/5m9fPSZY1CKm4ADAmMK8nN1r","previousCounter":0,"rootKey":"CrWqCeyiJ8Ry5BBD1gKOX16+9j9uRCLXQVXwIjfXlt8="},"indexInfo":{"baseKey":"BRXaNEPMWSff/Pa7IM4K7sQSENzdj10z2d3AevaW0qxw","baseKeyType":1,"closed":-1,"used":1703079053960,"created":1703079053960,"remoteIdentityKey":"BXVwayNQp6e9LaIUUIXQBfA9lMZAzy2H1sFc4iDhGBwg"},"_chains":{"BX69Luc/FggbR6M252BDMKvUfVauTvIOuVAZDDsMLjhz":{"chainKey":{"counter":2,"key":"xq9ZqmlCK8eJ2I5JOkmay4Vsew8FjCz6aNA4p2aokx0="},"chainType":1,"messageKeys":{}}},"pendingPreKey":{"signedKeyId":1,"baseKey":"BRXaNEPMWSff/Pa7IM4K7sQSENzdj10z2d3AevaW0qxw","preKeyId":2112}}},"version":"v1"}