{"_sessions":{"BTojhuz+jOyffNPiAU4G0gFSXdRH5Yrs3fpTRxbOco0C":{"registrationId":1327363859,"currentRatchet":{"ephemeralKeyPair":{"pubKey":"BUBbgIrvqZ3Q0q3ILlIMVS9ukOPukApsfqSb9GS+sRQ8","privKey":"KMlouD115HHqwnf02zx59FPW7psm6EcvuESa+a8grUQ="},"lastRemoteEphemeralKey":"BZ0fsLPkbQuhulus4feuwC4asbSI2+yPDVTmKAAwkNZz","previousCounter":0,"rootKey":"V8mU86nkAbXeY4ooZkaTwYPdwp9Y6H8wu23b42QZQP0="},"indexInfo":{"baseKey":"BTojhuz+jOyffNPiAU4G0gFSXdRH5Yrs3fpTRxbOco0C","baseKeyType":2,"closed":-1,"used":1703076975663,"created":1703076975663,"remoteIdentityKey":"BbWeNZQhm+URuRRwxa1VwHBdHtirbSAG9SgjVZjVslVV"},"_chains":{"BZ0fsLPkbQuhulus4feuwC4asbSI2+yPDVTmKAAwkNZz":{"chainKey":{"counter":26,"key":"rSZL4RevDfA1xZRP45If6NiLA0yPbnQZlkL6iRD53aU="},"chainType":2,"messageKeys":{"6":"ra8j/Ag0TIw+411THrI9cLoqwaMcCL48MK6gNWcG3Jo=","9":"7d1t6VcweOi0SdI5WnTPivXgQgqCBoM8iU3zLhUMgMc=","11":"sTx1jHO4VLn6DonTwaPZZ3CmGrKXDyuXi8ZLIGUgdi4=","14":"yuELkQmpqd8XjuUpR3a2AHBJE/uNZ2kvqKKK67XimRI="}},"BUBbgIrvqZ3Q0q3ILlIMVS9ukOPukApsfqSb9GS+sRQ8":{"chainKey":{"counter":-1,"key":"/78rLU1QGxnJ1EaOayCvh2cWERpx0hhOE1mxBQzZL0I="},"chainType":1,"messageKeys":{}}}}},"version":"v1"}