{"_sessions":{"BaZ1lvzT9UkLQiGKOSIGTtC7ZP7CyfSGML8h35kgatkw":{"registrationId":644598955,"currentRatchet":{"ephemeralKeyPair":{"pubKey":"BWKcvJksLPwbrtP9N08ip/8r9m8VJ7FKH7NxtaAekSRb","privKey":"OAHtkDc1sYuy4ju2Rmqzl9CXDXk3UDMbyVQY6EKSJGo="},"lastRemoteEphemeralKey":"BZX3BA099aCo488AuTR1UBhWEXWdrq84G0Sd9i1gyx8k","previousCounter":0,"rootKey":"neeTGxNr3IJYIavIIKfD0ki6M72d8BmMmgektVpBhds="},"indexInfo":{"baseKey":"BaZ1lvzT9UkLQiGKOSIGTtC7ZP7CyfSGML8h35kgatkw","baseKeyType":2,"closed":-1,"used":1703157012758,"created":1703157012758,"remoteIdentityKey":"BdR102FOjKcpGUh6BM94mxeC8d8CLQHNZB/HESpEbRFK"},"_chains":{"BZX3BA099aCo488AuTR1UBhWEXWdrq84G0Sd9i1gyx8k":{"chainKey":{"counter":0,"key":"8oYwvnJTACKtamwd1GOxWaUnm29NmNmC0RJDmtj2vo8="},"chainType":2,"messageKeys":{}},"BWKcvJksLPwbrtP9N08ip/8r9m8VJ7FKH7NxtaAekSRb":{"chainKey":{"counter":-1,"key":"HneTgvw1VeMUm+W8PWqdejOBat5eMbvmY2lqA4QmiWo="},"chainType":1,"messageKeys":{}}}}},"version":"v1"}