{"_sessions":{"BXbCSVLZuXhEbpTPmBvPWd/qU2x4fNlMbqYoLKqH5K9z":{"registrationId":1100067204,"currentRatchet":{"ephemeralKeyPair":{"pubKey":"BcUws61CJyvJEXCxW3ERvCyMZP6XOhkd5jw3dIDJ0e0d","privKey":"CP8LLIkhb0tgKFuuPZvda1bP+YeXs+HvpVTD3Cm9C34="},"lastRemoteEphemeralKey":"BUiVsVE/8ehsQNjJA9IrKdog+axKLLxUO2ZQMfQxcetG","previousCounter":0,"rootKey":"QTtZNbuwkazpH+nSwp9kZAu0refycatwqv9ip2ZYl1Y="},"indexInfo":{"baseKey":"BXbCSVLZuXhEbpTPmBvPWd/qU2x4fNlMbqYoLKqH5K9z","baseKeyType":2,"closed":-1,"used":1703215645677,"created":1703215645677,"remoteIdentityKey":"BYbHLm0DRqnwxFl/kLvkuEaVkxiFo6rSQA/1WF53CcQC"},"_chains":{"BUiVsVE/8ehsQNjJA9IrKdog+axKLLxUO2ZQMfQxcetG":{"chainKey":{"counter":1,"key":"Ra/z8C9ObZf0C7W70tuJX18iD6qsq5K1TIKuwb4hN+Y="},"chainType":2,"messageKeys":{}},"BcUws61CJyvJEXCxW3ERvCyMZP6XOhkd5jw3dIDJ0e0d":{"chainKey":{"counter":-1,"key":"QgGJdvVI5j/e1jfY0bFxo4aTSFlxthgcH64U3MsT640="},"chainType":1,"messageKeys":{}}}}},"version":"v1"}