{"_sessions":{"BVJ3+Fayu2HTycrkPwczdEnsEywThinisMKss1RXPAl0":{"registrationId":1743286272,"currentRatchet":{"ephemeralKeyPair":{"pubKey":"Bd7X92VSMSIVyWUgWeonYCTAWq2mvmK3BgLL7sMlO+wL","privKey":"qLCzvMFRj3wHuesaJAKnd8HdmHfV5CZ2zs05BJCwqk4="},"lastRemoteEphemeralKey":"Be15ybLAsNl52Vo7zGBnrTGlWmU+uAjE7dRmvR+B4Z9H","previousCounter":0,"rootKey":"HO1J4+Z5Mom4C8iTWQ+EX/GauCdlcKnEOuT/3riJcZg="},"indexInfo":{"baseKey":"BVJ3+Fayu2HTycrkPwczdEnsEywThinisMKss1RXPAl0","baseKeyType":2,"closed":-1,"used":1703206851629,"created":1703206851629,"remoteIdentityKey":"BfKDaWDfI+U0Yy0h/0RfDVH4jzGMzcqFnUxC2djMbDxq"},"_chains":{"Be15ybLAsNl52Vo7zGBnrTGlWmU+uAjE7dRmvR+B4Z9H":{"chainKey":{"counter":0,"key":"rP5mKPjo19CERP/Jj+i3Pd2W+mFKUpCnGsJyid3Goss="},"chainType":2,"messageKeys":{}},"Bd7X92VSMSIVyWUgWeonYCTAWq2mvmK3BgLL7sMlO+wL":{"chainKey":{"counter":-1,"key":"81Oe/EW8HXz31fhafIykFY+exToMydsiY1WNsN6V0Fc="},"chainType":1,"messageKeys":{}}}}},"version":"v1"}