{"_sessions":{"BS8i66ZmbtxLmP15n2ExDj6t5lSMX77+lbXDWE6AMLFE":{"registrationId":888127866,"currentRatchet":{"ephemeralKeyPair":{"pubKey":"BZ+lAmp0DfNVrtgdfl9nfDzV1PMUR2831omrHqV/vAcv","privKey":"IEeZ9dS8kXOAXskU4WBnZYnh85iGhbm5zW3MtlTU70s="},"lastRemoteEphemeralKey":"Bfaf1QhuYxcQMQ7dkJnw3872G6Bd5svie8R5WanLnmRo","previousCounter":0,"rootKey":"9oWIXdBuf7NB0BKxDDqnyhIhriEvS0zJ4iQOCPjm0XA="},"indexInfo":{"baseKey":"BS8i66ZmbtxLmP15n2ExDj6t5lSMX77+lbXDWE6AMLFE","baseKeyType":2,"closed":-1,"used":1703218970876,"created":1703218970876,"remoteIdentityKey":"BRb5OIU/yTHp06GMyE8eK3PzakwaO2c1cQ4VznDwNigE"},"_chains":{"Bfaf1QhuYxcQMQ7dkJnw3872G6Bd5svie8R5WanLnmRo":{"chainKey":{"counter":1,"key":"N+vaEq+pSzBVq37mhNAIoNzR8tDCB/nvHkDW4xcZgjA="},"chainType":2,"messageKeys":{}},"BZ+lAmp0DfNVrtgdfl9nfDzV1PMUR2831omrHqV/vAcv":{"chainKey":{"counter":-1,"key":"UA75pMrC3YL4ZL81TSWC5wk7YajnDc4x9qJL5COWtA4="},"chainType":1,"messageKeys":{}}}}},"version":"v1"}