{"_sessions":{"Bdrtjp80Zkxy0f9mA5jML77vL44qNSw8YwjVDEWAtLdJ":{"registrationId":889111464,"currentRatchet":{"ephemeralKeyPair":{"pubKey":"BYOyfHEm6WX1+gJalIfI8esERGtBEHtDF0NyOzNmv54M","privKey":"AAmLkIHmDZbNwtJB80NjHojt2ZdH0C1o4q7+7uFiV2M="},"lastRemoteEphemeralKey":"Bah4rhtBs2tkaAa3rNrM5YAkjEhJEVrNFjInWOOd/oAK","previousCounter":0,"rootKey":"BlmVwhFvVqzGqI8u7xknEusq5PE5ebO4wTg/6cvXh4I="},"indexInfo":{"baseKey":"Bdrtjp80Zkxy0f9mA5jML77vL44qNSw8YwjVDEWAtLdJ","baseKeyType":2,"closed":-1,"used":1703217346083,"created":1703217346083,"remoteIdentityKey":"BY6rnzecb6v04FxGoUmEDipWzTGE0ooIx/v3MeyG4IdK"},"_chains":{"Bah4rhtBs2tkaAa3rNrM5YAkjEhJEVrNFjInWOOd/oAK":{"chainKey":{"counter":0,"key":"RLQMS5dd6KZ14K2A+EE3kMZ98bY0WbKyjHnGm32YEes="},"chainType":2,"messageKeys":{}},"BYOyfHEm6WX1+gJalIfI8esERGtBEHtDF0NyOzNmv54M":{"chainKey":{"counter":-1,"key":"ElnrmH6FqJEF4Pvjb3TBpaYZSJXp+5u1Y5Gh1kp0fSI="},"chainType":1,"messageKeys":{}}}}},"version":"v1"}