{"_sessions":{"BdvJyghxya4YVTfUbFij/d06UPpEGxCbqKxtdJX15DYT":{"registrationId":1971694225,"currentRatchet":{"ephemeralKeyPair":{"pubKey":"Bb+cMwOwOUk4Mp9zGt2BiSoDNRODv2V9Zk7GXijid9VK","privKey":"OIcgw61VFzuYzZApXhq2vhaLR5/csCh3DkmHnxzhOWM="},"lastRemoteEphemeralKey":"BW03KJXnkT5+2El4TZM1l1O8Qs30bTOguT+AkIRFStU1","previousCounter":0,"rootKey":"gXDY+/TLw/qNLLSMIqfJ4dxXmpV4LbZcAlNeiOi8DF4="},"indexInfo":{"baseKey":"BdvJyghxya4YVTfUbFij/d06UPpEGxCbqKxtdJX15DYT","baseKeyType":2,"closed":-1,"used":1703157012899,"created":1703157012899,"remoteIdentityKey":"BaGLZDWHt27EGpTzq0M/SENbs2VGPdJPMaC6Jaua8tNr"},"_chains":{"BW03KJXnkT5+2El4TZM1l1O8Qs30bTOguT+AkIRFStU1":{"chainKey":{"counter":7,"key":"G/weufWqlkRbsjRFF9iHrg+B6W5cZAaMO86W0rk1v5Y="},"chainType":2,"messageKeys":{"3":"rV/HoWkl5ndQEb4JvYhmTpob5RVN2RsqCaRq7xcbQJ0="}},"Bb+cMwOwOUk4Mp9zGt2BiSoDNRODv2V9Zk7GXijid9VK":{"chainKey":{"counter":-1,"key":"1EwEt3e96pPDjqPV8l9H0AiXqSGUfatsdLTlJHHQCD0="},"chainType":1,"messageKeys":{}}}}},"version":"v1"}