{"_sessions":{"BQCl6fMwF0ySDvgcWetG4ww+7aIEVIogq+cdVY0r6Kkl":{"registrationId":422197207,"currentRatchet":{"ephemeralKeyPair":{"pubKey":"Bcy/5zwALgR4aJaaAIr1txwxH1K2OatlXVgNRkDS49Ff","privKey":"qKfsMRE7WWwNQzX6+YoPdql/kZyT5uS1BpRCiLEWK1w="},"lastRemoteEphemeralKey":"BQY7XKSIFvkvJwo5aDVxf1xr0oF5Cr4SSryzyT82WD4K","previousCounter":0,"rootKey":"RLrMjpAG1d2Tm+VlmB6o98obA9xuHneZjz26xvs6Q9o="},"indexInfo":{"baseKey":"BQCl6fMwF0ySDvgcWetG4ww+7aIEVIogq+cdVY0r6Kkl","baseKeyType":2,"closed":-1,"used":1703167292066,"created":1703167292066,"remoteIdentityKey":"Bfe4z645QLAqEJveB+ygoy1FeNk85KlILxUdQVbpZ5cy"},"_chains":{"BQY7XKSIFvkvJwo5aDVxf1xr0oF5Cr4SSryzyT82WD4K":{"chainKey":{"counter":1,"key":"0euTsRkJD44CpCqGHOB66aiM1TiFYbqsvbHNQumAaGE="},"chainType":2,"messageKeys":{}},"Bcy/5zwALgR4aJaaAIr1txwxH1K2OatlXVgNRkDS49Ff":{"chainKey":{"counter":-1,"key":"pfrGzv4xjp6CNL9cJZ7/H2+ARO+bWUynEL1wpOrZPAw="},"chainType":1,"messageKeys":{}}}}},"version":"v1"}