{"_sessions":{"BYpRO0FO16ExXzSOKXXKxnCIAUrT4w7N1JJopubuUkIy":{"registrationId":191781449,"currentRatchet":{"ephemeralKeyPair":{"pubKey":"Ber9uQjl+yeK6fD8u3Emhw7Z2pbpXYlMQpMehxjVdDgG","privKey":"YIMR249KEOM/Kf0fxjCgxOnzXg3Wrt32EbZyx2Mbl3o="},"lastRemoteEphemeralKey":"BXqytGq2j/uNy/sw4TP301bYNwPerDiEg/rNcNc69Fhz","previousCounter":0,"rootKey":"LyMKWVQNURNUNpKW9Fb7dlKxHQAfaGqtFkvNDtFMBaE="},"indexInfo":{"baseKey":"BYpRO0FO16ExXzSOKXXKxnCIAUrT4w7N1JJopubuUkIy","baseKeyType":1,"closed":-1,"used":1703079053966,"created":1703079053966,"remoteIdentityKey":"BXV6i5Av7gJ1mv29UAyMrvI2Mesna79JsphN0nlsNVNs"},"_chains":{"Ber9uQjl+yeK6fD8u3Emhw7Z2pbpXYlMQpMehxjVdDgG":{"chainKey":{"counter":2,"key":"dkm6UZOhr4N/iYztZkgJyr/XYs/obQ0NLHs0LYHMLzo="},"chainType":1,"messageKeys":{}}},"pendingPreKey":{"signedKeyId":22,"baseKey":"BYpRO0FO16ExXzSOKXXKxnCIAUrT4w7N1JJopubuUkIy","preKeyId":15305007}}},"version":"v1"}