{"_sessions":{"BYU0DqJ02xIP6wrFfoZp7+c7IGi03OsC4YHvPgXPvhko":{"registrationId":1144596469,"currentRatchet":{"ephemeralKeyPair":{"pubKey":"BbTPhcWynKWNQwzPuRNiPKkRS3IJ2SvZJyuLecTX8bNz","privKey":"YBSgq739Za9HWmrZQErDr46l/1u1rx//ieGA+K1HdHw="},"lastRemoteEphemeralKey":"BV0c5dIsqf6gLrRItcNXV/38LtFvvETeQ+hnxbkBYBYq","previousCounter":0,"rootKey":"n9j+3mnHpRU5ZRqrWWLVSep/gVV8Fft8gTDIpqyMaqs="},"indexInfo":{"baseKey":"BYU0DqJ02xIP6wrFfoZp7+c7IGi03OsC4YHvPgXPvhko","baseKeyType":2,"closed":-1,"used":1703236207661,"created":1703236207661,"remoteIdentityKey":"BQS/ciOrjsTTKjkY75nCZhxaq8swaAgstuB4QAfukkwP"},"_chains":{"BV0c5dIsqf6gLrRItcNXV/38LtFvvETeQ+hnxbkBYBYq":{"chainKey":{"counter":0,"key":"ez94S7YFXn1kWgwO1bXKpcyuje0QIMapTX7QrhbzYYs="},"chainType":2,"messageKeys":{}},"BbTPhcWynKWNQwzPuRNiPKkRS3IJ2SvZJyuLecTX8bNz":{"chainKey":{"counter":-1,"key":"i7f4aMAvFESgS1d162ewDRQrEtJKI78J/zVj9qkgyOc="},"chainType":1,"messageKeys":{}}}}},"version":"v1"}