{"_sessions":{"BfbJ3E3ROw3mUG/NHM821J0hdB2Zt5hOcjVB48SM96Qo":{"registrationId":110,"currentRatchet":{"ephemeralKeyPair":{"pubKey":"BfhHm2tMXmFlocqqpG4+I62KAP9Whp1k2XgvktAuIItM","privKey":"UPb6T/nuao+NrHKuF/zI2RNf3fhXvquaz9IFk3GEw10="},"lastRemoteEphemeralKey":"BbsPX6cCXVyyHT0ZlaUkhPVQCOw24CdZ7vyigtwH8b4E","previousCounter":0,"rootKey":"FdGAC0zlScasXeOL2PqxxpRF7aG3BVE4z0D8xHU7aWU="},"indexInfo":{"baseKey":"BfbJ3E3ROw3mUG/NHM821J0hdB2Zt5hOcjVB48SM96Qo","baseKeyType":1,"closed":1703182884268,"used":1703181730993,"created":1703181730993,"remoteIdentityKey":"BR2arpmMPDuOpWpsAYrcOePMtY9MrY4XyjlBvKYIKqEy"},"_chains":{"BfhHm2tMXmFlocqqpG4+I62KAP9Whp1k2XgvktAuIItM":{"chainKey":{"counter":86,"key":"enXTyUUqhkrK6NDJI8Ml95tpQREDcon+FzHADKxCi+A="},"chainType":1,"messageKeys":{}}},"pendingPreKey":{"signedKeyId":1,"baseKey":"BfbJ3E3ROw3mUG/NHM821J0hdB2Zt5hOcjVB48SM96Qo","preKeyId":11}},"BYzirwT4J+xdZFIKznfzdeSbxjTFktSFDMFCVRHkEV8q":{"registrationId":110,"currentRatchet":{"ephemeralKeyPair":{"pubKey":"BfzrpfIEyug9Mjirn9JfNdM1Vm4NUqH5p31RvrMmGEci","privKey":"CPXTkOsxWdK5R16RY7mayiPujx2YJmXXswO+5BBFR1I="},"lastRemoteEphemeralKey":"BbsPX6cCXVyyHT0ZlaUkhPVQCOw24CdZ7vyigtwH8b4E","previousCounter":0,"rootKey":"JEl9bOx64zI4OnfM3iZy9bLq62bidNl85o47Y94fx50="},"indexInfo":{"baseKey":"BYzirwT4J+xdZFIKznfzdeSbxjTFktSFDMFCVRHkEV8q","baseKeyType":1,"closed":1703183833260,"used":1703182884064,"created":1703182884064,"remoteIdentityKey":"BR2arpmMPDuOpWpsAYrcOePMtY9MrY4XyjlBvKYIKqEy"},"_chains":{"BfzrpfIEyug9Mjirn9JfNdM1Vm4NUqH5p31RvrMmGEci":{"chainKey":{"counter":73,"key":"CXZQ5M2u1FNmE67h5Yo5AouP4Nqik+fDQksctwHzvtk="},"chainType":1,"messageKeys":{}}},"pendingPreKey":{"signedKeyId":1,"baseKey":"BYzirwT4J+xdZFIKznfzdeSbxjTFktSFDMFCVRHkEV8q","preKeyId":7}},"BVwkj12NuGRGWUMp3nbnoVGu3/Vkq3HoQQBOVb4azjl/":{"registrationId":110,"currentRatchet":{"ephemeralKeyPair":{"pubKey":"BXiY10HHLcRxz6uVeL0das+vNa+OksT/PaRr77uYzh0X","privKey":"SPNraat0893/QDamUtwVtlR0ReQXr6iY0E1zzbMc9Ws="},"lastRemoteEphemeralKey":"BbsPX6cCXVyyHT0ZlaUkhPVQCOw24CdZ7vyigtwH8b4E","previousCounter":0,"rootKey":"oNO0ItV7Ts0xqkzJia85MbLrL/RpCqeX4GG8uhKXLDY="},"indexInfo":{"baseKey":"BVwkj12NuGRGWUMp3nbnoVGu3/Vkq3HoQQBOVb4azjl/","baseKeyType":1,"closed":-1,"used":1703183832162,"created":1703183832162,"remoteIdentityKey":"BR2arpmMPDuOpWpsAYrcOePMtY9MrY4XyjlBvKYIKqEy"},"_chains":{"BXiY10HHLcRxz6uVeL0das+vNa+OksT/PaRr77uYzh0X":{"chainKey":{"counter":197,"key":"rOCYODuKIgEFkHfMcpCEyW3PS4+whagdWYVp5xulyik="},"chainType":1,"messageKeys":{}}},"pendingPreKey":{"signedKeyId":1,"baseKey":"BVwkj12NuGRGWUMp3nbnoVGu3/Vkq3HoQQBOVb4azjl/","preKeyId":55}}},"version":"v1"}