{"_sessions":{"BeiG6j4kTKSBDUa2HCxfw0PheoA4gZIKT3iNdjU5qAA0":{"registrationId":14713,"currentRatchet":{"ephemeralKeyPair":{"pubKey":"BWiqE84VX/QPMBGztRLNlhY2/ZR1W5GpuWU6Bn9HsyQU","privKey":"aM2SCjQXydm61a9f5kI+vb7r0zLnLFbs9bZMDdavgnY="},"lastRemoteEphemeralKey":"Bev82uxLn3JpfiTtepz0GkVrk8o0M2Nv0SaYuXLdwptx","previousCounter":0,"rootKey":"KU7ZBRtx6RZjNelJg9l0xI+GetUaMdq9TKpstSFFbjo="},"indexInfo":{"baseKey":"BeiG6j4kTKSBDUa2HCxfw0PheoA4gZIKT3iNdjU5qAA0","baseKeyType":1,"closed":-1,"used":1703079053962,"created":1703079053962,"remoteIdentityKey":"BWp6EPJZRzZRY4qccj5W4UsMtrNSUaQbfiziqByW5eRs"},"_chains":{"BWiqE84VX/QPMBGztRLNlhY2/ZR1W5GpuWU6Bn9HsyQU":{"chainKey":{"counter":2,"key":"zhKVLhpIXIof0fvjFhxhYNZMDp9yq7MeBS7TNgZy5dE="},"chainType":1,"messageKeys":{}}},"pendingPreKey":{"signedKeyId":1,"baseKey":"BeiG6j4kTKSBDUa2HCxfw0PheoA4gZIKT3iNdjU5qAA0","preKeyId":1902}}},"version":"v1"}