{"_sessions":{"BXhBmyHBuE/IwMP0ZLYsHXlO52YhHvHnTGN3To4oFhk7":{"registrationId":1746114922,"currentRatchet":{"ephemeralKeyPair":{"pubKey":"BfNNPWSoPHh/CpgPp2QsFnoujQjrqOfbehrBkjdB098O","privKey":"yCvUQ1dFRbNbhsUh3wXwAPfh++D8/SvLEoM18cRdT0I="},"lastRemoteEphemeralKey":"BSyWPVPjYv9ei/St85kTZL7/f/zN6JeyRsC5q/vpdJZo","previousCounter":0,"rootKey":"yzI2vnqUoaJWdwGAd4Bf+F4ZGsG5n/ne+vEz639lBxU="},"indexInfo":{"baseKey":"BXhBmyHBuE/IwMP0ZLYsHXlO52YhHvHnTGN3To4oFhk7","baseKeyType":2,"closed":-1,"used":1703320416841,"created":1703320416841,"remoteIdentityKey":"BaZYCDjPCBsFvFZOytcpCPsQuzIrsJpyQwZxIwsnnF1a"},"_chains":{"BSyWPVPjYv9ei/St85kTZL7/f/zN6JeyRsC5q/vpdJZo":{"chainKey":{"counter":0,"key":"hnw4DJ2o/tJMIiZWyWAvC3HNQ3qmM2l2mt8xDl2pQIY="},"chainType":2,"messageKeys":{}},"BfNNPWSoPHh/CpgPp2QsFnoujQjrqOfbehrBkjdB098O":{"chainKey":{"counter":-1,"key":"F4bT+WWr6zei5HV4Zz+Dk/W3pJCFPhUXRkm1ukv+GS0="},"chainType":1,"messageKeys":{}}}}},"version":"v1"}