{"_sessions":{"BS51+Yl93rD5AMf2DolwjnCSU9iWPFvKlM9wTpuF4AFV":{"registrationId":137714653,"currentRatchet":{"ephemeralKeyPair":{"pubKey":"BYqq/zIrkgYP6yTdJBEMvnuBxNZ9aP58Lr+VfxyTnTYs","privKey":"IDlpLeWomNNCBG/hLEyrG09YBCFaXLnzr58oTgLsj2o="},"lastRemoteEphemeralKey":"BQSbmObieh0zw92TqF2GVmMCpCPPIInZDkc+7595qjID","previousCounter":0,"rootKey":"YdX70NPOI0Fzb5BCDgiGsQsC2BJFbVy7oVn+BKsrGZc="},"indexInfo":{"baseKey":"BS51+Yl93rD5AMf2DolwjnCSU9iWPFvKlM9wTpuF4AFV","baseKeyType":2,"closed":-1,"used":1703300977126,"created":1703300977126,"remoteIdentityKey":"BXRO5PWbAKHjWKx9TYLgjBDWFgATQVp+8b/DyPtE9KUt"},"_chains":{"BQSbmObieh0zw92TqF2GVmMCpCPPIInZDkc+7595qjID":{"chainKey":{"counter":0,"key":"ZH+h/iNnAilPdunHc9lsMliArEG/nABY2Xz67bbGxag="},"chainType":2,"messageKeys":{}},"BYqq/zIrkgYP6yTdJBEMvnuBxNZ9aP58Lr+VfxyTnTYs":{"chainKey":{"counter":-1,"key":"yGqORJudr67Tw6Qv4aDgNIyK8BRYUI6aARnfi2LC6dc="},"chainType":1,"messageKeys":{}}}}},"version":"v1"}