{"_sessions":{"Ba9zlyQRALRxe874wWTKyNjvtuALkQuwHkGHgFA/iq0A":{"registrationId":1175292342,"currentRatchet":{"ephemeralKeyPair":{"pubKey":"Bf3BvX3ECJSbiTKE3HTjed+AfOF2cOBk2v0B3YbpCJw4","privKey":"AE1iF1mEZ7uQgtIcJ7iBuoN0TWWggKd+/b4wKq7zj1Y="},"lastRemoteEphemeralKey":"BVeCSifSlLuzYEIU37NHSmF5QXS9zfI4/wMzN2mJ9F5V","previousCounter":0,"rootKey":"s30NWuI+c0WyZy8G2kK/pPFQ+MnFWyOENGnWqOpNB3Q="},"indexInfo":{"baseKey":"Ba9zlyQRALRxe874wWTKyNjvtuALkQuwHkGHgFA/iq0A","baseKeyType":1,"closed":-1,"used":1703181730994,"created":1703181730994,"remoteIdentityKey":"BTihTHPD/mi1hKTq5vhx+rLcHLCOZlaItBINGo9nfFsi"},"_chains":{"Bf3BvX3ECJSbiTKE3HTjed+AfOF2cOBk2v0B3YbpCJw4":{"chainKey":{"counter":358,"key":"IRVIG3J0o+aYd+Lv0xeddO/VfszoGJFXYU3+o7VepV0="},"chainType":1,"messageKeys":{}}},"pendingPreKey":{"signedKeyId":26,"baseKey":"Ba9zlyQRALRxe874wWTKyNjvtuALkQuwHkGHgFA/iq0A","preKeyId":4803724}}},"version":"v1"}