{"_sessions":{"Be0a7BksWiov4uCoT5/xn5NQZeBAuRe0d9ZHLI6ikwEz":{"registrationId":1564631189,"currentRatchet":{"ephemeralKeyPair":{"pubKey":"BRVOx2DKG6kSTw+eZIDfOUOs/RcrXtFvL6z1wLSfZHIj","privKey":"2Ibiy7TkXT3VOk5OskQNU9alvg5l2VO5Ymjgk9XlglE="},"lastRemoteEphemeralKey":"BX0bMGIn4VFUHrr3jumcS7NJRU0xFxgKaFpzemigZAxj","previousCounter":0,"rootKey":"QZqJUgqCna+qjt2ZTfvBvYUvL1/HbFEYmKZW/ArAiUc="},"indexInfo":{"baseKey":"Be0a7BksWiov4uCoT5/xn5NQZeBAuRe0d9ZHLI6ikwEz","baseKeyType":2,"closed":-1,"used":1703215795685,"created":1703215795685,"remoteIdentityKey":"BUIsqABGvaS67mjtxgBqESmW/3mmJ6FEizecBJ0+t2Qq"},"_chains":{"BX0bMGIn4VFUHrr3jumcS7NJRU0xFxgKaFpzemigZAxj":{"chainKey":{"counter":1,"key":"ILskOTLw4WCtwLBJyMt+VnRvGCX18LLFfb61zxr+W9Q="},"chainType":2,"messageKeys":{}},"BRVOx2DKG6kSTw+eZIDfOUOs/RcrXtFvL6z1wLSfZHIj":{"chainKey":{"counter":-1,"key":"kbRyjSQvAGIZP4JTqVUxMzvXKogcqL7ojzyEU1VYmXU="},"chainType":1,"messageKeys":{}}}}},"version":"v1"}