{"_sessions":{"BfZQML7vJ9PckubL4JGKDwizOSqLHgkes42YwOsALUp1":{"registrationId":130415591,"currentRatchet":{"ephemeralKeyPair":{"pubKey":"Bf0crcE1qxk9R6n501S1BmyjCh8MXLKrDKjaa0LLaRow","privKey":"iEurBWf542h0Lw54+EF7SMPZBdyXXQuhNKCKWZ3oO1Q="},"lastRemoteEphemeralKey":"BSsVQKHqG6jEI3LnPwjUl32mXjJCsMFhGxWZFqOoQ/NK","previousCounter":0,"rootKey":"diBJp5TFIQ+VXNnT0/Bh9uqotE7e2z6pIfUga9tgtLo="},"indexInfo":{"baseKey":"BfZQML7vJ9PckubL4JGKDwizOSqLHgkes42YwOsALUp1","baseKeyType":2,"closed":-1,"used":1703307798538,"created":1703307798538,"remoteIdentityKey":"BQOb1G94X8TLF0UNPddV54ZnBR6XpirFGGJo/MBlpAQ3"},"_chains":{"BSsVQKHqG6jEI3LnPwjUl32mXjJCsMFhGxWZFqOoQ/NK":{"chainKey":{"counter":0,"key":"ONmtyWAKGUw2K1vZ/f47t89vO+ifjkedEkMss4eNaEk="},"chainType":2,"messageKeys":{}},"Bf0crcE1qxk9R6n501S1BmyjCh8MXLKrDKjaa0LLaRow":{"chainKey":{"counter":-1,"key":"z55I6VoERekUMA5lBxPLrxjZoF4SQQFbt5W6LBoJJTI="},"chainType":1,"messageKeys":{}}}}},"version":"v1"}