{"_sessions":{"BZNHwbGZIaYVyXCm/ZndKQee0P6VUPiOu/UYMGGeq+kf":{"registrationId":7869,"currentRatchet":{"ephemeralKeyPair":{"pubKey":"BbXtMhq1TTQ/4meDnJJATQgzrT5l0DRWYCqqguCnMABx","privKey":"MGxaKLjP68sBSL+sfs4YcBbhPpuJ4YB5NU56SOY29Wo="},"lastRemoteEphemeralKey":"BX5nulKdB6JdMqJY78IBTGCMu1IiDvnGxFlgBnZKMRUh","previousCounter":0,"rootKey":"yRbj2Yig0NGg8obGanfZ6+XdXXF2YDE8d1oP4xjWkKU="},"indexInfo":{"baseKey":"BZNHwbGZIaYVyXCm/ZndKQee0P6VUPiOu/UYMGGeq+kf","baseKeyType":1,"closed":-1,"used":1703079064852,"created":1703079064852,"remoteIdentityKey":"BRtUAC9jZoe6t7bt1MXS/vFUoc8AK7TTufDZaatcD0oS"},"_chains":{"BbXtMhq1TTQ/4meDnJJATQgzrT5l0DRWYCqqguCnMABx":{"chainKey":{"counter":2,"key":"yk1Pc8c6A+21teSDwXAsAS1RDGF4sAT3/tPdbTsen58="},"chainType":1,"messageKeys":{}}},"pendingPreKey":{"signedKeyId":1,"baseKey":"BZNHwbGZIaYVyXCm/ZndKQee0P6VUPiOu/UYMGGeq+kf","preKeyId":1088}}},"version":"v1"}