{"_sessions":{"Bc4SfU++RFAse4dBw9rE2t/TkZTfrPjE0CHH6KIU1Bgx":{"registrationId":976778561,"currentRatchet":{"ephemeralKeyPair":{"pubKey":"BdLLrXLL5Do5Ezx1gLb32dzcDr4JE+6xPb8J0EgykAdh","privKey":"MOS7HDgvUg39zStRzF4Xjrl/o2gLXiHAfzeRuVvtq1w="},"lastRemoteEphemeralKey":"Bci1Ei/eaWbXNJcv4Atn0/St8nijtlvitjBCJoHH9kkr","previousCounter":0,"rootKey":"LW1lCh2s679uPs8+Z38Nvfl/D3yi7oHtttzbhtWaFUs="},"indexInfo":{"baseKey":"Bc4SfU++RFAse4dBw9rE2t/TkZTfrPjE0CHH6KIU1Bgx","baseKeyType":2,"closed":-1,"used":1703141562975,"created":1703141562975,"remoteIdentityKey":"BW7dOQaYkYm0EfGAaPMt9mu5MeGVbUJg9X01nFJVv9Y1"},"_chains":{"Bci1Ei/eaWbXNJcv4Atn0/St8nijtlvitjBCJoHH9kkr":{"chainKey":{"counter":12,"key":"ioj+ZsavDecegxpWr8GfikcHZPGzxKIlx/x21+JygBA="},"chainType":2,"messageKeys":{"0":"8R0kImYSyQCVXlruaF1fUkA72nMvC03yb26s2ibPLUE=","2":"dojdnphHa7RQuSs6KiYORlclpy0IZYVxc0uZIhnWIV4=","3":"jS0AxNMupgFh8fAUi2sWqXHHbQinYJfCx9LJWmbmdQY=","4":"x3OYUmvGgykccoyvpN0jsXJHcXndy/RvVsUW/Z1ljxE=","5":"u2KfS+SKjwEonJFaGEApomdvMMzwckYvB+2YoXrrSOE=","6":"NmDRQlbC+jUgkPfpamVQ8zbioo6jTs+ZYnEq3uUS1ck=","7":"0MV1xaZO6uM/Vep5mx2DL/3kacBbop9FOZCoWoqoQGE=","8":"VFmHLVosjYEt/ViPl4+fMiUVuYAStHVjhzCFAAvnvu8=","9":"6kEGRu7O1oGiBHIXE1JoP0gYqCC8tlU2zzquhsLOmQg=","10":"yH9E4HasD0YTtzAfwaxLjBsbJprrTbkn9zei6LpHczw="}},"BdLLrXLL5Do5Ezx1gLb32dzcDr4JE+6xPb8J0EgykAdh":{"chainKey":{"counter":-1,"key":"v7uQIZfp/S7O3JFc5mgcmFMnEDak3dBg2EduEN+llJo="},"chainType":1,"messageKeys":{}}}}},"version":"v1"}