{"_sessions":{"BRAiCbhlZ4vuRIMbbIDQOGvYBQT1OFuwWpJ4aBDanEoA":{"registrationId":236,"currentRatchet":{"ephemeralKeyPair":{"pubKey":"BZN4wF939KK6KhnqMIT2IkWsXJnsBXISk5UsZWDpxNR9","privKey":"yA46YKIKU6ff7Fcnw+SfaqbHoZ4wdv5ghJ21PIHjhWo="},"lastRemoteEphemeralKey":"BVjMSvZLfzyt9fPojq2Cw4qT9et8yPqNZLrbsbmF6EhK","previousCounter":0,"rootKey":"wGqZxAAxyDx9L8OWR67lTbrUSnTqHy3LB9M2jV9y3Zo="},"indexInfo":{"baseKey":"BRAiCbhlZ4vuRIMbbIDQOGvYBQT1OFuwWpJ4aBDanEoA","baseKeyType":1,"closed":1703149579980,"used":1703149579468,"created":1703149579468,"remoteIdentityKey":"BS3r8hqu9TZvf3VlxhTBvBnv0WLUFldrTe87JuDYizM/"},"_chains":{"BZN4wF939KK6KhnqMIT2IkWsXJnsBXISk5UsZWDpxNR9":{"chainKey":{"counter":-1,"key":"Hzkfao7y2gDSva70+DBpBD4FbHW8iiYos8pGRFlGu0k="},"chainType":1,"messageKeys":{}}},"pendingPreKey":{"signedKeyId":1,"baseKey":"BRAiCbhlZ4vuRIMbbIDQOGvYBQT1OFuwWpJ4aBDanEoA"}},"BXInnwmYfXKIfVqRE1PEwsDh9yTxdBt94dQN8Nw1A4Aq":{"registrationId":236,"currentRatchet":{"ephemeralKeyPair":{"pubKey":"BRnZ1J9RQI9K1rxo5XWHTPMmul1W8ylkXf9R6I0YPlJH","privKey":"YBpPm0lbW/jvS70XRsx3esUcr+r2pPJoY0RGvCdTTHI="},"lastRemoteEphemeralKey":"BVjMSvZLfzyt9fPojq2Cw4qT9et8yPqNZLrbsbmF6EhK","previousCounter":0,"rootKey":"PrtFCWgthkUorSiSu3sNUCtH4cgJOJDYLF2iSZI0PNI="},"indexInfo":{"baseKey":"BXInnwmYfXKIfVqRE1PEwsDh9yTxdBt94dQN8Nw1A4Aq","baseKeyType":1,"closed":1703149581277,"used":1703149579872,"created":1703149579872,"remoteIdentityKey":"BS3r8hqu9TZvf3VlxhTBvBnv0WLUFldrTe87JuDYizM/"},"_chains":{"BRnZ1J9RQI9K1rxo5XWHTPMmul1W8ylkXf9R6I0YPlJH":{"chainKey":{"counter":0,"key":"1aHHUXD2dM5uV+y9A1kS0GBKaNxskM1FSLkVX0M86tg="},"chainType":1,"messageKeys":{}}},"pendingPreKey":{"signedKeyId":1,"baseKey":"BXInnwmYfXKIfVqRE1PEwsDh9yTxdBt94dQN8Nw1A4Aq"}},"BZ+H1hbqjr78ioi4FynluLY8In3G6YRkj2nN/BQifMZw":{"registrationId":236,"currentRatchet":{"ephemeralKeyPair":{"pubKey":"Be6NstalTNaq1fyAzVkM6SyKAlrp2tVsOh4Wje6U4LwW","privKey":"eI7DkFfpcNleduPvaNOSGJAdYGObCocmSCNjqybVSFA="},"lastRemoteEphemeralKey":"BVjMSvZLfzyt9fPojq2Cw4qT9et8yPqNZLrbsbmF6EhK","previousCounter":0,"rootKey":"tr7fE46dMQxOocZYL98XXu1AYs63ZEGHJvdDZhatBYc="},"indexInfo":{"baseKey":"BZ+H1hbqjr78ioi4FynluLY8In3G6YRkj2nN/BQifMZw","baseKeyType":1,"closed":1703149582087,"used":1703149581179,"created":1703149581179,"remoteIdentityKey":"BS3r8hqu9TZvf3VlxhTBvBnv0WLUFldrTe87JuDYizM/"},"_chains":{"Be6NstalTNaq1fyAzVkM6SyKAlrp2tVsOh4Wje6U4LwW":{"chainKey":{"counter":0,"key":"9lV05UlHOONbVp4Gzi9QDB/W7Wosh/ax21IQebZ5U5k="},"chainType":1,"messageKeys":{}}},"pendingPreKey":{"signedKeyId":1,"baseKey":"BZ+H1hbqjr78ioi4FynluLY8In3G6YRkj2nN/BQifMZw"}},"BYCRd+FCsG53pN3/mZc4S8BGwNohj7dW3q8PoFcM+LR8":{"registrationId":236,"currentRatchet":{"ephemeralKeyPair":{"pubKey":"Be1nNgzBKtcsEXLJD0uVN5b3Hfjk/uiA7GL3SVsJerVQ","privKey":"eCl6Wm12j1lYc09XrTF6B18WMl11WLV01qNZhOzstnM="},"lastRemoteEphemeralKey":"BVjMSvZLfzyt9fPojq2Cw4qT9et8yPqNZLrbsbmF6EhK","previousCounter":0,"rootKey":"n6fkcFTxVucOoHwPrHrzM/tRn4qFxtP3SMarYDMCyJY="},"indexInfo":{"baseKey":"BYCRd+FCsG53pN3/mZc4S8BGwNohj7dW3q8PoFcM+LR8","baseKeyType":1,"closed":1703149583484,"used":1703149582084,"created":1703149582084,"remoteIdentityKey":"BS3r8hqu9TZvf3VlxhTBvBnv0WLUFldrTe87JuDYizM/"},"_chains":{"Be1nNgzBKtcsEXLJD0uVN5b3Hfjk/uiA7GL3SVsJerVQ":{"chainKey":{"counter":2,"key":"ZAMsH2dd3VcBxygAARawgObpXlpdf/JC2pY/pvJw728="},"chainType":1,"messageKeys":{}}},"pendingPreKey":{"signedKeyId":1,"baseKey":"BYCRd+FCsG53pN3/mZc4S8BGwNohj7dW3q8PoFcM+LR8"}},"Bf+a5OnP0WypcUMzYbp43ZieNNtmc8HkwLyocCnai9g0":{"registrationId":236,"currentRatchet":{"ephemeralKeyPair":{"pubKey":"BUXbRI5wMxfBcduaz/q/u7qRCqcQRMYsdEYizoHBw3kZ","privKey":"IHexkV5bgmJxkmENn7hKpzgtRC7SSAZJSgmPZ0J94k4="},"lastRemoteEphemeralKey":"BVjMSvZLfzyt9fPojq2Cw4qT9et8yPqNZLrbsbmF6EhK","previousCounter":0,"rootKey":"i4PljdULWQeGHSonDo/L70mG/duoP2K+Dl3hRanjCdo="},"indexInfo":{"baseKey":"Bf+a5OnP0WypcUMzYbp43ZieNNtmc8HkwLyocCnai9g0","baseKeyType":1,"closed":1703149584287,"used":1703149583471,"created":1703149583471,"remoteIdentityKey":"BS3r8hqu9TZvf3VlxhTBvBnv0WLUFldrTe87JuDYizM/"},"_chains":{"BUXbRI5wMxfBcduaz/q/u7qRCqcQRMYsdEYizoHBw3kZ":{"chainKey":{"counter":1,"key":"5qPJxktt5v3Y5odzuXKW+Z/VztS7YrHVFEQWsbypnk8="},"chainType":1,"messageKeys":{}}},"pendingPreKey":{"signedKeyId":1,"baseKey":"Bf+a5OnP0WypcUMzYbp43ZieNNtmc8HkwLyocCnai9g0"}},"BStRxN9BGwyBHFa+WpGIKoNsEVeGYYtkkfGk4S6vvSII":{"registrationId":236,"currentRatchet":{"ephemeralKeyPair":{"pubKey":"BSjv7UIB3HRZ+HQZi8YXHNo8DwbwauJ5qDc0j4UMNvIQ","privKey":"EKYDFFcU0M3zTsY6ZjhPcL2dGClLVlhJ0ICg/2357Vc="},"lastRemoteEphemeralKey":"BVjMSvZLfzyt9fPojq2Cw4qT9et8yPqNZLrbsbmF6EhK","previousCounter":0,"rootKey":"xokH6OgJiAQvzZvZ8tB13aUbmul+MGz23xAYDEYp9r0="},"indexInfo":{"baseKey":"BStRxN9BGwyBHFa+WpGIKoNsEVeGYYtkkfGk4S6vvSII","baseKeyType":1,"closed":1703149584478,"used":1703149584261,"created":1703149584261,"remoteIdentityKey":"BS3r8hqu9TZvf3VlxhTBvBnv0WLUFldrTe87JuDYizM/"},"_chains":{"BSjv7UIB3HRZ+HQZi8YXHNo8DwbwauJ5qDc0j4UMNvIQ":{"chainKey":{"counter":-1,"key":"LQ36DbOcKmu9evkhMY0UYdSbiYVt4TUyEtkjIfDpro8="},"chainType":1,"messageKeys":{}}},"pendingPreKey":{"signedKeyId":1,"baseKey":"BStRxN9BGwyBHFa+WpGIKoNsEVeGYYtkkfGk4S6vvSII"}},"BSVH7kSB/PDErDOzSQAyLx6/0oppWr2/2SXsdepeHT5d":{"registrationId":236,"currentRatchet":{"ephemeralKeyPair":{"pubKey":"BXdD6ucFJYpfGHLPUq4w9SBltthgexAagICmZxcuBjhr","privKey":"kGw54eqRoJq0ZlkrpCTU76zLG7xZWyrb2H2QBQgOGU0="},"lastRemoteEphemeralKey":"BVjMSvZLfzyt9fPojq2Cw4qT9et8yPqNZLrbsbmF6EhK","previousCounter":0,"rootKey":"j1OiA83OfZGBH3q6mcKBpOoExesOv3jXWu5hfv6oXlg="},"indexInfo":{"baseKey":"BSVH7kSB/PDErDOzSQAyLx6/0oppWr2/2SXsdepeHT5d","baseKeyType":1,"closed":1703149584661,"used":1703149584415,"created":1703149584415,"remoteIdentityKey":"BS3r8hqu9TZvf3VlxhTBvBnv0WLUFldrTe87JuDYizM/"},"_chains":{"BXdD6ucFJYpfGHLPUq4w9SBltthgexAagICmZxcuBjhr":{"chainKey":{"counter":-1,"key":"4E1tklLW2FK0QKvKqUqZB93XbzsL5QoIMTA53CDPa4M="},"chainType":1,"messageKeys":{}}},"pendingPreKey":{"signedKeyId":1,"baseKey":"BSVH7kSB/PDErDOzSQAyLx6/0oppWr2/2SXsdepeHT5d"}},"BZIvB8mmSZChEoF6BpnlPYxtLzqek0w5V9JFeRxv7Kp6":{"registrationId":236,"currentRatchet":{"ephemeralKeyPair":{"pubKey":"BdrAw7UlJTEag9zyKq6kNCXkIH/TFEsnlVf1GaeZAX5P","privKey":"kGSduDiBz3FpUlsgDIw0vVpIhUUrPgrl2yWmGOJHz3w="},"lastRemoteEphemeralKey":"BVjMSvZLfzyt9fPojq2Cw4qT9et8yPqNZLrbsbmF6EhK","previousCounter":0,"rootKey":"MvzuMs6weGvhpr7XZA69A6sV9Vn4uV4Z7yI0TpG5fhI="},"indexInfo":{"baseKey":"BZIvB8mmSZChEoF6BpnlPYxtLzqek0w5V9JFeRxv7Kp6","baseKeyType":1,"closed":1703149584947,"used":1703149584607,"created":1703149584607,"remoteIdentityKey":"BS3r8hqu9TZvf3VlxhTBvBnv0WLUFldrTe87JuDYizM/"},"_chains":{"BdrAw7UlJTEag9zyKq6kNCXkIH/TFEsnlVf1GaeZAX5P":{"chainKey":{"counter":0,"key":"wnsXE32wK2Gs29YxUFNKmTIJ3X0w857xQHFLDJwy040="},"chainType":1,"messageKeys":{}}},"pendingPreKey":{"signedKeyId":1,"baseKey":"BZIvB8mmSZChEoF6BpnlPYxtLzqek0w5V9JFeRxv7Kp6"}},"BX5OAsQNwzNaMmAKWvBIQs0kQN0ZoZmJaNS3kAu3Hidk":{"registrationId":236,"currentRatchet":{"ephemeralKeyPair":{"pubKey":"BUK3uNfRY3Kx948EgPJdzZKn1ZvyJaAEtTBzXMESqgdL","privKey":"EP8jlvYnCq9YCmNtsos0FCuOex1gq1/WSn0RV7zez1k="},"lastRemoteEphemeralKey":"BVjMSvZLfzyt9fPojq2Cw4qT9et8yPqNZLrbsbmF6EhK","previousCounter":0,"rootKey":"iaanKnr/d9/jU2Rp2zCQvHd8+9X7Z06Gf/KQS13hGhY="},"indexInfo":{"baseKey":"BX5OAsQNwzNaMmAKWvBIQs0kQN0ZoZmJaNS3kAu3Hidk","baseKeyType":1,"closed":1703149585479,"used":1703149584890,"created":1703149584890,"remoteIdentityKey":"BS3r8hqu9TZvf3VlxhTBvBnv0WLUFldrTe87JuDYizM/"},"_chains":{"BUK3uNfRY3Kx948EgPJdzZKn1ZvyJaAEtTBzXMESqgdL":{"chainKey":{"counter":1,"key":"cCGXPtPkNzXrmOWKjyzWyiv8xKqxeCmdcpT+VltZmDE="},"chainType":1,"messageKeys":{}}},"pendingPreKey":{"signedKeyId":1,"baseKey":"BX5OAsQNwzNaMmAKWvBIQs0kQN0ZoZmJaNS3kAu3Hidk"}},"BVMOr3SKWsgj5iWjuWQUmbNTUVTQp/YlosbRLE7Yn45U":{"registrationId":236,"currentRatchet":{"ephemeralKeyPair":{"pubKey":"BfnLTvaRTR/mqj/LLmvTzVxzbbOaD/lkcc45NpBjCSZI","privKey":"0BsdV0CxGeGTnqiT8FPEPQLUXYCAChCGuU/m3Y3JKGY="},"lastRemoteEphemeralKey":"BVjMSvZLfzyt9fPojq2Cw4qT9et8yPqNZLrbsbmF6EhK","previousCounter":0,"rootKey":"ISzcIOjWMZRpdcU0VKQj1WEmb+xuOEBvM8D+yhE52fE="},"indexInfo":{"baseKey":"BVMOr3SKWsgj5iWjuWQUmbNTUVTQp/YlosbRLE7Yn45U","baseKeyType":1,"closed":1703149585940,"used":1703149585436,"created":1703149585436,"remoteIdentityKey":"BS3r8hqu9TZvf3VlxhTBvBnv0WLUFldrTe87JuDYizM/"},"_chains":{"BfnLTvaRTR/mqj/LLmvTzVxzbbOaD/lkcc45NpBjCSZI":{"chainKey":{"counter":1,"key":"vjmgmHvb764k1Uxj8TT3EDxSqVjadlSuoIN2arigwaU="},"chainType":1,"messageKeys":{}}},"pendingPreKey":{"signedKeyId":1,"baseKey":"BVMOr3SKWsgj5iWjuWQUmbNTUVTQp/YlosbRLE7Yn45U"}},"BQShq27WJwebKo8q+j5ta2FbAAFFL7ftHNXKKrDsw2hD":{"registrationId":236,"currentRatchet":{"ephemeralKeyPair":{"pubKey":"BT9prWD5c+QlyEH5ctRe++Flu7LZqF0K8r8z5yuu6Hoz","privKey":"OIZRwyHNeOlEXPKbQUd9Vi4vOgDGsoJ54Z3l8Rijw2U="},"lastRemoteEphemeralKey":"BVjMSvZLfzyt9fPojq2Cw4qT9et8yPqNZLrbsbmF6EhK","previousCounter":0,"rootKey":"LbbzqFLPHoOi4qeu1Ysyqmd8f9o60bzeWvYmUQ2J/Lg="},"indexInfo":{"baseKey":"BQShq27WJwebKo8q+j5ta2FbAAFFL7ftHNXKKrDsw2hD","baseKeyType":1,"closed":1703149586467,"used":1703149585934,"created":1703149585934,"remoteIdentityKey":"BS3r8hqu9TZvf3VlxhTBvBnv0WLUFldrTe87JuDYizM/"},"_chains":{"BT9prWD5c+QlyEH5ctRe++Flu7LZqF0K8r8z5yuu6Hoz":{"chainKey":{"counter":-1,"key":"n6BH2M2qUFKygtlhVtbyG7l3cMLKmSQ3ipM5zu+hqj4="},"chainType":1,"messageKeys":{}}},"pendingPreKey":{"signedKeyId":1,"baseKey":"BQShq27WJwebKo8q+j5ta2FbAAFFL7ftHNXKKrDsw2hD"}},"BU0uMWd4W281IqFxN9DTU3HNw+5LBQv8DbXabWqDFBQA":{"registrationId":236,"currentRatchet":{"ephemeralKeyPair":{"pubKey":"BVZhpxPnXeoK9BPxzvBtO3/VTKcHLb6orqL1ImlVUGpY","privKey":"cCsqQw7mUlza8iqm8o1b4k99esKVu08eHTOhM1OLtHM="},"lastRemoteEphemeralKey":"BVjMSvZLfzyt9fPojq2Cw4qT9et8yPqNZLrbsbmF6EhK","previousCounter":0,"rootKey":"l89p6L5OIIqT8gFwzxEuf7mES8E2kefK3cg9//rPzOE="},"indexInfo":{"baseKey":"BU0uMWd4W281IqFxN9DTU3HNw+5LBQv8DbXabWqDFBQA","baseKeyType":1,"closed":1703149590232,"used":1703149586408,"created":1703149586408,"remoteIdentityKey":"BS3r8hqu9TZvf3VlxhTBvBnv0WLUFldrTe87JuDYizM/"},"_chains":{"BVZhpxPnXeoK9BPxzvBtO3/VTKcHLb6orqL1ImlVUGpY":{"chainKey":{"counter":8,"key":"sV1EPEj64aQ6ZQh6QYZ9+H2JMF2r2/y4ciTPqVkMgL8="},"chainType":1,"messageKeys":{}}},"pendingPreKey":{"signedKeyId":1,"baseKey":"BU0uMWd4W281IqFxN9DTU3HNw+5LBQv8DbXabWqDFBQA"}},"BfgCfFJGnu3ciR3ra3PIEx1HTmgRgO31djUZ4XrGWD5u":{"registrationId":236,"currentRatchet":{"ephemeralKeyPair":{"pubKey":"BUBrh2ZdQ4N4MVVIghtahjjH9B3hGU6I0gaLx3rvxY1N","privKey":"YHPWqz9vUeieYqDvoNkrsowt9AYywQI4z3VMun4x7WY="},"lastRemoteEphemeralKey":"BVjMSvZLfzyt9fPojq2Cw4qT9et8yPqNZLrbsbmF6EhK","previousCounter":0,"rootKey":"PNw30rvtb3Rv1S8g32mchRA1y3v0YyaC1F7t8GJ6akE="},"indexInfo":{"baseKey":"BfgCfFJGnu3ciR3ra3PIEx1HTmgRgO31djUZ4XrGWD5u","baseKeyType":1,"closed":1703149591480,"used":1703149590228,"created":1703149590228,"remoteIdentityKey":"BS3r8hqu9TZvf3VlxhTBvBnv0WLUFldrTe87JuDYizM/"},"_chains":{"BUBrh2ZdQ4N4MVVIghtahjjH9B3hGU6I0gaLx3rvxY1N":{"chainKey":{"counter":-1,"key":"MR7LpGGq+27x0DU0iUAjkzf811/orIU29AVYqn0pK1w="},"chainType":1,"messageKeys":{}}},"pendingPreKey":{"signedKeyId":1,"baseKey":"BfgCfFJGnu3ciR3ra3PIEx1HTmgRgO31djUZ4XrGWD5u"}},"BQkkWsMQIc+9P0z//9J3x39ZwYrVjkyK6FRBBrDB7eBi":{"registrationId":236,"currentRatchet":{"ephemeralKeyPair":{"pubKey":"Bed+qt1Sx/k4obf2PstjOgRKPRpGMxUMxis2N00P2DpB","privKey":"AHFEx7cAqIGywE3SvTHANJK4YM/v+rrinILKs0ipz00="},"lastRemoteEphemeralKey":"BVjMSvZLfzyt9fPojq2Cw4qT9et8yPqNZLrbsbmF6EhK","previousCounter":0,"rootKey":"fTB0r5uS+LnE3xuWjVOutHN3yJcMo5lFJhYE+9Yw1Yc="},"indexInfo":{"baseKey":"BQkkWsMQIc+9P0z//9J3x39ZwYrVjkyK6FRBBrDB7eBi","baseKeyType":1,"closed":1703149592475,"used":1703149591181,"created":1703149591181,"remoteIdentityKey":"BS3r8hqu9TZvf3VlxhTBvBnv0WLUFldrTe87JuDYizM/"},"_chains":{"Bed+qt1Sx/k4obf2PstjOgRKPRpGMxUMxis2N00P2DpB":{"chainKey":{"counter":1,"key":"nP8qxYZAmMfB1B0lkTUEjh8MEI48EIzGptJ6/kYqLUw="},"chainType":1,"messageKeys":{}}},"pendingPreKey":{"signedKeyId":1,"baseKey":"BQkkWsMQIc+9P0z//9J3x39ZwYrVjkyK6FRBBrDB7eBi"}},"BeAOHbWw7P5CCNrL8vfJP408neLyocMRUkybYMMKYccR":{"registrationId":236,"currentRatchet":{"ephemeralKeyPair":{"pubKey":"BTjl+fQs42I/o0367BSMfyUPuX7Ck9IJB8WewNPozFh7","privKey":"gLRCbF/NCYd+19ykB3+CQrNoLwhAPlWx+A3xIK4t7Gc="},"lastRemoteEphemeralKey":"BVjMSvZLfzyt9fPojq2Cw4qT9et8yPqNZLrbsbmF6EhK","previousCounter":0,"rootKey":"2PxRYJFUPbXSxuCdMoi2k7uHoxcIXogARLe4HR633mQ="},"indexInfo":{"baseKey":"BeAOHbWw7P5CCNrL8vfJP408neLyocMRUkybYMMKYccR","baseKeyType":1,"closed":1703149594936,"used":1703149592386,"created":1703149592386,"remoteIdentityKey":"BS3r8hqu9TZvf3VlxhTBvBnv0WLUFldrTe87JuDYizM/"},"_chains":{"BTjl+fQs42I/o0367BSMfyUPuX7Ck9IJB8WewNPozFh7":{"chainKey":{"counter":13,"key":"/33KUTWRFDD47bf2sOeY/WrH8ApE6kWdhxmZyzFuqkU="},"chainType":1,"messageKeys":{}}},"pendingPreKey":{"signedKeyId":1,"baseKey":"BeAOHbWw7P5CCNrL8vfJP408neLyocMRUkybYMMKYccR"}},"Bc+Wfa3IlQrHnLzZsLI9GUPcJSprWmsyF+2ZSFigCxgw":{"registrationId":236,"currentRatchet":{"ephemeralKeyPair":{"pubKey":"BVe4Kd+XGuLXDBjta26/VJoMEP4NzwmsMzCEMQ+OYCIt","privKey":"cAP39AUr/l7nndVxvx0wZd547sPh8/a7K2BmC56XtHE="},"lastRemoteEphemeralKey":"BVjMSvZLfzyt9fPojq2Cw4qT9et8yPqNZLrbsbmF6EhK","previousCounter":0,"rootKey":"Rbwa7VjkhwORGXuwAo4Jr0L2Y/Su+4GejQYTqHXkavI="},"indexInfo":{"baseKey":"Bc+Wfa3IlQrHnLzZsLI9GUPcJSprWmsyF+2ZSFigCxgw","baseKeyType":1,"closed":1703149596469,"used":1703149594934,"created":1703149594934,"remoteIdentityKey":"BS3r8hqu9TZvf3VlxhTBvBnv0WLUFldrTe87JuDYizM/"},"_chains":{"BVe4Kd+XGuLXDBjta26/VJoMEP4NzwmsMzCEMQ+OYCIt":{"chainKey":{"counter":-1,"key":"mtqb8fUgvVqY/tZ5FTYIvg4GKw51XhS3MPQw68YVoiM="},"chainType":1,"messageKeys":{}}},"pendingPreKey":{"signedKeyId":1,"baseKey":"Bc+Wfa3IlQrHnLzZsLI9GUPcJSprWmsyF+2ZSFigCxgw"}},"BdPov4yR3Q2+OLeQzX6R9wikjcg8V7d6deel7El65e45":{"registrationId":236,"currentRatchet":{"ephemeralKeyPair":{"pubKey":"BSUr+eHtLevy5WaLtk+M5xqEdbat8tJJhcL7QkBUQvFc","privKey":"cLK6MHZAVznLhwQ2mGMpyGeWbbvHuzGYbbUk73mjQUY="},"lastRemoteEphemeralKey":"BVjMSvZLfzyt9fPojq2Cw4qT9et8yPqNZLrbsbmF6EhK","previousCounter":0,"rootKey":"Qr/9h8dLaTVjTDnVHRlg8bhceXg2JzvZgmlrEGxjK6s="},"indexInfo":{"baseKey":"BdPov4yR3Q2+OLeQzX6R9wikjcg8V7d6deel7El65e45","baseKeyType":1,"closed":1703149598591,"used":1703149596399,"created":1703149596399,"remoteIdentityKey":"BS3r8hqu9TZvf3VlxhTBvBnv0WLUFldrTe87JuDYizM/"},"_chains":{"BSUr+eHtLevy5WaLtk+M5xqEdbat8tJJhcL7QkBUQvFc":{"chainKey":{"counter":1,"key":"C4fcrqCn/u8LYG8Pe3lrwO21uLSFlrGgQZTOl1XsU+I="},"chainType":1,"messageKeys":{}}},"pendingPreKey":{"signedKeyId":1,"baseKey":"BdPov4yR3Q2+OLeQzX6R9wikjcg8V7d6deel7El65e45"}},"BcqmEklgI3y4Ot7EprsugWcVCxkzSxDtUxN3KrV5faIb":{"registrationId":236,"currentRatchet":{"ephemeralKeyPair":{"pubKey":"BYR2BmiTi2gMlaGJtdfDxfMTjrZ0QyilGN8xaU8vrIgw","privKey":"UF7Q8qVsn0OU//DgudjAxHUL+6B9Wk5ccKKap+SE3Gs="},"lastRemoteEphemeralKey":"BVjMSvZLfzyt9fPojq2Cw4qT9et8yPqNZLrbsbmF6EhK","previousCounter":0,"rootKey":"bWqjmi8XQR5JBreUUjbrW/35tchvGTF/2D2VoIWjcn4="},"indexInfo":{"baseKey":"BcqmEklgI3y4Ot7EprsugWcVCxkzSxDtUxN3KrV5faIb","baseKeyType":1,"closed":1703149599298,"used":1703149598590,"created":1703149598590,"remoteIdentityKey":"BS3r8hqu9TZvf3VlxhTBvBnv0WLUFldrTe87JuDYizM/"},"_chains":{"BYR2BmiTi2gMlaGJtdfDxfMTjrZ0QyilGN8xaU8vrIgw":{"chainKey":{"counter":4,"key":"glHV7KRbGotZpBxnY7xmsC6M2D7KQEEN5tToX1jHwxM="},"chainType":1,"messageKeys":{}}},"pendingPreKey":{"signedKeyId":1,"baseKey":"BcqmEklgI3y4Ot7EprsugWcVCxkzSxDtUxN3KrV5faIb"}},"BYZyTTzOvGgvx1KXk5ghmaVRXiO34qepo7F6L3pUfZ9w":{"registrationId":236,"currentRatchet":{"ephemeralKeyPair":{"pubKey":"BcaLhVpoZl5rapZPfSpugRXbP8rgGwDBoNS6qkDO32AZ","privKey":"8CEqqsWpxCM8vpMhocxmyQvIfcUk8Pw9M5ZqlrIlClI="},"lastRemoteEphemeralKey":"BVjMSvZLfzyt9fPojq2Cw4qT9et8yPqNZLrbsbmF6EhK","previousCounter":0,"rootKey":"kRxIFe2vTWakJlXFu59yD8i5RIZTT8ab5YPgYVZf/Dg="},"indexInfo":{"baseKey":"BYZyTTzOvGgvx1KXk5ghmaVRXiO34qepo7F6L3pUfZ9w","baseKeyType":1,"closed":1703149599765,"used":1703149599294,"created":1703149599294,"remoteIdentityKey":"BS3r8hqu9TZvf3VlxhTBvBnv0WLUFldrTe87JuDYizM/"},"_chains":{"BcaLhVpoZl5rapZPfSpugRXbP8rgGwDBoNS6qkDO32AZ":{"chainKey":{"counter":1,"key":"MYRjimvI/miZJGXLEs/P4uQZE6wIhPljTPNosUdoZqY="},"chainType":1,"messageKeys":{}}},"pendingPreKey":{"signedKeyId":1,"baseKey":"BYZyTTzOvGgvx1KXk5ghmaVRXiO34qepo7F6L3pUfZ9w"}},"BUd9wlGQaDB49CUvtPB7PUKRhpZOSV6TRiE+b23v+yly":{"registrationId":236,"currentRatchet":{"ephemeralKeyPair":{"pubKey":"BZpbCv8oRGRNORjKz116I3VLHtTVdda6s/NpNNTOnZdN","privKey":"2Oxf4RJHSpPw8lJ72W7JWg8ATeZGD+LrUTQYbeS+KX8="},"lastRemoteEphemeralKey":"BVjMSvZLfzyt9fPojq2Cw4qT9et8yPqNZLrbsbmF6EhK","previousCounter":0,"rootKey":"mh2sxGUjXUPNSA/trYXNW+ypKxzWZ+hLZ9bAFAtRML8="},"indexInfo":{"baseKey":"BUd9wlGQaDB49CUvtPB7PUKRhpZOSV6TRiE+b23v+yly","baseKeyType":1,"closed":1703149600419,"used":1703149599760,"created":1703149599760,"remoteIdentityKey":"BS3r8hqu9TZvf3VlxhTBvBnv0WLUFldrTe87JuDYizM/"},"_chains":{"BZpbCv8oRGRNORjKz116I3VLHtTVdda6s/NpNNTOnZdN":{"chainKey":{"counter":2,"key":"t9PXc+NIiXjMZcC/Bx74NZrPw7/p0Fyie/9l8zbS4zs="},"chainType":1,"messageKeys":{}}},"pendingPreKey":{"signedKeyId":1,"baseKey":"BUd9wlGQaDB49CUvtPB7PUKRhpZOSV6TRiE+b23v+yly"}},"BUouvy2FqJXMDqTzF/9PLXJpr5vQX8Q01FjGlivqWWlX":{"registrationId":236,"currentRatchet":{"ephemeralKeyPair":{"pubKey":"BRKS0/fF4EMvwD2/wxZtsWsyhuwuINgmOi1oR04CSG94","privKey":"oP4sPz5Gup3xj5exFTb1N+eA72du9mK3NB8skZWLNUQ="},"lastRemoteEphemeralKey":"BVjMSvZLfzyt9fPojq2Cw4qT9et8yPqNZLrbsbmF6EhK","previousCounter":0,"rootKey":"gNUDdkb1DkE0DzqcszUA8q63/GiTj/bKMGXRVyM4S20="},"indexInfo":{"baseKey":"BUouvy2FqJXMDqTzF/9PLXJpr5vQX8Q01FjGlivqWWlX","baseKeyType":1,"closed":1703149600725,"used":1703149600410,"created":1703149600410,"remoteIdentityKey":"BS3r8hqu9TZvf3VlxhTBvBnv0WLUFldrTe87JuDYizM/"},"_chains":{"BRKS0/fF4EMvwD2/wxZtsWsyhuwuINgmOi1oR04CSG94":{"chainKey":{"counter":-1,"key":"Cw/Z0jxfMlH3/pIITmIPFCNV+HFtTPBwDhZvtdnHTVE="},"chainType":1,"messageKeys":{}}},"pendingPreKey":{"signedKeyId":1,"baseKey":"BUouvy2FqJXMDqTzF/9PLXJpr5vQX8Q01FjGlivqWWlX"}},"BYLiIzjZonV7M3qRj5qeCO0A0HzdQwt6pSWb1sbnMcIx":{"registrationId":236,"currentRatchet":{"ephemeralKeyPair":{"pubKey":"BR7YzTD2+8GFKRJ73tR2wHPRtBa7D50oV+ACWTSWkDE7","privKey":"oC3Btg0k6I/3GnjDP3imiVcN7/Q/yHYRyBtYGhQqEmM="},"lastRemoteEphemeralKey":"BVjMSvZLfzyt9fPojq2Cw4qT9et8yPqNZLrbsbmF6EhK","previousCounter":0,"rootKey":"61T7rZFzE/i5z22pEz/5eWBOVxwoacsqAyWqgOxnROM="},"indexInfo":{"baseKey":"BYLiIzjZonV7M3qRj5qeCO0A0HzdQwt6pSWb1sbnMcIx","baseKeyType":1,"closed":1703149600999,"used":1703149600702,"created":1703149600702,"remoteIdentityKey":"BS3r8hqu9TZvf3VlxhTBvBnv0WLUFldrTe87JuDYizM/"},"_chains":{"BR7YzTD2+8GFKRJ73tR2wHPRtBa7D50oV+ACWTSWkDE7":{"chainKey":{"counter":-1,"key":"QALnEVA3vf71K5LELCl6qpskJt2+hV4+qJhcEAYjjSc="},"chainType":1,"messageKeys":{}}},"pendingPreKey":{"signedKeyId":1,"baseKey":"BYLiIzjZonV7M3qRj5qeCO0A0HzdQwt6pSWb1sbnMcIx"}},"BRb5SV0njTv0FKJfChnP0vHnA6EBREVgylO3GnOXRHpb":{"registrationId":236,"currentRatchet":{"ephemeralKeyPair":{"pubKey":"BcAYVxv0R7US0osS+o18ruxerUXeA/NdDfZs3srpxHcF","privKey":"AMJ8tRFUjCGaJqtZJNKzsnhp70j39RtBdTuoyHpof2w="},"lastRemoteEphemeralKey":"BVjMSvZLfzyt9fPojq2Cw4qT9et8yPqNZLrbsbmF6EhK","previousCounter":0,"rootKey":"ROeSY/RNPYeUlUGbImlMRYafsOkTN19M+ewTx37xKpQ="},"indexInfo":{"baseKey":"BRb5SV0njTv0FKJfChnP0vHnA6EBREVgylO3GnOXRHpb","baseKeyType":1,"closed":1703149601476,"used":1703149600988,"created":1703149600988,"remoteIdentityKey":"BS3r8hqu9TZvf3VlxhTBvBnv0WLUFldrTe87JuDYizM/"},"_chains":{"BcAYVxv0R7US0osS+o18ruxerUXeA/NdDfZs3srpxHcF":{"chainKey":{"counter":-1,"key":"AdbgiGCvCB4i1G+4nsGQG1IUPjrWtwnLuJRGgDAJ/E8="},"chainType":1,"messageKeys":{}}},"pendingPreKey":{"signedKeyId":1,"baseKey":"BRb5SV0njTv0FKJfChnP0vHnA6EBREVgylO3GnOXRHpb"}},"BbN3MEetaQWda5p8obUf9yRartnhlEQb7HhT0aYtlykv":{"registrationId":236,"currentRatchet":{"ephemeralKeyPair":{"pubKey":"BRWL81UFNUiCFd/USaFEnABO8YRMxocSAetXqZf8to5j","privKey":"EL+kDTTUAX95JZiEE3CV9FucGjeLQqMFm57PML6u4GA="},"lastRemoteEphemeralKey":"BVjMSvZLfzyt9fPojq2Cw4qT9et8yPqNZLrbsbmF6EhK","previousCounter":0,"rootKey":"YLleWXLWY6dAgMun/dm4Khfm5CnPe6DEr0IleYEloA8="},"indexInfo":{"baseKey":"BbN3MEetaQWda5p8obUf9yRartnhlEQb7HhT0aYtlykv","baseKeyType":1,"closed":1703149602295,"used":1703149601465,"created":1703149601465,"remoteIdentityKey":"BS3r8hqu9TZvf3VlxhTBvBnv0WLUFldrTe87JuDYizM/"},"_chains":{"BRWL81UFNUiCFd/USaFEnABO8YRMxocSAetXqZf8to5j":{"chainKey":{"counter":0,"key":"ol12tCScMcuZBIwCuLywNw1o/Ss/RjsSiM7WK3BVRBI="},"chainType":1,"messageKeys":{}}},"pendingPreKey":{"signedKeyId":1,"baseKey":"BbN3MEetaQWda5p8obUf9yRartnhlEQb7HhT0aYtlykv"}},"BchdtdZiP88lCFIGo0xeUW0MF71OR3PZshig/nNEsd0C":{"registrationId":236,"currentRatchet":{"ephemeralKeyPair":{"pubKey":"BbJ8His/DCE0dn5t/F2K9lDZU4EnTS/yAe8MyvpKLoEH","privKey":"iIAabnKXorN76xtU5nf0wLFAcQd75h83OOhNeGnsDl4="},"lastRemoteEphemeralKey":"BVjMSvZLfzyt9fPojq2Cw4qT9et8yPqNZLrbsbmF6EhK","previousCounter":0,"rootKey":"s8M4PkGnEHFuYfTAXKHGwkH36qTXgYCV6vdf81daSyU="},"indexInfo":{"baseKey":"BchdtdZiP88lCFIGo0xeUW0MF71OR3PZshig/nNEsd0C","baseKeyType":1,"closed":1703149602503,"used":1703149602071,"created":1703149602071,"remoteIdentityKey":"BS3r8hqu9TZvf3VlxhTBvBnv0WLUFldrTe87JuDYizM/"},"_chains":{"BbJ8His/DCE0dn5t/F2K9lDZU4EnTS/yAe8MyvpKLoEH":{"chainKey":{"counter":1,"key":"LBgkAF8fKdkOYXhBsAAiYVatpDTaq24j0KiIe9P8jAY="},"chainType":1,"messageKeys":{}}},"pendingPreKey":{"signedKeyId":1,"baseKey":"BchdtdZiP88lCFIGo0xeUW0MF71OR3PZshig/nNEsd0C"}},"Bbs8X7cTJhE3QHom6fVdGAOcYIYYzgjCtnScussEwKJE":{"registrationId":236,"currentRatchet":{"ephemeralKeyPair":{"pubKey":"BfHPkg+BsLvGJ8+VVTtrrjQ0fgLLNGyMUdasBHL9Rn5K","privKey":"aEqjXYhvpgcUtKDRHWRX3c7BE8ZfGAdXFKlVL/XHl1A="},"lastRemoteEphemeralKey":"BVjMSvZLfzyt9fPojq2Cw4qT9et8yPqNZLrbsbmF6EhK","previousCounter":0,"rootKey":"Akus4yNH6b8LH+iiHZEMbSy2QFfW+jfQeVvDnCskK88="},"indexInfo":{"baseKey":"Bbs8X7cTJhE3QHom6fVdGAOcYIYYzgjCtnScussEwKJE","baseKeyType":1,"closed":1703149604582,"used":1703149602501,"created":1703149602501,"remoteIdentityKey":"BS3r8hqu9TZvf3VlxhTBvBnv0WLUFldrTe87JuDYizM/"},"_chains":{"BfHPkg+BsLvGJ8+VVTtrrjQ0fgLLNGyMUdasBHL9Rn5K":{"chainKey":{"counter":4,"key":"k3hc47fX3+jJbxHujKEfd9qQIk9LdJHo43uAtdXpX1s="},"chainType":1,"messageKeys":{}}},"pendingPreKey":{"signedKeyId":1,"baseKey":"Bbs8X7cTJhE3QHom6fVdGAOcYIYYzgjCtnScussEwKJE"}},"BQUZ0LlT4/5/y8Q7XjispCFAm8c2/AITL//ED4vK+UBY":{"registrationId":236,"currentRatchet":{"ephemeralKeyPair":{"pubKey":"BVToTF3CWuZmRdMtZk/0MYdCu0CA/QQWjx+MMfoFci4i","privKey":"UCD1Pij/gQL/4VFFoM+iqXT2YyFZeY6EVRJunGE3n2s="},"lastRemoteEphemeralKey":"BVjMSvZLfzyt9fPojq2Cw4qT9et8yPqNZLrbsbmF6EhK","previousCounter":0,"rootKey":"gJnXOUevxQZkkyS8aaehcQAhpnRHYkjUq3hcLPSU4NI="},"indexInfo":{"baseKey":"BQUZ0LlT4/5/y8Q7XjispCFAm8c2/AITL//ED4vK+UBY","baseKeyType":1,"closed":1703149605197,"used":1703149604565,"created":1703149604565,"remoteIdentityKey":"BS3r8hqu9TZvf3VlxhTBvBnv0WLUFldrTe87JuDYizM/"},"_chains":{"BVToTF3CWuZmRdMtZk/0MYdCu0CA/QQWjx+MMfoFci4i":{"chainKey":{"counter":-1,"key":"s6FRI3CXsH17zuSMJ0gLw/+LMyLh4pD/DJCmKy1UFLE="},"chainType":1,"messageKeys":{}}},"pendingPreKey":{"signedKeyId":1,"baseKey":"BQUZ0LlT4/5/y8Q7XjispCFAm8c2/AITL//ED4vK+UBY"}},"BZQ98TFo2HGIhdC03X4DC5GPk0E//Emf6+WhV21ybfJ/":{"registrationId":236,"currentRatchet":{"ephemeralKeyPair":{"pubKey":"BRjlP/28tan2X4+/oDvCIX0zWDf/BqARmm8wfRvSg7Yq","privKey":"QJons1EbxQXkybF1eTld5hSU2aehTSNMgsyP1JdmCGA="},"lastRemoteEphemeralKey":"BVjMSvZLfzyt9fPojq2Cw4qT9et8yPqNZLrbsbmF6EhK","previousCounter":0,"rootKey":"Om5Sh6+nnC3goiPfp2gzmpdoYBNzEvoR9nTlgq5yBiM="},"indexInfo":{"baseKey":"BZQ98TFo2HGIhdC03X4DC5GPk0E//Emf6+WhV21ybfJ/","baseKeyType":1,"closed":1703149610437,"used":1703149605191,"created":1703149605191,"remoteIdentityKey":"BS3r8hqu9TZvf3VlxhTBvBnv0WLUFldrTe87JuDYizM/"},"_chains":{"BRjlP/28tan2X4+/oDvCIX0zWDf/BqARmm8wfRvSg7Yq":{"chainKey":{"counter":3,"key":"/KsNFIYdxOZ+aZ6BYSeOvxhWC237OOVYH6+ze8onyCM="},"chainType":1,"messageKeys":{}}},"pendingPreKey":{"signedKeyId":1,"baseKey":"BZQ98TFo2HGIhdC03X4DC5GPk0E//Emf6+WhV21ybfJ/"}},"BctjM+RVRWzC+Jip/3YLyVxQNqOtVN3B7YYdbnQeP1Nm":{"registrationId":236,"currentRatchet":{"ephemeralKeyPair":{"pubKey":"BbVCqS6Eo0Ii8rrPTZNsBR2ajKZXaQr8Y5Pnbc4iTMxu","privKey":"ALVNI3hFo30zcE6Npj9jBwco2uClKKslYh55GHUFmEQ="},"lastRemoteEphemeralKey":"BVjMSvZLfzyt9fPojq2Cw4qT9et8yPqNZLrbsbmF6EhK","previousCounter":0,"rootKey":"Ki9vDpVvpPSVWO7dYhWv/dCEgjsGvXxqVE+EqPb9F/s="},"indexInfo":{"baseKey":"BctjM+RVRWzC+Jip/3YLyVxQNqOtVN3B7YYdbnQeP1Nm","baseKeyType":1,"closed":1703149611873,"used":1703149610435,"created":1703149610435,"remoteIdentityKey":"BS3r8hqu9TZvf3VlxhTBvBnv0WLUFldrTe87JuDYizM/"},"_chains":{"BbVCqS6Eo0Ii8rrPTZNsBR2ajKZXaQr8Y5Pnbc4iTMxu":{"chainKey":{"counter":-1,"key":"ugX5LUUNYZLoEYvYWsswyQ1Ofwnkm7NFxScPOVH7PWQ="},"chainType":1,"messageKeys":{}}},"pendingPreKey":{"signedKeyId":1,"baseKey":"BctjM+RVRWzC+Jip/3YLyVxQNqOtVN3B7YYdbnQeP1Nm"}},"BfedRveJIpe89IouzAyj/gRnA5ZfPm+1v0p/gSbv/hNz":{"registrationId":236,"currentRatchet":{"ephemeralKeyPair":{"pubKey":"BY/a9RnNv5h2HsiL9q/wpisESpghvviylK6jBSx6mvQq","privKey":"UAGDB90vQH2XQstGswhYnzRRtkLKtcYtQbS400C5eEs="},"lastRemoteEphemeralKey":"BVjMSvZLfzyt9fPojq2Cw4qT9et8yPqNZLrbsbmF6EhK","previousCounter":0,"rootKey":"WNCXcgMGR5jmI0bFRVakoZ/VgJToeH2w2hZXzIc/DwQ="},"indexInfo":{"baseKey":"BfedRveJIpe89IouzAyj/gRnA5ZfPm+1v0p/gSbv/hNz","baseKeyType":1,"closed":1703149612691,"used":1703149611675,"created":1703149611675,"remoteIdentityKey":"BS3r8hqu9TZvf3VlxhTBvBnv0WLUFldrTe87JuDYizM/"},"_chains":{"BY/a9RnNv5h2HsiL9q/wpisESpghvviylK6jBSx6mvQq":{"chainKey":{"counter":-1,"key":"cV30X7IRdy6GVtSBCMWmqKO1Y2RVj2PPD4pZfapFCpg="},"chainType":1,"messageKeys":{}}},"pendingPreKey":{"signedKeyId":1,"baseKey":"BfedRveJIpe89IouzAyj/gRnA5ZfPm+1v0p/gSbv/hNz"}},"BYszt+2+LOaZcxmg9KOMC2e0M8x6585tItsRgDiUWoIe":{"registrationId":236,"currentRatchet":{"ephemeralKeyPair":{"pubKey":"Bd2zit+3uW0tG6bUV5mhAde+OvAZPnXBigjCAd0syeRl","privKey":"4BMjOwrqeblo1GYXizxjJcnbEF6/EJ7T76LM+pus7mw="},"lastRemoteEphemeralKey":"BVjMSvZLfzyt9fPojq2Cw4qT9et8yPqNZLrbsbmF6EhK","previousCounter":0,"rootKey":"aYPng9dnuBuxelJLM01HYBVVJ7bl/PaVRVoKgYTFDrc="},"indexInfo":{"baseKey":"BYszt+2+LOaZcxmg9KOMC2e0M8x6585tItsRgDiUWoIe","baseKeyType":1,"closed":1703149613152,"used":1703149612686,"created":1703149612686,"remoteIdentityKey":"BS3r8hqu9TZvf3VlxhTBvBnv0WLUFldrTe87JuDYizM/"},"_chains":{"Bd2zit+3uW0tG6bUV5mhAde+OvAZPnXBigjCAd0syeRl":{"chainKey":{"counter":-1,"key":"rYisaTA/LjSwP7FcnHnJUXQqY1YlMIzwHViuswx95ac="},"chainType":1,"messageKeys":{}}},"pendingPreKey":{"signedKeyId":1,"baseKey":"BYszt+2+LOaZcxmg9KOMC2e0M8x6585tItsRgDiUWoIe"}},"BU98vL+usfB7CsslX7HE46mRgHLTTi5aWveKCJU7e00h":{"registrationId":236,"currentRatchet":{"ephemeralKeyPair":{"pubKey":"Bemmqubma18UgbF0d2Qd2jefKKETvdLjHt53/DG06llu","privKey":"WCHWb3sA3Dfkh4yMuRKfZpbMd0XE1R4ruijQytie1FM="},"lastRemoteEphemeralKey":"BVjMSvZLfzyt9fPojq2Cw4qT9et8yPqNZLrbsbmF6EhK","previousCounter":0,"rootKey":"d6G1cz2NRsDkBz/Qru7fX307w0lDzPXKm/ahYZsCPPk="},"indexInfo":{"baseKey":"BU98vL+usfB7CsslX7HE46mRgHLTTi5aWveKCJU7e00h","baseKeyType":1,"closed":1703160985772,"used":1703149613146,"created":1703149613146,"remoteIdentityKey":"BS3r8hqu9TZvf3VlxhTBvBnv0WLUFldrTe87JuDYizM/"},"_chains":{"Bemmqubma18UgbF0d2Qd2jefKKETvdLjHt53/DG06llu":{"chainKey":{"counter":121,"key":"KzY1yI2fDiKlWz/4vWm3HURUtZfoCFjaZKZB9/0OFM0="},"chainType":1,"messageKeys":{}}},"pendingPreKey":{"signedKeyId":1,"baseKey":"BU98vL+usfB7CsslX7HE46mRgHLTTi5aWveKCJU7e00h"}},"BbZvpmH6b/AWVX0r5I6ppXPNIvc7fGW8rQoPNNAo2cM7":{"registrationId":236,"currentRatchet":{"ephemeralKeyPair":{"pubKey":"Beh5oLMVLPTyvtOeG1JR8Igw2qjHtTDDGN8U2VZoJ3sY","privKey":"+IZMehd4kVTxhsV2ktow/d0kgbOgNLMUw+PQv2m2eXw="},"lastRemoteEphemeralKey":"BVjMSvZLfzyt9fPojq2Cw4qT9et8yPqNZLrbsbmF6EhK","previousCounter":0,"rootKey":"O6Nc1Dc+uQsklxe3KN5anqbZahihObG5F1MlkeY2eWo="},"indexInfo":{"baseKey":"BbZvpmH6b/AWVX0r5I6ppXPNIvc7fGW8rQoPNNAo2cM7","baseKeyType":1,"closed":1703161029468,"used":1703160985066,"created":1703160985066,"remoteIdentityKey":"BS3r8hqu9TZvf3VlxhTBvBnv0WLUFldrTe87JuDYizM/"},"_chains":{"Beh5oLMVLPTyvtOeG1JR8Igw2qjHtTDDGN8U2VZoJ3sY":{"chainKey":{"counter":11,"key":"4rND5IFnWyIQy+2aDjWKwztVCPt4wRt6Cd4sGNPxgms="},"chainType":1,"messageKeys":{}}},"pendingPreKey":{"signedKeyId":1,"baseKey":"BbZvpmH6b/AWVX0r5I6ppXPNIvc7fGW8rQoPNNAo2cM7","preKeyId":67}},"BRrFzbx9dtBdB3mIhRDwrbYw1la2cAQ77d2Cyu0CoRxR":{"registrationId":236,"currentRatchet":{"ephemeralKeyPair":{"pubKey":"BRzTakByVytt39sGKZVPKj93aHovph6b/lTxRkZ6hcp5","privKey":"mJMcip0SKkDNLo08cZSVMvWznH0bWdwaotOxhkHmJUM="},"lastRemoteEphemeralKey":"BVjMSvZLfzyt9fPojq2Cw4qT9et8yPqNZLrbsbmF6EhK","previousCounter":0,"rootKey":"B0Ru4WPdSnh2/WNJ4Yy6uCQ6GbqNf/oNJYEJqteMYw0="},"indexInfo":{"baseKey":"BRrFzbx9dtBdB3mIhRDwrbYw1la2cAQ77d2Cyu0CoRxR","baseKeyType":1,"closed":1703161069563,"used":1703161028873,"created":1703161028873,"remoteIdentityKey":"BS3r8hqu9TZvf3VlxhTBvBnv0WLUFldrTe87JuDYizM/"},"_chains":{"BRzTakByVytt39sGKZVPKj93aHovph6b/lTxRkZ6hcp5":{"chainKey":{"counter":13,"key":"HeP5lmzVUZ2PsZGO8obWx2WficKeN1tQ6VyIGekz7V4="},"chainType":1,"messageKeys":{}}},"pendingPreKey":{"signedKeyId":1,"baseKey":"BRrFzbx9dtBdB3mIhRDwrbYw1la2cAQ77d2Cyu0CoRxR","preKeyId":65}},"BZtbi9qXJrN4WqacWxXPF6nN3kgsrQLMyW0vYb7JZkBd":{"registrationId":236,"currentRatchet":{"ephemeralKeyPair":{"pubKey":"BfNq3eJNTsi2kKAynLhPP8F14cDUmWFCZP4HmkNj5JVc","privKey":"QBLJGNA0HCxG01xBWZGxH6r73gTqvgS9hbMubCN4D3I="},"lastRemoteEphemeralKey":"BVjMSvZLfzyt9fPojq2Cw4qT9et8yPqNZLrbsbmF6EhK","previousCounter":0,"rootKey":"+8a5OJUomzKAQWIg2Cjs6RbfUu5CCA8U8a8TAtAJcMI="},"indexInfo":{"baseKey":"BZtbi9qXJrN4WqacWxXPF6nN3kgsrQLMyW0vYb7JZkBd","baseKeyType":1,"closed":1703161098268,"used":1703161069257,"created":1703161069257,"remoteIdentityKey":"BS3r8hqu9TZvf3VlxhTBvBnv0WLUFldrTe87JuDYizM/"},"_chains":{"BfNq3eJNTsi2kKAynLhPP8F14cDUmWFCZP4HmkNj5JVc":{"chainKey":{"counter":9,"key":"WC+AHsNNSR99r5yyKIghHbaga3demsEExlK5C2f8R0U="},"chainType":1,"messageKeys":{}}},"pendingPreKey":{"signedKeyId":1,"baseKey":"BZtbi9qXJrN4WqacWxXPF6nN3kgsrQLMyW0vYb7JZkBd","preKeyId":71}},"BbagEI9czzmCi2nvwbe60lXODeAhZEoUF8S5mOatAwdX":{"registrationId":236,"currentRatchet":{"ephemeralKeyPair":{"pubKey":"BYxb2eqIAcJVrBxYKRQyCTf6M7rpTTWCK9ioh7tnU6lN","privKey":"qMXRKtu32gmLF3Azly/6QEOogb9UdFWG7GB15P8/Y0Y="},"lastRemoteEphemeralKey":"BVjMSvZLfzyt9fPojq2Cw4qT9et8yPqNZLrbsbmF6EhK","previousCounter":0,"rootKey":"WKa37omHG3wZkyX4wfHqreIKy85demW7O16wAlNU0lQ="},"indexInfo":{"baseKey":"BbagEI9czzmCi2nvwbe60lXODeAhZEoUF8S5mOatAwdX","baseKeyType":1,"closed":1703161111658,"used":1703161098266,"created":1703161098266,"remoteIdentityKey":"BS3r8hqu9TZvf3VlxhTBvBnv0WLUFldrTe87JuDYizM/"},"_chains":{"BYxb2eqIAcJVrBxYKRQyCTf6M7rpTTWCK9ioh7tnU6lN":{"chainKey":{"counter":3,"key":"WuUwJ+/Vu/bAB19NU7/jV+QohHaxtBVobTRVksv0ACI="},"chainType":1,"messageKeys":{}}},"pendingPreKey":{"signedKeyId":1,"baseKey":"BbagEI9czzmCi2nvwbe60lXODeAhZEoUF8S5mOatAwdX","preKeyId":73}},"BV6RRPtm7/h8BiG7cTzzs0Ee01xcTkcZU76/p9IzVm1V":{"registrationId":236,"currentRatchet":{"ephemeralKeyPair":{"pubKey":"BXePhAhPNgPm1QyR0wHKiwJ46Be1z/jlg8n4kAIXV4hP","privKey":"SEzyQAz11I91KReFIfDcdNpOKNU1/v06hUcHcWGe/m0="},"lastRemoteEphemeralKey":"BVjMSvZLfzyt9fPojq2Cw4qT9et8yPqNZLrbsbmF6EhK","previousCounter":0,"rootKey":"LC7VvBjhzHHe9Oge6Yt+uBype52YbxHqdvtC/PFvlzo="},"indexInfo":{"baseKey":"BV6RRPtm7/h8BiG7cTzzs0Ee01xcTkcZU76/p9IzVm1V","baseKeyType":1,"closed":1703161126102,"used":1703161111265,"created":1703161111265,"remoteIdentityKey":"BS3r8hqu9TZvf3VlxhTBvBnv0WLUFldrTe87JuDYizM/"},"_chains":{"BXePhAhPNgPm1QyR0wHKiwJ46Be1z/jlg8n4kAIXV4hP":{"chainKey":{"counter":5,"key":"sRo1BSZWL1c9QE9WE2geJfWQjBTU29me5G4x3o9kYEQ="},"chainType":1,"messageKeys":{}}},"pendingPreKey":{"signedKeyId":1,"baseKey":"BV6RRPtm7/h8BiG7cTzzs0Ee01xcTkcZU76/p9IzVm1V","preKeyId":69}},"BYZUQ3+WnpoiEsTly16OxThfnVkd1l4kwowiBhdQ324n":{"registrationId":236,"currentRatchet":{"ephemeralKeyPair":{"pubKey":"BSXTTUZgga3m1hGAMT/Yk7XL2HrSqUhcsuMYEdoWWNJG","privKey":"qNxMr7HpVfbYhRtGHcdhr6mtRX55J7Eb/0zmJXXxkV8="},"lastRemoteEphemeralKey":"BVjMSvZLfzyt9fPojq2Cw4qT9et8yPqNZLrbsbmF6EhK","previousCounter":0,"rootKey":"36/hkNyHdE7ym9hcLa4EkZ+ENXbcst89Dg781rMXYLo="},"indexInfo":{"baseKey":"BYZUQ3+WnpoiEsTly16OxThfnVkd1l4kwowiBhdQ324n","baseKeyType":1,"closed":1703161127260,"used":1703161126090,"created":1703161126090,"remoteIdentityKey":"BS3r8hqu9TZvf3VlxhTBvBnv0WLUFldrTe87JuDYizM/"},"_chains":{"BSXTTUZgga3m1hGAMT/Yk7XL2HrSqUhcsuMYEdoWWNJG":{"chainKey":{"counter":-1,"key":"YKlWFfrfgrOHFYbf/x/4w9fvybuZ4Dk5dD3M25I8xaM="},"chainType":1,"messageKeys":{}}},"pendingPreKey":{"signedKeyId":1,"baseKey":"BYZUQ3+WnpoiEsTly16OxThfnVkd1l4kwowiBhdQ324n","preKeyId":78}},"BfCUXXf3rIkzVZhlnuGTqnTxH/zNseu3mKXABZ3LO8c7":{"registrationId":236,"currentRatchet":{"ephemeralKeyPair":{"pubKey":"BUo8V+aMWXqc01q1TR49s0cyOuGAKCQhVnAM1s8/g39/","privKey":"6NE6E4LaK3/ikWIpv7PNplFy9YhsuVLJkreueP6FzHk="},"lastRemoteEphemeralKey":"BVjMSvZLfzyt9fPojq2Cw4qT9et8yPqNZLrbsbmF6EhK","previousCounter":0,"rootKey":"z/4EA4B+taGXqGPFh67cZzaksX4duZKZC/oq884LRMM="},"indexInfo":{"baseKey":"BfCUXXf3rIkzVZhlnuGTqnTxH/zNseu3mKXABZ3LO8c7","baseKeyType":1,"closed":1703161139575,"used":1703161127173,"created":1703161127173,"remoteIdentityKey":"BS3r8hqu9TZvf3VlxhTBvBnv0WLUFldrTe87JuDYizM/"},"_chains":{"BUo8V+aMWXqc01q1TR49s0cyOuGAKCQhVnAM1s8/g39/":{"chainKey":{"counter":8,"key":"A1dPCJPnyhezRdcMY8m880C/217hxYtZXEiCR27fLEs="},"chainType":1,"messageKeys":{}}},"pendingPreKey":{"signedKeyId":1,"baseKey":"BfCUXXf3rIkzVZhlnuGTqnTxH/zNseu3mKXABZ3LO8c7","preKeyId":83}},"BcIlU1+6AIYUm2qIICROCfgUR1TRNG2//zii5N6n6ws5":{"registrationId":236,"currentRatchet":{"ephemeralKeyPair":{"pubKey":"BZ56sJGF/uv5tX5tP2t/xR0be2RTHA/teyNffJMGFGEi","privKey":"QEA5ihdS+1sE8J5JkN8zTtt4nwUgcdWdp1wuP1wZUkA="},"lastRemoteEphemeralKey":"BVjMSvZLfzyt9fPojq2Cw4qT9et8yPqNZLrbsbmF6EhK","previousCounter":0,"rootKey":"NZsPD01hJLaDyVsW2fNi5F5uBblrBF7yxCNxtHcPMW0="},"indexInfo":{"baseKey":"BcIlU1+6AIYUm2qIICROCfgUR1TRNG2//zii5N6n6ws5","baseKeyType":1,"closed":-1,"used":1703161139562,"created":1703161139562,"remoteIdentityKey":"BS3r8hqu9TZvf3VlxhTBvBnv0WLUFldrTe87JuDYizM/"},"_chains":{"BZ56sJGF/uv5tX5tP2t/xR0be2RTHA/teyNffJMGFGEi":{"chainKey":{"counter":12,"key":"u5IZE1D/WTutD56pvj1ZL2WE75Dlkv6yCv7iTzIs3yQ="},"chainType":1,"messageKeys":{}}},"pendingPreKey":{"signedKeyId":1,"baseKey":"BcIlU1+6AIYUm2qIICROCfgUR1TRNG2//zii5N6n6ws5","preKeyId":89}}},"version":"v1"}