{"_sessions":{"BQY+C8CxNgoZq4vY2tmpjEhJN9HwdbxSF9rURFVBX2Fw":{"registrationId":1180781170,"currentRatchet":{"ephemeralKeyPair":{"pubKey":"BTS4dyixdQUqs1awV1Z0DVS5V+kF6zIjykO7ngIqLhRm","privKey":"YBOWwFgJaNXUN/o31po37N8E1YjBzq5BoInBtf32O10="},"lastRemoteEphemeralKey":"BTjA/dwGEI+2aRZFJkh5mjVtud/rULJz7bFO44NyuJck","previousCounter":0,"rootKey":"Lnoz/B/up5fUo1EFSEOiM8IECc2TiVTPV6/eEU45OCE="},"indexInfo":{"baseKey":"BQY+C8CxNgoZq4vY2tmpjEhJN9HwdbxSF9rURFVBX2Fw","baseKeyType":2,"closed":-1,"used":1703233045572,"created":1703233045572,"remoteIdentityKey":"BdG6y0INj5vjDO4rG8KyHF/25Yc6h2Ls0GaKf+tbtZd6"},"_chains":{"BTjA/dwGEI+2aRZFJkh5mjVtud/rULJz7bFO44NyuJck":{"chainKey":{"counter":0,"key":"HENxtI5q+yASek3Phgs1IcNxmY2ThTFb5URMCugCPGc="},"chainType":2,"messageKeys":{}},"BTS4dyixdQUqs1awV1Z0DVS5V+kF6zIjykO7ngIqLhRm":{"chainKey":{"counter":-1,"key":"s1gWzwyYW06X4JZ0JO2ggklat3HjN3hyO+WS/Sz5INI="},"chainType":1,"messageKeys":{}}}}},"version":"v1"}