{"_sessions":{"BfwcKU1pCewBunoXqvNoqkbS0jwdAW57dwjNuaPUt2tL":{"registrationId":353803544,"currentRatchet":{"ephemeralKeyPair":{"pubKey":"BdnmJu0Lx7bDO5ZXx3th+NtqAladMDPVsDNB2DTJZw4o","privKey":"OMZATejLaGDQkIDckzd/zFD1xL6p7Zw+Xs/c3gv57nc="},"lastRemoteEphemeralKey":"BSh/jtA4vkce++SQdtITeAFnpCMSN18V68IAmh7SozkC","previousCounter":0,"rootKey":"uVOC/6hjyP4ieEfrSHYb8oBvn3MlkVv3Ea0DL6A3Noo="},"indexInfo":{"baseKey":"BfwcKU1pCewBunoXqvNoqkbS0jwdAW57dwjNuaPUt2tL","baseKeyType":2,"closed":-1,"used":1703237102714,"created":1703237102714,"remoteIdentityKey":"BfZ5UxanWm+DNeowaDv8CQffHLt7oTXrVocGp04ECRgc"},"_chains":{"BSh/jtA4vkce++SQdtITeAFnpCMSN18V68IAmh7SozkC":{"chainKey":{"counter":0,"key":"fXlVXrH3dC0uB4MtEVrkozhvStYkYnPsvSCNqoBAFCg="},"chainType":2,"messageKeys":{}},"BdnmJu0Lx7bDO5ZXx3th+NtqAladMDPVsDNB2DTJZw4o":{"chainKey":{"counter":-1,"key":"vMpDLqMakoaDgfZkKmaFDl804CYuAdNSNs2E2oyQfDg="},"chainType":1,"messageKeys":{}}}}},"version":"v1"}