{"_sessions":{"Be1mJjNVhfKkftEZ4hlsqMa0uzL4g4qSPKfGVd1cNLBI":{"registrationId":15,"currentRatchet":{"ephemeralKeyPair":{"pubKey":"BSYuJJKVkA07QHczUwABB9S3BV3sdt1LH0B646YqQco+","privKey":"+Ix3qnHqpKXK9S0QWyQA5AwDHeJISc+p+mu6TbGfmXU="},"lastRemoteEphemeralKey":"BS1REoclyI/l9PpGSz7uwncNrwREbI8n1keiFkdbPmIC","previousCounter":0,"rootKey":"0k9hhphnj1VrUYS2hoqiImiLmxHqgzScKCDnl+9+AW4="},"indexInfo":{"baseKey":"Be1mJjNVhfKkftEZ4hlsqMa0uzL4g4qSPKfGVd1cNLBI","baseKeyType":1,"closed":1703149568723,"used":1703149567944,"created":1703149567944,"remoteIdentityKey":"BVECk7Ea/aYnLPuu6VwcoTYrpU94HaYoetgXMbUr6nA7"},"_chains":{"BSYuJJKVkA07QHczUwABB9S3BV3sdt1LH0B646YqQco+":{"chainKey":{"counter":8,"key":"+rcQt0xmG6V1H3ZTpzqBLdojxaWpiEVFNo1ee9jUyK8="},"chainType":1,"messageKeys":{}}},"pendingPreKey":{"signedKeyId":1,"baseKey":"Be1mJjNVhfKkftEZ4hlsqMa0uzL4g4qSPKfGVd1cNLBI"}},"BSC4YSyEEjPj4qrDYtEp5BgVssQ3Q9uwrk1nxwIbacIN":{"registrationId":15,"currentRatchet":{"ephemeralKeyPair":{"pubKey":"BdXyjD0z+fdr4pjMcPAqeUdQrtC+jqt06A974GmrQmU1","privKey":"2ACW4VsPqg6/GSuZU1EQZ98/snWTAyZhv+6P1UxxTV0="},"lastRemoteEphemeralKey":"BS1REoclyI/l9PpGSz7uwncNrwREbI8n1keiFkdbPmIC","previousCounter":0,"rootKey":"ThCTthAoSmYI970ljk2tv4lHWQNgnEqYNrb+61kG5F0="},"indexInfo":{"baseKey":"BSC4YSyEEjPj4qrDYtEp5BgVssQ3Q9uwrk1nxwIbacIN","baseKeyType":1,"closed":1703149569204,"used":1703149568716,"created":1703149568716,"remoteIdentityKey":"BVECk7Ea/aYnLPuu6VwcoTYrpU94HaYoetgXMbUr6nA7"},"_chains":{"BdXyjD0z+fdr4pjMcPAqeUdQrtC+jqt06A974GmrQmU1":{"chainKey":{"counter":-1,"key":"nMAPjPeWYMWkps4MPVdsLVH1XUS9LSJP2+dRH3P+kCk="},"chainType":1,"messageKeys":{}}},"pendingPreKey":{"signedKeyId":1,"baseKey":"BSC4YSyEEjPj4qrDYtEp5BgVssQ3Q9uwrk1nxwIbacIN"}},"Bfw891VGfUHc2xwuedFDlwm5W1aEUXMVXUqC0sKn4vZM":{"registrationId":15,"currentRatchet":{"ephemeralKeyPair":{"pubKey":"BRom1RhOJr86QJGPWfpAPsdrnp+bmGdM9K0QqVAdExYw","privKey":"uMnqxMD9GOZh8ZAt7qetbJCOweTX8BlLfEARuFDqyE0="},"lastRemoteEphemeralKey":"BS1REoclyI/l9PpGSz7uwncNrwREbI8n1keiFkdbPmIC","previousCounter":0,"rootKey":"FO9IWofmyDvDCWR2Hs7hs7ddiwomK7HEFShSFogZJlA="},"indexInfo":{"baseKey":"Bfw891VGfUHc2xwuedFDlwm5W1aEUXMVXUqC0sKn4vZM","baseKeyType":1,"closed":1703149571621,"used":1703149569177,"created":1703149569177,"remoteIdentityKey":"BVECk7Ea/aYnLPuu6VwcoTYrpU94HaYoetgXMbUr6nA7"},"_chains":{"BRom1RhOJr86QJGPWfpAPsdrnp+bmGdM9K0QqVAdExYw":{"chainKey":{"counter":1,"key":"sAw9tgGRw/taUwDe7k5blKQO7qhMDKsGorj8DqeSp08="},"chainType":1,"messageKeys":{}}},"pendingPreKey":{"signedKeyId":1,"baseKey":"Bfw891VGfUHc2xwuedFDlwm5W1aEUXMVXUqC0sKn4vZM"}},"Ba1zEAT9y80P5+ZE0BvNm5BgHgqMGWB2H4U+NNGTksZf":{"registrationId":15,"currentRatchet":{"ephemeralKeyPair":{"pubKey":"BVcFhCP5+nI2xsfkX9H7Iyx1TcNXlfnWwlmuHWxSqVtQ","privKey":"EARaALZiKWFgyk/d/mKkP270osFExZYfVHj2qPaApU4="},"lastRemoteEphemeralKey":"BS1REoclyI/l9PpGSz7uwncNrwREbI8n1keiFkdbPmIC","previousCounter":0,"rootKey":"J3PjorBvAYzqWjjg1ZEekbz3mF4TU0r8bF7/NGX3CSM="},"indexInfo":{"baseKey":"Ba1zEAT9y80P5+ZE0BvNm5BgHgqMGWB2H4U+NNGTksZf","baseKeyType":1,"closed":1703149574178,"used":1703149571603,"created":1703149571603,"remoteIdentityKey":"BVECk7Ea/aYnLPuu6VwcoTYrpU94HaYoetgXMbUr6nA7"},"_chains":{"BVcFhCP5+nI2xsfkX9H7Iyx1TcNXlfnWwlmuHWxSqVtQ":{"chainKey":{"counter":0,"key":"++G1u7kJ2HxrstGHXK+pVoIY0hfYROATusNLIseQcGs="},"chainType":1,"messageKeys":{}}},"pendingPreKey":{"signedKeyId":1,"baseKey":"Ba1zEAT9y80P5+ZE0BvNm5BgHgqMGWB2H4U+NNGTksZf"}},"Bf6Lfw9Q5S1S3Y2bYBVytNzl12YAHW23Y1jbjWQKD9MY":{"registrationId":15,"currentRatchet":{"ephemeralKeyPair":{"pubKey":"BZeOoK5ZOgqFbY2MpedX1JyIyXCp+4VIg96o8ANt099i","privKey":"6NMdv1Q5pCUu8IlU0wvJroVvCNtyBvKDTFuvEo3LNXY="},"lastRemoteEphemeralKey":"BS1REoclyI/l9PpGSz7uwncNrwREbI8n1keiFkdbPmIC","previousCounter":0,"rootKey":"5VCsiLifG9Ne9BqQRiHlsBAZnw9aFRFXyQiHmtkpx8A="},"indexInfo":{"baseKey":"Bf6Lfw9Q5S1S3Y2bYBVytNzl12YAHW23Y1jbjWQKD9MY","baseKeyType":1,"closed":1703149575013,"used":1703149574169,"created":1703149574169,"remoteIdentityKey":"BVECk7Ea/aYnLPuu6VwcoTYrpU94HaYoetgXMbUr6nA7"},"_chains":{"BZeOoK5ZOgqFbY2MpedX1JyIyXCp+4VIg96o8ANt099i":{"chainKey":{"counter":-1,"key":"FpnLEYvEmej56lJsxbzDbJaVDRsh615TszAItcKSdjg="},"chainType":1,"messageKeys":{}}},"pendingPreKey":{"signedKeyId":1,"baseKey":"Bf6Lfw9Q5S1S3Y2bYBVytNzl12YAHW23Y1jbjWQKD9MY"}},"BZvr5i77U6O1xfQ/E5GIydVKn+udaVjIj6MGZTtlBDYq":{"registrationId":15,"currentRatchet":{"ephemeralKeyPair":{"pubKey":"BcIYUGk01UmFFEA8YM+wO/SB7SirKYFUoZYJ3h551BRS","privKey":"SJImfItWnOrR4xfERGNaoh5oUFgCNW001DYrdq1QaHA="},"lastRemoteEphemeralKey":"BS1REoclyI/l9PpGSz7uwncNrwREbI8n1keiFkdbPmIC","previousCounter":0,"rootKey":"7g3xxswsVIxWuYuDTP/pqKqo8vVXbBJ+cFu5kbcgxVc="},"indexInfo":{"baseKey":"BZvr5i77U6O1xfQ/E5GIydVKn+udaVjIj6MGZTtlBDYq","baseKeyType":1,"closed":1703149576306,"used":1703149574987,"created":1703149574987,"remoteIdentityKey":"BVECk7Ea/aYnLPuu6VwcoTYrpU94HaYoetgXMbUr6nA7"},"_chains":{"BcIYUGk01UmFFEA8YM+wO/SB7SirKYFUoZYJ3h551BRS":{"chainKey":{"counter":7,"key":"1LmHx5lW1LRgXzlQZUGaucHeyO7F0vFUMhXLWl+Rh7A="},"chainType":1,"messageKeys":{}}},"pendingPreKey":{"signedKeyId":1,"baseKey":"BZvr5i77U6O1xfQ/E5GIydVKn+udaVjIj6MGZTtlBDYq"}},"Be4ZL97RBrVziJv5FkKQwsUwFBEt+GJ7OVPChRSE20Br":{"registrationId":15,"currentRatchet":{"ephemeralKeyPair":{"pubKey":"Bfeb+MNoJzIuJzL4NyeYQoVIBZtGfZHBp754R30wblEy","privKey":"sGzTAfsZE98ZjOoigqP8aChu9BuMPJW6qSwIYYyAyWI="},"lastRemoteEphemeralKey":"BS1REoclyI/l9PpGSz7uwncNrwREbI8n1keiFkdbPmIC","previousCounter":0,"rootKey":"xLvpZqTKu2cB3INTVp3vgAQBJ3uGzW84zpwD29kj6bE="},"indexInfo":{"baseKey":"Be4ZL97RBrVziJv5FkKQwsUwFBEt+GJ7OVPChRSE20Br","baseKeyType":1,"closed":1703149580234,"used":1703149576302,"created":1703149576302,"remoteIdentityKey":"BVECk7Ea/aYnLPuu6VwcoTYrpU94HaYoetgXMbUr6nA7"},"_chains":{"Bfeb+MNoJzIuJzL4NyeYQoVIBZtGfZHBp754R30wblEy":{"chainKey":{"counter":0,"key":"+9kiwI4f5vr5ejgNDCv0ly7jXOF9Lglka0RrYTnS188="},"chainType":1,"messageKeys":{}}},"pendingPreKey":{"signedKeyId":1,"baseKey":"Be4ZL97RBrVziJv5FkKQwsUwFBEt+GJ7OVPChRSE20Br"}},"BaftR8MtAZPQJLIDVyrR+PlaosjHJhqpqim2cpYQsuNu":{"registrationId":15,"currentRatchet":{"ephemeralKeyPair":{"pubKey":"Bcp68XjZiLTFjGnwuzeq+Q7nGGv8dc98upk17DfVxfV7","privKey":"iCMhF1BHhQXOh8EWn/De1syXUKL4+VENLntR0H0VY0A="},"lastRemoteEphemeralKey":"BS1REoclyI/l9PpGSz7uwncNrwREbI8n1keiFkdbPmIC","previousCounter":0,"rootKey":"12GmDgcgJvDiLt7YKmNQWCyhYCDgWTZys8WxzvmTNJs="},"indexInfo":{"baseKey":"BaftR8MtAZPQJLIDVyrR+PlaosjHJhqpqim2cpYQsuNu","baseKeyType":1,"closed":1703149580783,"used":1703149580214,"created":1703149580214,"remoteIdentityKey":"BVECk7Ea/aYnLPuu6VwcoTYrpU94HaYoetgXMbUr6nA7"},"_chains":{"Bcp68XjZiLTFjGnwuzeq+Q7nGGv8dc98upk17DfVxfV7":{"chainKey":{"counter":2,"key":"ouSS1EzATPWykCCAq8+Q4frE2VqloGGZa7g/7UE/o+g="},"chainType":1,"messageKeys":{}}},"pendingPreKey":{"signedKeyId":1,"baseKey":"BaftR8MtAZPQJLIDVyrR+PlaosjHJhqpqim2cpYQsuNu"}},"BQTuPEO8bTURfhrih9ukPUVz9xVsZqbBxBDMOhoZEW1v":{"registrationId":15,"currentRatchet":{"ephemeralKeyPair":{"pubKey":"BQgkvbiCzLnt1dTMhKDGQeSB2briDSxjY0u3m2zGePdd","privKey":"AB1urfKz0x+5VLBbkoIn1m9RdW1Byjgm43KF7j41OVk="},"lastRemoteEphemeralKey":"BS1REoclyI/l9PpGSz7uwncNrwREbI8n1keiFkdbPmIC","previousCounter":0,"rootKey":"OdQt6/hSmMUApYQy6EPRh4MEyNV65prNTWHrUaI+pxI="},"indexInfo":{"baseKey":"BQTuPEO8bTURfhrih9ukPUVz9xVsZqbBxBDMOhoZEW1v","baseKeyType":1,"closed":1703149581777,"used":1703149580774,"created":1703149580774,"remoteIdentityKey":"BVECk7Ea/aYnLPuu6VwcoTYrpU94HaYoetgXMbUr6nA7"},"_chains":{"BQgkvbiCzLnt1dTMhKDGQeSB2briDSxjY0u3m2zGePdd":{"chainKey":{"counter":-1,"key":"0Un0wy+oQ9uMw4AvgwfJa3Sq07pUDJNJ/IgJcoxhj0o="},"chainType":1,"messageKeys":{}}},"pendingPreKey":{"signedKeyId":1,"baseKey":"BQTuPEO8bTURfhrih9ukPUVz9xVsZqbBxBDMOhoZEW1v"}},"Bb2l9+0S9QPz03Kcj8nDa8NXexOXRCzjZA6v6VCeQVkB":{"registrationId":15,"currentRatchet":{"ephemeralKeyPair":{"pubKey":"BWhy5T8SZ7AElMRrVbu14fOUL9AabT8vt15ACwOaVJYN","privKey":"IJN0V7+/GZw6bX8j00OyFauOV4KZ3PlTaKc2RMg7xG4="},"lastRemoteEphemeralKey":"BS1REoclyI/l9PpGSz7uwncNrwREbI8n1keiFkdbPmIC","previousCounter":0,"rootKey":"n/VlvWQ4MGl8bjtBx+sW9dpEr+HRvkLbn695s/TUrKs="},"indexInfo":{"baseKey":"Bb2l9+0S9QPz03Kcj8nDa8NXexOXRCzjZA6v6VCeQVkB","baseKeyType":1,"closed":1703149582798,"used":1703149581673,"created":1703149581673,"remoteIdentityKey":"BVECk7Ea/aYnLPuu6VwcoTYrpU94HaYoetgXMbUr6nA7"},"_chains":{"BWhy5T8SZ7AElMRrVbu14fOUL9AabT8vt15ACwOaVJYN":{"chainKey":{"counter":0,"key":"nKPGDzDigzWmnb3OyXrciIjwOKeBB9fpfvwUmWajjeI="},"chainType":1,"messageKeys":{}}},"pendingPreKey":{"signedKeyId":1,"baseKey":"Bb2l9+0S9QPz03Kcj8nDa8NXexOXRCzjZA6v6VCeQVkB"}},"BdDMcP9fOs7r5+WQk6K4/k5bs/cIBz1ePmj/cIc/AiIs":{"registrationId":15,"currentRatchet":{"ephemeralKeyPair":{"pubKey":"BUOlpLUzEF2MAN3GD6d4WGfel7WyUfsnp79/qNoMu+Y2","privKey":"aMJnhDu1yZZcHlVN5F1VoUgMGh8rnynWNG2hNTUsEUc="},"lastRemoteEphemeralKey":"BS1REoclyI/l9PpGSz7uwncNrwREbI8n1keiFkdbPmIC","previousCounter":0,"rootKey":"fcPJDpCoPS2KGafUMvf4SZ2Yo/JOKQhpeh0WTWA5SVE="},"indexInfo":{"baseKey":"BdDMcP9fOs7r5+WQk6K4/k5bs/cIBz1ePmj/cIc/AiIs","baseKeyType":1,"closed":1703149583706,"used":1703149582557,"created":1703149582557,"remoteIdentityKey":"BVECk7Ea/aYnLPuu6VwcoTYrpU94HaYoetgXMbUr6nA7"},"_chains":{"BUOlpLUzEF2MAN3GD6d4WGfel7WyUfsnp79/qNoMu+Y2":{"chainKey":{"counter":6,"key":"IAehqqwSNQYkzMxNFDlU4TfNSa6zJ0y5Rnq6/G+mJ00="},"chainType":1,"messageKeys":{}}},"pendingPreKey":{"signedKeyId":1,"baseKey":"BdDMcP9fOs7r5+WQk6K4/k5bs/cIBz1ePmj/cIc/AiIs"}},"BfEIlDdxFgaKhMrEGM8NdD/a0UckH6TOonzMHdukHTwc":{"registrationId":15,"currentRatchet":{"ephemeralKeyPair":{"pubKey":"BUFBfgDfcxuHL8i6M/3GyszuGKMYKILTeab/eJKpudgk","privKey":"kPO4Am1YLfmm601kl6xzb9BML55XoaeJefDeAjWEeVo="},"lastRemoteEphemeralKey":"BS1REoclyI/l9PpGSz7uwncNrwREbI8n1keiFkdbPmIC","previousCounter":0,"rootKey":"uBCby91YtO9nevri1fvs0ucawcprNhSriLiccGu1F+8="},"indexInfo":{"baseKey":"BfEIlDdxFgaKhMrEGM8NdD/a0UckH6TOonzMHdukHTwc","baseKeyType":1,"closed":1703149584145,"used":1703149583701,"created":1703149583701,"remoteIdentityKey":"BVECk7Ea/aYnLPuu6VwcoTYrpU94HaYoetgXMbUr6nA7"},"_chains":{"BUFBfgDfcxuHL8i6M/3GyszuGKMYKILTeab/eJKpudgk":{"chainKey":{"counter":1,"key":"8cY/ll72XP+EU3HwfQQ32PxEmZEX+wcBEtY6Nc0AiF4="},"chainType":1,"messageKeys":{}}},"pendingPreKey":{"signedKeyId":1,"baseKey":"BfEIlDdxFgaKhMrEGM8NdD/a0UckH6TOonzMHdukHTwc"}},"Ba/M7vTDPSZbu7MLqEjl5GFxXP2VZNYPxYjzrQA/UfkL":{"registrationId":15,"currentRatchet":{"ephemeralKeyPair":{"pubKey":"BXqb+tx62RaFRepclbroXq/27YPogu96S4zCPaOwggsV","privKey":"WNww6ebjCY1EGel6+u6ld9KjVfMUryv1A9BXyWLv00M="},"lastRemoteEphemeralKey":"BS1REoclyI/l9PpGSz7uwncNrwREbI8n1keiFkdbPmIC","previousCounter":0,"rootKey":"SDerfaGGhklE0yUY/YX0s3OnjJPAzNzwH4C3yPyUQ8k="},"indexInfo":{"baseKey":"Ba/M7vTDPSZbu7MLqEjl5GFxXP2VZNYPxYjzrQA/UfkL","baseKeyType":1,"closed":1703149585187,"used":1703149584142,"created":1703149584142,"remoteIdentityKey":"BVECk7Ea/aYnLPuu6VwcoTYrpU94HaYoetgXMbUr6nA7"},"_chains":{"BXqb+tx62RaFRepclbroXq/27YPogu96S4zCPaOwggsV":{"chainKey":{"counter":2,"key":"0PWVFyzr8OQ6FW9nZ/0T0OUbToICKzPdYgIbSo0dS5w="},"chainType":1,"messageKeys":{}}},"pendingPreKey":{"signedKeyId":1,"baseKey":"Ba/M7vTDPSZbu7MLqEjl5GFxXP2VZNYPxYjzrQA/UfkL"}},"BW/xQTi6rWevWY3KPkuHDfQBtaA+THUrcK0xRAnF54BV":{"registrationId":15,"currentRatchet":{"ephemeralKeyPair":{"pubKey":"BRX/lhRVq1TA/z33NR3jsUoVcjg3jZm3aHAvZZfbxMge","privKey":"uMcVrA0Hx51bmFhHKVoIpxToF6dq8tlSzwRUYGlvlEk="},"lastRemoteEphemeralKey":"BS1REoclyI/l9PpGSz7uwncNrwREbI8n1keiFkdbPmIC","previousCounter":0,"rootKey":"SAbyPgmdeUVh02uwcrOnxleYayPXhViwJYlfDfXVmj8="},"indexInfo":{"baseKey":"BW/xQTi6rWevWY3KPkuHDfQBtaA+THUrcK0xRAnF54BV","baseKeyType":1,"closed":1703149585699,"used":1703149585182,"created":1703149585182,"remoteIdentityKey":"BVECk7Ea/aYnLPuu6VwcoTYrpU94HaYoetgXMbUr6nA7"},"_chains":{"BRX/lhRVq1TA/z33NR3jsUoVcjg3jZm3aHAvZZfbxMge":{"chainKey":{"counter":0,"key":"HIGOvOvT1CXFr92CjnMHURDXTo+J9Nph1+UbFN5LluM="},"chainType":1,"messageKeys":{}}},"pendingPreKey":{"signedKeyId":1,"baseKey":"BW/xQTi6rWevWY3KPkuHDfQBtaA+THUrcK0xRAnF54BV"}},"BTZwxXlZ1wPIXzjtE5ZGvAhclefUvcNM4DYeF5uF039t":{"registrationId":15,"currentRatchet":{"ephemeralKeyPair":{"pubKey":"BYAPjhqQc45BCknoBSs34x8/FBmdf5gV6/l6SzNbk1s7","privKey":"YJJ8/RkvKDPzpwfVAMvbk5lZOJRIS02bq2erDaW4kF0="},"lastRemoteEphemeralKey":"BS1REoclyI/l9PpGSz7uwncNrwREbI8n1keiFkdbPmIC","previousCounter":0,"rootKey":"zuB3xvGFhpDFn7KFKLf4iPbNsYDdLIS0RswvZw7shDY="},"indexInfo":{"baseKey":"BTZwxXlZ1wPIXzjtE5ZGvAhclefUvcNM4DYeF5uF039t","baseKeyType":1,"closed":1703149586192,"used":1703149585694,"created":1703149585694,"remoteIdentityKey":"BVECk7Ea/aYnLPuu6VwcoTYrpU94HaYoetgXMbUr6nA7"},"_chains":{"BYAPjhqQc45BCknoBSs34x8/FBmdf5gV6/l6SzNbk1s7":{"chainKey":{"counter":-1,"key":"AXERQNW1JP4I36AeoAb6GmMf09kIe2mFsH12aIc/jSg="},"chainType":1,"messageKeys":{}}},"pendingPreKey":{"signedKeyId":1,"baseKey":"BTZwxXlZ1wPIXzjtE5ZGvAhclefUvcNM4DYeF5uF039t"}},"BcEZnHR+PrDU9uMcBWPo8/uOhVj2JQdRrWyIdKtl10gk":{"registrationId":15,"currentRatchet":{"ephemeralKeyPair":{"pubKey":"BUBIKqXRaL+7oeOes7BqJGS148DQ/06LVDcrmO3yOmc8","privKey":"oC69KRkK2+esuPe8qYhDZgKxOiJv9iyA6NP1KeXgzVI="},"lastRemoteEphemeralKey":"BS1REoclyI/l9PpGSz7uwncNrwREbI8n1keiFkdbPmIC","previousCounter":0,"rootKey":"hZrGzrHRhMPRVyoriTU8kwqNLu1s0QdLQsionNX36bw="},"indexInfo":{"baseKey":"BcEZnHR+PrDU9uMcBWPo8/uOhVj2JQdRrWyIdKtl10gk","baseKeyType":1,"closed":1703149587075,"used":1703149586171,"created":1703149586171,"remoteIdentityKey":"BVECk7Ea/aYnLPuu6VwcoTYrpU94HaYoetgXMbUr6nA7"},"_chains":{"BUBIKqXRaL+7oeOes7BqJGS148DQ/06LVDcrmO3yOmc8":{"chainKey":{"counter":-1,"key":"hhMYe/mJN5zXTRPzy8tR1BMgODG6f6b2aJKWrb4l798="},"chainType":1,"messageKeys":{}}},"pendingPreKey":{"signedKeyId":1,"baseKey":"BcEZnHR+PrDU9uMcBWPo8/uOhVj2JQdRrWyIdKtl10gk"}},"BUOezDtFDTOLfYIpiITFIONVNSJbcJid6QPARdM3hU1R":{"registrationId":15,"currentRatchet":{"ephemeralKeyPair":{"pubKey":"BQV7fxdHVMo2JmPpQQEDpskjF1xLKt+va+BpZbAicLoG","privKey":"QIN8hBmSwxReCdEiAaK3zlJLwPzzGZEhQ8XpewuOiG8="},"lastRemoteEphemeralKey":"BS1REoclyI/l9PpGSz7uwncNrwREbI8n1keiFkdbPmIC","previousCounter":0,"rootKey":"mXOKdvgLfScBmd9rfp5n5Z9XT7I2t/TqmBNQdnOpKNk="},"indexInfo":{"baseKey":"BUOezDtFDTOLfYIpiITFIONVNSJbcJid6QPARdM3hU1R","baseKeyType":1,"closed":1703149587627,"used":1703149586705,"created":1703149586705,"remoteIdentityKey":"BVECk7Ea/aYnLPuu6VwcoTYrpU94HaYoetgXMbUr6nA7"},"_chains":{"BQV7fxdHVMo2JmPpQQEDpskjF1xLKt+va+BpZbAicLoG":{"chainKey":{"counter":7,"key":"wvOdLQ745izd1ehLReCwXQn8RvXl5tSWQjAkN9tReNg="},"chainType":1,"messageKeys":{}}},"pendingPreKey":{"signedKeyId":1,"baseKey":"BUOezDtFDTOLfYIpiITFIONVNSJbcJid6QPARdM3hU1R"}},"Bd+tKuAB94SDelXpfs8pPsLB/vp4uwoXoVNrz5TU7v1m":{"registrationId":15,"currentRatchet":{"ephemeralKeyPair":{"pubKey":"BT64FT3JjCJgqcgK0h7puk5CQ2jZHYDZhGhhf+y5k1kK","privKey":"gJq17raWLpqJeudwSZWGeI9ummRnXi8INuj7us6dmEA="},"lastRemoteEphemeralKey":"BS1REoclyI/l9PpGSz7uwncNrwREbI8n1keiFkdbPmIC","previousCounter":0,"rootKey":"Q2s2GTfAhbt9kzuQoHoOs676A3aXVq6KHKHqsKn1lMc="},"indexInfo":{"baseKey":"Bd+tKuAB94SDelXpfs8pPsLB/vp4uwoXoVNrz5TU7v1m","baseKeyType":1,"closed":1703149590012,"used":1703149587596,"created":1703149587596,"remoteIdentityKey":"BVECk7Ea/aYnLPuu6VwcoTYrpU94HaYoetgXMbUr6nA7"},"_chains":{"BT64FT3JjCJgqcgK0h7puk5CQ2jZHYDZhGhhf+y5k1kK":{"chainKey":{"counter":1,"key":"bPdIBXQe3XEnNCSoPCu2EaWnjh4yjs0Ho59WDAaPE5Y="},"chainType":1,"messageKeys":{}}},"pendingPreKey":{"signedKeyId":1,"baseKey":"Bd+tKuAB94SDelXpfs8pPsLB/vp4uwoXoVNrz5TU7v1m"}},"BWQ/D59g24vu+OmhyMF4ZbCEnVPHoBpRoSIHeYWlcyxr":{"registrationId":15,"currentRatchet":{"ephemeralKeyPair":{"pubKey":"Be7FpEgFXiGNeRD/4d2fQf/8lLineM+pwSc1dFB1RFEb","privKey":"qDwPZkIkLa8DkqVVHFkTdoI5hnvz6nzLb30goltPuXo="},"lastRemoteEphemeralKey":"BS1REoclyI/l9PpGSz7uwncNrwREbI8n1keiFkdbPmIC","previousCounter":0,"rootKey":"F5+bdIcL12yvui02HlL2I/YzxvzzQH36/kwZ5dpvKxo="},"indexInfo":{"baseKey":"BWQ/D59g24vu+OmhyMF4ZbCEnVPHoBpRoSIHeYWlcyxr","baseKeyType":1,"closed":1703149590774,"used":1703149590006,"created":1703149590006,"remoteIdentityKey":"BVECk7Ea/aYnLPuu6VwcoTYrpU94HaYoetgXMbUr6nA7"},"_chains":{"Be7FpEgFXiGNeRD/4d2fQf/8lLineM+pwSc1dFB1RFEb":{"chainKey":{"counter":2,"key":"oHzRgCYDncbWLY5SltMwinH9Ah+zDzwojDD6TGZQ9w4="},"chainType":1,"messageKeys":{}}},"pendingPreKey":{"signedKeyId":1,"baseKey":"BWQ/D59g24vu+OmhyMF4ZbCEnVPHoBpRoSIHeYWlcyxr"}},"BTlRmiQCqx0sI3dHWbbvZcvnV91WoZZimLqXWgJ/jZpl":{"registrationId":15,"currentRatchet":{"ephemeralKeyPair":{"pubKey":"BcuePY0Cj2T3xLbWwHyG31XqRrb+x3Cm73ytHt9oG85N","privKey":"wM59q7UwkBaVfwifbnjeqlKIWVHjDAxmhpHWuVGGBVU="},"lastRemoteEphemeralKey":"BS1REoclyI/l9PpGSz7uwncNrwREbI8n1keiFkdbPmIC","previousCounter":0,"rootKey":"85CQchYoIWw+OHAKHPBpJmq6MhnkLuWdBuJMfihUhoA="},"indexInfo":{"baseKey":"BTlRmiQCqx0sI3dHWbbvZcvnV91WoZZimLqXWgJ/jZpl","baseKeyType":1,"closed":1703149594724,"used":1703149590483,"created":1703149590483,"remoteIdentityKey":"BVECk7Ea/aYnLPuu6VwcoTYrpU94HaYoetgXMbUr6nA7"},"_chains":{"BcuePY0Cj2T3xLbWwHyG31XqRrb+x3Cm73ytHt9oG85N":{"chainKey":{"counter":10,"key":"R+i+pfdWFcuD8ungOX2w6MixdW1bJJ7rZEzrjBcKpmQ="},"chainType":1,"messageKeys":{}}},"pendingPreKey":{"signedKeyId":1,"baseKey":"BTlRmiQCqx0sI3dHWbbvZcvnV91WoZZimLqXWgJ/jZpl"}},"BXJtLfDISqS2G5w2B/hYWiwdh6wYssh0Xayx2y7iv+NJ":{"registrationId":15,"currentRatchet":{"ephemeralKeyPair":{"pubKey":"Be+zoBdTYoOgmGNCWtE4Z7ZUnTtfU5VCDMQ9cy6XucAq","privKey":"MGY5Iid2pELXhPfq3YCB+G6rDnMLFpNZe4bmD4vxBkI="},"lastRemoteEphemeralKey":"BS1REoclyI/l9PpGSz7uwncNrwREbI8n1keiFkdbPmIC","previousCounter":0,"rootKey":"DZpuy+SLOKwWNkRvm5/SK5mwbyFoKRVSqBE+EHCYKuc="},"indexInfo":{"baseKey":"BXJtLfDISqS2G5w2B/hYWiwdh6wYssh0Xayx2y7iv+NJ","baseKeyType":1,"closed":1703149595570,"used":1703149594723,"created":1703149594723,"remoteIdentityKey":"BVECk7Ea/aYnLPuu6VwcoTYrpU94HaYoetgXMbUr6nA7"},"_chains":{"Be+zoBdTYoOgmGNCWtE4Z7ZUnTtfU5VCDMQ9cy6XucAq":{"chainKey":{"counter":4,"key":"Ryqhg56THBds7xfAEtDFPWVu/myHzdLzFyl8bzMkIDg="},"chainType":1,"messageKeys":{}}},"pendingPreKey":{"signedKeyId":1,"baseKey":"BXJtLfDISqS2G5w2B/hYWiwdh6wYssh0Xayx2y7iv+NJ"}},"BQY1ZTr0ifqjNHos4Pg9k+M3xXNgbpnbwS+SfjZtlo1m":{"registrationId":15,"currentRatchet":{"ephemeralKeyPair":{"pubKey":"BcHJYUGWvHpl8GSaMs9//CqVrXbalixf9lO/DXtKBLMI","privKey":"sJUW0kum5/ix2+vgo7WpN4bA3TgKW9N4A29HJFx2qW8="},"lastRemoteEphemeralKey":"BS1REoclyI/l9PpGSz7uwncNrwREbI8n1keiFkdbPmIC","previousCounter":0,"rootKey":"Eb+8UFm8S0KF8KNQvhb1Ge7QpikFxGK1b0+GthdjDpw="},"indexInfo":{"baseKey":"BQY1ZTr0ifqjNHos4Pg9k+M3xXNgbpnbwS+SfjZtlo1m","baseKeyType":1,"closed":1703149596695,"used":1703149595478,"created":1703149595478,"remoteIdentityKey":"BVECk7Ea/aYnLPuu6VwcoTYrpU94HaYoetgXMbUr6nA7"},"_chains":{"BcHJYUGWvHpl8GSaMs9//CqVrXbalixf9lO/DXtKBLMI":{"chainKey":{"counter":-1,"key":"ZPNnKaEm6TiZ46OfopUb6Poqz3trBZSOJE80CTlOIE0="},"chainType":1,"messageKeys":{}}},"pendingPreKey":{"signedKeyId":1,"baseKey":"BQY1ZTr0ifqjNHos4Pg9k+M3xXNgbpnbwS+SfjZtlo1m"}},"BSfate/0EbvIwI+ZnKkipx1vZrMnwCg0hsI/E6n+s34F":{"registrationId":15,"currentRatchet":{"ephemeralKeyPair":{"pubKey":"BQE6zRnKaZVKPtnugEx5wNLQDIObCizrcQTjx9KFJJIU","privKey":"GFlSzhe2B7i6Y5jOAX35xjryfFPOaeRDQLQT7Iz2lmc="},"lastRemoteEphemeralKey":"BS1REoclyI/l9PpGSz7uwncNrwREbI8n1keiFkdbPmIC","previousCounter":0,"rootKey":"yl7v1GGdCHpab35cX5UsT5D+uS2xMG7PjYLIj+9w6PQ="},"indexInfo":{"baseKey":"BSfate/0EbvIwI+ZnKkipx1vZrMnwCg0hsI/E6n+s34F","baseKeyType":1,"closed":1703149598831,"used":1703149596692,"created":1703149596692,"remoteIdentityKey":"BVECk7Ea/aYnLPuu6VwcoTYrpU94HaYoetgXMbUr6nA7"},"_chains":{"BQE6zRnKaZVKPtnugEx5wNLQDIObCizrcQTjx9KFJJIU":{"chainKey":{"counter":2,"key":"MsFBWBjv8LBupqkbGRXUx9W6tIdksygwj4ZCblS6r7s="},"chainType":1,"messageKeys":{}}},"pendingPreKey":{"signedKeyId":1,"baseKey":"BSfate/0EbvIwI+ZnKkipx1vZrMnwCg0hsI/E6n+s34F"}},"BTxdhOhBKgKAbsbpxAmlh6T4A6bftxpI4JKBceOZT6h9":{"registrationId":15,"currentRatchet":{"ephemeralKeyPair":{"pubKey":"BXw+dm1sIqZi+SrILPnxeOGYODOeJaBc1y6p2/Fr75ZC","privKey":"gGkNL61I9xzgwgEVkUOzK/1gbcDfdnsqXyTVv6dt60s="},"lastRemoteEphemeralKey":"BS1REoclyI/l9PpGSz7uwncNrwREbI8n1keiFkdbPmIC","previousCounter":0,"rootKey":"GycE+xRvn3+N3oWWjByT2Q4IIh8nQ9WaKfqEM3eGWno="},"indexInfo":{"baseKey":"BTxdhOhBKgKAbsbpxAmlh6T4A6bftxpI4JKBceOZT6h9","baseKeyType":1,"closed":1703149599075,"used":1703149598823,"created":1703149598823,"remoteIdentityKey":"BVECk7Ea/aYnLPuu6VwcoTYrpU94HaYoetgXMbUr6nA7"},"_chains":{"BXw+dm1sIqZi+SrILPnxeOGYODOeJaBc1y6p2/Fr75ZC":{"chainKey":{"counter":1,"key":"ttn0Jy6rx0uK+0pakbyKL58nVcFFnNQXsnTPA9Ge7mk="},"chainType":1,"messageKeys":{}}},"pendingPreKey":{"signedKeyId":1,"baseKey":"BTxdhOhBKgKAbsbpxAmlh6T4A6bftxpI4JKBceOZT6h9"}},"BfOaCL3xPuBdypab+Vrkfd8LAn0PKZTHZGO8WUPlAVh5":{"registrationId":15,"currentRatchet":{"ephemeralKeyPair":{"pubKey":"BawNfTdUIzde36j9+HN5i+UsRzHQrKIa6cgwQGdTMl1/","privKey":"GMqdQn47ip4SaFUccqFdSulbDC+mW1n1dNu4okzTx0c="},"lastRemoteEphemeralKey":"BS1REoclyI/l9PpGSz7uwncNrwREbI8n1keiFkdbPmIC","previousCounter":0,"rootKey":"ojstxkYkryWk9dL9cz7iJOkWNpiQGd4Hsl4MsDKkE5Y="},"indexInfo":{"baseKey":"BfOaCL3xPuBdypab+Vrkfd8LAn0PKZTHZGO8WUPlAVh5","baseKeyType":1,"closed":1703149601217,"used":1703149599069,"created":1703149599069,"remoteIdentityKey":"BVECk7Ea/aYnLPuu6VwcoTYrpU94HaYoetgXMbUr6nA7"},"_chains":{"BawNfTdUIzde36j9+HN5i+UsRzHQrKIa6cgwQGdTMl1/":{"chainKey":{"counter":6,"key":"7jtgJJlsbAnAddybjpBXdep2+gVl6Dj1GsSe7YcmM30="},"chainType":1,"messageKeys":{}}},"pendingPreKey":{"signedKeyId":1,"baseKey":"BfOaCL3xPuBdypab+Vrkfd8LAn0PKZTHZGO8WUPlAVh5"}},"BVi01kkHJ0uV4RXVXVzTaRqGBGz9kC7snO69RKoI87Jn":{"registrationId":15,"currentRatchet":{"ephemeralKeyPair":{"pubKey":"BaixGonR5BEL8IFfCTexQUhsszwSufjyJ9+WBcSjE/JO","privKey":"WGTF65eRZhpY6Z5kWfH+v1nU42raIQaGn8SDCL064HU="},"lastRemoteEphemeralKey":"BS1REoclyI/l9PpGSz7uwncNrwREbI8n1keiFkdbPmIC","previousCounter":0,"rootKey":"/X5YUJPEzaOqpVyvJlDU7EERNgkuW4h3tzfhSELuSbs="},"indexInfo":{"baseKey":"BVi01kkHJ0uV4RXVXVzTaRqGBGz9kC7snO69RKoI87Jn","baseKeyType":1,"closed":1703149601724,"used":1703149601213,"created":1703149601213,"remoteIdentityKey":"BVECk7Ea/aYnLPuu6VwcoTYrpU94HaYoetgXMbUr6nA7"},"_chains":{"BaixGonR5BEL8IFfCTexQUhsszwSufjyJ9+WBcSjE/JO":{"chainKey":{"counter":-1,"key":"vqbVZDY1qxHe2L/IH6imbPMJ8G2QT4qjcN8IbaQSz4w="},"chainType":1,"messageKeys":{}}},"pendingPreKey":{"signedKeyId":1,"baseKey":"BVi01kkHJ0uV4RXVXVzTaRqGBGz9kC7snO69RKoI87Jn"}},"BVu072VimjxXIez7I0C5X7zFlYEhMCDky1I4E0MGpVFy":{"registrationId":15,"currentRatchet":{"ephemeralKeyPair":{"pubKey":"BVBrOcM7aVIMPvwPnmrOyE6T5u/ywl02PFcuIKfMS51b","privKey":"yENkZjhIgaLeFCMuN83IzZYw17jlQ3wHWg0/izGh1mw="},"lastRemoteEphemeralKey":"BS1REoclyI/l9PpGSz7uwncNrwREbI8n1keiFkdbPmIC","previousCounter":0,"rootKey":"h/+2zzdrMJepZYkE/iqObeI45NuOUx5N/wxrHzhgVpE="},"indexInfo":{"baseKey":"BVu072VimjxXIez7I0C5X7zFlYEhMCDky1I4E0MGpVFy","baseKeyType":1,"closed":1703149603942,"used":1703149601723,"created":1703149601723,"remoteIdentityKey":"BVECk7Ea/aYnLPuu6VwcoTYrpU94HaYoetgXMbUr6nA7"},"_chains":{"BVBrOcM7aVIMPvwPnmrOyE6T5u/ywl02PFcuIKfMS51b":{"chainKey":{"counter":7,"key":"yEAZuSVAmrKu/20Fdu4uE9vDn5cDm9hzVzkLHxyhAlY="},"chainType":1,"messageKeys":{}}},"pendingPreKey":{"signedKeyId":1,"baseKey":"BVu072VimjxXIez7I0C5X7zFlYEhMCDky1I4E0MGpVFy"}},"BcaXeJJY7B4cfkLMBQWjU+vhXuaDT3k/Wi08NFflwn86":{"registrationId":15,"currentRatchet":{"ephemeralKeyPair":{"pubKey":"BUcgIGqwuQTTDooNepJS9A1Dxz6nJfIexpJehP3qqrwW","privKey":"gKIB3P6znkm36RYyhBOlJAcVUlDoePz4EAHB5o6NClM="},"lastRemoteEphemeralKey":"BS1REoclyI/l9PpGSz7uwncNrwREbI8n1keiFkdbPmIC","previousCounter":0,"rootKey":"lotgPv6sGDStWtkD+nM6dHR1Q8C6dihzSQA40AeXllw="},"indexInfo":{"baseKey":"BcaXeJJY7B4cfkLMBQWjU+vhXuaDT3k/Wi08NFflwn86","baseKeyType":1,"closed":1703149604965,"used":1703149603929,"created":1703149603929,"remoteIdentityKey":"BVECk7Ea/aYnLPuu6VwcoTYrpU94HaYoetgXMbUr6nA7"},"_chains":{"BUcgIGqwuQTTDooNepJS9A1Dxz6nJfIexpJehP3qqrwW":{"chainKey":{"counter":-1,"key":"3cKlmczV74DobttX4D6Be6YDbm4Pc624aAdN9BYL/Zw="},"chainType":1,"messageKeys":{}}},"pendingPreKey":{"signedKeyId":1,"baseKey":"BcaXeJJY7B4cfkLMBQWjU+vhXuaDT3k/Wi08NFflwn86"}},"BaXJCeoASfHpXD9IUw1uepokQ3ExYzUFL76/5NcEgOI5":{"registrationId":15,"currentRatchet":{"ephemeralKeyPair":{"pubKey":"BRvqd//5KWiOzzan0TA0YG6Ep58Nlmszx+0tDCKpznFH","privKey":"KFM6lyb++FsDcWSqWls9tVSR9mMDlOfN/VOWksnVHHo="},"lastRemoteEphemeralKey":"BS1REoclyI/l9PpGSz7uwncNrwREbI8n1keiFkdbPmIC","previousCounter":0,"rootKey":"MmtXrrXeH20GXCpEMRObFseJJLGFLnIUDRYHdglOjL8="},"indexInfo":{"baseKey":"BaXJCeoASfHpXD9IUw1uepokQ3ExYzUFL76/5NcEgOI5","baseKeyType":1,"closed":1703149605432,"used":1703149604896,"created":1703149604896,"remoteIdentityKey":"BVECk7Ea/aYnLPuu6VwcoTYrpU94HaYoetgXMbUr6nA7"},"_chains":{"BRvqd//5KWiOzzan0TA0YG6Ep58Nlmszx+0tDCKpznFH":{"chainKey":{"counter":0,"key":"Wf+PHYHb2RspHCzvlUGKYtuSFRheTXVRgwF1XWinEQ0="},"chainType":1,"messageKeys":{}}},"pendingPreKey":{"signedKeyId":1,"baseKey":"BaXJCeoASfHpXD9IUw1uepokQ3ExYzUFL76/5NcEgOI5"}},"BXHT/WWnCnZ+lJi3d2Op7cSpFxTBGslQTNRKcyMN7jUF":{"registrationId":15,"currentRatchet":{"ephemeralKeyPair":{"pubKey":"BZEJfC1dt7Ducfdc8LFkCsPtdxLQc/js2/zX6rqEjLJ5","privKey":"OEdfT0sSg008xFE+PK76xY752DHiTPT0D8eyDqA2FGU="},"lastRemoteEphemeralKey":"BS1REoclyI/l9PpGSz7uwncNrwREbI8n1keiFkdbPmIC","previousCounter":0,"rootKey":"h3Eo8SzBGOWRQzGrBD01hvyIeLxke5D78sTRhezBfak="},"indexInfo":{"baseKey":"BXHT/WWnCnZ+lJi3d2Op7cSpFxTBGslQTNRKcyMN7jUF","baseKeyType":1,"closed":1703149610230,"used":1703149605430,"created":1703149605430,"remoteIdentityKey":"BVECk7Ea/aYnLPuu6VwcoTYrpU94HaYoetgXMbUr6nA7"},"_chains":{"BZEJfC1dt7Ducfdc8LFkCsPtdxLQc/js2/zX6rqEjLJ5":{"chainKey":{"counter":1,"key":"riCiMx6bHvaeJb2GtHhlW+pHKW2oknMr9tApwV/iWRc="},"chainType":1,"messageKeys":{}}},"pendingPreKey":{"signedKeyId":1,"baseKey":"BXHT/WWnCnZ+lJi3d2Op7cSpFxTBGslQTNRKcyMN7jUF"}},"BTG0llHV+66Z7vjYU3/KilSotpgDM4q5jnnc9S7U+Otq":{"registrationId":15,"currentRatchet":{"ephemeralKeyPair":{"pubKey":"BRqquFsspjbv2oxPfZDOC0cq0EZ3tm8qUFJaajaATx5q","privKey":"+G4qpzHWCFJmSyYdog+5GUgqP5/M1vRk5x2lisFf+30="},"lastRemoteEphemeralKey":"BS1REoclyI/l9PpGSz7uwncNrwREbI8n1keiFkdbPmIC","previousCounter":0,"rootKey":"fre9u+H2JdbhZmpWcGajJZrjZ2iec4RHcG3vPy4I84I="},"indexInfo":{"baseKey":"BTG0llHV+66Z7vjYU3/KilSotpgDM4q5jnnc9S7U+Otq","baseKeyType":1,"closed":1703149610650,"used":1703149610228,"created":1703149610228,"remoteIdentityKey":"BVECk7Ea/aYnLPuu6VwcoTYrpU94HaYoetgXMbUr6nA7"},"_chains":{"BRqquFsspjbv2oxPfZDOC0cq0EZ3tm8qUFJaajaATx5q":{"chainKey":{"counter":0,"key":"jnyjwkbU5RRhRFoJb+cGaTud6YUGwBDm4t4TC8FrJlc="},"chainType":1,"messageKeys":{}}},"pendingPreKey":{"signedKeyId":1,"baseKey":"BTG0llHV+66Z7vjYU3/KilSotpgDM4q5jnnc9S7U+Otq"}},"BSbQ4FyqLDw7s9LuJNf15Cleca6blO2G7QnB/svjkkA1":{"registrationId":15,"currentRatchet":{"ephemeralKeyPair":{"pubKey":"BRtENr050fOOzrPXoDySp2rcZQRJrcV+x+9FVg8yzcx8","privKey":"iD2oDmHUryYTCs4ii80j0IofaE9K+SDXQ/lnKH7rh1M="},"lastRemoteEphemeralKey":"BS1REoclyI/l9PpGSz7uwncNrwREbI8n1keiFkdbPmIC","previousCounter":0,"rootKey":"Gomnp/ipoWYXPJ9nqNe4/bNNObzX5vhdA4n1hn6L4mU="},"indexInfo":{"baseKey":"BSbQ4FyqLDw7s9LuJNf15Cleca6blO2G7QnB/svjkkA1","baseKeyType":1,"closed":1703149612290,"used":1703149610648,"created":1703149610648,"remoteIdentityKey":"BVECk7Ea/aYnLPuu6VwcoTYrpU94HaYoetgXMbUr6nA7"},"_chains":{"BRtENr050fOOzrPXoDySp2rcZQRJrcV+x+9FVg8yzcx8":{"chainKey":{"counter":-1,"key":"mPhR5fPgfJCtV2aSWeOmHewWE4v5/8hUcTvShxoSx+E="},"chainType":1,"messageKeys":{}}},"pendingPreKey":{"signedKeyId":1,"baseKey":"BSbQ4FyqLDw7s9LuJNf15Cleca6blO2G7QnB/svjkkA1"}},"Bao8V4+IqvdjQ7t+UirenU/KrDQ+KaWZB60Ibl0JqFVt":{"registrationId":15,"currentRatchet":{"ephemeralKeyPair":{"pubKey":"BSQWXvfrFz8n8zBdnn47ASz/VyExIgQiSL44tQa9tlo9","privKey":"KKwuiF85iVJJdWp+iPbHtrkrRZLU3vXD1H/rgu9XwX0="},"lastRemoteEphemeralKey":"BS1REoclyI/l9PpGSz7uwncNrwREbI8n1keiFkdbPmIC","previousCounter":0,"rootKey":"S5NTptbFR/TJldXMbgq5l28FzbTll5Fojba56KUjcLY="},"indexInfo":{"baseKey":"Bao8V4+IqvdjQ7t+UirenU/KrDQ+KaWZB60Ibl0JqFVt","baseKeyType":1,"closed":1703149612929,"used":1703149612185,"created":1703149612185,"remoteIdentityKey":"BVECk7Ea/aYnLPuu6VwcoTYrpU94HaYoetgXMbUr6nA7"},"_chains":{"BSQWXvfrFz8n8zBdnn47ASz/VyExIgQiSL44tQa9tlo9":{"chainKey":{"counter":-1,"key":"UMkwIQgJPs6/JujNNZ5+dPKp8OlLq6LSywwd+5Jbxhk="},"chainType":1,"messageKeys":{}}},"pendingPreKey":{"signedKeyId":1,"baseKey":"Bao8V4+IqvdjQ7t+UirenU/KrDQ+KaWZB60Ibl0JqFVt"}},"BSrbeQYE9TGmt/rCFmFtJ7Gn1G5WWIokKgl2SJaRmn8Q":{"registrationId":15,"currentRatchet":{"ephemeralKeyPair":{"pubKey":"BWUrP1eHBHohV7OrQpkf/I7AkmkcPNxzrmAdTk28bYJO","privKey":"MMtSGh1OfpxbF2Ty4ZRZ0IZRsLlQJCl9t+kwSIlCB2U="},"lastRemoteEphemeralKey":"BS1REoclyI/l9PpGSz7uwncNrwREbI8n1keiFkdbPmIC","previousCounter":0,"rootKey":"MMhtMIPns4PyTj2Tq5swbOzCtC1wf5mmtyC17xo53oo="},"indexInfo":{"baseKey":"BSrbeQYE9TGmt/rCFmFtJ7Gn1G5WWIokKgl2SJaRmn8Q","baseKeyType":1,"closed":1703160987686,"used":1703149612926,"created":1703149612926,"remoteIdentityKey":"BVECk7Ea/aYnLPuu6VwcoTYrpU94HaYoetgXMbUr6nA7"},"_chains":{"BWUrP1eHBHohV7OrQpkf/I7AkmkcPNxzrmAdTk28bYJO":{"chainKey":{"counter":121,"key":"9Zbk+foxP2LxzQtnmCd9NLRXLzT3Q0tIvTd5HKScYwM="},"chainType":1,"messageKeys":{}}},"pendingPreKey":{"signedKeyId":1,"baseKey":"BSrbeQYE9TGmt/rCFmFtJ7Gn1G5WWIokKgl2SJaRmn8Q"}},"BYEWdDhwK1ZvF5I8O1h/4vwyx9ESKQagzzHiGG+lBhYW":{"registrationId":15,"currentRatchet":{"ephemeralKeyPair":{"pubKey":"BbsHttLGt6K1eerYKY1EyTUr/uXYN01FzHLmsRgHY0Ao","privKey":"aCh1OEf+ia7xkveSOtWOiqXQJ/BYOar2/zZB6mc/Ak8="},"lastRemoteEphemeralKey":"BS1REoclyI/l9PpGSz7uwncNrwREbI8n1keiFkdbPmIC","previousCounter":0,"rootKey":"VKuebOQhpucLJA7NGjUyK1ubibznPm7KfZytX68F5e4="},"indexInfo":{"baseKey":"BYEWdDhwK1ZvF5I8O1h/4vwyx9ESKQagzzHiGG+lBhYW","baseKeyType":1,"closed":1703161070759,"used":1703160987563,"created":1703160987563,"remoteIdentityKey":"BVECk7Ea/aYnLPuu6VwcoTYrpU94HaYoetgXMbUr6nA7"},"_chains":{"BbsHttLGt6K1eerYKY1EyTUr/uXYN01FzHLmsRgHY0Ao":{"chainKey":{"counter":25,"key":"t8kUZC9qXINTGAX1zlMd1EK3hVdnDi9mkyeKHAl3A8s="},"chainType":1,"messageKeys":{}}},"pendingPreKey":{"signedKeyId":1,"baseKey":"BYEWdDhwK1ZvF5I8O1h/4vwyx9ESKQagzzHiGG+lBhYW","preKeyId":79}},"BbOtlvI8wgR3f5UjGmlKvxyzmNSINsY4On3KJ9dmikRD":{"registrationId":15,"currentRatchet":{"ephemeralKeyPair":{"pubKey":"BfDDjD2HVprAqRT0LdN8jIiuRQJk7gDQQH1V+V0xC2lQ","privKey":"mKwcOZkg3mM2xMoVAd5883O1ggVDdv15rRRgiVDYt2Q="},"lastRemoteEphemeralKey":"BS1REoclyI/l9PpGSz7uwncNrwREbI8n1keiFkdbPmIC","previousCounter":0,"rootKey":"egCPJuNb0apkEHt0vG2rlMzglzIFUMfm8vu+B8XOjyo="},"indexInfo":{"baseKey":"BbOtlvI8wgR3f5UjGmlKvxyzmNSINsY4On3KJ9dmikRD","baseKeyType":1,"closed":1703161081157,"used":1703161070469,"created":1703161070469,"remoteIdentityKey":"BVECk7Ea/aYnLPuu6VwcoTYrpU94HaYoetgXMbUr6nA7"},"_chains":{"BfDDjD2HVprAqRT0LdN8jIiuRQJk7gDQQH1V+V0xC2lQ":{"chainKey":{"counter":3,"key":"o7o94wQWZRhL4+soe39Fb7xebEzDxGykmwAxT3QEBYs="},"chainType":1,"messageKeys":{}}},"pendingPreKey":{"signedKeyId":1,"baseKey":"BbOtlvI8wgR3f5UjGmlKvxyzmNSINsY4On3KJ9dmikRD","preKeyId":84}},"BXhdrLFhFT+YFrVsrugXTs28OBDvJK8ble3PMOrzxlkK":{"registrationId":15,"currentRatchet":{"ephemeralKeyPair":{"pubKey":"BaY5AxGZMqqAnVWyCNYivq530JZlu4wfT9M2GkA5smNs","privKey":"8N4XweKxWPhKX0VFqABcgVhIooB2qEnWhEtFwUPHkWI="},"lastRemoteEphemeralKey":"BS1REoclyI/l9PpGSz7uwncNrwREbI8n1keiFkdbPmIC","previousCounter":0,"rootKey":"BxZ7JRadEe76I7PPCtfoHPb6rMWbu8zsSd6bvMbmo0E="},"indexInfo":{"baseKey":"BXhdrLFhFT+YFrVsrugXTs28OBDvJK8ble3PMOrzxlkK","baseKeyType":1,"closed":1703161097061,"used":1703161081058,"created":1703161081058,"remoteIdentityKey":"BVECk7Ea/aYnLPuu6VwcoTYrpU94HaYoetgXMbUr6nA7"},"_chains":{"BaY5AxGZMqqAnVWyCNYivq530JZlu4wfT9M2GkA5smNs":{"chainKey":{"counter":3,"key":"woImeOgtE52KLtApu4mun9HdByzjuJzKIxFYtv+AP04="},"chainType":1,"messageKeys":{}}},"pendingPreKey":{"signedKeyId":1,"baseKey":"BXhdrLFhFT+YFrVsrugXTs28OBDvJK8ble3PMOrzxlkK","preKeyId":72}},"BeTIebhKCRxyqkJGEzaqHif3uPiWCpBC9ZN9vm9yQIRo":{"registrationId":15,"currentRatchet":{"ephemeralKeyPair":{"pubKey":"BdpBSQLKlQ7LOX2ln/5F9HKSKyfcqk//v0vmLu+CslYP","privKey":"AIlSGEsYhO7b1I5NsTSJG6gCvLLjishX9R37GQBB9WY="},"lastRemoteEphemeralKey":"BS1REoclyI/l9PpGSz7uwncNrwREbI8n1keiFkdbPmIC","previousCounter":0,"rootKey":"iOpigiy9kPjnO60QavTUd6mfPiX//H6ub4T/uRebcwo="},"indexInfo":{"baseKey":"BeTIebhKCRxyqkJGEzaqHif3uPiWCpBC9ZN9vm9yQIRo","baseKeyType":1,"closed":1703161125573,"used":1703161096858,"created":1703161096858,"remoteIdentityKey":"BVECk7Ea/aYnLPuu6VwcoTYrpU94HaYoetgXMbUr6nA7"},"_chains":{"BdpBSQLKlQ7LOX2ln/5F9HKSKyfcqk//v0vmLu+CslYP":{"chainKey":{"counter":10,"key":"nA/agJzwRrZr4ZHGAXYeGhPAck8rZ0cG+UotYLLeuPI="},"chainType":1,"messageKeys":{}}},"pendingPreKey":{"signedKeyId":1,"baseKey":"BeTIebhKCRxyqkJGEzaqHif3uPiWCpBC9ZN9vm9yQIRo","preKeyId":83}},"BVaAy7Q1OC3n4F0w/bz5jfC5OHQpj/ZwLM5+qqjzH9Yn":{"registrationId":15,"currentRatchet":{"ephemeralKeyPair":{"pubKey":"Be3pcNL2eU+fYtj7QCjalzNw8PXRTqqLsw/gfEeDmyY1","privKey":"OEMuQ2Sg4J64BVaH8TJrRIVvoWSOyn9q+r15J2rRv1M="},"lastRemoteEphemeralKey":"BS1REoclyI/l9PpGSz7uwncNrwREbI8n1keiFkdbPmIC","previousCounter":0,"rootKey":"VEuhYOefEPyKj+RGYzZejjEweHaKFMsfdKy6/amPMPM="},"indexInfo":{"baseKey":"BVaAy7Q1OC3n4F0w/bz5jfC5OHQpj/ZwLM5+qqjzH9Yn","baseKeyType":1,"closed":1703161140378,"used":1703161125275,"created":1703161125275,"remoteIdentityKey":"BVECk7Ea/aYnLPuu6VwcoTYrpU94HaYoetgXMbUr6nA7"},"_chains":{"Be3pcNL2eU+fYtj7QCjalzNw8PXRTqqLsw/gfEeDmyY1":{"chainKey":{"counter":11,"key":"MkqZvdN2vrT9YvV9Raj6tAH4q8diZcAhx4b2f4eM5TI="},"chainType":1,"messageKeys":{}}},"pendingPreKey":{"signedKeyId":1,"baseKey":"BVaAy7Q1OC3n4F0w/bz5jfC5OHQpj/ZwLM5+qqjzH9Yn","preKeyId":75}},"BV+wROjATacMGg7Wv4lWXR/IXXjYOE2NIvbaFFuJGT1D":{"registrationId":15,"currentRatchet":{"ephemeralKeyPair":{"pubKey":"BaJXNF26MQ5vx+foVvlgIhKLrVMm8zyJgeSqzApVm10f","privKey":"6P+/ptV2mawMl95En/4d8oIhmj57ywTSuXMdzvX4L3Y="},"lastRemoteEphemeralKey":"BS1REoclyI/l9PpGSz7uwncNrwREbI8n1keiFkdbPmIC","previousCounter":0,"rootKey":"kiSUSGKCiLRfmEVRMhllPLlUn0M2XBkh+rbixm9bz38="},"indexInfo":{"baseKey":"BV+wROjATacMGg7Wv4lWXR/IXXjYOE2NIvbaFFuJGT1D","baseKeyType":1,"closed":-1,"used":1703161140362,"created":1703161140362,"remoteIdentityKey":"BVECk7Ea/aYnLPuu6VwcoTYrpU94HaYoetgXMbUr6nA7"},"_chains":{"BaJXNF26MQ5vx+foVvlgIhKLrVMm8zyJgeSqzApVm10f":{"chainKey":{"counter":11,"key":"ASLU1omm+IJ7S4cjsN0CP56A6auYjLJmCiZYoHSdPn4="},"chainType":1,"messageKeys":{}}},"pendingPreKey":{"signedKeyId":1,"baseKey":"BV+wROjATacMGg7Wv4lWXR/IXXjYOE2NIvbaFFuJGT1D","preKeyId":62}}},"version":"v1"}