{"_sessions":{"BbB7NdZzr45Zv9RoWN1Wv0oaW01bcZvIfnh9CjxlCpsp":{"registrationId":1337338738,"currentRatchet":{"ephemeralKeyPair":{"pubKey":"BSHZd9x0fIHVBj/31dFQZNJ9VzQl6DLXhSPZA6FslaQK","privKey":"OMi0y+hUBUoEJknUt7DkPBNbccS+S/sMusRyaHUXk38="},"lastRemoteEphemeralKey":"BRMgLV89uG1wDNrg2+FZCB22K/icrH5NPCUoVTP9jXYO","previousCounter":0,"rootKey":"ztlFVv+/MXP0ctkrfg7nb7rC+6XfSNIY/d6vP86LM0k="},"indexInfo":{"baseKey":"BbB7NdZzr45Zv9RoWN1Wv0oaW01bcZvIfnh9CjxlCpsp","baseKeyType":1,"closed":-1,"used":1703200146936,"created":1703200145075,"remoteIdentityKey":"BUARPQyPMnb7cLYFN5Bnwt5NklIqNRzolOym/fjH7adK"},"_chains":{"BRMgLV89uG1wDNrg2+FZCB22K/icrH5NPCUoVTP9jXYO":{"chainKey":{"counter":0,"key":"PTw5Xl/7G2iVD0CKFMfPmnQbrJ9XA6lqU6N56JB/Qy4="},"chainType":2,"messageKeys":{}},"BSHZd9x0fIHVBj/31dFQZNJ9VzQl6DLXhSPZA6FslaQK":{"chainKey":{"counter":214,"key":"nKXmOLJNok0hbAafKpHkz2iLXssIEkyXuTuRuMxcHWQ="},"chainType":1,"messageKeys":{}}}}},"version":"v1"}