{"_sessions":{"BU4TUnkxryYPcB22JtveBumHbYO2dwUEql8aD0WNjl8K":{"registrationId":1446601513,"currentRatchet":{"ephemeralKeyPair":{"pubKey":"Bfg+JIIxijAdCPP0cc5xihe5PLtHRtt1uw+PUMwSDQxj","privKey":"6JhNUkw81fZZXK4SYxIfQZRjJv7zusJzrs405MglMHQ="},"lastRemoteEphemeralKey":"BY3grw0/22o7RAfytIjNpFmjFtEYEvR2oODTSThRfUsR","previousCounter":0,"rootKey":"OYwSVJYnr1t+BN5KO8UFXGvizae8QWLdP8qbtN9vqRE="},"indexInfo":{"baseKey":"BU4TUnkxryYPcB22JtveBumHbYO2dwUEql8aD0WNjl8K","baseKeyType":2,"closed":-1,"used":1703227448149,"created":1703227448149,"remoteIdentityKey":"BR95TrFhQBM/VrsgR5vtitocvGd1HbbYDUv/HkzJev9d"},"_chains":{"BY3grw0/22o7RAfytIjNpFmjFtEYEvR2oODTSThRfUsR":{"chainKey":{"counter":0,"key":"A541fLvGJnnf3amj5VC/agRUA+JiD1BYwuNaEbCEXrE="},"chainType":2,"messageKeys":{}},"Bfg+JIIxijAdCPP0cc5xihe5PLtHRtt1uw+PUMwSDQxj":{"chainKey":{"counter":-1,"key":"taB+T1B3Q4PYMyQSCrQGikQckoDlPyfSBcjcAB9mCsw="},"chainType":1,"messageKeys":{}}}}},"version":"v1"}