{"_sessions":{"BXmFtg/BuD2Jodn1jtyg7+ttQo0xmBEF4AKp1YLP+Pgg":{"registrationId":47,"currentRatchet":{"ephemeralKeyPair":{"pubKey":"BQLC0N4qXofELRvxU5zpHGrpxksM2BKRLHuEYzx26nlj","privKey":"+IvWSR4oP6s2GmlnbRRpTVOYXc802QiedFzjpe+9NWE="},"lastRemoteEphemeralKey":"Bd6wFodQxFVHWl3SJqTseigerzJt2AZCb4krprOIh+gy","previousCounter":0,"rootKey":"9JSiMTvFRtMHsrT+Ryi+Qgfzy6QP97XVGKb2WGkgnco="},"indexInfo":{"baseKey":"BXmFtg/BuD2Jodn1jtyg7+ttQo0xmBEF4AKp1YLP+Pgg","baseKeyType":1,"closed":-1,"used":1703192541181,"created":1703192541181,"remoteIdentityKey":"BecnGpMBJWlM2NEDiAcwqv4AmKIlAlcdT4F/AWnwSyQd"},"_chains":{"BQLC0N4qXofELRvxU5zpHGrpxksM2BKRLHuEYzx26nlj":{"chainKey":{"counter":50,"key":"kPof0ygn2w9130zRuba6G0ABbsYIMlpxM3pKeKbybFg="},"chainType":1,"messageKeys":{}}},"pendingPreKey":{"signedKeyId":1,"baseKey":"BXmFtg/BuD2Jodn1jtyg7+ttQo0xmBEF4AKp1YLP+Pgg"}}},"version":"v1"}