{"_sessions":{"BWb7GMDmacFL9LO/uQ+4jqpkabtH1fvTGkJVRHRnHmwp":{"registrationId":252829115,"currentRatchet":{"ephemeralKeyPair":{"pubKey":"BfHO0noimAPLKdx43eiYiJQUNIkYRZOwXuyN3cQr2kRs","privKey":"uJrmdNVSWT2aiGlF/WfZKkhWsoJ2YJbIrCBUTUCgfGA="},"lastRemoteEphemeralKey":"BSq+3p3xyKr6uEqPfY+AexSioROtYaISahCcshgzuOJB","previousCounter":0,"rootKey":"iE2bVVG3CDBfE67j4yH6zRfh53q2t6fxSnd3COtX6fI="},"indexInfo":{"baseKey":"BWb7GMDmacFL9LO/uQ+4jqpkabtH1fvTGkJVRHRnHmwp","baseKeyType":2,"closed":-1,"used":1703313125610,"created":1703313125610,"remoteIdentityKey":"BV3bWCQbGinxZQ6+M1f8bdGSZVOd8CaHHPEKmaZpdYZX"},"_chains":{"BSq+3p3xyKr6uEqPfY+AexSioROtYaISahCcshgzuOJB":{"chainKey":{"counter":1,"key":"vqKKHhBqCIpxvK1Sz4+Wsl1iab2+w2ifbhlO9Kb8AEk="},"chainType":2,"messageKeys":{"0":"bK+D5oHYD3PHevoFx17z3yJhIwwcxfA1/pnyyA/Ie6A="}},"BfHO0noimAPLKdx43eiYiJQUNIkYRZOwXuyN3cQr2kRs":{"chainKey":{"counter":-1,"key":"BP83wrL/WgiOc/Yoh518vXrE3zDkVa1YlBtcSHLH2AA="},"chainType":1,"messageKeys":{}}}}},"version":"v1"}