{"_sessions":{"BYGNyhvl0ZTOUV7poGzscx5Yh3Lz0Dzb5PyyiwiKH0s0":{"registrationId":9765,"currentRatchet":{"ephemeralKeyPair":{"pubKey":"BaZ1PA7MztqO3BnISt/Kmng8c562PqfkNjW10isSW1kB","privKey":"YCoOsOPfVGQ/mt6Z6ujUzG1+mRkFKu2B8qMZRD/1rFc="},"lastRemoteEphemeralKey":"BXBG7IqiskMfgY0p+W6hq61XsZMwhT/YszfgZshjfu1n","previousCounter":0,"rootKey":"vuoB+rvSw/hT1o3f/33lHP7kYaHxSYuTbD1ImDxU8ik="},"indexInfo":{"baseKey":"BYGNyhvl0ZTOUV7poGzscx5Yh3Lz0Dzb5PyyiwiKH0s0","baseKeyType":1,"closed":1703149110504,"used":1703149014577,"created":1703149014577,"remoteIdentityKey":"BeHoIKqNriMWTC1KShKEOwdzADeWMF0hRJ6RcQ7dIEpb"},"_chains":{"BaZ1PA7MztqO3BnISt/Kmng8c562PqfkNjW10isSW1kB":{"chainKey":{"counter":102,"key":"ArCgCg412In2nBk8pDFV/IhauwOaisVgIO12YhxEEWs="},"chainType":1,"messageKeys":{}}},"pendingPreKey":{"signedKeyId":1,"baseKey":"BYGNyhvl0ZTOUV7poGzscx5Yh3Lz0Dzb5PyyiwiKH0s0"}},"BVg9x9uEwxV3p7ROikskJhgy6cwN5jydT6wlK9bbCx9C":{"registrationId":9765,"currentRatchet":{"ephemeralKeyPair":{"pubKey":"Bfr35DKmyDNQrkDAvbEOol336UTA9PLx9NcBvsTesMt5","privKey":"QB9/vJY20kz8gYPQcwzopwdKndB+q6fO8RRIqHQsFE4="},"lastRemoteEphemeralKey":"BXBG7IqiskMfgY0p+W6hq61XsZMwhT/YszfgZshjfu1n","previousCounter":0,"rootKey":"rBCf3RDLKMMa4rNBoyVb0ZbxF1m/1nWJSwkGNK6GPUM="},"indexInfo":{"baseKey":"BVg9x9uEwxV3p7ROikskJhgy6cwN5jydT6wlK9bbCx9C","baseKeyType":1,"closed":1703149110515,"used":1703149110188,"created":1703149110188,"remoteIdentityKey":"BeHoIKqNriMWTC1KShKEOwdzADeWMF0hRJ6RcQ7dIEpb"},"_chains":{"Bfr35DKmyDNQrkDAvbEOol336UTA9PLx9NcBvsTesMt5":{"chainKey":{"counter":-1,"key":"gNFPQckdKWULzjQq6vMYQq1LnIm/OeBWhtVJCY7cLwY="},"chainType":1,"messageKeys":{}}},"pendingPreKey":{"signedKeyId":1,"baseKey":"BVg9x9uEwxV3p7ROikskJhgy6cwN5jydT6wlK9bbCx9C"}},"BXR9LVxe5NZzU/Ohgc+AHB+0Co7dge6e8KBdBY1g6Y9F":{"registrationId":9765,"currentRatchet":{"ephemeralKeyPair":{"pubKey":"BZ819uYD+B5reZYuAQg4mcWBHAESAE6G0Xj6mB20B3Qe","privKey":"iMcq0egAbL3MrISWKf/fWyLRpnDeE9kGmk8tXzaRMUk="},"lastRemoteEphemeralKey":"BXBG7IqiskMfgY0p+W6hq61XsZMwhT/YszfgZshjfu1n","previousCounter":0,"rootKey":"kkMjKwuBarN3re5T29TOZovH9EPkPcT2OCPdyUB+yhg="},"indexInfo":{"baseKey":"BXR9LVxe5NZzU/Ohgc+AHB+0Co7dge6e8KBdBY1g6Y9F","baseKeyType":1,"closed":1703149110525,"used":1703149110515,"created":1703149110515,"remoteIdentityKey":"BeHoIKqNriMWTC1KShKEOwdzADeWMF0hRJ6RcQ7dIEpb"},"_chains":{"BZ819uYD+B5reZYuAQg4mcWBHAESAE6G0Xj6mB20B3Qe":{"chainKey":{"counter":-1,"key":"A6TP57lv2jyl9Wlvi2LtJ2JhrVqiu5bWVlaldkKBqro="},"chainType":1,"messageKeys":{}}},"pendingPreKey":{"signedKeyId":1,"baseKey":"BXR9LVxe5NZzU/Ohgc+AHB+0Co7dge6e8KBdBY1g6Y9F"}},"Bds2zPnpzJRmcF04J+3t2ewygzrklcgNaAPDth4a2Nxk":{"registrationId":9765,"currentRatchet":{"ephemeralKeyPair":{"pubKey":"BYVTocWOLN6NFfafhohuiQpUZjwOJp1xAS5Eb0YEXKB7","privKey":"yEP6J5cYZytv2pLGlm5rDVJkVKK5/Vftzfqyuoq7L1k="},"lastRemoteEphemeralKey":"BXBG7IqiskMfgY0p+W6hq61XsZMwhT/YszfgZshjfu1n","previousCounter":0,"rootKey":"5LjKBISRD+fjdfUO0QhtRR3hKi5FcxVD0B2KwaOcy8M="},"indexInfo":{"baseKey":"Bds2zPnpzJRmcF04J+3t2ewygzrklcgNaAPDth4a2Nxk","baseKeyType":1,"closed":1703149154983,"used":1703149110525,"created":1703149110525,"remoteIdentityKey":"BeHoIKqNriMWTC1KShKEOwdzADeWMF0hRJ6RcQ7dIEpb"},"_chains":{"BYVTocWOLN6NFfafhohuiQpUZjwOJp1xAS5Eb0YEXKB7":{"chainKey":{"counter":60,"key":"Bb2Oc14x4Bv4UZi8g7wKfuqwKzqqHv4fxW3CTJWCqJU="},"chainType":1,"messageKeys":{}}},"pendingPreKey":{"signedKeyId":1,"baseKey":"Bds2zPnpzJRmcF04J+3t2ewygzrklcgNaAPDth4a2Nxk"}},"BVIk4gzvvA/75IZJGLdpdR276Y7AcYLpR1Z0A2GHZp8N":{"registrationId":9765,"currentRatchet":{"ephemeralKeyPair":{"pubKey":"BeRP2J8dnu6VfXlvIPQ+f5IQk1Qa/6quMxH9XQCP6kQ1","privKey":"sJYqZHBgk/OXTggkI+e+o+yl4T0mfVIUTn+juOfnS1Y="},"lastRemoteEphemeralKey":"BXBG7IqiskMfgY0p+W6hq61XsZMwhT/YszfgZshjfu1n","previousCounter":0,"rootKey":"sHXEG9pIr1wD2gp3zOsnAQFZyJ1dUDnT99QuaTUD1rw="},"indexInfo":{"baseKey":"BVIk4gzvvA/75IZJGLdpdR276Y7AcYLpR1Z0A2GHZp8N","baseKeyType":1,"closed":1703149154997,"used":1703149154713,"created":1703149154713,"remoteIdentityKey":"BeHoIKqNriMWTC1KShKEOwdzADeWMF0hRJ6RcQ7dIEpb"},"_chains":{"BeRP2J8dnu6VfXlvIPQ+f5IQk1Qa/6quMxH9XQCP6kQ1":{"chainKey":{"counter":-1,"key":"rZq18NZ+SXbIwlv+mKr8zkJpcamgE8W2pLT0r2QVBLk="},"chainType":1,"messageKeys":{}}},"pendingPreKey":{"signedKeyId":1,"baseKey":"BVIk4gzvvA/75IZJGLdpdR276Y7AcYLpR1Z0A2GHZp8N"}},"BUYvizXr2IbIEZvnirs1fkaWyrjgtVKLYQVe8NvzSipP":{"registrationId":9765,"currentRatchet":{"ephemeralKeyPair":{"pubKey":"BYEwYfDrjabCAdECp9Wf8rHeRmF6veLwkK7t2UpuXh13","privKey":"uObV+ASp64MDQk+OugNR8E1hI9gBS5ajt/WGk5tQyEg="},"lastRemoteEphemeralKey":"BXBG7IqiskMfgY0p+W6hq61XsZMwhT/YszfgZshjfu1n","previousCounter":0,"rootKey":"zB8HTY17wMRZxVLyz026J9NwRKXMSn6QwjyX3LMlaUc="},"indexInfo":{"baseKey":"BUYvizXr2IbIEZvnirs1fkaWyrjgtVKLYQVe8NvzSipP","baseKeyType":1,"closed":1703149155010,"used":1703149154997,"created":1703149154997,"remoteIdentityKey":"BeHoIKqNriMWTC1KShKEOwdzADeWMF0hRJ6RcQ7dIEpb"},"_chains":{"BYEwYfDrjabCAdECp9Wf8rHeRmF6veLwkK7t2UpuXh13":{"chainKey":{"counter":-1,"key":"mn3NcOvj9fletIB8BX7ILkrR7s9BtM1O3s45qGa24Ik="},"chainType":1,"messageKeys":{}}},"pendingPreKey":{"signedKeyId":1,"baseKey":"BUYvizXr2IbIEZvnirs1fkaWyrjgtVKLYQVe8NvzSipP"}},"BeDQNiZJO9lnpbR+VBx5JSkKEYSN23TCwnTZnDebeT8o":{"registrationId":9765,"currentRatchet":{"ephemeralKeyPair":{"pubKey":"BaA4tsLB/hY5aU969UsBKU1UHQgnkt8xg8CA9X16s5RR","privKey":"wITHVXYQCh/qxlqjnLhD0iUZy+iLsvmWwPj4vlhwxU8="},"lastRemoteEphemeralKey":"BXBG7IqiskMfgY0p+W6hq61XsZMwhT/YszfgZshjfu1n","previousCounter":0,"rootKey":"4GYMsPAtN9iSHzx2iGNtG4pIBc23viTtD9Mz3Ad1Wzc="},"indexInfo":{"baseKey":"BeDQNiZJO9lnpbR+VBx5JSkKEYSN23TCwnTZnDebeT8o","baseKeyType":1,"closed":1703149278271,"used":1703149155009,"created":1703149155009,"remoteIdentityKey":"BeHoIKqNriMWTC1KShKEOwdzADeWMF0hRJ6RcQ7dIEpb"},"_chains":{"BaA4tsLB/hY5aU969UsBKU1UHQgnkt8xg8CA9X16s5RR":{"chainKey":{"counter":108,"key":"yXfMTpyuqIHX9ESPCAKcAXXQY3uO3C2a81WRcHY92hE="},"chainType":1,"messageKeys":{}}},"pendingPreKey":{"signedKeyId":1,"baseKey":"BeDQNiZJO9lnpbR+VBx5JSkKEYSN23TCwnTZnDebeT8o"}},"BegmnFRTCui29Zqng1SwqRf2dr3/LAg6QAIs+zyFhSYj":{"registrationId":9765,"currentRatchet":{"ephemeralKeyPair":{"pubKey":"BamBSeoqMSFiceeRzvA5cYu48EmuzzPMOzyouaN7FR1X","privKey":"WPDz471jSgkSP91qi6XwKM2RD2vYs6ojqA71Q7DYDlY="},"lastRemoteEphemeralKey":"BXBG7IqiskMfgY0p+W6hq61XsZMwhT/YszfgZshjfu1n","previousCounter":0,"rootKey":"Te+Kq/zyATbsnlMu7FTubGCP55taD0pJTzlBzzC5KNI="},"indexInfo":{"baseKey":"BegmnFRTCui29Zqng1SwqRf2dr3/LAg6QAIs+zyFhSYj","baseKeyType":1,"closed":1703149279083,"used":1703149278093,"created":1703149278093,"remoteIdentityKey":"BeHoIKqNriMWTC1KShKEOwdzADeWMF0hRJ6RcQ7dIEpb"},"_chains":{"BamBSeoqMSFiceeRzvA5cYu48EmuzzPMOzyouaN7FR1X":{"chainKey":{"counter":-1,"key":"iZ22BAK9jRjYPq4AMmyATfjXMaFshf85HOTkWeyIVPs="},"chainType":1,"messageKeys":{}}},"pendingPreKey":{"signedKeyId":1,"baseKey":"BegmnFRTCui29Zqng1SwqRf2dr3/LAg6QAIs+zyFhSYj"}},"BXClgkQx5yqPp/brnYh5RXjzyafh6vQ75BqApHSxkv4w":{"registrationId":9765,"currentRatchet":{"ephemeralKeyPair":{"pubKey":"BWOTDW+YKNoupwakEWebuA+9LpDyhjXsVG5fkWumzlZ3","privKey":"ECHX0wGAuafuyVnfyq28a+b/uUVHeL5DJ6WBkqJBWlw="},"lastRemoteEphemeralKey":"BXBG7IqiskMfgY0p+W6hq61XsZMwhT/YszfgZshjfu1n","previousCounter":0,"rootKey":"8EYHCxFfQ2bjv3BWwOBk5k0ZeyZG5wQPOlg8kRToIMs="},"indexInfo":{"baseKey":"BXClgkQx5yqPp/brnYh5RXjzyafh6vQ75BqApHSxkv4w","baseKeyType":1,"closed":1703149279169,"used":1703149278393,"created":1703149278393,"remoteIdentityKey":"BeHoIKqNriMWTC1KShKEOwdzADeWMF0hRJ6RcQ7dIEpb"},"_chains":{"BWOTDW+YKNoupwakEWebuA+9LpDyhjXsVG5fkWumzlZ3":{"chainKey":{"counter":-1,"key":"F8jyJjVVfvE7G9RRWPAz1QxKN3dwAoVX+N6cHFTapkM="},"chainType":1,"messageKeys":{}}},"pendingPreKey":{"signedKeyId":1,"baseKey":"BXClgkQx5yqPp/brnYh5RXjzyafh6vQ75BqApHSxkv4w"}},"BaJ5WV3f0rrsa5wkuHs6BT6fjrHaWfcc6JRpZmBXGS9M":{"registrationId":9765,"currentRatchet":{"ephemeralKeyPair":{"pubKey":"BR6ZB9bJUc3VGDC9XjAQznggzZ+cukUV3W/R5k9QstsT","privKey":"iEtkj0w6t3o9bi8pXBVyQaRG3Dw99wT7OtDvtu3LX1Q="},"lastRemoteEphemeralKey":"BXBG7IqiskMfgY0p+W6hq61XsZMwhT/YszfgZshjfu1n","previousCounter":0,"rootKey":"ZfRgX1EMr0N/c4TTzxgRV/FS5DL63Ut7M0Xs1jau4ug="},"indexInfo":{"baseKey":"BaJ5WV3f0rrsa5wkuHs6BT6fjrHaWfcc6JRpZmBXGS9M","baseKeyType":1,"closed":1703149279273,"used":1703149279168,"created":1703149279168,"remoteIdentityKey":"BeHoIKqNriMWTC1KShKEOwdzADeWMF0hRJ6RcQ7dIEpb"},"_chains":{"BR6ZB9bJUc3VGDC9XjAQznggzZ+cukUV3W/R5k9QstsT":{"chainKey":{"counter":-1,"key":"st8v7MbVNG2WGGlNMNCSJZ6ysPWtpR7zwRWuFUXdHN4="},"chainType":1,"messageKeys":{}}},"pendingPreKey":{"signedKeyId":1,"baseKey":"BaJ5WV3f0rrsa5wkuHs6BT6fjrHaWfcc6JRpZmBXGS9M"}},"BW7boujDGuF6gDARMO6Q5V7M2KmayxAJR7F+3+Lpy9Bq":{"registrationId":9765,"currentRatchet":{"ephemeralKeyPair":{"pubKey":"BcNG2RtkZ88IuGrPdUineWNUzYr0Gdaox7SloAEoQLYk","privKey":"gHkLt1c8hDEzdbYAvHCx5h3l6ocfeP+FAi2o3GarAWo="},"lastRemoteEphemeralKey":"BXBG7IqiskMfgY0p+W6hq61XsZMwhT/YszfgZshjfu1n","previousCounter":0,"rootKey":"R/ur5fwBdo8HCrecdryLObCOwhU6Sdi+QPkb0PkWMk8="},"indexInfo":{"baseKey":"BW7boujDGuF6gDARMO6Q5V7M2KmayxAJR7F+3+Lpy9Bq","baseKeyType":1,"closed":1703149279466,"used":1703149279272,"created":1703149279272,"remoteIdentityKey":"BeHoIKqNriMWTC1KShKEOwdzADeWMF0hRJ6RcQ7dIEpb"},"_chains":{"BcNG2RtkZ88IuGrPdUineWNUzYr0Gdaox7SloAEoQLYk":{"chainKey":{"counter":-1,"key":"I4O2HnYCfZ5lUrhbCn5GfXBYJzNT+4bseyyEFaAVTCM="},"chainType":1,"messageKeys":{}}},"pendingPreKey":{"signedKeyId":1,"baseKey":"BW7boujDGuF6gDARMO6Q5V7M2KmayxAJR7F+3+Lpy9Bq"}},"BbEoB8BSAA2l/Zr9h4bNymmIhpeJargo2kbQfoA7c40z":{"registrationId":9765,"currentRatchet":{"ephemeralKeyPair":{"pubKey":"BaBy0CByX/50uivZHVoe3889KLvgK5G1ewg6DC8rn+Bb","privKey":"UGXQDWuE0l4uiBSR3MRG9wLOhhFdfz2d98wBQWuznVU="},"lastRemoteEphemeralKey":"BXBG7IqiskMfgY0p+W6hq61XsZMwhT/YszfgZshjfu1n","previousCounter":0,"rootKey":"8hl1h0RUZpoptDz6fqvywXLRD+T/Ebkm1pddLG0q9QM="},"indexInfo":{"baseKey":"BbEoB8BSAA2l/Zr9h4bNymmIhpeJargo2kbQfoA7c40z","baseKeyType":1,"closed":1703149279594,"used":1703149279463,"created":1703149279463,"remoteIdentityKey":"BeHoIKqNriMWTC1KShKEOwdzADeWMF0hRJ6RcQ7dIEpb"},"_chains":{"BaBy0CByX/50uivZHVoe3889KLvgK5G1ewg6DC8rn+Bb":{"chainKey":{"counter":-1,"key":"MtkI/dOKufkGXXgydm8XtvJ4+7Lzozu5zAwomHJVSsA="},"chainType":1,"messageKeys":{}}},"pendingPreKey":{"signedKeyId":1,"baseKey":"BbEoB8BSAA2l/Zr9h4bNymmIhpeJargo2kbQfoA7c40z"}},"BVLF5jxALDJMm4RFmQYB33NxiAVk8poeQf6sULrOc1Ft":{"registrationId":9765,"currentRatchet":{"ephemeralKeyPair":{"pubKey":"BShduEhn7Bao50l/Lv5ZaTyR47Mhkl3Brh3jfN4tVQ52","privKey":"uA0/qv/4S58PqcwtGXTiWu7nKu/z1VeJwW4qdxhxHEw="},"lastRemoteEphemeralKey":"BXBG7IqiskMfgY0p+W6hq61XsZMwhT/YszfgZshjfu1n","previousCounter":0,"rootKey":"yFRsUVEDlR80C2r35/J41Ki2dUQi/2zmk77S9AjXZt4="},"indexInfo":{"baseKey":"BVLF5jxALDJMm4RFmQYB33NxiAVk8poeQf6sULrOc1Ft","baseKeyType":1,"closed":1703149279662,"used":1703149279585,"created":1703149279585,"remoteIdentityKey":"BeHoIKqNriMWTC1KShKEOwdzADeWMF0hRJ6RcQ7dIEpb"},"_chains":{"BShduEhn7Bao50l/Lv5ZaTyR47Mhkl3Brh3jfN4tVQ52":{"chainKey":{"counter":-1,"key":"bWiNE1cglyO6p7ZdBwm7gTtivJkfPwvffrW05O+Vnkk="},"chainType":1,"messageKeys":{}}},"pendingPreKey":{"signedKeyId":1,"baseKey":"BVLF5jxALDJMm4RFmQYB33NxiAVk8poeQf6sULrOc1Ft"}},"BcEyZ77xDJdFteuA5wpfkckn+MWE3FPsXlbDEXCDvcR5":{"registrationId":9765,"currentRatchet":{"ephemeralKeyPair":{"pubKey":"BSieRSR7FU0uAp5VoYZpNMgp3NYmkK4jAZBT3kMBKNo7","privKey":"2A4vAczlDBQJ0qxtkKBi5HyYrEDdj2W7uNDQg/BklV8="},"lastRemoteEphemeralKey":"BXBG7IqiskMfgY0p+W6hq61XsZMwhT/YszfgZshjfu1n","previousCounter":0,"rootKey":"6tdehGwbcjyePqf+bGj7RU5vWbSvlzI2ACqCzDc5oqk="},"indexInfo":{"baseKey":"BcEyZ77xDJdFteuA5wpfkckn+MWE3FPsXlbDEXCDvcR5","baseKeyType":1,"closed":1703149279686,"used":1703149279619,"created":1703149279619,"remoteIdentityKey":"BeHoIKqNriMWTC1KShKEOwdzADeWMF0hRJ6RcQ7dIEpb"},"_chains":{"BSieRSR7FU0uAp5VoYZpNMgp3NYmkK4jAZBT3kMBKNo7":{"chainKey":{"counter":-1,"key":"UYHaOLhPzV4RF6uPMjDfR81z0Ia+T/B5AAE0wJ7j23s="},"chainType":1,"messageKeys":{}}},"pendingPreKey":{"signedKeyId":1,"baseKey":"BcEyZ77xDJdFteuA5wpfkckn+MWE3FPsXlbDEXCDvcR5"}},"Bfy7N0OUIgZhx31DBQ5zUBc8b8Byb6znXCSmjZv11qF8":{"registrationId":9765,"currentRatchet":{"ephemeralKeyPair":{"pubKey":"BQfVSt0BmqNaqyYS54L/ce8ZYsX7n5SEuNSw+qeXFxZz","privKey":"qFjYFQN3oAU5CbTEWQv740Pg2PfbynVEIarrq5iggUc="},"lastRemoteEphemeralKey":"BXBG7IqiskMfgY0p+W6hq61XsZMwhT/YszfgZshjfu1n","previousCounter":0,"rootKey":"Yvx4VS1q/WxF8IPEXkqbqYCHU+b6CRV5cMdqHngK2NM="},"indexInfo":{"baseKey":"Bfy7N0OUIgZhx31DBQ5zUBc8b8Byb6znXCSmjZv11qF8","baseKeyType":1,"closed":1703149372287,"used":1703149279685,"created":1703149279685,"remoteIdentityKey":"BeHoIKqNriMWTC1KShKEOwdzADeWMF0hRJ6RcQ7dIEpb"},"_chains":{"BQfVSt0BmqNaqyYS54L/ce8ZYsX7n5SEuNSw+qeXFxZz":{"chainKey":{"counter":135,"key":"tZZwEjzEoOj3aDoH7+IuXw+wZgxNQ1GG+eMSPj31nKM="},"chainType":1,"messageKeys":{}}},"pendingPreKey":{"signedKeyId":1,"baseKey":"Bfy7N0OUIgZhx31DBQ5zUBc8b8Byb6znXCSmjZv11qF8"}},"BW0ZbZ3IItzP8f3MfB1ujIRNTrQIKO6sk0R2pm5kajcI":{"registrationId":9765,"currentRatchet":{"ephemeralKeyPair":{"pubKey":"BX8HR/EiAE64L5+h9ttWrjKasGEG/gpd/S6uxdssT3Yu","privKey":"SBV2XDstZaQhMbAV94QJPnEzp5eMMcl5sBnZ2JWBuGE="},"lastRemoteEphemeralKey":"BXBG7IqiskMfgY0p+W6hq61XsZMwhT/YszfgZshjfu1n","previousCounter":0,"rootKey":"UhM5LCJU1Im8b7TuFm4h8r7Duuq7Jr0IWGi4SBJwT0c="},"indexInfo":{"baseKey":"BW0ZbZ3IItzP8f3MfB1ujIRNTrQIKO6sk0R2pm5kajcI","baseKeyType":1,"closed":1703149419607,"used":1703149372185,"created":1703149372185,"remoteIdentityKey":"BeHoIKqNriMWTC1KShKEOwdzADeWMF0hRJ6RcQ7dIEpb"},"_chains":{"BX8HR/EiAE64L5+h9ttWrjKasGEG/gpd/S6uxdssT3Yu":{"chainKey":{"counter":80,"key":"3stik4gfGu0U1Q9KMbXLjWGJI9tIXiU9SgHNqjR2Wuk="},"chainType":1,"messageKeys":{}}},"pendingPreKey":{"signedKeyId":1,"baseKey":"BW0ZbZ3IItzP8f3MfB1ujIRNTrQIKO6sk0R2pm5kajcI"}},"BXdHt3Rv835YSpfvrqepKucR5oabGDDJJD9WObiT265m":{"registrationId":9765,"currentRatchet":{"ephemeralKeyPair":{"pubKey":"BZvn5oyPSvvY4LQaYZHrNiyNGmvMjPVOYbJnKP0RODMs","privKey":"gCP3oxhlWp5aJjNVGb+i55HyYt/+d3iJgnLTAh/ddXA="},"lastRemoteEphemeralKey":"BXBG7IqiskMfgY0p+W6hq61XsZMwhT/YszfgZshjfu1n","previousCounter":0,"rootKey":"lFOAhpWr6yLA2e/yC7Bdwn6QGB8Ap0ddLzWEfweENJ8="},"indexInfo":{"baseKey":"BXdHt3Rv835YSpfvrqepKucR5oabGDDJJD9WObiT265m","baseKeyType":1,"closed":1703149419909,"used":1703149419582,"created":1703149419582,"remoteIdentityKey":"BeHoIKqNriMWTC1KShKEOwdzADeWMF0hRJ6RcQ7dIEpb"},"_chains":{"BZvn5oyPSvvY4LQaYZHrNiyNGmvMjPVOYbJnKP0RODMs":{"chainKey":{"counter":-1,"key":"wE533LHf76dNmOuAhygJYHqZ8ETOPikfnbhDx0hJFXg="},"chainType":1,"messageKeys":{}}},"pendingPreKey":{"signedKeyId":1,"baseKey":"BXdHt3Rv835YSpfvrqepKucR5oabGDDJJD9WObiT265m"}},"BbItUIud+1UuIQ/fXCabYqJkXafWqoZCn8A35TMiSdMV":{"registrationId":9765,"currentRatchet":{"ephemeralKeyPair":{"pubKey":"BUSeNXKuNNTlmFNnYdtVDVdDceATDUPU8iwYUFrZG8dU","privKey":"aH47xEYlCojzC4d4zihgfKGtu7XgHk/l12Gg4avtzkA="},"lastRemoteEphemeralKey":"BXBG7IqiskMfgY0p+W6hq61XsZMwhT/YszfgZshjfu1n","previousCounter":0,"rootKey":"RvsjnyMF2y837RDbJwSud96wY4UsMs+UoBKdPrIY0Ik="},"indexInfo":{"baseKey":"BbItUIud+1UuIQ/fXCabYqJkXafWqoZCn8A35TMiSdMV","baseKeyType":1,"closed":1703149420200,"used":1703149419876,"created":1703149419876,"remoteIdentityKey":"BeHoIKqNriMWTC1KShKEOwdzADeWMF0hRJ6RcQ7dIEpb"},"_chains":{"BUSeNXKuNNTlmFNnYdtVDVdDceATDUPU8iwYUFrZG8dU":{"chainKey":{"counter":-1,"key":"yDxDs87JAurC4/WyovJf3DyACSYjx7TwJgC14uPJ7X0="},"chainType":1,"messageKeys":{}}},"pendingPreKey":{"signedKeyId":1,"baseKey":"BbItUIud+1UuIQ/fXCabYqJkXafWqoZCn8A35TMiSdMV"}},"BWSpiFq0FJoLJwdYwj+R6KQ7DZMclV7phBkKEL53VgY7":{"registrationId":9765,"currentRatchet":{"ephemeralKeyPair":{"pubKey":"BfGAhk8vQvuKrU2/kkEUZywuObMgOfMeWFntHcEo4QBi","privKey":"YM9BHCWJQpgjt2qJIAyG1e4mUMVN9lERDPJNwgGpkk4="},"lastRemoteEphemeralKey":"BXBG7IqiskMfgY0p+W6hq61XsZMwhT/YszfgZshjfu1n","previousCounter":0,"rootKey":"MoxrWxbOuyXiBKG56FQsoSg8T6Hkcs7OsGUok/1LzuY="},"indexInfo":{"baseKey":"BWSpiFq0FJoLJwdYwj+R6KQ7DZMclV7phBkKEL53VgY7","baseKeyType":1,"closed":1703149420363,"used":1703149420152,"created":1703149420152,"remoteIdentityKey":"BeHoIKqNriMWTC1KShKEOwdzADeWMF0hRJ6RcQ7dIEpb"},"_chains":{"BfGAhk8vQvuKrU2/kkEUZywuObMgOfMeWFntHcEo4QBi":{"chainKey":{"counter":-1,"key":"9Cumgw4HSs63SsJdXNd44fCPOHl6DTTLQS5Zkz30l68="},"chainType":1,"messageKeys":{}}},"pendingPreKey":{"signedKeyId":1,"baseKey":"BWSpiFq0FJoLJwdYwj+R6KQ7DZMclV7phBkKEL53VgY7"}},"BS1gzPM69VwajsfRTqPjMcAhrDJURde72vKKpOLKj/Ac":{"registrationId":9765,"currentRatchet":{"ephemeralKeyPair":{"pubKey":"BcPpy99us7a6fZGESyPEWp9kzyvPgTF8QA4cdDfY0PYF","privKey":"IJTDrkQWZG1OJZJCJXmBelKl5t4iGKJZIEOIuCJI4GY="},"lastRemoteEphemeralKey":"BXBG7IqiskMfgY0p+W6hq61XsZMwhT/YszfgZshjfu1n","previousCounter":0,"rootKey":"MKZ5B5rXLLt6xyEMfK0xa6yrNay5fEW37fo0HE7Eb0A="},"indexInfo":{"baseKey":"BS1gzPM69VwajsfRTqPjMcAhrDJURde72vKKpOLKj/Ac","baseKeyType":1,"closed":1703149451093,"used":1703149420316,"created":1703149420316,"remoteIdentityKey":"BeHoIKqNriMWTC1KShKEOwdzADeWMF0hRJ6RcQ7dIEpb"},"_chains":{"BcPpy99us7a6fZGESyPEWp9kzyvPgTF8QA4cdDfY0PYF":{"chainKey":{"counter":55,"key":"xa3Qvahd0ejyhYmDKZIG079osqi3Ic0zFXPYH0yBwDE="},"chainType":1,"messageKeys":{}}},"pendingPreKey":{"signedKeyId":1,"baseKey":"BS1gzPM69VwajsfRTqPjMcAhrDJURde72vKKpOLKj/Ac"}},"BY2D0RhF2xnjbwq3fYHpP3kP/ZJ6/cIiyMuv5CVvpHIj":{"registrationId":9765,"currentRatchet":{"ephemeralKeyPair":{"pubKey":"BdlwrNQJIf6Qvz3UfCBJ8gjNRmKXZo5K7YNdXhq3SyUb","privKey":"sGFtUpfGPnsmY+LOOTM9SSorurRo6LBz7MxdIZO6okk="},"lastRemoteEphemeralKey":"BXBG7IqiskMfgY0p+W6hq61XsZMwhT/YszfgZshjfu1n","previousCounter":0,"rootKey":"jRigalTDbPpzLH4WcGas9or8t2cnC//NNQfXn0Q9wSs="},"indexInfo":{"baseKey":"BY2D0RhF2xnjbwq3fYHpP3kP/ZJ6/cIiyMuv5CVvpHIj","baseKeyType":1,"closed":1703149584294,"used":1703149451086,"created":1703149451086,"remoteIdentityKey":"BeHoIKqNriMWTC1KShKEOwdzADeWMF0hRJ6RcQ7dIEpb"},"_chains":{"BdlwrNQJIf6Qvz3UfCBJ8gjNRmKXZo5K7YNdXhq3SyUb":{"chainKey":{"counter":226,"key":"LOevtG9UR0cQ+nZAcNTfuDt5w9p6WJoIhrB6vD5sVAI="},"chainType":1,"messageKeys":{}}},"pendingPreKey":{"signedKeyId":1,"baseKey":"BY2D0RhF2xnjbwq3fYHpP3kP/ZJ6/cIiyMuv5CVvpHIj"}},"BXyJBBmbcXtYuZ8ONp+/S2dAgN3reLhslfaqDYCcbqkr":{"registrationId":9765,"currentRatchet":{"ephemeralKeyPair":{"pubKey":"BY60IODJ2hu1wF+ZEOo4NsFZ4eR7qbSvaqsIydPmLO5C","privKey":"kMT8MMM22h16zw/z77V3BfATxdBkezH4chj7PThk2WQ="},"lastRemoteEphemeralKey":"BXBG7IqiskMfgY0p+W6hq61XsZMwhT/YszfgZshjfu1n","previousCounter":0,"rootKey":"0oQlGS2hdT9vNaLakR4D60EUZGXwI9cqHOJbYJmERGE="},"indexInfo":{"baseKey":"BXyJBBmbcXtYuZ8ONp+/S2dAgN3reLhslfaqDYCcbqkr","baseKeyType":1,"closed":1703149584473,"used":1703149584265,"created":1703149584265,"remoteIdentityKey":"BeHoIKqNriMWTC1KShKEOwdzADeWMF0hRJ6RcQ7dIEpb"},"_chains":{"BY60IODJ2hu1wF+ZEOo4NsFZ4eR7qbSvaqsIydPmLO5C":{"chainKey":{"counter":-1,"key":"M6BS5n4aK3KYn/IyQ94TPcWRPJBtmHb8SURSgxLt+Vk="},"chainType":1,"messageKeys":{}}},"pendingPreKey":{"signedKeyId":1,"baseKey":"BXyJBBmbcXtYuZ8ONp+/S2dAgN3reLhslfaqDYCcbqkr"}},"BaBASJBAHQcLBoIsM+lpsQyZWfY8tqa0P3xvWl1oBLwR":{"registrationId":9765,"currentRatchet":{"ephemeralKeyPair":{"pubKey":"BWvCSG3uFwcuIegjH+qUeY6bLSI5B/S+2T1RMjADdzoo","privKey":"QM3oE8D2umVgZhL/hqRbnY4fVTFtHPHPAJJMexn3+FM="},"lastRemoteEphemeralKey":"BXBG7IqiskMfgY0p+W6hq61XsZMwhT/YszfgZshjfu1n","previousCounter":0,"rootKey":"Lx7wJQqY4mvnkCSdfe7LH6TzcMdWmbdYzi/S1zhqXtU="},"indexInfo":{"baseKey":"BaBASJBAHQcLBoIsM+lpsQyZWfY8tqa0P3xvWl1oBLwR","baseKeyType":1,"closed":1703149584625,"used":1703149584394,"created":1703149584394,"remoteIdentityKey":"BeHoIKqNriMWTC1KShKEOwdzADeWMF0hRJ6RcQ7dIEpb"},"_chains":{"BWvCSG3uFwcuIegjH+qUeY6bLSI5B/S+2T1RMjADdzoo":{"chainKey":{"counter":-1,"key":"196/6PPPAGrtqvHE7IIyeK+TocynPTyi4lj3iDjkV08="},"chainType":1,"messageKeys":{}}},"pendingPreKey":{"signedKeyId":1,"baseKey":"BaBASJBAHQcLBoIsM+lpsQyZWfY8tqa0P3xvWl1oBLwR"}},"BY/9bemqREWdwIAooEun7SqLeVjXkntJIUAc5wpDp9JQ":{"registrationId":9765,"currentRatchet":{"ephemeralKeyPair":{"pubKey":"BVgnNzmSjzsvzEwSht1yLShb1suJF/J/g+yit1X/7zkn","privKey":"WAtZ5iYYQTHqkCdGyVQdWZgGyMZcKY8RSVtzZqbmOkM="},"lastRemoteEphemeralKey":"BXBG7IqiskMfgY0p+W6hq61XsZMwhT/YszfgZshjfu1n","previousCounter":0,"rootKey":"2YXC1l5dpMG3MRSH3DgBTi55uTAEQdcV8BWvNP8QYXc="},"indexInfo":{"baseKey":"BY/9bemqREWdwIAooEun7SqLeVjXkntJIUAc5wpDp9JQ","baseKeyType":1,"closed":-1,"used":1703149584533,"created":1703149584533,"remoteIdentityKey":"BeHoIKqNriMWTC1KShKEOwdzADeWMF0hRJ6RcQ7dIEpb"},"_chains":{"BVgnNzmSjzsvzEwSht1yLShb1suJF/J/g+yit1X/7zkn":{"chainKey":{"counter":234,"key":"0OFlebNRI07EqqkwMaog9ZI6AjKx/LFoDM88Dl8r0WU="},"chainType":1,"messageKeys":{}}},"pendingPreKey":{"signedKeyId":1,"baseKey":"BY/9bemqREWdwIAooEun7SqLeVjXkntJIUAc5wpDp9JQ"}}},"version":"v1"}