{"_sessions":{"BQwkoQ/6KfHuoeHs4GRfkRN6XyjAelTmVY1yykLOTeh0":{"registrationId":1369710312,"currentRatchet":{"ephemeralKeyPair":{"pubKey":"BeYytMMTysg9IFRyct7NJaa5z6K283UdRNwC6yEfr14c","privKey":"IMsC6ld9VYgHwE5zc2yWb2YhqRLujql9NVdmfle5t2g="},"lastRemoteEphemeralKey":"BXvmGnLLaaQf50HeYLNA/aCyqvEbuo0lKp7XkB3F/l1B","previousCounter":0,"rootKey":"SjCeDklKXwe63CulPpkgu/L+eLUoRt8H0hAlT6abTbU="},"indexInfo":{"baseKey":"BQwkoQ/6KfHuoeHs4GRfkRN6XyjAelTmVY1yykLOTeh0","baseKeyType":2,"closed":-1,"used":1703166308999,"created":1703166308999,"remoteIdentityKey":"BZbkknpID0+ZEkTb/5/1g+AC+9Yp5GBDp7gN4g5ivzxM"},"_chains":{"BXvmGnLLaaQf50HeYLNA/aCyqvEbuo0lKp7XkB3F/l1B":{"chainKey":{"counter":1,"key":"xKH0M3vm5MFyX3p5HF6sXpcqYwHgw4l+xof7/OPVOIU="},"chainType":2,"messageKeys":{}},"BeYytMMTysg9IFRyct7NJaa5z6K283UdRNwC6yEfr14c":{"chainKey":{"counter":-1,"key":"qQGgy7Kr+vkIb1unX0gqUNI+XbIeWhYaHGvaHoCIjTM="},"chainType":1,"messageKeys":{}}}}},"version":"v1"}