{"_sessions":{"BUoo2twdWh8FydzhrSPJUh/YZ4CzbjJAdL3sn1rb9qQ+":{"registrationId":2594,"currentRatchet":{"ephemeralKeyPair":{"pubKey":"Bav6n69tUVgH9bGmh6lShGItMDT6FZVOrVWXNyzX32k6","privKey":"oPtFt4N+fsJE+5AqWAzs3vZOnJio2Bm8LsiWjeePcl4="},"lastRemoteEphemeralKey":"BTWup3KoyKLAP0boI1sWwxjBEeuvFenODTgmfuB8kBEc","previousCounter":0,"rootKey":"OeXDp9EMK09BwXlO0FRlKwRq5Ye3sYjNmahU8QMZye0="},"indexInfo":{"baseKey":"BUoo2twdWh8FydzhrSPJUh/YZ4CzbjJAdL3sn1rb9qQ+","baseKeyType":1,"closed":-1,"used":1703079060743,"created":1703079060743,"remoteIdentityKey":"BSdnuctoGekHVqyM3zzq9wotFfTDaqwom1cPz7y57JJF"},"_chains":{"Bav6n69tUVgH9bGmh6lShGItMDT6FZVOrVWXNyzX32k6":{"chainKey":{"counter":2,"key":"k7cMACMARtlZfFbkncUT2wdvY6gm/8wlI1zva9fBwjM="},"chainType":1,"messageKeys":{}}},"pendingPreKey":{"signedKeyId":3,"baseKey":"BUoo2twdWh8FydzhrSPJUh/YZ4CzbjJAdL3sn1rb9qQ+","preKeyId":1080}}},"version":"v1"}