{"_sessions":{"BUv0GCyNWhEGYl+SRi20e1Hu00s8t+hj9iezrloiUZgd":{"registrationId":1021429048,"currentRatchet":{"ephemeralKeyPair":{"pubKey":"BSakAxI9GLDro3qliCwPM4gGiAKSWuu/TdGdacdskUc8","privKey":"8K5JZMrTygamhpziIgPewfkD2blygYP13seP0ODqdF0="},"lastRemoteEphemeralKey":"BTvdt91Iz5wFjD0drMbu6Yac+74O9xbbNfj+YarFlThj","previousCounter":0,"rootKey":"/WOxa254FFqq8gstEI8zGeRu0QddFSeOARt6GLDqLH8="},"indexInfo":{"baseKey":"BUv0GCyNWhEGYl+SRi20e1Hu00s8t+hj9iezrloiUZgd","baseKeyType":2,"closed":-1,"used":1703246265363,"created":1703246265363,"remoteIdentityKey":"BS86dIe2ouahVZ2lH/e/Z1KoOoo9KR0J68KFN406sR9c"},"_chains":{"BTvdt91Iz5wFjD0drMbu6Yac+74O9xbbNfj+YarFlThj":{"chainKey":{"counter":0,"key":"Q6/DKqi9PKU6v+1CqzVoDCNWSU+nezFShnMoLWQLIqw="},"chainType":2,"messageKeys":{}},"BSakAxI9GLDro3qliCwPM4gGiAKSWuu/TdGdacdskUc8":{"chainKey":{"counter":-1,"key":"5BzhbFXZjibD3oXfqp6CeLSdMnpgKu8f+pidP+ZONDM="},"chainType":1,"messageKeys":{}}}}},"version":"v1"}