{"_sessions":{"BeELfB9L4QRUBvQm0yTyICwBx2iEWWO+lr1zhM6FjSd8":{"registrationId":1406801376,"currentRatchet":{"ephemeralKeyPair":{"pubKey":"BdNjJSaVRiqYLSdQbKmIiZSp1q2Kkex8S3TFj+OLCHUN","privKey":"ODSLGGBAy1qDrezu2dsWbjp6/fcWHPRMT8mGm8p1UHo="},"lastRemoteEphemeralKey":"BXak9OM2b//Tg4UjIe/lAnF2dWHMfjczUzOLJzxqWk1b","previousCounter":0,"rootKey":"7+LDgCRSE8EG8wRnRZ4g5BX2GdxmzMC/iIB62kMqefM="},"indexInfo":{"baseKey":"BeELfB9L4QRUBvQm0yTyICwBx2iEWWO+lr1zhM6FjSd8","baseKeyType":2,"closed":-1,"used":1703255313571,"created":1703255313571,"remoteIdentityKey":"BSqU3S8CyWxpcwS/PCXbOQo+JM2BAmCACzzqNvBJulEa"},"_chains":{"BXak9OM2b//Tg4UjIe/lAnF2dWHMfjczUzOLJzxqWk1b":{"chainKey":{"counter":0,"key":"eCZ2rNH1zuKQMfcYyFFaIJxQxGhEigUvvXLTLmoOg0A="},"chainType":2,"messageKeys":{}},"BdNjJSaVRiqYLSdQbKmIiZSp1q2Kkex8S3TFj+OLCHUN":{"chainKey":{"counter":-1,"key":"jnzX0bI7HQ0zaiZ2FHuJKU3Dllx1gXgUJed8zYTxaWw="},"chainType":1,"messageKeys":{}}}}},"version":"v1"}