{"_sessions":{"BcYLRyCq2U1+IplEiZEPyB8WHE2BTqrxOS5riaoj3Wg3":{"registrationId":2063050826,"currentRatchet":{"ephemeralKeyPair":{"pubKey":"BX/DjBu+EDNCTCtdeRP6cWGUMGAC5Psurx0kw/GIjz1w","privKey":"0AqEeRxrqw8etGG+ROvUtTs0i7NNoIS2zn5WSfK9hFg="},"lastRemoteEphemeralKey":"BVL/8xd0SkZOCVUuf4lyOVLMshBhXYcr1nY014I10Ysn","previousCounter":0,"rootKey":"fwY5VZ+OmkEkvP78xr2E2ZFAhcFoIToxDHI0vKMHcP4="},"indexInfo":{"baseKey":"BcYLRyCq2U1+IplEiZEPyB8WHE2BTqrxOS5riaoj3Wg3","baseKeyType":2,"closed":-1,"used":1703149453699,"created":1703149453699,"remoteIdentityKey":"BTaf+MqkOjo/5ubDS7lvrQ+YUxYk4bA9macc4sYU0CYS"},"_chains":{"BVL/8xd0SkZOCVUuf4lyOVLMshBhXYcr1nY014I10Ysn":{"chainKey":{"counter":1,"key":"AByDwAWWYbeWb7U6sNyJH6Q5w1Th6o+Z3C37dXN+Dac="},"chainType":2,"messageKeys":{}},"BX/DjBu+EDNCTCtdeRP6cWGUMGAC5Psurx0kw/GIjz1w":{"chainKey":{"counter":-1,"key":"Sw1WjyopfG8ap2LB8KNUBFHTSbPqyPeh71jMB/v9Jb4="},"chainType":1,"messageKeys":{}}}}},"version":"v1"}