{"_sessions":{"BYpJDt77ISN9ecptuOxlnUL/x/mBrEA/DmalOJzBdWxo":{"registrationId":356500916,"currentRatchet":{"ephemeralKeyPair":{"pubKey":"BU83OQb+M7172e/8H8l2/SpwbxznN0ALzvaL/iem1GYS","privKey":"SDK45WDjQKwpSEz8a+SquUaYQHyuxxUR6azLM/aj1GI="},"lastRemoteEphemeralKey":"Bey5BHvHPunmYdnLcfmclmcQ9rLRuMokInh7pZRRtb80","previousCounter":0,"rootKey":"3HjZ23TsC2d9GVHC6PoSLLI4Oas8N+kAl931kZ8z+B0="},"indexInfo":{"baseKey":"BYpJDt77ISN9ecptuOxlnUL/x/mBrEA/DmalOJzBdWxo","baseKeyType":2,"closed":-1,"used":1703312200987,"created":1703312200987,"remoteIdentityKey":"BefgLtepG7J2N3j+Etf3+HGUTmjrhvZEu0NkW2YZUh5i"},"_chains":{"Bey5BHvHPunmYdnLcfmclmcQ9rLRuMokInh7pZRRtb80":{"chainKey":{"counter":0,"key":"h4HSwJFCsHdtKMG+E+aKnLZttgRkytqK3HNQSDVDtVY="},"chainType":2,"messageKeys":{}},"BU83OQb+M7172e/8H8l2/SpwbxznN0ALzvaL/iem1GYS":{"chainKey":{"counter":-1,"key":"ykSfbbwvSACpfQCG0pxNbR14PAv3InukBNOz3FPxIQ4="},"chainType":1,"messageKeys":{}}}}},"version":"v1"}