{"_sessions":{"BdOCF5aK4PFrp5XMo0lvr4kXGjZtWogvbTdpO0VzZo9d":{"registrationId":535385343,"currentRatchet":{"ephemeralKeyPair":{"pubKey":"BYopYZe8f9M20tp1lEF3Iz9Lbr1+6c+WxPxAx9gVw1ki","privKey":"GCKtxaNaxKH1VJ97jseVzI7QiaKdPUpfaHcjSmghelE="},"lastRemoteEphemeralKey":"BYJyeFfu7eFx7YBsSq1X6U+y1fy5i25su17oCozBfMg2","previousCounter":0,"rootKey":"1ptU/Si3IeUlpd/5fdhl4oKTsM3cynRVjt/YknErlEE="},"indexInfo":{"baseKey":"BdOCF5aK4PFrp5XMo0lvr4kXGjZtWogvbTdpO0VzZo9d","baseKeyType":2,"closed":-1,"used":1703166309760,"created":1703166309760,"remoteIdentityKey":"Bfoyas8PTJxypGp7zpw3EbPLwD8SIsK2LYiweJ6XD5An"},"_chains":{"BYJyeFfu7eFx7YBsSq1X6U+y1fy5i25su17oCozBfMg2":{"chainKey":{"counter":1,"key":"eSa3rsVPCRpTGC/kTTgJAUPOt+oD232X19twKyKNdaY="},"chainType":2,"messageKeys":{}},"BYopYZe8f9M20tp1lEF3Iz9Lbr1+6c+WxPxAx9gVw1ki":{"chainKey":{"counter":-1,"key":"ZZdoPf7B27wn6KK2m9SkZZUDkPRN/uxGvcBR54aohz0="},"chainType":1,"messageKeys":{}}}}},"version":"v1"}