{"_sessions":{"BZ1g75dgdTNhX00eQnjhUPNotoUSx2FDEQOtqgGbTaNK":{"registrationId":1065418240,"currentRatchet":{"ephemeralKeyPair":{"pubKey":"BUCBnpmJ/PsMDMIPq9xmp+HXi4/klKhldauyQnEe2ApT","privKey":"gKsgdua33WDkagkJ1Y4Vgb34WIQuayJ9cr95qLtx9HY="},"lastRemoteEphemeralKey":"BUJeiopgYkFzBpzL0opEoCs2I3FPOK4qsdSt/M9a3xVg","previousCounter":0,"rootKey":"PFIUPo8mfFVvkz7Jlxo4O5X3S8J5d9Q8iPN4B77FzUA="},"indexInfo":{"baseKey":"BZ1g75dgdTNhX00eQnjhUPNotoUSx2FDEQOtqgGbTaNK","baseKeyType":2,"closed":-1,"used":1703316365165,"created":1703316365165,"remoteIdentityKey":"BSGhq9rJApQBCyVg52p6TZMqe77Fjc6/crw8Y8Zg5g0F"},"_chains":{"BUJeiopgYkFzBpzL0opEoCs2I3FPOK4qsdSt/M9a3xVg":{"chainKey":{"counter":0,"key":"IoJStI3eOLCC0nzMkmN6mtvB4waJ/Wl6cMuVw75tNrU="},"chainType":2,"messageKeys":{}},"BUCBnpmJ/PsMDMIPq9xmp+HXi4/klKhldauyQnEe2ApT":{"chainKey":{"counter":-1,"key":"RdvjgmD6BX8dDJ8zXNTtHav0qHXlHnu3BNBQbtR+2xs="},"chainType":1,"messageKeys":{}}}}},"version":"v1"}