{"_sessions":{"BeumC8HTIGZlJp/vmR+Rt8xHj7Y/aefosHFBhiY4W7lB":{"registrationId":1527542094,"currentRatchet":{"ephemeralKeyPair":{"pubKey":"BcODp2qzrga8aNwhiMvt/EI+dHwYUiTQK6TnuensDaAa","privKey":"SNx4m6cs2OVi7m0+zffHv/r8L46s44HXnbSql9+ge10="},"lastRemoteEphemeralKey":"BQOoFYTvP0d5LAMuTagGJ0hXfoBT5gzPQoTlyVQe4dhh","previousCounter":0,"rootKey":"lXcD0Ke1zSD4Wp9YAAaHZS0CbLPJ7PN48gsu+au40R0="},"indexInfo":{"baseKey":"BeumC8HTIGZlJp/vmR+Rt8xHj7Y/aefosHFBhiY4W7lB","baseKeyType":1,"closed":-1,"used":1703079072402,"created":1703079064853,"remoteIdentityKey":"BWPA0Ss8vJxTAvCKqlGMx8fPfzqODk/umiwmjYXkIIw5"},"_chains":{"BQOoFYTvP0d5LAMuTagGJ0hXfoBT5gzPQoTlyVQe4dhh":{"chainKey":{"counter":0,"key":"68ft1gu2BjZbLjSOo5owGP81/qHAwtGP46F9aj2a7bQ="},"chainType":2,"messageKeys":{}},"BcODp2qzrga8aNwhiMvt/EI+dHwYUiTQK6TnuensDaAa":{"chainKey":{"counter":1,"key":"GStDMMWWKILsA5Acs0PT3sh3TXlm8HBsJFeLHhJQKWI="},"chainType":1,"messageKeys":{}}}}},"version":"v1"}