{"_sessions":{"BeEntAYXV/fJUdPUk1fV6sPCQPfT5floYN1cFhMWuxhF":{"registrationId":4785,"currentRatchet":{"ephemeralKeyPair":{"pubKey":"BUpPPp8oTEof54PDA5UX9Pc6LyhF412NxFwasvz3S65j","privKey":"IOrL0h8aWNvzdn5kGHpmHy+FGIqtxSFTcQLywZ8KhFs="},"lastRemoteEphemeralKey":"BRb+e5a3EMkI0FESkeNOmKaaAr4y6tPo43Aagezey6Zi","previousCounter":0,"rootKey":"jWT7HTJ1NHN7RBxRaHzs7G72h7cYYyFHiU0Fc3z0K8w="},"indexInfo":{"baseKey":"BeEntAYXV/fJUdPUk1fV6sPCQPfT5floYN1cFhMWuxhF","baseKeyType":2,"closed":-1,"used":1703157012834,"created":1703157012834,"remoteIdentityKey":"BYpGLG5XZBIwiEpqg9zruErQzUsD4v5c00SjYpoxN4I/"},"_chains":{"BRb+e5a3EMkI0FESkeNOmKaaAr4y6tPo43Aagezey6Zi":{"chainKey":{"counter":2,"key":"1Po6dA13w+Sfa5QGPAKndCdU+U7lRIafD1ah3xmmVR8="},"chainType":2,"messageKeys":{}},"BUpPPp8oTEof54PDA5UX9Pc6LyhF412NxFwasvz3S65j":{"chainKey":{"counter":-1,"key":"SPLIlO5J76QsamhoBG4/3tRAtM2alwUXbcLzN8HgwhU="},"chainType":1,"messageKeys":{}}}}},"version":"v1"}