{"_sessions":{"BS5f8aftSzglUA1bnKHjfGaB4sz3Mg64JO/lVWcuP0NH":{"registrationId":2010204789,"currentRatchet":{"ephemeralKeyPair":{"pubKey":"BaUJwsXBHXwg+1mXn+u5DEf5jybjMhM9sOTlECBzqtc6","privKey":"UI3A2pUo/YXdlLguhnMAFMU7+SgkIKhl2wINNYu6OE0="},"lastRemoteEphemeralKey":"BcqJPotLhdz8WFj1QA8J0yY5eY9/53CifXpDq88LRClk","previousCounter":0,"rootKey":"Qeq3zGGR2K6/d6btLAQRFy5FIp8bkJKGaT88dtWlj0c="},"indexInfo":{"baseKey":"BS5f8aftSzglUA1bnKHjfGaB4sz3Mg64JO/lVWcuP0NH","baseKeyType":2,"closed":-1,"used":1703227899261,"created":1703227899261,"remoteIdentityKey":"BYWhoMTPM3CkUAl7JN8sr0M5y+B9vt/py7zNRAu0Heoz"},"_chains":{"BcqJPotLhdz8WFj1QA8J0yY5eY9/53CifXpDq88LRClk":{"chainKey":{"counter":1,"key":"1M1DGDFEN+erujaNfn3kjyn736Tu5HChHAFAzGkpfjw="},"chainType":2,"messageKeys":{}},"BaUJwsXBHXwg+1mXn+u5DEf5jybjMhM9sOTlECBzqtc6":{"chainKey":{"counter":-1,"key":"epM4Eo2Ln1tuU5b4cBS71dBBn+eiQxCaTOgf3DbWs/s="},"chainType":1,"messageKeys":{}}}}},"version":"v1"}