{"_sessions":{"BXj1e62VVMfYrktynLVW7FzeohOjnITzwV6Sl7qxSgEF":{"registrationId":1336558839,"currentRatchet":{"ephemeralKeyPair":{"pubKey":"BRsdCOuIpU70bIBHDS9GKbQ9hsBybIzy8r7pQeIvUb0G","privKey":"+M8uFf+wba7eVRVfHyfrXeOb6pz0lTY1X2GKqZZPeXU="},"lastRemoteEphemeralKey":"BZXvgtxl2yOxBbb/wwRkQ/tvqaWeDWEWXpspG9aCrXJ9","previousCounter":0,"rootKey":"LOa4F7wCS1VM354M9iLrtd/5E6x9c89NGeeS4BR5D6s="},"indexInfo":{"baseKey":"BXj1e62VVMfYrktynLVW7FzeohOjnITzwV6Sl7qxSgEF","baseKeyType":2,"closed":-1,"used":1703257784337,"created":1703257784337,"remoteIdentityKey":"BbdSMktgq0dqh4kunEPtPdR1hpDouw310GE9DVznr6J8"},"_chains":{"BZXvgtxl2yOxBbb/wwRkQ/tvqaWeDWEWXpspG9aCrXJ9":{"chainKey":{"counter":0,"key":"a+tGDAr2yz3bh1HUIQwmzIb0204pDdCEZkygviHSpEs="},"chainType":2,"messageKeys":{}},"BRsdCOuIpU70bIBHDS9GKbQ9hsBybIzy8r7pQeIvUb0G":{"chainKey":{"counter":-1,"key":"StGBI00+/6vm9MfbHl2v91AsyLM/WIYXGYkuKJdOAqU="},"chainType":1,"messageKeys":{}}}}},"version":"v1"}