{"_sessions":{"Ba7if7CI9zI9Q0W4xWPRx2BW+9jMkAZp0FJqlS1WjY06":{"registrationId":737226292,"currentRatchet":{"ephemeralKeyPair":{"pubKey":"BWTXor6C40RW1dqkZwElUpLy6f+siASSzNLSQVgb3fY8","privKey":"+BCI83i1lGb8YWONh7qnHfSAtMAAfKuwRBotZcrAgWE="},"lastRemoteEphemeralKey":"BW8aDipVQXg4EeMaCx30GXQWDntISX0V0PpyQlV8EL8p","previousCounter":0,"rootKey":"wAQ9IQjJK5mVgAuTPHeH2cjv6+XGhMQlyXeQfXIht5Y="},"indexInfo":{"baseKey":"Ba7if7CI9zI9Q0W4xWPRx2BW+9jMkAZp0FJqlS1WjY06","baseKeyType":1,"closed":1703149110565,"used":1703149014578,"created":1703149014578,"remoteIdentityKey":"BcRyhlmZJImDaxQ5HfTX/mZikvkryWKE2t56xOK/f+kY"},"_chains":{"BWTXor6C40RW1dqkZwElUpLy6f+siASSzNLSQVgb3fY8":{"chainKey":{"counter":102,"key":"Yx33lz281ofzieexfM7W8SO8op0SLs87DlwznfI9uzQ="},"chainType":1,"messageKeys":{}}},"pendingPreKey":{"signedKeyId":16561878,"baseKey":"Ba7if7CI9zI9Q0W4xWPRx2BW+9jMkAZp0FJqlS1WjY06","preKeyId":1667}},"BdwjmLGh1vtFleYvj/9Pj+l0r+NUWHpVVsx5BQ1jtp0U":{"registrationId":737226292,"currentRatchet":{"ephemeralKeyPair":{"pubKey":"BfXqsQhosgNYrC3oYWLYnUf4wcC3/5hz/hRFh6IwOwBB","privKey":"gIw2CS4M5dt5WJTOodGSrnneW+6Q3eTxMfJg3yyAuUo="},"lastRemoteEphemeralKey":"BW8aDipVQXg4EeMaCx30GXQWDntISX0V0PpyQlV8EL8p","previousCounter":0,"rootKey":"Sq9CkMq7wG+io9ySUmQpzX9gGv9OXh2woTHHKmomLFo="},"indexInfo":{"baseKey":"BdwjmLGh1vtFleYvj/9Pj+l0r+NUWHpVVsx5BQ1jtp0U","baseKeyType":1,"closed":1703149110585,"used":1703149110190,"created":1703149110190,"remoteIdentityKey":"BcRyhlmZJImDaxQ5HfTX/mZikvkryWKE2t56xOK/f+kY"},"_chains":{"BfXqsQhosgNYrC3oYWLYnUf4wcC3/5hz/hRFh6IwOwBB":{"chainKey":{"counter":-1,"key":"lZ3W1wW9Nk9KqXeabkDWgAHbdlI4tpYYGo/AZrzGdPQ="},"chainType":1,"messageKeys":{}}},"pendingPreKey":{"signedKeyId":16561878,"baseKey":"BdwjmLGh1vtFleYvj/9Pj+l0r+NUWHpVVsx5BQ1jtp0U","preKeyId":1803}},"BSO+ahgJqgkvN5A17Z5VnBtRezLGUFr6cMItleOXuGJ9":{"registrationId":737226292,"currentRatchet":{"ephemeralKeyPair":{"pubKey":"BcVk8gb0Zu4zv2x6zTSkj9zSFVM8vudh8w2i+GGDBrNo","privKey":"YGLsmXWQjFRM8l0LgWLTv4+zoF4Pu4/LTF3p10/lwEQ="},"lastRemoteEphemeralKey":"BW8aDipVQXg4EeMaCx30GXQWDntISX0V0PpyQlV8EL8p","previousCounter":0,"rootKey":"KGxFDypknwoou/INPQVXqb1uyX71D5l3PMQvFMwHHGA="},"indexInfo":{"baseKey":"BSO+ahgJqgkvN5A17Z5VnBtRezLGUFr6cMItleOXuGJ9","baseKeyType":1,"closed":1703149110678,"used":1703149110584,"created":1703149110584,"remoteIdentityKey":"BcRyhlmZJImDaxQ5HfTX/mZikvkryWKE2t56xOK/f+kY"},"_chains":{"BcVk8gb0Zu4zv2x6zTSkj9zSFVM8vudh8w2i+GGDBrNo":{"chainKey":{"counter":-1,"key":"RKGYYkmgsZMwnKnxSLfgAdwq3xtV2VZJlUxj83/pXsU="},"chainType":1,"messageKeys":{}}},"pendingPreKey":{"signedKeyId":16561878,"baseKey":"BSO+ahgJqgkvN5A17Z5VnBtRezLGUFr6cMItleOXuGJ9","preKeyId":1761}},"BRloELg6qsGCO5osXGKB7aKaMdTZmRpxI/k5j4/1QF8t":{"registrationId":737226292,"currentRatchet":{"ephemeralKeyPair":{"pubKey":"BfY8FYVIDtzE0vqNukQnuunTq/y+TB0t305Oxq2PW2Vc","privKey":"IPNhnOoEHrtdzf4BEfjToHjeiegRQz4F+W0DU9zpdXg="},"lastRemoteEphemeralKey":"BW8aDipVQXg4EeMaCx30GXQWDntISX0V0PpyQlV8EL8p","previousCounter":0,"rootKey":"6/QYVpbDVgAhKubC5LKGnM4ydnz9+Mxq5maQYTiYhws="},"indexInfo":{"baseKey":"BRloELg6qsGCO5osXGKB7aKaMdTZmRpxI/k5j4/1QF8t","baseKeyType":1,"closed":1703149155031,"used":1703149110672,"created":1703149110672,"remoteIdentityKey":"BcRyhlmZJImDaxQ5HfTX/mZikvkryWKE2t56xOK/f+kY"},"_chains":{"BfY8FYVIDtzE0vqNukQnuunTq/y+TB0t305Oxq2PW2Vc":{"chainKey":{"counter":60,"key":"i0IgZY05ZfjIyr7jryWK7MnjPMNnfhmRMV8ci1QoA64="},"chainType":1,"messageKeys":{}}},"pendingPreKey":{"signedKeyId":16561878,"baseKey":"BRloELg6qsGCO5osXGKB7aKaMdTZmRpxI/k5j4/1QF8t","preKeyId":1741}},"BfluXe2gvMIfxKahPqa+hYA1M/QrDQAQSgEdpOwNWbp/":{"registrationId":737226292,"currentRatchet":{"ephemeralKeyPair":{"pubKey":"BV4tQpEk/h8dpLvwfkvTx2WS/5/HellXFb2+4SVWEiRb","privKey":"YPdFJg/uWD9zaew1Y7rUf/4nN6M7LKeowb+3hfUVE0o="},"lastRemoteEphemeralKey":"BW8aDipVQXg4EeMaCx30GXQWDntISX0V0PpyQlV8EL8p","previousCounter":0,"rootKey":"SspmChs+MNsNUajXG4ZKmIaUX228W6t1VZ3fDvZJwcs="},"indexInfo":{"baseKey":"BfluXe2gvMIfxKahPqa+hYA1M/QrDQAQSgEdpOwNWbp/","baseKeyType":1,"closed":1703149155077,"used":1703149154716,"created":1703149154716,"remoteIdentityKey":"BcRyhlmZJImDaxQ5HfTX/mZikvkryWKE2t56xOK/f+kY"},"_chains":{"BV4tQpEk/h8dpLvwfkvTx2WS/5/HellXFb2+4SVWEiRb":{"chainKey":{"counter":-1,"key":"vtNv62z/rjYyc5MHA0UDp1oCUoUYR5b7m79Ada10kfU="},"chainType":1,"messageKeys":{}}},"pendingPreKey":{"signedKeyId":16561878,"baseKey":"BfluXe2gvMIfxKahPqa+hYA1M/QrDQAQSgEdpOwNWbp/","preKeyId":2419}},"BSh7cZLFPeLZQ/L8v/55aEFx4NRpiPsCJQiR1B5ywN4r":{"registrationId":737226292,"currentRatchet":{"ephemeralKeyPair":{"pubKey":"BblMNQJvn+F+/hDsAlSg0Pj6igSYpEDu5Moio5+XM3BU","privKey":"KBUAQEkm5HS0j2xsJj9S6rG3qJ9HLSnV7XT+BW3IKGo="},"lastRemoteEphemeralKey":"BW8aDipVQXg4EeMaCx30GXQWDntISX0V0PpyQlV8EL8p","previousCounter":0,"rootKey":"oXOLQlOHPclSBNleNLNV95JPhtLM5XtQmn7mqlCz96Q="},"indexInfo":{"baseKey":"BSh7cZLFPeLZQ/L8v/55aEFx4NRpiPsCJQiR1B5ywN4r","baseKeyType":1,"closed":1703149155174,"used":1703149155071,"created":1703149155071,"remoteIdentityKey":"BcRyhlmZJImDaxQ5HfTX/mZikvkryWKE2t56xOK/f+kY"},"_chains":{"BblMNQJvn+F+/hDsAlSg0Pj6igSYpEDu5Moio5+XM3BU":{"chainKey":{"counter":-1,"key":"4IvJQyOiMtE51q4iyUS0w0lfHeoDS7Z0AFY5ThlezI8="},"chainType":1,"messageKeys":{}}},"pendingPreKey":{"signedKeyId":16561878,"baseKey":"BSh7cZLFPeLZQ/L8v/55aEFx4NRpiPsCJQiR1B5ywN4r","preKeyId":1799}},"BUcGidxTUmOf3UutjCTthMZVN8Arzq7RFlCCDDB7y3Nr":{"registrationId":737226292,"currentRatchet":{"ephemeralKeyPair":{"pubKey":"BXHtNYUrV1Pt6eCfdW/CbVF6NiJPTogNU/w2rFVbtdpq","privKey":"qGBv0JWR5xWcUDR8wqqicMVlFVVSyXDgF5bt8zox0Xg="},"lastRemoteEphemeralKey":"BW8aDipVQXg4EeMaCx30GXQWDntISX0V0PpyQlV8EL8p","previousCounter":0,"rootKey":"o0h/l5bteGuZ1t4MqTOY2Ve5IId1lCpVvz3aquGzVL4="},"indexInfo":{"baseKey":"BUcGidxTUmOf3UutjCTthMZVN8Arzq7RFlCCDDB7y3Nr","baseKeyType":1,"closed":1703149278273,"used":1703149155158,"created":1703149155158,"remoteIdentityKey":"BcRyhlmZJImDaxQ5HfTX/mZikvkryWKE2t56xOK/f+kY"},"_chains":{"BXHtNYUrV1Pt6eCfdW/CbVF6NiJPTogNU/w2rFVbtdpq":{"chainKey":{"counter":108,"key":"9fwW3fgWmOivGw5sw4Tiu2ji6TJDuADBZHhqet6+iyc="},"chainType":1,"messageKeys":{}}},"pendingPreKey":{"signedKeyId":16561878,"baseKey":"BUcGidxTUmOf3UutjCTthMZVN8Arzq7RFlCCDDB7y3Nr","preKeyId":1816}},"BRa6tK3LSPsA+SnDppy06iT4XamukUj9WHLRQxyqLLo3":{"registrationId":737226292,"currentRatchet":{"ephemeralKeyPair":{"pubKey":"BWbFeIPPib6/UlSHgIGbpYAjqMuALnGC7+BS8APvxItM","privKey":"iDZgJpQpqsa3x0EJWnHqP6ie9yZzBKOj/0sry6Bn5E0="},"lastRemoteEphemeralKey":"BW8aDipVQXg4EeMaCx30GXQWDntISX0V0PpyQlV8EL8p","previousCounter":0,"rootKey":"YkkS2LoXCIpJAx4uHhxsSOErxO9h3Zlq3hvnKq8KnlE="},"indexInfo":{"baseKey":"BRa6tK3LSPsA+SnDppy06iT4XamukUj9WHLRQxyqLLo3","baseKeyType":1,"closed":1703149280064,"used":1703149278096,"created":1703149278096,"remoteIdentityKey":"BcRyhlmZJImDaxQ5HfTX/mZikvkryWKE2t56xOK/f+kY"},"_chains":{"BWbFeIPPib6/UlSHgIGbpYAjqMuALnGC7+BS8APvxItM":{"chainKey":{"counter":-1,"key":"fzOvvkld3QafeAEOGUxLhJz0hdtV4OltStpDGWl+bto="},"chainType":1,"messageKeys":{}}},"pendingPreKey":{"signedKeyId":16561878,"baseKey":"BRa6tK3LSPsA+SnDppy06iT4XamukUj9WHLRQxyqLLo3","preKeyId":1815}},"BclToa3lurQHUWOCdhCRhJEISCTYQjX4Gb+uRCBIU08c":{"registrationId":737226292,"currentRatchet":{"ephemeralKeyPair":{"pubKey":"BcUACVdKjnb9tM2UddVdHnAbs6SaOUWOMdfdsXux2LRk","privKey":"UHXsxVRQmAkFkqI4FuIPhtnSiOEE/0WYxZoDixqyvk0="},"lastRemoteEphemeralKey":"BW8aDipVQXg4EeMaCx30GXQWDntISX0V0PpyQlV8EL8p","previousCounter":0,"rootKey":"t/5nORhawvruFvokQmOXpJ5uUmdVDk5VWpw7Exi6X9E="},"indexInfo":{"baseKey":"BclToa3lurQHUWOCdhCRhJEISCTYQjX4Gb+uRCBIU08c","baseKeyType":1,"closed":1703149280079,"used":1703149278691,"created":1703149278691,"remoteIdentityKey":"BcRyhlmZJImDaxQ5HfTX/mZikvkryWKE2t56xOK/f+kY"},"_chains":{"BcUACVdKjnb9tM2UddVdHnAbs6SaOUWOMdfdsXux2LRk":{"chainKey":{"counter":-1,"key":"AGK/sgR/aXY3y+hDEbX2DEosnh0bCuBLuFKyYCsSxN4="},"chainType":1,"messageKeys":{}}},"pendingPreKey":{"signedKeyId":16561878,"baseKey":"BclToa3lurQHUWOCdhCRhJEISCTYQjX4Gb+uRCBIU08c","preKeyId":1798}},"BdQTGPlNfDpNsv08qudY5YgZktN4aU04BgGqImwa4VVK":{"registrationId":737226292,"currentRatchet":{"ephemeralKeyPair":{"pubKey":"BXg34svztqnH6qoSHzdiBh2j66z2PdFdnfTtY39gx78y","privKey":"yLLhNhaH87Tlf0fLqHrKJZWzc0WmeMch5TaEdDgvCHM="},"lastRemoteEphemeralKey":"BW8aDipVQXg4EeMaCx30GXQWDntISX0V0PpyQlV8EL8p","previousCounter":0,"rootKey":"fjSnTIOyVZ4X4k8M8IbHBWO6NDFGUbcS/8zLuI2arLA="},"indexInfo":{"baseKey":"BdQTGPlNfDpNsv08qudY5YgZktN4aU04BgGqImwa4VVK","baseKeyType":1,"closed":1703149280091,"used":1703149280078,"created":1703149280078,"remoteIdentityKey":"BcRyhlmZJImDaxQ5HfTX/mZikvkryWKE2t56xOK/f+kY"},"_chains":{"BXg34svztqnH6qoSHzdiBh2j66z2PdFdnfTtY39gx78y":{"chainKey":{"counter":-1,"key":"Npic8SdBjZirhLHXxwkM8ptoY9CiuDyJ55JENfZWb7k="},"chainType":1,"messageKeys":{}}},"pendingPreKey":{"signedKeyId":16561878,"baseKey":"BdQTGPlNfDpNsv08qudY5YgZktN4aU04BgGqImwa4VVK","preKeyId":1813}},"BV3jSfjcLP+Nauto9kVK2m3sHoDudaVEl4l0tdkoAVZR":{"registrationId":737226292,"currentRatchet":{"ephemeralKeyPair":{"pubKey":"BcD/DKygkuVF/qzkPMFnRXNKzffwjDHZZvmuXeX/7q4Y","privKey":"OIfX2airhE3oJdB12mzhMONI6IRL3dRdP1t5XgosHnE="},"lastRemoteEphemeralKey":"BW8aDipVQXg4EeMaCx30GXQWDntISX0V0PpyQlV8EL8p","previousCounter":0,"rootKey":"45cz76+ZxwKmxk86/KeWtOnQL/AySKGwl2FqkTiXq5M="},"indexInfo":{"baseKey":"BV3jSfjcLP+Nauto9kVK2m3sHoDudaVEl4l0tdkoAVZR","baseKeyType":1,"closed":1703149280102,"used":1703149280090,"created":1703149280090,"remoteIdentityKey":"BcRyhlmZJImDaxQ5HfTX/mZikvkryWKE2t56xOK/f+kY"},"_chains":{"BcD/DKygkuVF/qzkPMFnRXNKzffwjDHZZvmuXeX/7q4Y":{"chainKey":{"counter":-1,"key":"fex5HXrXgYcYQdGK0+dA25rTCQsRm+xanSCgPaCMjwc="},"chainType":1,"messageKeys":{}}},"pendingPreKey":{"signedKeyId":16561878,"baseKey":"BV3jSfjcLP+Nauto9kVK2m3sHoDudaVEl4l0tdkoAVZR","preKeyId":2272}},"BR22Te47St+BAn3Z6ytK8Wg9It59uTjOz3EPVzevd08c":{"registrationId":737226292,"currentRatchet":{"ephemeralKeyPair":{"pubKey":"BUgEjhMmNqYRd1AH4uOm8pgmeCJqWQWWnM3aTMM04YYc","privKey":"QKGQT+aTnv1fZNcYv8TZWt7dQV9J4RpU6ayGdxFrJkQ="},"lastRemoteEphemeralKey":"BW8aDipVQXg4EeMaCx30GXQWDntISX0V0PpyQlV8EL8p","previousCounter":0,"rootKey":"yaJkO5S2QChuXUPlJQHywh7xhCVxKOYFdFBNRSPbLxU="},"indexInfo":{"baseKey":"BR22Te47St+BAn3Z6ytK8Wg9It59uTjOz3EPVzevd08c","baseKeyType":1,"closed":1703149280133,"used":1703149280101,"created":1703149280101,"remoteIdentityKey":"BcRyhlmZJImDaxQ5HfTX/mZikvkryWKE2t56xOK/f+kY"},"_chains":{"BUgEjhMmNqYRd1AH4uOm8pgmeCJqWQWWnM3aTMM04YYc":{"chainKey":{"counter":-1,"key":"jjPZgXf5B1ojo24gIeGrCEWYJiZ7OrVfM8Sr+JEkdZc="},"chainType":1,"messageKeys":{}}},"pendingPreKey":{"signedKeyId":16561878,"baseKey":"BR22Te47St+BAn3Z6ytK8Wg9It59uTjOz3EPVzevd08c","preKeyId":2269}},"BaR0Y8U+gWLQUufUvbYelWqqebrVyHdiBP+M2B/DLwY8":{"registrationId":737226292,"currentRatchet":{"ephemeralKeyPair":{"pubKey":"Ba+xzbo3iU0HlONOm/VdcrFHhhHkc9ncYYYdxe4UhpVz","privKey":"GM6UG3abv5GV+64xIroUnxaZuVaDxzofdPMmKiH7f3A="},"lastRemoteEphemeralKey":"BW8aDipVQXg4EeMaCx30GXQWDntISX0V0PpyQlV8EL8p","previousCounter":0,"rootKey":"tHlcZxgCXUucNCVAn1/YUXsi10HcYzW2IWUxhK9agDQ="},"indexInfo":{"baseKey":"BaR0Y8U+gWLQUufUvbYelWqqebrVyHdiBP+M2B/DLwY8","baseKeyType":1,"closed":1703149280188,"used":1703149280129,"created":1703149280129,"remoteIdentityKey":"BcRyhlmZJImDaxQ5HfTX/mZikvkryWKE2t56xOK/f+kY"},"_chains":{"Ba+xzbo3iU0HlONOm/VdcrFHhhHkc9ncYYYdxe4UhpVz":{"chainKey":{"counter":-1,"key":"ZKQlS6bKQn9nqFn0u5f4pqRQnuwUgINdHO9Y/O/vS9Q="},"chainType":1,"messageKeys":{}}},"pendingPreKey":{"signedKeyId":16561878,"baseKey":"BaR0Y8U+gWLQUufUvbYelWqqebrVyHdiBP+M2B/DLwY8","preKeyId":1650}},"BWuYES5TcZj7Rji+12DdhoDz+Xepk4SCG5bW7vl5Hc04":{"registrationId":737226292,"currentRatchet":{"ephemeralKeyPair":{"pubKey":"Bdaol6Q+z0HAoT8jXgtdO6nvQfLR6MJvIHgO2vJS7Y00","privKey":"yBZYP2xvhlDxNr9XnHbvpeSLkSBiouLMCWnh0HhEKUs="},"lastRemoteEphemeralKey":"BW8aDipVQXg4EeMaCx30GXQWDntISX0V0PpyQlV8EL8p","previousCounter":0,"rootKey":"K/xeWDbR4/xelJtQHYhkxXxiQ21Stqvdi1HfqLFPy3k="},"indexInfo":{"baseKey":"BWuYES5TcZj7Rji+12DdhoDz+Xepk4SCG5bW7vl5Hc04","baseKeyType":1,"closed":1703149280282,"used":1703149280187,"created":1703149280187,"remoteIdentityKey":"BcRyhlmZJImDaxQ5HfTX/mZikvkryWKE2t56xOK/f+kY"},"_chains":{"Bdaol6Q+z0HAoT8jXgtdO6nvQfLR6MJvIHgO2vJS7Y00":{"chainKey":{"counter":-1,"key":"tZBtngYRJUKuW0ZuEQTUJzx3669+zSFxkFYeRMCelpg="},"chainType":1,"messageKeys":{}}},"pendingPreKey":{"signedKeyId":16561878,"baseKey":"BWuYES5TcZj7Rji+12DdhoDz+Xepk4SCG5bW7vl5Hc04","preKeyId":2288}},"BcdAK/jBgJqcY6p2H4rMfjMYnQIV30RcSfIhroUg/y8a":{"registrationId":737226292,"currentRatchet":{"ephemeralKeyPair":{"pubKey":"BTJivYZHfnF59PDfzeS/2eXQBd3rypC3aWLVUbDqnzEt","privKey":"GMRRJhlln3ZucZMhk/hTgW16/qQIgLx1MKhq1MohO3A="},"lastRemoteEphemeralKey":"BW8aDipVQXg4EeMaCx30GXQWDntISX0V0PpyQlV8EL8p","previousCounter":0,"rootKey":"t2/zmxo+3j9jbHLYwkg0omN2f6eQjWPrruJqWmY6OV4="},"indexInfo":{"baseKey":"BcdAK/jBgJqcY6p2H4rMfjMYnQIV30RcSfIhroUg/y8a","baseKeyType":1,"closed":1703149372289,"used":1703149280281,"created":1703149280281,"remoteIdentityKey":"BcRyhlmZJImDaxQ5HfTX/mZikvkryWKE2t56xOK/f+kY"},"_chains":{"BTJivYZHfnF59PDfzeS/2eXQBd3rypC3aWLVUbDqnzEt":{"chainKey":{"counter":135,"key":"tLEOjYhYyd6IRBBxbjGtMJyTDwh0Ye29vdvYB8WqnLI="},"chainType":1,"messageKeys":{}}},"pendingPreKey":{"signedKeyId":16561878,"baseKey":"BcdAK/jBgJqcY6p2H4rMfjMYnQIV30RcSfIhroUg/y8a","preKeyId":1768}},"BYipRTS7zbSD3c/V9oxT1XsbPELY6XGTuEH48rQsBWxH":{"registrationId":737226292,"currentRatchet":{"ephemeralKeyPair":{"pubKey":"BWld4L6Y7GREMAX9qvAKsKLJeptyGXxJZs9DQQgld7gP","privKey":"2IhlBEgnvlwLPL2bVRXvyGES0V1hC0VYJwerlP527k8="},"lastRemoteEphemeralKey":"BW8aDipVQXg4EeMaCx30GXQWDntISX0V0PpyQlV8EL8p","previousCounter":0,"rootKey":"h1wBWbrYJNY4dD9y4TqlS3DHVvptt8wZF1QU9LaxbhI="},"indexInfo":{"baseKey":"BYipRTS7zbSD3c/V9oxT1XsbPELY6XGTuEH48rQsBWxH","baseKeyType":1,"closed":1703149419597,"used":1703149372187,"created":1703149372187,"remoteIdentityKey":"BcRyhlmZJImDaxQ5HfTX/mZikvkryWKE2t56xOK/f+kY"},"_chains":{"BWld4L6Y7GREMAX9qvAKsKLJeptyGXxJZs9DQQgld7gP":{"chainKey":{"counter":80,"key":"1C2DrZsKxDtg8ujLpSDCdr6ceak8ODVeHCuMN+Woz6Y="},"chainType":1,"messageKeys":{}}},"pendingPreKey":{"signedKeyId":16561878,"baseKey":"BYipRTS7zbSD3c/V9oxT1XsbPELY6XGTuEH48rQsBWxH","preKeyId":2356}},"BSgQ9J9/AyJct3J8rFLJySBQ3d1P6mKisNndaX8FaWR5":{"registrationId":737226292,"currentRatchet":{"ephemeralKeyPair":{"pubKey":"BUVqrjAaccyC0Fz2Qgz8Pj8pCLSRRTtoxUoho+/9jsMe","privKey":"WAD0iImenwqunxAs5YMybwam2nAPEhZY1TDNqPMUim0="},"lastRemoteEphemeralKey":"BW8aDipVQXg4EeMaCx30GXQWDntISX0V0PpyQlV8EL8p","previousCounter":0,"rootKey":"N3SCwnEZGMJveajtfTE3t1ruSlYkoxKc4wRGqqrRg5A="},"indexInfo":{"baseKey":"BSgQ9J9/AyJct3J8rFLJySBQ3d1P6mKisNndaX8FaWR5","baseKeyType":1,"closed":1703149419898,"used":1703149419443,"created":1703149419443,"remoteIdentityKey":"BcRyhlmZJImDaxQ5HfTX/mZikvkryWKE2t56xOK/f+kY"},"_chains":{"BUVqrjAaccyC0Fz2Qgz8Pj8pCLSRRTtoxUoho+/9jsMe":{"chainKey":{"counter":-1,"key":"HhID84l5AezkY3YU/Vm3p7is8PCzgEmN3bffUVWyS00="},"chainType":1,"messageKeys":{}}},"pendingPreKey":{"signedKeyId":16561878,"baseKey":"BSgQ9J9/AyJct3J8rFLJySBQ3d1P6mKisNndaX8FaWR5","preKeyId":2236}},"BZYqPTHr9SAKOa04E3cUxMJJ8S66ioS68ZcOQRr4P5QC":{"registrationId":737226292,"currentRatchet":{"ephemeralKeyPair":{"pubKey":"BZamQRs2UDseyvCHIx+D7HvafnLn4qBIJDgi6XrXD98i","privKey":"+Jubn8yjbJQAUVFqG1a6nrzEq7j8IbK3eU66v6oBNVo="},"lastRemoteEphemeralKey":"BW8aDipVQXg4EeMaCx30GXQWDntISX0V0PpyQlV8EL8p","previousCounter":0,"rootKey":"exiCrPf+JrBKw427LY4tHyvCJwHQ+sudJFp8LXERfRI="},"indexInfo":{"baseKey":"BZYqPTHr9SAKOa04E3cUxMJJ8S66ioS68ZcOQRr4P5QC","baseKeyType":1,"closed":1703149420184,"used":1703149419652,"created":1703149419652,"remoteIdentityKey":"BcRyhlmZJImDaxQ5HfTX/mZikvkryWKE2t56xOK/f+kY"},"_chains":{"BZamQRs2UDseyvCHIx+D7HvafnLn4qBIJDgi6XrXD98i":{"chainKey":{"counter":-1,"key":"b6Cab2OwF6JB4qmKmK96B4PnMBjtClAy2yYDB/zrEKA="},"chainType":1,"messageKeys":{}}},"pendingPreKey":{"signedKeyId":16561878,"baseKey":"BZYqPTHr9SAKOa04E3cUxMJJ8S66ioS68ZcOQRr4P5QC","preKeyId":1663}},"Bezr1lCd33S/4Etu8AIJ+CzsOth+tsbV/BJ8TNcx1mU9":{"registrationId":737226292,"currentRatchet":{"ephemeralKeyPair":{"pubKey":"BQrxOWbV5H72RGaxsWVXQ2w3rh8J113f3Y3oFsqhPj08","privKey":"4C4w/QuwauvtAxhpxrowhG3b3nQCzAEbvKDCtz67XE4="},"lastRemoteEphemeralKey":"BW8aDipVQXg4EeMaCx30GXQWDntISX0V0PpyQlV8EL8p","previousCounter":0,"rootKey":"195aabwDtf1M2zTbttO8x3qogltpErL+hTRf+p7mAa0="},"indexInfo":{"baseKey":"Bezr1lCd33S/4Etu8AIJ+CzsOth+tsbV/BJ8TNcx1mU9","baseKeyType":1,"closed":1703149420323,"used":1703149420018,"created":1703149420018,"remoteIdentityKey":"BcRyhlmZJImDaxQ5HfTX/mZikvkryWKE2t56xOK/f+kY"},"_chains":{"BQrxOWbV5H72RGaxsWVXQ2w3rh8J113f3Y3oFsqhPj08":{"chainKey":{"counter":-1,"key":"9SnbjfqpCjaY6nPWRqPNWOF16eoTLZhlqDUYenoIV70="},"chainType":1,"messageKeys":{}}},"pendingPreKey":{"signedKeyId":16561878,"baseKey":"Bezr1lCd33S/4Etu8AIJ+CzsOth+tsbV/BJ8TNcx1mU9","preKeyId":2250}},"Bed3ur3yrKftGtq8kKEhCKf8/tCe7A3AwtnFjLPdfSNQ":{"registrationId":737226292,"currentRatchet":{"ephemeralKeyPair":{"pubKey":"BVQLyuPtf/tm7Kq1AiHeOKo3w0OeXhli/QKXJMSjTKBo","privKey":"6J8aP/j2LBqbH2Uj17eE4P6cHNYTjKZSch4o0aYrPlk="},"lastRemoteEphemeralKey":"BW8aDipVQXg4EeMaCx30GXQWDntISX0V0PpyQlV8EL8p","previousCounter":0,"rootKey":"m/gTG/BYu9xIi0NgvjEL3eh6P+X7I+8S4UvBZJcp2SI="},"indexInfo":{"baseKey":"Bed3ur3yrKftGtq8kKEhCKf8/tCe7A3AwtnFjLPdfSNQ","baseKeyType":1,"closed":1703149451093,"used":1703149420215,"created":1703149420215,"remoteIdentityKey":"BcRyhlmZJImDaxQ5HfTX/mZikvkryWKE2t56xOK/f+kY"},"_chains":{"BVQLyuPtf/tm7Kq1AiHeOKo3w0OeXhli/QKXJMSjTKBo":{"chainKey":{"counter":55,"key":"A+FK2ejrpxj9Csgus30iDDhsPneyt88umXBFouzB7J0="},"chainType":1,"messageKeys":{}}},"pendingPreKey":{"signedKeyId":16561878,"baseKey":"Bed3ur3yrKftGtq8kKEhCKf8/tCe7A3AwtnFjLPdfSNQ","preKeyId":2235}},"BTPZbEDr4BgOPVzapJ/0JkwN6r79Su6AD3pgJVjP1Fk9":{"registrationId":737226292,"currentRatchet":{"ephemeralKeyPair":{"pubKey":"BWRkuKk1zzADITiwG6SnsfdpVz/5LPMBkYs6+HmSA6YK","privKey":"0FYJ7MEPtC2JgbyHKYkcUov7+3clXYjKwIBL0wV1MFs="},"lastRemoteEphemeralKey":"BW8aDipVQXg4EeMaCx30GXQWDntISX0V0PpyQlV8EL8p","previousCounter":0,"rootKey":"bNVb27AW8HUFz+ryph/ZJbt0hLIqaBb8AlPrlcVSOis="},"indexInfo":{"baseKey":"BTPZbEDr4BgOPVzapJ/0JkwN6r79Su6AD3pgJVjP1Fk9","baseKeyType":1,"closed":1703149584299,"used":1703149451088,"created":1703149451088,"remoteIdentityKey":"BcRyhlmZJImDaxQ5HfTX/mZikvkryWKE2t56xOK/f+kY"},"_chains":{"BWRkuKk1zzADITiwG6SnsfdpVz/5LPMBkYs6+HmSA6YK":{"chainKey":{"counter":226,"key":"qN9DSpAf1cStyHPfb8C/8hPrlVAd1QcpkeZLXKA1Lq4="},"chainType":1,"messageKeys":{}}},"pendingPreKey":{"signedKeyId":16561878,"baseKey":"BTPZbEDr4BgOPVzapJ/0JkwN6r79Su6AD3pgJVjP1Fk9","preKeyId":2280}},"BVRvVKMBgsama23DyLDMga6AbemxSbDZenUjKQ1LwVJB":{"registrationId":737226292,"currentRatchet":{"ephemeralKeyPair":{"pubKey":"BWzQzU9gbeLg9SAOC9H0jiQ3nnQ7poJOTiAwQ4yACoQm","privKey":"OFjiVVdh8E8mF1gsv5HCfp31xsJqXeiMP9w+ySaa3k4="},"lastRemoteEphemeralKey":"BW8aDipVQXg4EeMaCx30GXQWDntISX0V0PpyQlV8EL8p","previousCounter":0,"rootKey":"/hleDIlq+EVVk4oRHmfd97OPNKjRKRfQYmmQBT1WsMg="},"indexInfo":{"baseKey":"BVRvVKMBgsama23DyLDMga6AbemxSbDZenUjKQ1LwVJB","baseKeyType":1,"closed":1703149584488,"used":1703149584269,"created":1703149584269,"remoteIdentityKey":"BcRyhlmZJImDaxQ5HfTX/mZikvkryWKE2t56xOK/f+kY"},"_chains":{"BWzQzU9gbeLg9SAOC9H0jiQ3nnQ7poJOTiAwQ4yACoQm":{"chainKey":{"counter":-1,"key":"AcFcJ42j3oOtRQ4ek2eCTWwvsqU24ynT08anwX6T8js="},"chainType":1,"messageKeys":{}}},"pendingPreKey":{"signedKeyId":16561878,"baseKey":"BVRvVKMBgsama23DyLDMga6AbemxSbDZenUjKQ1LwVJB","preKeyId":2386}},"BfB2YX2v+Bouw50D29ek54eAMTT0f49sJgwms4x10MpU":{"registrationId":737226292,"currentRatchet":{"ephemeralKeyPair":{"pubKey":"Be85jvUWsLsca714v+frjzuwTGfI0G2hSV3s18SOSVpD","privKey":"aKqBD54pIVRYY2aPYzXLyfH57npAU/B5/0hrWZYBZHo="},"lastRemoteEphemeralKey":"BW8aDipVQXg4EeMaCx30GXQWDntISX0V0PpyQlV8EL8p","previousCounter":0,"rootKey":"rJYClem/JBEoyLcTh5TevtBPzWLqCwAH8CjeM0N/1TE="},"indexInfo":{"baseKey":"BfB2YX2v+Bouw50D29ek54eAMTT0f49sJgwms4x10MpU","baseKeyType":1,"closed":1703149584628,"used":1703149584426,"created":1703149584426,"remoteIdentityKey":"BcRyhlmZJImDaxQ5HfTX/mZikvkryWKE2t56xOK/f+kY"},"_chains":{"Be85jvUWsLsca714v+frjzuwTGfI0G2hSV3s18SOSVpD":{"chainKey":{"counter":-1,"key":"P98u3VK7SLJzFjGhlO/5J+rVeebwN8H3E3GoqgAZ05E="},"chainType":1,"messageKeys":{}}},"pendingPreKey":{"signedKeyId":16561878,"baseKey":"BfB2YX2v+Bouw50D29ek54eAMTT0f49sJgwms4x10MpU","preKeyId":1660}},"BWM5RONxB4GMCD6ZHX370XaJ5vccFefWM0gj/yyZBHk2":{"registrationId":737226292,"currentRatchet":{"ephemeralKeyPair":{"pubKey":"BciuJZP6BuVEIQ1r59AKhmuvzf7Uq4MSCuLxJSaheChu","privKey":"YPC81zNP+9XAOVPXvxE1KByCvCIR/X/bojOX7lUDjUA="},"lastRemoteEphemeralKey":"BVYwFqoMVYCYSciyOzJ7Vo9nyjee2Sx0sVyvBJ8NiTc3","previousCounter":759,"rootKey":"CfjTMq2CiH8brKIjaNf/IrM6oANYoXVpSLWYUwh15ak="},"indexInfo":{"baseKey":"BWM5RONxB4GMCD6ZHX370XaJ5vccFefWM0gj/yyZBHk2","baseKeyType":1,"closed":-1,"used":1703323718412,"created":1703149584542,"remoteIdentityKey":"BcRyhlmZJImDaxQ5HfTX/mZikvkryWKE2t56xOK/f+kY"},"_chains":{"BbhLX+fPU98ItDM27alQhRCHX3/in6ckfYNcfYbCrO58":{"chainKey":{"counter":12},"chainType":2,"messageKeys":{"1":"ebLVWbRYwhur5Kyxkh+l1fir//6oDItzsqPvr2OZ4Ow=","2":"2dybuoz/ZlB0g29HRpU5fyYCMf4+pAzVAfxZzaGOU2E="}},"BSfttF7H/GAEXtsg00Lo5tsp7OpC430o8ciU8ogABgpz":{"chainKey":{"counter":0},"chainType":2,"messageKeys":{}},"BZDpk8USn9Pn3iW1a6N2PAoTs1AjGGC/b1D2wzEbhHsg":{"chainKey":{"counter":0},"chainType":2,"messageKeys":{}},"BdO0BFXXqLdgRrCP9JYqe8oXmCYodk1ZALv5XOHCgtZ/":{"chainKey":{"counter":0},"chainType":2,"messageKeys":{}},"BX+IKL+RJTORpEVXXQDKrmE2pQQKok68Z6v4U1fGY8kW":{"chainKey":{"counter":0},"chainType":2,"messageKeys":{}},"BRFAPtB5loD/XJ014+lGXatiVyL1d78ddKYxp18TdSUh":{"chainKey":{"counter":9},"chainType":2,"messageKeys":{}},"BcaC2cLYjCwVO+ay3FRn8wzOQ+P73xanKMIiTXQU3K0/":{"chainKey":{"counter":27},"chainType":2,"messageKeys":{}},"BfHs8UWuzHktRg2tsZFA2kgsfmgfeeNVvUQONwDFBM4f":{"chainKey":{"counter":0},"chainType":2,"messageKeys":{}},"BS826CS6hAp5t73xZIKAegfgvJG8bXcBDZvxa3N7jDR7":{"chainKey":{"counter":0},"chainType":2,"messageKeys":{}},"BUjRHlUMEEA16OSme+0bNqyjHXaJfTwsseQbt/swT98L":{"chainKey":{"counter":0},"chainType":2,"messageKeys":{}},"BXGcRWvBzg3uqFdjpwQ5qHSCTYpb4zBPLqv6sDPTbZtg":{"chainKey":{"counter":0},"chainType":2,"messageKeys":{}},"BQdKZecIGV/mKWrI80miJ4vtXkyi6pc5SKtde7dRQ3BO":{"chainKey":{"counter":0},"chainType":2,"messageKeys":{}},"Bcy7rN8J7qYTAgN/aUdKI+ujFxirmDC75lyqMtcpUL9R":{"chainKey":{"counter":0},"chainType":2,"messageKeys":{}},"BT9Ap1CqqzSoY9t1KpwxtVvE/anYcfl5Zw3YBCyr+vt8":{"chainKey":{"counter":1},"chainType":2,"messageKeys":{}},"BYK22R4pnjFUhHCnhkYu94yiuvVoPa14GTrDAXRWEERa":{"chainKey":{"counter":0},"chainType":2,"messageKeys":{}},"BXcikRSJThsbG9eaZDbpExjIqq4qngT9DRzuOe1i6S8s":{"chainKey":{"counter":0},"chainType":2,"messageKeys":{}},"BRsd1ESNvj+0stbaA2DUKT2viYwZe5ji4ty/a/CG7PY9":{"chainKey":{"counter":0},"chainType":2,"messageKeys":{}},"BVKXf86iJMfSmNlkWpVr5MccNaIKlnoToPhqpegmvM4y":{"chainKey":{"counter":2},"chainType":2,"messageKeys":{"0":"M3lKSKhc1kwgXeqTP9tvQ+JSPv0+DZdxVoPiJ64eXcM=","1":"EjXIaz8bYw3jdg3ZeVy48cmBnwctZbe3CSYJOCRzAxU="}},"BWbGo6KkIvCymnjaZBLxWgzNp0eX4K1e/J36csvC3z5E":{"chainKey":{"counter":0},"chainType":2,"messageKeys":{}},"BSH716AqrdnhoSOxHmN2ixGjSPP8GkbE/JarEUZj755W":{"chainKey":{"counter":0},"chainType":2,"messageKeys":{}},"BTMCoqaPPF8WDApOrNbOG2yIX4wOufGnAy9HzY5LV9gQ":{"chainKey":{"counter":0},"chainType":2,"messageKeys":{}},"BXYWRvi6YfCrQl8FpH+vDHQ/d5o/Kq0yI8lKA12gF/Ro":{"chainKey":{"counter":0},"chainType":2,"messageKeys":{}},"BUNtOjY4zThWjSjBlQ3Y2XOJ1yHl/ep2IwAC1m8VrIFP":{"chainKey":{"counter":0},"chainType":2,"messageKeys":{}},"BUQffy1wXabxjTwu95uHffjIKQ3QZnt+gIuZ2S3GMg0X":{"chainKey":{"counter":1},"chainType":2,"messageKeys":{}},"BTIDjWNp+ZZ8MNtZhZxJ4i08q1YLAI2HoQ+g15MTYLtR":{"chainKey":{"counter":1},"chainType":2,"messageKeys":{}},"BdUPDLdl6n9q1Mc+1eArrj5iiX6a71zKJwclaqCnzrdk":{"chainKey":{"counter":0},"chainType":2,"messageKeys":{}},"BRbrA22V5g9dKj9Bv4bWgZBHHh+/MvPd9iCkr6twuZkJ":{"chainKey":{"counter":0},"chainType":2,"messageKeys":{}},"Bbr5gMVtGS9Url/H5+YjJYl06jmBVetXmGqSs2i6RNsJ":{"chainKey":{"counter":0},"chainType":2,"messageKeys":{}},"BZaUlN+F+4gjzjZKYSBuFQVQ3nwSF1qyn+ZQoAzekNkR":{"chainKey":{"counter":0},"chainType":2,"messageKeys":{}},"BSfVfKL2MANGKumQV8B8SJYb2KuLuL/b/cBMed7ijHsn":{"chainKey":{"counter":0},"chainType":2,"messageKeys":{}},"BZbb6vz0+y6kAlr0zHghJOhTVZfdNyFIiQmr21YVbdsq":{"chainKey":{"counter":0},"chainType":2,"messageKeys":{}},"Bb7V94CyZFBDJ7AhoZuWavogd2gjJjqGuGduZ5149cJr":{"chainKey":{"counter":0},"chainType":2,"messageKeys":{}},"BVRKArQT6jTjLGB7zv3qIIx2Sobt6kdJ+L/FpZR5/RRk":{"chainKey":{"counter":1},"chainType":2,"messageKeys":{"0":"dveSCNCgRCa3CHVLS82Ft3jqTjWgnaZw+0RFdsCfwis="}},"BakJu5Kkd6R4ElN8lb4y2vBrCWrWcN67/4tf6aE3Q3pV":{"chainKey":{"counter":0},"chainType":2,"messageKeys":{}},"BY0BxFmT0MvJmFCoGKkcLoJB8RXOKpX2jeDVq4m2m/94":{"chainKey":{"counter":0},"chainType":2,"messageKeys":{}},"BaEjKZE0IT+O3BBySJbHvDSNgme+zgvQoCGp1s/92gV+":{"chainKey":{"counter":3},"chainType":2,"messageKeys":{}},"BQtJSNz5gAsCDn5ZP9Xz9/3KUzssuI0NOGvXehRmJxMI":{"chainKey":{"counter":1},"chainType":2,"messageKeys":{}},"BTHJMooz55T/Le9/xTc+XHSwmsxUITEDoHEE/nm6+TBp":{"chainKey":{"counter":1},"chainType":2,"messageKeys":{}},"BUy8hhxM+XxMTUat7SaeKQH+pUrwbUdTBcbgmRa8By8j":{"chainKey":{"counter":1},"chainType":2,"messageKeys":{}},"BQmV6SV0HLQ4Yjc2qINhoOPPztyTHKNUs2xngvYBFWwr":{"chainKey":{"counter":0},"chainType":2,"messageKeys":{}},"BVYwFqoMVYCYSciyOzJ7Vo9nyjee2Sx0sVyvBJ8NiTc3":{"chainKey":{"counter":95,"key":"0Fq2PyQ8U+Rowr2wOowaqh8QNP0o+s7HewZPP54ARJE="},"chainType":2,"messageKeys":{"82":"97kZBDAx/hR2ihYBwzNgsyS2kv9HGVw2HYj0ebo0R9k=","83":"O2QVZLhMZEDD49isef6iFRl2fog9JlJbJ8vDvjqTMzY=","86":"JZYRYHYdofpRiLPDuo4kvLmVbEV1rqO/bi4uInrPFss=","88":"Jb1ZCW1XQUlrlxVXDxiYdOWbed1ZtQiOS9++njtwiQU="}},"BciuJZP6BuVEIQ1r59AKhmuvzf7Uq4MSCuLxJSaheChu":{"chainKey":{"counter":-1,"key":"0SxBCBX7JeYIiOtlyWQVNNw/l+5qlrrMN6Dc6bAy/RM="},"chainType":1,"messageKeys":{}}}}},"version":"v1"}