{"_sessions":{"BTzoM+k9sCZ2Mnni701Ehl8Nc6eR6k1q2pZ+RYmPRfZr":{"registrationId":16376,"currentRatchet":{"ephemeralKeyPair":{"pubKey":"Bf61cBRw8ZZvcjx5F8hKdc8B9y/8jZgXYuizXgZqnVwv","privKey":"uK8dM0JjhWmH6A1ho5aXS2rIYie1mMAGrG4qta2HuGc="},"lastRemoteEphemeralKey":"BWCOxWSbO2JtoOg0bABNzYlUKXrezdkyzn2HvpPad1wd","previousCounter":0,"rootKey":"epZ9GkwQDSMEL2gHg+wTfQMZ8hpKJVassKQeNIVlxWY="},"indexInfo":{"baseKey":"BTzoM+k9sCZ2Mnni701Ehl8Nc6eR6k1q2pZ+RYmPRfZr","baseKeyType":1,"closed":-1,"used":1703079001573,"created":1703079001573,"remoteIdentityKey":"BYlMTX+/4iXrOQcMvXD/vpUHeKbK7dQQ5bvZFIJGTCdB"},"_chains":{"Bf61cBRw8ZZvcjx5F8hKdc8B9y/8jZgXYuizXgZqnVwv":{"chainKey":{"counter":1,"key":"fiGmmTjU015++gQFjrsEZkWLaR8VQJ0tkO32GA0E31k="},"chainType":1,"messageKeys":{}}},"pendingPreKey":{"signedKeyId":1,"baseKey":"BTzoM+k9sCZ2Mnni701Ehl8Nc6eR6k1q2pZ+RYmPRfZr","preKeyId":3358}}},"version":"v1"}