{"_sessions":{"BQ/MpY/N8hHxUQuITCIVVp/8vLehHVgUM5xDHQPDc05s":{"registrationId":1705331417,"currentRatchet":{"ephemeralKeyPair":{"pubKey":"BY/lDznJ1U1dG20S3ZLp67NnNn3qR77FxTnSmunyVztJ","privKey":"iNrXhV5k7sWOeTpP0/NOYm9NiI8CZ2LxTb84+CbRVVg="},"lastRemoteEphemeralKey":"BempmVE7x5T3rNKQuQPlaXvEmNNATjutSPCcku3W2UF2","previousCounter":0,"rootKey":"LnbMDu8T9RNKLStxdXjYeiUVgcnLsLasTkeMbNAXr3w="},"indexInfo":{"baseKey":"BQ/MpY/N8hHxUQuITCIVVp/8vLehHVgUM5xDHQPDc05s","baseKeyType":2,"closed":-1,"used":1703141562528,"created":1703141562528,"remoteIdentityKey":"BZpbnM5SFG8N6cSQP/ZOpGWE2h1O1iZGJHOin79ZYF1Y"},"_chains":{"BempmVE7x5T3rNKQuQPlaXvEmNNATjutSPCcku3W2UF2":{"chainKey":{"counter":3,"key":"zglzsVMuE1mLKwBIIzO4TIhSKRkYDNuy8OnsKo9oXRI="},"chainType":2,"messageKeys":{"2":"UV2feHwOAyVKOxJp598iA1a/T7xARFWT8MyvDykeUrk="}},"BY/lDznJ1U1dG20S3ZLp67NnNn3qR77FxTnSmunyVztJ":{"chainKey":{"counter":-1,"key":"+Kd7Hmaf7cnouUEX/yWcLl6ogLaIzbddVbbMZ+2EQ34="},"chainType":1,"messageKeys":{}}}}},"version":"v1"}