{"_sessions":{"BR6/+Yhl9VYJ7kFxaEEu8m9y+JiWzKCZGdg/6Sxs0180":{"registrationId":322470842,"currentRatchet":{"ephemeralKeyPair":{"pubKey":"BdvCYiAdOY0KIefrNQpmwSyYlTHXkA8h/V9d/zrTgUtc","privKey":"SK5lcFoZ0qzJXxfjCFH1IfMJN7mlp6bbCZvQY8a9E0Q="},"lastRemoteEphemeralKey":"BfB6JAPwMUjXisFLYR1lmwPvU0AnOEpRQWEvzJe+VBcr","previousCounter":0,"rootKey":"stynQsJG+ZFeou6akHVyGck6myIuj4V2P+VbzGmoqtQ="},"indexInfo":{"baseKey":"BR6/+Yhl9VYJ7kFxaEEu8m9y+JiWzKCZGdg/6Sxs0180","baseKeyType":2,"closed":-1,"used":1703258587841,"created":1703258587841,"remoteIdentityKey":"BfQ3XDtoY1tHBUuI3XBfBTbFhc8HAsOy0FYOeh5vDDgL"},"_chains":{"BfB6JAPwMUjXisFLYR1lmwPvU0AnOEpRQWEvzJe+VBcr":{"chainKey":{"counter":0,"key":"uM7b8VElHWztvF9PMH0cWShg6s+HpD0isQ478vLrxBk="},"chainType":2,"messageKeys":{}},"BdvCYiAdOY0KIefrNQpmwSyYlTHXkA8h/V9d/zrTgUtc":{"chainKey":{"counter":-1,"key":"i8KNdelz1bU10hCWilEwouWbjg2l2LQfSbaIF46vtGk="},"chainType":1,"messageKeys":{}}}}},"version":"v1"}