{"_sessions":{"BTsay1NPPGRjjm2MXmB63F9q2/x7Xy08+243E93sBc0B":{"registrationId":1401013404,"currentRatchet":{"ephemeralKeyPair":{"pubKey":"Bcf4n+MAYp7tSb8bwN7Tk0ueoEoK8ZAvWvPNwNfqbhZI","privKey":"uGlP8gLffv7D7WHcC/tdEHRUCJHRu5ltLr5+rCsfB04="},"lastRemoteEphemeralKey":"BUDgbV7EHX57YFnWuDK17TfE+4wMU5V3a2Nls4DQQLhb","previousCounter":0,"rootKey":"nPHTPEwg1cKhrCIOAEAfoMsE58wN2sC7/a+voizQrOc="},"indexInfo":{"baseKey":"BTsay1NPPGRjjm2MXmB63F9q2/x7Xy08+243E93sBc0B","baseKeyType":2,"closed":-1,"used":1703191189449,"created":1703191189449,"remoteIdentityKey":"BYZRHfw9cfPuRRUPOUZNErYywWMKSy0Q+aB+lDzU9kR4"},"_chains":{"BUDgbV7EHX57YFnWuDK17TfE+4wMU5V3a2Nls4DQQLhb":{"chainKey":{"counter":1,"key":"MPdHz/+J076KguRu4/tV1q5MKJIVF3WKmmcjvCBHwCU="},"chainType":2,"messageKeys":{}},"Bcf4n+MAYp7tSb8bwN7Tk0ueoEoK8ZAvWvPNwNfqbhZI":{"chainKey":{"counter":-1,"key":"gRBQhFEDO8MIR7ULqAw2OSlg8rocv1eU/2MaIz1kc6M="},"chainType":1,"messageKeys":{}}}}},"version":"v1"}