{"_sessions":{"BVDE5XES6QSidAuuoPTJCF8qfqk/4Cgx+Cc/6TQXXmwG":{"registrationId":1431919749,"currentRatchet":{"ephemeralKeyPair":{"pubKey":"BWUynQ9qZnOnA4RTiaKp9Lll0tnVzSJclSOrj8XZikgu","privKey":"IITRjF/2bCDWyDT6SdFs1FLT1cZ2zDk2oMPOv6nYA1M="},"lastRemoteEphemeralKey":"BaNeQXuFoJtbsyQDmjCH2a5sAPcjBdm/0bicDhNkAjsz","previousCounter":0,"rootKey":"/JbH2WfkB78ToFOyQLorrp7EUv+G2C9QZ1C+XdVVmnA="},"indexInfo":{"baseKey":"BVDE5XES6QSidAuuoPTJCF8qfqk/4Cgx+Cc/6TQXXmwG","baseKeyType":2,"closed":-1,"used":1703088709724,"created":1703088709724,"remoteIdentityKey":"BSeog8VmESbtfgWLS5PGoY1T3v64V6b1kJTPBcFAIPJj"},"_chains":{"BaNeQXuFoJtbsyQDmjCH2a5sAPcjBdm/0bicDhNkAjsz":{"chainKey":{"counter":12,"key":"y4Lfogj7qGjTXxf0eOnuX/ZppCmKAFAOIB5P6qKYHcc="},"chainType":2,"messageKeys":{"4":"Z+CYaOHV8UQWm3nhRbWRJ9fLzaYbmpvE8xe1Ungyxqo=","6":"nL0j8fBN3DhAYM7cy+wTJcaQdbyFPBDcu8WTbSCrw08="}},"BWUynQ9qZnOnA4RTiaKp9Lll0tnVzSJclSOrj8XZikgu":{"chainKey":{"counter":-1,"key":"Ay5LPI2a1Iba+zX0KYFopS92Io8QzzXHW+4oEq+EbJw="},"chainType":1,"messageKeys":{}}}}},"version":"v1"}