{"_sessions":{"BUkpdQCDbSl77pooU8ki9xK129ISRwNHyaDI2rV+ScdZ":{"registrationId":26298849,"currentRatchet":{"ephemeralKeyPair":{"pubKey":"BR05KGjT0YUOGerPA61mp1WubrVGE7nw2Hcq0mbMZMNw","privKey":"4Bdh9vicmG35Ch/qTWtV35W8dXjxJyju4rWR3+h8BEY="},"lastRemoteEphemeralKey":"BZ04i/Ohq4ZAfpPkb7tVlsh/jPjUMm/goGg+rnxzjJYR","previousCounter":0,"rootKey":"aRgTO9c59rixF2F5OflwWcfk1o0sA2NeBvpmGzq2jMQ="},"indexInfo":{"baseKey":"BUkpdQCDbSl77pooU8ki9xK129ISRwNHyaDI2rV+ScdZ","baseKeyType":2,"closed":-1,"used":1703141562966,"created":1703141562966,"remoteIdentityKey":"BTMZ+LvzkgBF4f+TR4AkDQXciSoIH744cdGO/VjCboZO"},"_chains":{"BZ04i/Ohq4ZAfpPkb7tVlsh/jPjUMm/goGg+rnxzjJYR":{"chainKey":{"counter":0,"key":"C3O907TqgRh8m+7C6LaiJgrNegA2LTPWbRUFcsn9dlI="},"chainType":2,"messageKeys":{}},"BR05KGjT0YUOGerPA61mp1WubrVGE7nw2Hcq0mbMZMNw":{"chainKey":{"counter":-1,"key":"PPQNBodSvRxFUB/Ih+H0SW0klw4z/RoO+rmZyL8tokM="},"chainType":1,"messageKeys":{}}}}},"version":"v1"}