{"_sessions":{"BXOTF3fpSqBZ6eC/ArYXdlOjm2HbvU8RjLTIjcDdDN9B":{"registrationId":709980039,"currentRatchet":{"ephemeralKeyPair":{"pubKey":"Bdtuwq/I6shsEuO0zP6V40fMJUYOQp2dQs0Qj8S1Meh7","privKey":"YIAv1IeJwc357UzPZqK5ZkpVi535Uvsg60Y5xFsGVHc="},"lastRemoteEphemeralKey":"Bf2pRIDGtrVRALmUIK05msSRyQ4ryemRnIPLPlEW3Gl8","previousCounter":0,"rootKey":"kh/oGgnFDATRy0YhwZuGfNAJ/YRfWUFAMQrlAAjpTyg="},"indexInfo":{"baseKey":"BXOTF3fpSqBZ6eC/ArYXdlOjm2HbvU8RjLTIjcDdDN9B","baseKeyType":2,"closed":-1,"used":1703259902268,"created":1703259902268,"remoteIdentityKey":"BS/Es615anHaRkaCmdE2F4M0QRqI+TbGXg8gf14kvoB5"},"_chains":{"Bf2pRIDGtrVRALmUIK05msSRyQ4ryemRnIPLPlEW3Gl8":{"chainKey":{"counter":0,"key":"6Y5o98TpjjEXtxxAWAOjG0Fdckj+4Zyj87xrBOZ+vCk="},"chainType":2,"messageKeys":{}},"Bdtuwq/I6shsEuO0zP6V40fMJUYOQp2dQs0Qj8S1Meh7":{"chainKey":{"counter":-1,"key":"gLZXdEfbhMBcyEJ/NCDeSMmBSlJ/kYPlo4/DVNKkD+0="},"chainType":1,"messageKeys":{}}}}},"version":"v1"}