{"_sessions":{"BZlnwg6LF32kti7pcM9dPchDimgIVeAei40YFvc4mWEb":{"registrationId":2129904281,"currentRatchet":{"ephemeralKeyPair":{"pubKey":"BdwEZiLbp8zLaVkoAjeXNdPbUlhzTapH4OJkqSlWE3AA","privKey":"wHTyb66LClcfnP5CH7Cn3l246QbZmdPDj14YN16Te2I="},"lastRemoteEphemeralKey":"BZaJ6H0AFuZqwY9CU7PliZ/AJIpZwlgfCUb+osmciAoJ","previousCounter":0,"rootKey":"/zt0jpG5MOgOgvqwM4zdWUYWMeTWXdSmxW6c5GeOyaU="},"indexInfo":{"baseKey":"BZlnwg6LF32kti7pcM9dPchDimgIVeAei40YFvc4mWEb","baseKeyType":2,"closed":-1,"used":1703256699188,"created":1703256699188,"remoteIdentityKey":"BRhX+M/wGiJWtNr4uHZ78cQjWvNTEJGi4fGTV0hHuZpl"},"_chains":{"BZaJ6H0AFuZqwY9CU7PliZ/AJIpZwlgfCUb+osmciAoJ":{"chainKey":{"counter":0,"key":"v8Up/IXdji836RqWoTaDyxiDgkL9BzcD5zK9Ef2W9MY="},"chainType":2,"messageKeys":{}},"BdwEZiLbp8zLaVkoAjeXNdPbUlhzTapH4OJkqSlWE3AA":{"chainKey":{"counter":-1,"key":"kxS5hGdOMJ1MboGR4n1lbsLN8zMDVlBsVz6DABBTSBA="},"chainType":1,"messageKeys":{}}}}},"version":"v1"}