{"_sessions":{"BeK2/gh/U+G4Q0OFKRXTKkXRO1+Ac98zs3mie9GPzMA+":{"registrationId":910819239,"currentRatchet":{"ephemeralKeyPair":{"pubKey":"BTVv3JjomVv3NwjjTBnNO5028fqsZuzO/yeju/dM6Z4m","privKey":"4KRNTzHVRmJeYGBGKOV8iAqZmvOayt0woh3Pck+7jkE="},"lastRemoteEphemeralKey":"BQo9jzQPoRxNSot23oLSxDHCu1iVFimRtAOuf2vs5Ztk","previousCounter":0,"rootKey":"eIfttdImYZhK6YTrPrGRFrIDpd53dVbstXKAYzuGS98="},"indexInfo":{"baseKey":"BeK2/gh/U+G4Q0OFKRXTKkXRO1+Ac98zs3mie9GPzMA+","baseKeyType":2,"closed":-1,"used":1703141562608,"created":1703141562608,"remoteIdentityKey":"BWgxn3LASbQkBLi3shgPbQvXWeeEiuk1ZJE3eG4f+S0H"},"_chains":{"BQo9jzQPoRxNSot23oLSxDHCu1iVFimRtAOuf2vs5Ztk":{"chainKey":{"counter":0,"key":"Q7QEB5oiNiWZamfCd4VNzKdXkE2TgCYEN4uC58dAgGs="},"chainType":2,"messageKeys":{}},"BTVv3JjomVv3NwjjTBnNO5028fqsZuzO/yeju/dM6Z4m":{"chainKey":{"counter":-1,"key":"k1lY5KDiEw1A96CoSE4v37cUtFeG/0z/7Z15XOP3Jgg="},"chainType":1,"messageKeys":{}}}}},"version":"v1"}