{"version":11,"hash":{"type":"Buffer","data":"AAnm93LH/XJ2Y8HrHdlRGYdi4+qyAU26B/2Qky/3H1elQdFhjpvrgcPqw1Z/DA5lZDY5nNtlrYImnFbP5Mge/Tj+PuTxdAfH6eefHAFe/qra5te4lv2y2xIabIY3KQXwE6sqfr+REdikgl4DuO+akHQH5+bPd21N3Z/JntF6QVo="},"indexValueMap":{"AnZGeWzmEjYXrYqk9YRd9Wq4Hm699bi41bT+UqJJQOQ=":{"valueMac":{"type":"Buffer","data":"mDLmB972H4LGnoEqNttAFJ8zy5cII5mn3gTrhqy909o="}},"K5hLeo8yLEXu3seR+obZfQfuROrCUgrAAPo+CbqVGVs=":{"valueMac":{"type":"Buffer","data":"QxOXtyiIzKO0aGiwfkdnaSVxUjXaH9lPkV4dwfDLxOQ="}},"ttpCIj0UMK47/bxKOTPQw+s2Vv1/WN1nOl+vFBRe41A=":{"valueMac":{"type":"Buffer","data":"Bdq5QrFE8Ss01g59x9KSRWPESX1q1TrLT0rFjMvC2e8="}},"1Dyvqbdo/BXlTaUxN+1aH50i1N955xsCpPAHFdLlFhg=":{"valueMac":{"type":"Buffer","data":"ntGPqD8AeazWV4awETrWHlYEEtAmPPw1N78DLPHjAJw="}}}}