{"version":78,"hash":{"type":"Buffer","data":"27SW8ZNqA4S271/HCuuS2GYoGGQv6MRz7536IzQmud25MIOHL76my3XnfdKmW9nbSbjRJnblhzTlUimgfWc51B3+TNostlQ4WOs7iTfrNnNcb7ZOmsyjtgw2P/Q/g9mVsTnOpX0UIxu6uvYLbmJtGL13dL8U2bYOpTLDoj7ZEJs="},"indexValueMap":{"AgrM8qVASLHNdqqZeKV57wXQYO9LDPu7dfXXOud3IRU=":{"valueMac":{"type":"Buffer","data":"Kpd7tGYg9HFOIe7E80LjizSca5M+8AvmxeffOnpBAK8="}},"AmHdg8aqeGgPaE77MH5Cfw+JiAO6DtSwWhB0L5McT1s=":{"valueMac":{"type":"Buffer","data":"DNzrZJmYz2iJhIDRkAMbyQkIDmPGqz0ZzGxdHDW4AAY="}},"BP7GUbIAWdN/E7PreWwLic9GDulPr+kXfK0HWpcNt1g=":{"valueMac":{"type":"Buffer","data":"wmnw+OTPmhMmEEqcmf7jBSqEq7iQbv0QdlA0i44baX8="}},"Bp335FpxkUrzO1q7cd7X49peYKvR+/G8i2Bf5DmSq0M=":{"valueMac":{"type":"Buffer","data":"bkJW0x6UdP7upKwsH6c8nvOQvU0afWfSKfTQfYfw4bU="}},"DstfxT0nASEcj3qKzezWRSvMacVbdUM4/2kYho8twXU=":{"valueMac":{"type":"Buffer","data":"P9HC3wkPRkLZ0kYlNIwZFvzJed1/Md7Te3zLS5AY3XE="}},"FYTvlmeO1JLa/8ykh6jKChfZttSAzxPM+2AGNU58Nys=":{"valueMac":{"type":"Buffer","data":"/kP6JxobYhTtWIoQASAeNWXmZ6mqbUy9brGSt1giAiU="}},"FyZprNJ7+OUP+Q8X1z1bJ+ca29TG38AS3UIKcls/bGc=":{"valueMac":{"type":"Buffer","data":"vgm4skt6Bk3pQL7lzmfllEKaltJZbvjfLx125y10gxQ="}},"GKYSHLONI9Qdj4Fgs7vwl91LnqXspB4A/yURDzsqlY4=":{"valueMac":{"type":"Buffer","data":"XpYOE+3uENnBibD0vUN8MJs/Wtfm2NxnG3fZQUXRR7c="}},"JcBjYI+3Wf4qNqY5IWYCm4QaccZIstlpT7aE658eZgQ=":{"valueMac":{"type":"Buffer","data":"axedkgq2neWVWpa/uVNaGUZevglyIwvLE2UYNuDasmI="}},"JdvCOK/6W84oskr8HgyzEUbW4eRak0G2ekq0Z585FTQ=":{"valueMac":{"type":"Buffer","data":"xvCB3TTl1q3/UwtHzgvCQeMue0Y/EUK66jZ+rxcYnR8="}},"J6t6bk9JM8UWASEoXp4wbo6BCCEfYBbIJe/T/wDbT1c=":{"valueMac":{"type":"Buffer","data":"uSRpSt9kfZu3xQFj740TnFp0NY+ps15/pkEPaS39sY0="}},"KMYj0j8IEYHILsG6PiQTerAPyE9QCGdojARhejaj5IA=":{"valueMac":{"type":"Buffer","data":"PYbOqbolqVu4OVnp2zOaRJtzkix4nKW/jbsqnfSXrcs="}},"Ks4Nw4F4ZM69WxrzLggzZeq98mWM6shL0xi+7DQCWT4=":{"valueMac":{"type":"Buffer","data":"jLuDdYiFBYQSBgNeSwJ/xMynRKEXgxUwjV85bbr7SnI="}},"NR9mEWrWbIK3PX29RcZrlb4LBhwENSBNtO4KuMYhEZ0=":{"valueMac":{"type":"Buffer","data":"g+hxx/oskpJmwuaZfpbTWeg34Rxu46DDyFx35oMVAVk="}},"OSGzMr8qECk8r/VdjbQC8zFcvhIStRD4F1+hXqCaz5U=":{"valueMac":{"type":"Buffer","data":"YjpPYX68Lxri/hHJIQIChpXG/RuFO7F+eY8/rLv8928="}},"Owogdoc87M+441HkKDwhnRpr/R2oFD6Evgap1JwooF8=":{"valueMac":{"type":"Buffer","data":"VjTJjPc9d1lHJ2ACg+lacUU3JLEr4LyeDLGqPjAE0VE="}},"O+Xf5cGRbOT3BbmxfjryFWTqY9pDVUcoRPBMBxfYWhs=":{"valueMac":{"type":"Buffer","data":"ywfc1x2oTi+VzoGKVbR+kc/pl3lOHMptc1UIYt3ZhRM="}},"PGj8YFUGvvRvYi7ouQvuW01CIfvz0rbBc91MKtS5jVA=":{"valueMac":{"type":"Buffer","data":"mE0C02mbp3u2JQzanjalaicuOmbUApKdQSRAazsBfIY="}},"RDpdFtIeQ/VMRU+P82RjiO+VcIydjLY97AxZZPw0BPE=":{"valueMac":{"type":"Buffer","data":"C2SIa9LeF6kZc5MLjKCUL0KMLsLNP32NPFil06DJFsA="}},"RfyOLOjaS0YhNglTsXrmw9fwhTtLebTv/sSYKJ7TUFo=":{"valueMac":{"type":"Buffer","data":"NFzU2TmRqUradWMW416E+eBzFLcC1Y3Ff9YubCDh6Ok="}},"TVbVJqWk06pUmu6lo8WPwnOw2SmpPralPCz0j3fqz/4=":{"valueMac":{"type":"Buffer","data":"CkpwRsh2Ieei0mbN1Gj+FA5yDwA08R1C2sC2JOzhfJ4="}},"T9Nb7Q9cUswIFC6zY7A0FWsYaW5zHEBtLaKbiQzcF+w=":{"valueMac":{"type":"Buffer","data":"p39D/wSRXdrM2f9zJdfqgIKPya/D7nH51D8V03Kq0kM="}},"UO8u863ArTfrDyUYRytqi0G8PViZjXNQmJVfRg3gHGY=":{"valueMac":{"type":"Buffer","data":"2lnccIFsuq5Vkea1ERNkWws5luk80soti+qprw0dz94="}},"Uf6cTuz9JmF4N9pcj5jWU61KZ1UfbNk0dYApdh1wXfo=":{"valueMac":{"type":"Buffer","data":"WoT+px4nSAQIDneB6ZcxaoJ8VuDXcF+kisCBsahR3lY="}},"W9orYCnzDrNGx/ckuS0z0Ap2ELvH7XR4gbGkGWpOyas=":{"valueMac":{"type":"Buffer","data":"RpSmKgyanFTmu8dwWKMJYcQLIeeIlt3ByOoGdduWxvo="}},"X2aIPZ5LYD32PDuT2VwvShUw738ZS5oa945b6D/Of/Q=":{"valueMac":{"type":"Buffer","data":"+i2devlLZq1mPOt2ZgHDXY+B1wASZqVKrXtGrodm5Uo="}},"ZO8JokiaiXaYgt/jcxfMGws+tn+N9hY5e2ND3hEAiuw=":{"valueMac":{"type":"Buffer","data":"7N606IXeElY2xJXk3Nd+J121yChqwS6Ck1c4rZPM7Ew="}},"aAGcjBLRXFqmCZXxqHFYilaJNdSVELJmCSAaQN0ZL3A=":{"valueMac":{"type":"Buffer","data":"54UZ+Le9TE9O6A2bx5VmFDLEawsmZ3fnq3TZVqmH05s="}},"alJ5eCsrPaKaEISz65LlJrsI6EIbfiLNH+CFILE3tsY=":{"valueMac":{"type":"Buffer","data":"ZFVG01DDmV7ofj5lFbq9GMFbFYw4HVFlLELdU5qcQU4="}},"bLqgr4vInkgUx9dn5yjdQsD5Apc95BLtwCf9Y58H5mI=":{"valueMac":{"type":"Buffer","data":"EEi5MQuxrrWGkkBaEEYj8koJEQmR4iAEpwSTqiuyznQ="}},"cabyC7yv7slL20qhbyVqIx7LQ2Pj55kG3/BwBKiHQWU=":{"valueMac":{"type":"Buffer","data":"Vil5IV0OoOIZcJm8g1NDY09xmUo9Ce9BNddDG46kh8o="}},"cpL2WbuZS9np+g+HudozpRiS1xjJqwjB3cxLhmMV1Gg=":{"valueMac":{"type":"Buffer","data":"YBB3ZXFihKnVwCd4kgKwGxEb1gZ1twVGdNfZoL/ZCFE="}},"dJRWeOylQDbENGpRhecENbxiYeb8IdbMjVZDx1jEc1o=":{"valueMac":{"type":"Buffer","data":"Nx8r7lFY5CF0wwQ3HzlVoVsT75Vwlb/w8PT8QZhboQc="}},"dsbyCKft9WhRSd7LthCbac8sgM5Yjx4cuhGM+JffKhs=":{"valueMac":{"type":"Buffer","data":"4+VroHj+b3sqw1WVVBpoJtM720e5WtxNCQ36u+YjqDM="}},"f7hFX6m8mN7AnwgHFOdOrPJFp2NDHs/zb1h8lGBqjI8=":{"valueMac":{"type":"Buffer","data":"XLniwdp0YU01s+zLcN71r6CjHyOzMd36vl22l8X+kYw="}},"gaui+TD8Z8SkA0bCK95Pb3PCMDkImSTLVO2vrHeEzno=":{"valueMac":{"type":"Buffer","data":"qoiUkBq1LeyP3uiP6wuHGhVTQ4ft1kIh6WXIwTsFJNk="}},"gbB1oG00k3SPUXa35hgdbTvY0ryOEAeDWwY5zTQuHY4=":{"valueMac":{"type":"Buffer","data":"RFK4T/dhFZCJ5eZJx2j6MPmH7oqc3QsEZzRMfwElD0Y="}},"hrunxNUxnfY0w1lRz4jLnDy8u9g7e+dlC75icLHJJLc=":{"valueMac":{"type":"Buffer","data":"SP5M0L+qeTOgW+KCRosQlsmBdZ5YCdjfqXNrF+ODsiE="}},"jNUAkYbITt6TmnjXaW1kaFb8Tp/nzU2bV+DQJ38FPCc=":{"valueMac":{"type":"Buffer","data":"G8QmLH4TLHUKeAwGxSMmo5CnPNcncCabraXR0XJVHiU="}},"kMLbsVIKF35S9QNKoHxfA1YkzSuLpiXGegEMxu4S+18=":{"valueMac":{"type":"Buffer","data":"RSKN62ADV2VwSVIJITJDNVsyL/tQIT0N+EqcqM46kiY="}},"mQ8QJOCagedwTpAovj7OG4gQE/8Mb97cR7mxQ+8d9Js=":{"valueMac":{"type":"Buffer","data":"C/I7QAtgA4StvkydO36a8kPeSLGadJSxK8kzP7L2p4g="}},"ouDzGJgCRcPUS7sQA8GeJSv0RqhMopYCQGbPej4yAQQ=":{"valueMac":{"type":"Buffer","data":"/zjL5DsfA0ok7Qm5W+mSVhKSKBhEb7fWBY77jItrrpw="}},"pu0YHUCJxyzQWpTRVvisqZNoX4E2bUbdWasYrP7HrAk=":{"valueMac":{"type":"Buffer","data":"naR+jv8Y5BeBTBvbuqSwxJ99MUo9bJZaglDeND9BYFI="}},"p/F40xwiHn4faOIwXOcDiBedDChDeVX7FzdusBay6w4=":{"valueMac":{"type":"Buffer","data":"mHmbN3z4EqUy67ogSQP1tTGM25/UVy2OfwjvWmXisww="}},"qTPa/Nm0j0w77TPQB4nuPAeNK/lsqvPjRr4LZFjF0k0=":{"valueMac":{"type":"Buffer","data":"AtNKfEeDXUm6czQfId/glRAbpfzHvSLowGzwGgFhvf0="}},"qyng6ptNgeXk8QgYGPlx4SKdtaLAShB5rq9YclQ/wYM=":{"valueMac":{"type":"Buffer","data":"d87Ckzv8sM+To5/0SHNqXX2625d6DfwGITDG2mFWqlc="}},"sqVql3s+X7GFSqme+HEv8/NQN22gOTSMdL2pXLH3M74=":{"valueMac":{"type":"Buffer","data":"dvSrUlfuKqJaaSJg4LrWfSA0KtL9UfMEdGaUTu0LnnQ="}},"s4NqHaEum84ZwjZmjD2gizZGbEDYrelsy2o+HGJUbME=":{"valueMac":{"type":"Buffer","data":"yTf7cuQKhDeU2iItCQ18tIaFoDReDeHks0xQIiEQEog="}},"tp+O6ERs1lblsFb0H7Hqtxohbcl8fPF5JZE86geF79Y=":{"valueMac":{"type":"Buffer","data":"dXjjBzmyZhFgMDhGjUi44onbhRcc0VvRMW+dr/nQw58="}},"vWw6Cm7kgfEE2OakX3/O7Nuzs9rcryG9aAo6VKuYx2w=":{"valueMac":{"type":"Buffer","data":"1eOB2B1oDsaCz4KlRvDcwPslyhJhj99RgzxNSHxF0Cw="}},"wNJca1jFbgINL0kECN4v1Yfbr80NyA/1a4x84+isqQQ=":{"valueMac":{"type":"Buffer","data":"mNwhXQm1SucPb5cOnnyjd5O2X38+nM2KDwyOnsrylPY="}},"wYXRGLB5EgdAni6Zf1MeajAM9Dzho/TNrkfeBFJ0KPE=":{"valueMac":{"type":"Buffer","data":"4RljpHqUkEiqY8MdcRVN2aUaPNb/K+Fx8LICBb2Rark="}},"wt5IqiZNGMPvN1siOK/b+cXCaEb8sMbfEZG7s+7f350=":{"valueMac":{"type":"Buffer","data":"sMgcVSHV/Q0vz7optFyI/rjLTbsWDJCJH5WFXllL0nw="}},"xoWlMjWMxdkScYdbWzoIvxwU80EfX1HWxzOl4o0L8lU=":{"valueMac":{"type":"Buffer","data":"DEh9L1+ayKbALRzeulCiFylTDcRZrrqrb7b+lhiNIIU="}},"zTjJUUjsd1qncZ1Yc7mQp+2s40m0b3ebyXn9AIVQT5k=":{"valueMac":{"type":"Buffer","data":"TVOcUMwKyZ8PqPv7iTMKwnLbZrXyBm46kVwak5CY9f0="}},"zWLHpdxDTmTETMoHdS2bYN6/iztU83986b8PCseyw+E=":{"valueMac":{"type":"Buffer","data":"X1z4r2MXlU0Cwgfs+iwsN6EgthJ0ZUnJ/U4plGrOnIY="}},"0AIZixHzQBPDLiswAs80gpNhsRQmYNvmC+hwLybgUDs=":{"valueMac":{"type":"Buffer","data":"tHJ7D4mkr6i6oLpvh0APBdvWbHcS3ovIOttbqshHEuQ="}},"0UAupuek1CZzqcu7m80H4pJHJ8+xLMsbjnB7n/v2u38=":{"valueMac":{"type":"Buffer","data":"hdqcEVrip0TOUirWLIBjG9AHOY7kwRKugOPPfSczTP4="}},"1ky0dyI8j8hGG4GGkAyfDi4oQvOFpBQQoRWsyEvB68o=":{"valueMac":{"type":"Buffer","data":"G5tMMFI4TfD/+PmfU2QnuoLRAtgcz5eC6I6ztniNTgY="}},"2vs1UTd4MytR5EcW2YhWHgYPSziZ8zVx/NNcf7uzbP4=":{"valueMac":{"type":"Buffer","data":"U8P7fOi5aG6DkvqRYnSBHFV+an8s3Xi2WBAMUT7LI7o="}},"3H9L3lT7bjeOBxlZZURnv8zPoNXHScYU3LHLNVx383c=":{"valueMac":{"type":"Buffer","data":"2Bv+0bwYsMKRFWPv/cd5fsA20FlwQjoeAekypLAZ1bE="}},"32+7MUb6qOFzyegFy3XOJVHEokvaWi8GMaGgJ1hIRlM=":{"valueMac":{"type":"Buffer","data":"n63ahZpQU75INzaA17QZ81ooJ07aND+iFesbHJzSdc0="}},"6+GEM7JBXFJ8wrRU2e8kGdZUiwWCDV2sTmPDWxpeTrY=":{"valueMac":{"type":"Buffer","data":"2KE/LMMVkvGoshSfq+UiFDi65ko+y0AuLabaYHJgAM4="}},"7GNoFuW6H9ytlHzYoABGdq5tYtkYorsaGQ3iVqLhmQI=":{"valueMac":{"type":"Buffer","data":"XeaQkDjoMUCjZKZrlUcfpYa1tFV/ja9ZQn5UFq2nnbw="}},"7NikFazcma7eXMSnJd1JifncEsLqfSd+mlHRMOlKkJE=":{"valueMac":{"type":"Buffer","data":"WKVgaqODSWjtKlbCCGKohwqUBro8PNUZkQ3meAhQd5c="}},"7bBvrKfu8CBx6k/uedqUvfzwNd9JszELqo0llG7fXb4=":{"valueMac":{"type":"Buffer","data":"uRyhZBwD/EJ7wSKtq2aU4MEj2U7dC7M1nBXpQmhFytU="}},"85xOePCZyBg4mojIL3yCsdj7mnhMZ8KcKKIPWB8aKGA=":{"valueMac":{"type":"Buffer","data":"B2uWPqXfdry2TVlKeJx6D5b/wmqDv96DdSthujVUlLY="}},"9pRryqm9pcAQTQzb6vN2SBVAbT2nzqZf/sobPG5lTRU=":{"valueMac":{"type":"Buffer","data":"p0PEWEcyV3aiN9020BkvKZvr1setCyGpLany2kF7wfg="}},"+fcPDUHer1M/IEeagIy+LJgAf3/iq3rI1SPny0LbU+4=":{"valueMac":{"type":"Buffer","data":"xl5oRWw3dUKT9a4L9vMoajhR7sSlgyshc1ff3omKWJo="}},"/tyr/a/+KQuz5s0HCvWkb3MgBOnbk9F3k16cji4zwp8=":{"valueMac":{"type":"Buffer","data":"Twk1ol4MRknjmkKwsPC+75LKvpmoz4jyN+x5+R3NJHw="}}}}