{"version":17,"hash":{"type":"Buffer","data":"YRAX+JqRYOagWhHUa6M1M0BXVPM9a/W6CJokztZHumuY55W3BcYA2wIF/diqnQ0MEXpvwqUtVMFotO/rlKjfUkaAjkf9JCG9GULaqv3mOvsefY2sG3PZdLsx2gKM0WHxIcBDz+94EN1Je8hjjBkI1VIUNktvra1Mb9piDbPcT7A="},"indexValueMap":{"guYJ0U7W8c+EhsNCDaDtloH8HTZHpuBCtIbbyPil1zQ=":{"valueMac":{"type":"Buffer","data":"K/fXiuRKsuLuwsjCLibN/3vdN9v4Y6xlZxpYAmsAFNE="}},"jLsaVtxesuwD5DWDIgK5iO9gUkyD78E6iK0hEc36W+A=":{"valueMac":{"type":"Buffer","data":"gS2Rj9BAj1e+nltpz+1iB+YeP6gwiPbt6V629Wy+hzw="}},"o9+i5FPnYeOBc00v9rnlj22A4UajX6ChQU0rZmCXW6U=":{"valueMac":{"type":"Buffer","data":"yUigcQGph1MuiqREYrsgRs9aYlw4Mb2rEkuvstFpv/w="}},"1NxjBQlaZYShqhSzDJ+ABBgJwpQKRhBQJGlEiEY5/Sw=":{"valueMac":{"type":"Buffer","data":"xfFy8PsJ3jAmJ3sjo1UCcE+c2Et6o0I0HyRuFJpDUic="}},"2ew7FvALCdfOnccOo+W/G6Li/++m/KQ/6Ok1ih4fKL8=":{"valueMac":{"type":"Buffer","data":"EpPaeQhaibgf1LHh0RKQPmCKiAcYyeVcRsY+fCnKOSw="}},"ZonGfiYAeK86uzRkoBsiE+xBHavjRfHAOZQbdsnCAfQ=":{"valueMac":{"type":"Buffer","data":"H9pAq0Qe0tP8mNrLcEDRL7MQkJVxeZdnGC7Sn0FyPps="}},"8RZoujOqOmZuUQDXYLFKC5mY6cnZuB8BkvTwXGys03k=":{"valueMac":{"type":"Buffer","data":"okQ8skLEng1IjBq7XqFc4KeuwMflakKtvsBudnoH+FA="}},"aCW2YpJIc1mExE51g5n8Xo/iM/3gR8zv0KWkhL1FrOM=":{"valueMac":{"type":"Buffer","data":"brQjm6uag84T1+v2Zq2CItsa6Uh7Oi+Py53zGelrumg="}},"6rYQ1qayjLqIiz8+8CditRdpDchOezJjuIMlRVly1WY=":{"valueMac":{"type":"Buffer","data":"aZt9OysioCMhAW1epJCa9JADX3bfVezTbOfV8rwc4rU="}},"yrUmjVNnX9RyOoKZ1sATnaEGPbyfftGT5lvG6xHfHKc=":{"valueMac":{"type":"Buffer","data":"DRuBbfTW8OonyuztVw4AFnI3cBWw8DD1vvhmlNf9epw="}},"nqhep968hmLt8qTfXX/c7uaWxHHzhRNm+/RgwxlJQZ0=":{"valueMac":{"type":"Buffer","data":"Xcq4jnhiDVD2iqwHqH3hfY0G1Rvn46hALKULGhu5K1Y="}},"ctLs5rEx4btjntgHq94791rYxGSzGaG7UTCa+um7zbY=":{"valueMac":{"type":"Buffer","data":"jTiT5zjq9fCnJtra2UZwyOcCgz+krhG3K22NMaqAe8I="}},"PThl/jh7ycvfOu97UfAB9B2rsE/ha29WFNC4jjLh8+Y=":{"valueMac":{"type":"Buffer","data":"LxKLjpawmIYk12vTyYk61Nlu9ayTQioYZ2ubXzHGslg="}},"n6tME+xnMYtMHivpmhhFqW1hf+unDemDnDq7apaz3Ds=":{"valueMac":{"type":"Buffer","data":"GkFwlOkIz50TAjCYOjxO/hEPr5AWWVvthvAyZyl0YZk="}},"oV6S/apPTIE4t0kRBlaA/+FZFaLDl+c/cnHB9gPj8+s=":{"valueMac":{"type":"Buffer","data":"Wm4f/VYEv/iqw9mXv36Rrvp5tiU6be0cMWqXMkuHN6A="}},"MRV9DwA+Y85QAghc1YOrTWT+bUcnd/J9islWgw1SzzQ=":{"valueMac":{"type":"Buffer","data":"Jba8YrNCchD41xM9G/cMhWcwAHieKuf4hAesLdy42ls="}},"zvL+jmZ0KZKXR8rFx+fT4Wz4NOamrfpE8DvOEMVpLiU=":{"valueMac":{"type":"Buffer","data":"/TvxG8p/IRXViyKP6oupTX9sZerPgA2G5Vz9WRnxOBc="}},"YIaEgcvPGKovzbAmKo+S7Feew5bhf+n7/Qhtaq+qQMA=":{"valueMac":{"type":"Buffer","data":"cKaJhy1w1WgRYjq8C3xeZKrYW1lQhzVbgX4VpPvHSP4="}},"VSmwAjHgfLTS9hQ79cPS9e5AWS5Bpmtimkm9Fseessk=":{"valueMac":{"type":"Buffer","data":"5CG8OvgwQtD7FMB52sa3dSevCc0IzwsA0mkYQ2xughc="}},"oQR6jzBa71++tVuYo+6GvfQk7JzHuQ450KVos/CHCMM=":{"valueMac":{"type":"Buffer","data":"VfAlQ6xICVUzSLp5160xz+3UoB9rN4nyLvLmR2mtfUw="}},"17OgN+k68D/wqsAV05+aKhKQvhRMJgmU0pN+kgypI1k=":{"valueMac":{"type":"Buffer","data":"6D08VT07VSQZqIhyoA5JnhRvF0x+2d6tcJWii2QM5Tc="}},"3CSt7iWXTkzdvkY0gdx7UU1S/A1KDw1TCWFkhavdMKo=":{"valueMac":{"type":"Buffer","data":"/ery2G+T0NqtW4IkEVqlHku15SsL1oFXe1CPaww4AOg="}},"MR5w/Wz2subEeJm1MY/MY+ZF9BDbC6wRfqx9pxwt1OU=":{"valueMac":{"type":"Buffer","data":"vWRoq2dXdLEZp2HGSlRXkTuw82Ys/IliAgfa+6Xahuw="}},"JPUnLhPQcE1gj/DLUPE7y82rn8nqM3NvRqlBZds9RZs=":{"valueMac":{"type":"Buffer","data":"eebvUxq7VZHQUUEREIiAj+ZRtVZsONflAuW9BB6wxaA="}},"cChyYlK7bspSiHo1Zfh6RXm8Btm0sk0SiYqVU4n4Kys=":{"valueMac":{"type":"Buffer","data":"Ki6TIefPiTYf1xYsDYMvfVGlPsJ5OhPrQiJFfScjHCk="}},"D+J/lSbq+5+ggz099+RCZGQ856a9/exZUOxLe2seO+g=":{"valueMac":{"type":"Buffer","data":"mdHaxSeqWL+P4AmpT+g/0fWnRCp1+QGPnG55BUr5A1U="}},"8ykDjkkwp+Qt//voCo423rU63aq0mQSZIJowIIwlGk8=":{"valueMac":{"type":"Buffer","data":"AYjFTqqLLryGLLMTmSGuQ8IyLutEHy3rM+3SVVWUe0I="}},"uh1xRX3s+W63eqv5P05lOXDs91nNZYjESpj8xZvojco=":{"valueMac":{"type":"Buffer","data":"SUo22gjQwYUVIh2hlYGDeJdVxh8JYluEM3OEV17Vv0c="}},"Gyr+eYHVJ7xRwSZpW1ZBOLmirL+pzu1mVIZh9dex5MQ=":{"valueMac":{"type":"Buffer","data":"P2udSeB15DmzUPvwZ/arl38c5Lxxet60nrw2lIeM8No="}},"lUz+tuvm5JLWUMOny0B9nF+BPj9C4dN/jUuvlcm/DCo=":{"valueMac":{"type":"Buffer","data":"olWeo8k18hPA4dKITvWE92VO5nlsr93tsmpeb/Nuhfs="}},"WbPhrOBc//AG3FVuP/wVvoBtqUJ2xEhtuQKJYHIMdfo=":{"valueMac":{"type":"Buffer","data":"DqyK2kyXdOZ4BX4xR8uRfTbrU/9JBDaLrgLBTXVb9bQ="}},"BheFEZuWZSKicm/RUZMuv93N1eIpUga0sIGXyOKUI7Y=":{"valueMac":{"type":"Buffer","data":"eyERoUtTj73dqE4FJZor32cX+R4wBnA50gu07O9O+CE="}},"SWsV8In2OkYOkPboML27ieNwFQUMcjDF0gC5VF4lsHE=":{"valueMac":{"type":"Buffer","data":"HVj4ucV7R4Q0GGDL0Za1gnCPcYH7WZlWhPGgm2+lfk8="}},"Lj/L3yMD1F1aYQo3cTYA7gqzSXB4co4CE3SVDcDtJrg=":{"valueMac":{"type":"Buffer","data":"K9iLYBlVBnGX0nFuBRHX9ZiaYzL9IUai/S7Z2PDMU2Y="}},"a3f19OYkCp3I28K09cWIuEW6460k7WXBPfIC/p/5wWE=":{"valueMac":{"type":"Buffer","data":"KffdP4SQBhfw6HHin1MurQAE7zplcffcqOrnqVSjj78="}},"7JE5E1sk0ZZqhlyl9z0gUP3987SStX2DDkFhWs5fUlg=":{"valueMac":{"type":"Buffer","data":"9MlqccBAWTys05WFI1ObzhnFnEVdrI2OoFQbP/bDlVk="}},"F7gF37npCA5/mqSlYHVlgWRZBdWK4y3I087+dxzT7JA=":{"valueMac":{"type":"Buffer","data":"s0PR1UV2DLC8xC8GrAosrgMpQnfikq+7HsGa3u02LCM="}},"tHNatSt7f8SvhCXUIJ6CY1LZKRO6Sml8iu1bZHQWOcs=":{"valueMac":{"type":"Buffer","data":"Whl9Sf/WWIF0oI8InDPs1fQ1VGQ4FZug7QPxQDw6C6s="}},"zbXC6W7Ysx+uPBZMJdFHebmKGxrc4sucvn+TnQgPBaY=":{"valueMac":{"type":"Buffer","data":"vVVeebHkt4DP6bTKf22rGAu4ky+Byv0Acxxm9kYGDPI="}},"cZqV+6lgFS8sfCh9P18sp6JeU0/gzkEJsChb1dGY7LQ=":{"valueMac":{"type":"Buffer","data":"w/0/Ka2eH3mqTQgZYw6fV9hgrqG1m9Wk7od4kecCak4="}},"YPO+tPXJGhQj0zoIarDC+oIlJL3kJm387pWXInXggaU=":{"valueMac":{"type":"Buffer","data":"e6xEl9vI870hVFYfN8NTHfWEXUtSZAqhZbeFJUOSqgY="}},"AdrCEzSiJm1a5y4ojH6ohm93oZkDcuZ13OV8oJ3A6js=":{"valueMac":{"type":"Buffer","data":"+YrB/2cs7XOTyafiu6FTkzeGFEqw2kZqnfTalWuRn38="}},"hpZI8ndGyha+oV8O/5KbQGXypS0BS6vI0rHJBSvEuSU=":{"valueMac":{"type":"Buffer","data":"snLKT4b1zHzL5QP2JP7q2wX8Eke34WiE7IAM5FQguoI="}},"sKT5mpVFUCPm/aIzS7GSx77taFLnmXROmExAM59a7Qc=":{"valueMac":{"type":"Buffer","data":"JzsJe+/dD0wX85Cf7iKv5F70vaufYz3nZkIJRuFGR/I="}},"cWHDi/D3go6kb/sKTyChW0Mb1yoo4fNfhjvyOR/fD0U=":{"valueMac":{"type":"Buffer","data":"eQ0Fl5Gn060rwMp2vk85w8cDvX6FIo9wIKS0FoWwe2k="}}}}