{"noiseKey":{"private":{"type":"Buffer","data":"eIhg+Pb2gdDccWSypJ5NRtm4JJiGWlkviJc7pNQKG0I="},"public":{"type":"Buffer","data":"zGAbPGurq9ptadozROWRlPxmuWuY7ueJ2gAUMhp1Ejs="}},"signedIdentityKey":{"private":{"type":"Buffer","data":"CDO5IsD+3ec0eZjhY30S5qZ30l2e33rN9ubtU3rwU0Q="},"public":{"type":"Buffer","data":"lCrB/DJkU5gxEamfYIhjg28mqqqqw1+dDXl1aQvJ5yg="}},"signedPreKey":{"keyPair":{"private":{"type":"Buffer","data":"SGO/vRAvXs28QX8uAReSjlOpGuZPUhaZ6COZvM4y9UQ="},"public":{"type":"Buffer","data":"SftK2U0pVJmvtEZScq1lLB8Kt7X4trkV2n+9COhTkk0="}},"signature":{"type":"Buffer","data":"2IDAczEQ9S5gd/k8W/Qxu9EwFKJ22TQV7XjO0TusE7/Fdl269J49ddxZGYz4L+AJyLgc4srcFAAOZlW8AxzVjw=="},"keyId":1},"registrationId":2,"advSecretKey":"y1n3X2lBKEbOq6L9kJ/TOQpWjN2mbviSXi40H1ou9/M=","processedHistoryMessages":[{"key":{"remoteJid":"923124970382@s.whatsapp.net","fromMe":true,"id":"BCC06078462593255C9F15BFDDF27066"},"messageTimestamp":1703147997},{"key":{"remoteJid":"923124970382@s.whatsapp.net","fromMe":true,"id":"F36B5B510B8B2EB0629FEC28BB66687B"},"messageTimestamp":1703148002},{"key":{"remoteJid":"923124970382@s.whatsapp.net","fromMe":true,"id":"15B79EC97FFD1A93576205B40B50BE2A"},"messageTimestamp":1703148010},{"key":{"remoteJid":"923124970382@s.whatsapp.net","fromMe":true,"id":"99E1761C7314267EDDCC4375B0A032BA"},"messageTimestamp":1703148014}],"nextPreKeyId":32,"firstUnuploadedPreKeyId":32,"accountSyncCounter":1,"accountSettings":{"unarchiveChats":false},"account":{"details":"CJWo7YQCENPzj6wGGAIgACgA","accountSignatureKey":"rpoZRUiMrFrne7AgG1DEWOFKZReJzNMhlHMPGiQMvQ4=","accountSignature":"u8VLg1T4AX9AaXz53AmJdFwB7i8acDJuF/UjXMlAOUTQLiLeZIglQFR9wxJP1A5M1JFpXwtlhoPHm1kogG61Bw==","deviceSignature":"6gI2RphfNcuNPmao04q+J8siWVLW7Px6vbk1DM3/gWIgHtsC9HAVCWAIRZtkM4hJbU1E7RqwlfpfyCLOIc+kgA=="},"me":{"id":"923124970382:57@s.whatsapp.net","lid":"237164050813142:57@lid"},"signalIdentities":[{"identifier":{"name":"923124970382:57@s.whatsapp.net","deviceId":0},"identifierKey":{"type":"Buffer","data":"Ba6aGUVIjKxa53uwIBtQxFjhSmUXiczTIZRzDxokDL0O"}}],"platform":"android","lastAccountSyncTimestamp":1703157010,"myAppStateKeyId":"AAAAAPik"}