{"version":2,"hash":{"type":"Buffer","data":"z1fUL8LFv5TsSpTHr/PKkZA/1GcOVDWPdteO0l5LAUOuqQM1orXA2XwthLmEqjkjy24lzcBLGB3GoenHq5jQS3QiwcWByIZ4L3m6XnPkHBseOSWflZrdtVOCCuaBwt6S4NpB7ZQwKb4eXTrayAkjnekoApEK1RnptDIO7ga0sPc="},"indexValueMap":{"WVdejAuSRiQFw9R0yuOgCqcBZM1fV/7JUS1/dur8mXU=":{"valueMac":{"type":"Buffer","data":"mep1voHXLo7w7GJnpYG3dVi23Pyg44pAbLqF9IXQZwA="}},"udVSZmblrvh81rZC0RYViaRD5Ys6N46WGwfL+S6ov8c=":{"valueMac":{"type":"Buffer","data":"7XydgKpBTWzmLWiKDFrqA4oj+TUZ+DkYLScEV1D9gLI="}},"+mAXtwIS2cKU/iDTR9GtrQq5a0W24wOr28C0w9GPGWw=":{"valueMac":{"type":"Buffer","data":"dnNnw9233KEEHRjEbhB5eAVQy13hc+WBhIw0pTyLemU="}}}}