{"version":16,"hash":{"type":"Buffer","data":"gTMMc8RFLGYOeJiT7J9BOsZOuknpNx+F1Uub+9PZFcph5hYNwn2pNcmR29mw+iircBEnn55pOn9JDZymBWj60uqkgZBuUV/Qvxb57ZJdT7ptEoZ7Ph1wkekijqmFK9NaG5WhEEY70epV/EIyVbikhckYWV7owOEEVeKfiN0Xeuk="},"indexValueMap":{"E+tm0/mz2V1y9RSIPpbHTNqLywOVJNKb8g1S8bNGgO0=":{"valueMac":{"type":"Buffer","data":"P35qhILcvowI4jT1/eEdJbLowmBSF+NthU8dPQhob04="}},"FnTd9Dlfwqk7VNlE6VhVPmgiRIxj424LZQclmkyzWGg=":{"valueMac":{"type":"Buffer","data":"oX2yQzstLuGndSMzTFri4JX1lMJu0qTVn/W5ELQkyTs="}},"MlyvWcJa3mupnKuXy9JqC7Y74Pkc2YGDGzTfWi41rU8=":{"valueMac":{"type":"Buffer","data":"THNnbp3CPz20uECS3a9XuphLy7ROF/c5F7SPzEcQ3w0="}},"Tc0K9SOxlDQrPd40EGlp/Gx9mibVpQPIAePaqsz4Djw=":{"valueMac":{"type":"Buffer","data":"VZTK1+Q8pYc/VZQYjdnOQC6Om++gV3tp+50iu0kCLNM="}},"YhgJTHA+j8IvboiHXi3MjZGEQ9YT91DoS0xvXg5jyF0=":{"valueMac":{"type":"Buffer","data":"JgmG2pW05Y7Zs2XJF2iR+GdqPLElV1e4aIm8MRce3go="}},"cp4yQAwKlrmglHPsMW+HUqYkdLx6HpZrxnqYZ4w/6oM=":{"valueMac":{"type":"Buffer","data":"/Bx1xbl1xKzPZvpEgjGkQPdYOMr5dkTJehuie+wDbFc="}},"iNFvmh4KXSqQrcCO5tjxz+ubs6pkox1+uXLdpzKOhkk=":{"valueMac":{"type":"Buffer","data":"zMCpDixy4vUUkIiAa1T/Y9ROAGjv7TtLce2IE3Yg3wA="}},"o9HwVutZKow1scRRmrJSjZdyiM+8btkseb3ejixMMNY=":{"valueMac":{"type":"Buffer","data":"31km/Mwj9AF/RFSqcvnxIPUeamMpCeWsDdQwFZfjs7Q="}},"5ctZ6DRxUgrsdWa8VfZAZgfSYUEtEyWxwDpGoub33+w=":{"valueMac":{"type":"Buffer","data":"MEPfdQ+FLvREIwK+bilT7CaojZSeiJVy+v5pAQXkgSY="}},"+3LWcOL6UIfLmtajvRqEtnSfaJdfRmp8CAcXBIpLHQA=":{"valueMac":{"type":"Buffer","data":"RKS61EqSskvEb4gH0HSHEreiGPYk+O27JeviHCyQ+E4="}},"au0RDnwJJTXKgh2hCOoh74UKBi3feTAvwEWH6l8j79Y=":{"valueMac":{"type":"Buffer","data":"JukyAoX4ahRzpDVZM+YgFi3ZNEMd7Mop5gVQlHxlZQc="}},"Mb7SlwSxwvKixqmEM2zh/4TcLMj8gRCblcCuNjmy7J8=":{"valueMac":{"type":"Buffer","data":"o1cSW0Eo8Z9ihPfnnGNiHbfhSJ348Wi6+mfOf4PQiDI="}},"jkG3MLhm8mnggt/hQS5maoMcbWy2vYt7FJAEByUADhY=":{"valueMac":{"type":"Buffer","data":"XLuGUyLfmQOm+xvUjuE4YvQkSeNQ8Byb5eKLZz1KRT8="}},"2i/Thm6iCO7qtVlWFVOdDkpB7fjnCQM/oE1jclvooLo=":{"valueMac":{"type":"Buffer","data":"WwV6hFkh5F1kab1/L6YLcTRtMgzvB/4pwsPLPHWa6co="}},"gYtAC+udVUBwS+1UFJNmqFzDL6V1UVI+UA31jrFlGkY=":{"valueMac":{"type":"Buffer","data":"yGlNGP9/rHvCQdkrhogyDmBxb4WgXvU8+G3eJzsh+UU="}},"svT334UwaEQ7AXWHOlC1A1H7N/NvCM19P8spkDVf2PQ=":{"valueMac":{"type":"Buffer","data":"GgnTzGhuat4VyqDZTkXfZwSMcXDZ81YnaxLHQNTMthI="}},"T2kyjuYf8GMAJn36YM3wdVEtNIoiBQQQSeP3r5eLGJw=":{"valueMac":{"type":"Buffer","data":"V0NT0prdKNlG/z0VvdKvp67nSOxLWcWfG3c5GKUVY4w="}},"DNHM71kic0eazOHlywn//R0RRqoil85at70kFllxfU8=":{"valueMac":{"type":"Buffer","data":"eomsB3PZO1zt04suyjWkgwmN4MsRfZ741gyciqkF5Vc="}},"oQhOJWVdl7WcjvxAuomqYe9C2Aaf00WQt7xcipTBwBk=":{"valueMac":{"type":"Buffer","data":"uWwh/+fltabHa9daYzirv5W+p1B5dfbhVNXB1p9bCYw="}},"XqMYklaWmQ6zp8MB449n3pnl0PilyyHgTeSyvxHL7zA=":{"valueMac":{"type":"Buffer","data":"yBGTbVcxQc/BpJpz4UWuUchJRV0Va0q0PFm/pKaDiwM="}},"ok832clyEYbovE3+XBYA8gbIj7EhCOLV7fBMcHAtL28=":{"valueMac":{"type":"Buffer","data":"akawp7jV13gpqbaT7V/fiYiWQTKOY9OrOLgGgornvCE="}},"V/Ynyeh2eH/UpiOVeOHyHUHeVUaY33doClaiD6FfTf8=":{"valueMac":{"type":"Buffer","data":"YiBRCQ6U6CON0Abbve09+Aw1/O7FurqIyWRr22Jselk="}}}}