[{"senderKeyId":801982610,"senderChainKey":{"iteration":5,"seed":"SjKi6utCuo1WJP5o3cjRWgAh5rC6gPcAzsaKTkrFYUE="},"senderSigningKey":{"public":"BZQO0OKPM+JB/TXddjn7H4dPIF3cyB3HP84cDMFboG95"},"senderMessageKeys":[]},{"senderKeyId":917430535,"senderChainKey":{"iteration":4,"seed":"w6nyPAWC9NoY9a6q06NyWqeSXMuJ/AJwPLt+EHYnHXQ="},"senderSigningKey":{"public":"BRxq9C7WxrwAwoTVuopa6bwEdOj61EpC3q1YiIhNo7kb"},"senderMessageKeys":[]},{"senderKeyId":1734640440,"senderChainKey":{"iteration":5,"seed":"WoFL0itczUrLkUC7QpAiwmvFNuaoXP9wkJ9l+T/mm00="},"senderSigningKey":{"public":"BR9myAOTZTtld+7VkqQm3EPqW4J5rHT1g3BJZmJHuagC"},"senderMessageKeys":[]},{"senderKeyId":871794094,"senderChainKey":{"iteration":3,"seed":"7OEpGRsoYZhvVmPFfNcAcV9cO2XEyXee4BlC4d/EITM="},"senderSigningKey":{"public":"BRhvsqe8GVKIEkSkmm3PZabbMFE6afifhSvi0nMrfrph"},"senderMessageKeys":[]},{"senderKeyId":111704053,"senderChainKey":{"iteration":6,"seed":"q67FhBBA+d6sHmf9zG6bFpjE8CrdcubNLVomJds63Wo="},"senderSigningKey":{"public":"BSH2YGnCo9PJMnmeYyOINrV7I6F6sKQgwFcIonBB/VoW"},"senderMessageKeys":[]},{"senderKeyId":1261252925,"senderChainKey":{"iteration":2,"seed":"sI+p0jb73Jpx9NeoMcIGaiabGhKKA7ZlkMMaTUY/a2w="},"senderSigningKey":{"public":"BVoK8SVlE6qXRUttkFy2ivzs4MiwZHrl9xotigWU8fgB"},"senderMessageKeys":[]}]