[{"senderKeyId":447813964,"senderChainKey":{"iteration":6,"seed":"QGjot8TietX4lg3LrX+VcRIms5eosbJbq45wOU/3ErQ="},"senderSigningKey":{"public":"BUGHuD9aupXicY2biLfxWn5FFtr+fRcU2PUOZtga5q1P"},"senderMessageKeys":[]},{"senderKeyId":730068710,"senderChainKey":{"iteration":2,"seed":"hcX59jaiZdaUwZmP7gAXYBUf0PXsQ3nxl29l12cpm1c="},"senderSigningKey":{"public":"BYVOKEpUnd7pWrb9YuXY+AzKlA/rY36fqyE8gWWX/GE5"},"senderMessageKeys":[]},{"senderKeyId":168999076,"senderChainKey":{"iteration":2,"seed":"GFy8sq4pLhVFuFSg2S7YysiyeS9d2Kz+0OueCLLiPfU="},"senderSigningKey":{"public":"BdgEVL5VoHruSwNqp2tcT/taTDD3usz1llIvkl93d3Yy"},"senderMessageKeys":[]},{"senderKeyId":915912340,"senderChainKey":{"iteration":1,"seed":"x8ijXzhd8PmfeyIY9E/qY9FNP9coCjyfM7WmnA/iYPU="},"senderSigningKey":{"public":"BQYYMB6w5nKLonlla/ERSmUylH9pQKxaGFOj1CFFtUcS"},"senderMessageKeys":[]}]