[{"senderKeyId":306093047,"senderChainKey":{"iteration":3,"seed":"mbXVaggEjYOwN6hw/Y8sqTxCpiujUTy9uDeTFI6DL8A="},"senderSigningKey":{"public":"Bd7pe4+T159fDe3bw+RiNgplN1BFISvIq4AZXhCO5KMq"},"senderMessageKeys":[]},{"senderKeyId":306093047,"senderChainKey":{"iteration":1,"seed":"i2agPD1rSspx4ytgd4H7K05KL/uVe3irewiyB5TbcDU="},"senderSigningKey":{"public":"Bd7pe4+T159fDe3bw+RiNgplN1BFISvIq4AZXhCO5KMq"},"senderMessageKeys":[]},{"senderKeyId":637797381,"senderChainKey":{"iteration":4,"seed":"tJiFmJ+1OlDPac1s148HASq7YCV/UxUnoQbeSNaop4Q="},"senderSigningKey":{"public":"BaOt/0ilJNpD/VyENLGYo1lir8+ILQlQbcNmNb8axpYN"},"senderMessageKeys":[{}]},{"senderKeyId":637797381,"senderChainKey":{"iteration":2,"seed":"vwYF8cI7Au0XDbubPGuf198DwZ2iLfEoykepk4eRlWI="},"senderSigningKey":{"public":"BaOt/0ilJNpD/VyENLGYo1lir8+ILQlQbcNmNb8axpYN"},"senderMessageKeys":[]}]