{"_sessions":{"BXWshJXzvuZnLdp+usRm58KoOd9RD1J+xLPXWwgPR2Ye":{"registrationId":932958108,"currentRatchet":{"ephemeralKeyPair":{"pubKey":"BSEsh0LNwtE+AQtoDGd2sfAIa8DOQBp2182eysiP7ZAE","privKey":"kBHTp/Hj9mLQkIW/wYI0+lKHdQukG2FneOiPKny4M1g="},"lastRemoteEphemeralKey":"Ba11M79DXdEqmWVuWo+yuCksfuxs0sXB9PGRidm5I8I6","previousCounter":0,"rootKey":"8yiXc+uvR1PNChx8Ip5wfFneuXaHfJiEjjDpaUCnk+4="},"indexInfo":{"baseKey":"BXWshJXzvuZnLdp+usRm58KoOd9RD1J+xLPXWwgPR2Ye","baseKeyType":2,"closed":-1,"used":1703157012869,"created":1703157012869,"remoteIdentityKey":"BQB76lxJfjn/npHFnWRWQV6lBL5rBameY02EfPBmDp9J"},"_chains":{"Ba11M79DXdEqmWVuWo+yuCksfuxs0sXB9PGRidm5I8I6":{"chainKey":{"counter":0,"key":"rmi0mXMmrwF0ZFX/syyQnpMPC2E8P7oEjPqupvUI+Uw="},"chainType":2,"messageKeys":{}},"BSEsh0LNwtE+AQtoDGd2sfAIa8DOQBp2182eysiP7ZAE":{"chainKey":{"counter":-1,"key":"vr/TAByCcKaCGpN2un5PY9DuqQ9BhY2h3CckcQDMq6s="},"chainType":1,"messageKeys":{}}}}},"version":"v1"}