{"_sessions":{"BRvaCf2thcnX8DsSqGoDgJNFVT0Z/6SykZwHPNidHnRo":{"registrationId":236,"currentRatchet":{"ephemeralKeyPair":{"pubKey":"BXjb6uudDi3m4mWwOPJi+LVfDcmWqxrwAl0bFYSN0lBD","privKey":"sG/feFDErOvVApkFwJGIdw3/scgC5dfRvWWBA9awOX4="},"lastRemoteEphemeralKey":"BVjMSvZLfzyt9fPojq2Cw4qT9et8yPqNZLrbsbmF6EhK","previousCounter":0,"rootKey":"hQX+fjhyzj4Fx+WXl2MgDh4cpKLxiJwQ8x7/vjkRruM="},"indexInfo":{"baseKey":"BRvaCf2thcnX8DsSqGoDgJNFVT0Z/6SykZwHPNidHnRo","baseKeyType":1,"closed":1703167253502,"used":1703167014276,"created":1703167014276,"remoteIdentityKey":"BS3r8hqu9TZvf3VlxhTBvBnv0WLUFldrTe87JuDYizM/"},"_chains":{"BXjb6uudDi3m4mWwOPJi+LVfDcmWqxrwAl0bFYSN0lBD":{"chainKey":{"counter":65,"key":"1Zz4+unGcDZdWICo/IbkP2w5M1z1FuBUPlJDFr2dqso="},"chainType":1,"messageKeys":{}}},"pendingPreKey":{"signedKeyId":1,"baseKey":"BRvaCf2thcnX8DsSqGoDgJNFVT0Z/6SykZwHPNidHnRo"}},"BTcXV8bFbQH8xbLLSKoslUWZaMYwkzVE3Og0rwgqSZAq":{"registrationId":236,"currentRatchet":{"ephemeralKeyPair":{"pubKey":"Bd0/39Ycyj8kaGjyQ1YxeCUyV8Swml7fw+2NwCu3M0gU","privKey":"uANWDo0Yx1W6mbMZGD12lvlvK/nvx7HgRhUMFMiBnn8="},"lastRemoteEphemeralKey":"BVjMSvZLfzyt9fPojq2Cw4qT9et8yPqNZLrbsbmF6EhK","previousCounter":0,"rootKey":"tSKTywiZYAajADZADiXGoazOgk9UW78r53IjI9nPmGQ="},"indexInfo":{"baseKey":"BTcXV8bFbQH8xbLLSKoslUWZaMYwkzVE3Og0rwgqSZAq","baseKeyType":1,"closed":1703167454568,"used":1703167253498,"created":1703167253498,"remoteIdentityKey":"BS3r8hqu9TZvf3VlxhTBvBnv0WLUFldrTe87JuDYizM/"},"_chains":{"Bd0/39Ycyj8kaGjyQ1YxeCUyV8Swml7fw+2NwCu3M0gU":{"chainKey":{"counter":56,"key":"aAakNYzp5Ue/7fTOoNbrwQbAF5zrq6uzRASCkbPoXg0="},"chainType":1,"messageKeys":{}}},"pendingPreKey":{"signedKeyId":1,"baseKey":"BTcXV8bFbQH8xbLLSKoslUWZaMYwkzVE3Og0rwgqSZAq","preKeyId":131}},"BcTPbOwD5vGXuk6xh7ZG378bhwwUFEcegkHsxyzNNYoI":{"registrationId":236,"currentRatchet":{"ephemeralKeyPair":{"pubKey":"BSUtBXAY/wdVAj48VVUH3b6s8MTMkJMyVkCeP9AzYxIu","privKey":"6HBm8UDo4MzxtqocijxfM1D7JtJQmj4C5EzLJplvSlI="},"lastRemoteEphemeralKey":"BVjMSvZLfzyt9fPojq2Cw4qT9et8yPqNZLrbsbmF6EhK","previousCounter":0,"rootKey":"jrbQP7lb2yZX5MfVBIUWmMMFLAmZd2jtBpxAM59+jJU="},"indexInfo":{"baseKey":"BcTPbOwD5vGXuk6xh7ZG378bhwwUFEcegkHsxyzNNYoI","baseKeyType":1,"closed":1703167497266,"used":1703167454167,"created":1703167454167,"remoteIdentityKey":"BS3r8hqu9TZvf3VlxhTBvBnv0WLUFldrTe87JuDYizM/"},"_chains":{"BSUtBXAY/wdVAj48VVUH3b6s8MTMkJMyVkCeP9AzYxIu":{"chainKey":{"counter":13,"key":"BdfcL5dtT8Bb9PlVv6tKB4GmIa5cwh1SVw9rDEV77cE="},"chainType":1,"messageKeys":{}}},"pendingPreKey":{"signedKeyId":1,"baseKey":"BcTPbOwD5vGXuk6xh7ZG378bhwwUFEcegkHsxyzNNYoI","preKeyId":152}},"BSvP/hxH97AQeEn6n4f8mxW8Ynf4unZVOdT8qBNmL6cY":{"registrationId":236,"currentRatchet":{"ephemeralKeyPair":{"pubKey":"BRYlHUY56HjAFsO8Aj4nrZJBMtyRGqPr0FB2zOCKLrNu","privKey":"wHDeDJ1LVxLseeup97X3JP9YZxGzPKuQ7TcF67HJPV4="},"lastRemoteEphemeralKey":"BVjMSvZLfzyt9fPojq2Cw4qT9et8yPqNZLrbsbmF6EhK","previousCounter":0,"rootKey":"QoROlYQUeRfvrl4ac1cIzqGV+UwHg0rXfyhp7Zyjgsw="},"indexInfo":{"baseKey":"BSvP/hxH97AQeEn6n4f8mxW8Ynf4unZVOdT8qBNmL6cY","baseKeyType":1,"closed":1703167517767,"used":1703167497168,"created":1703167497168,"remoteIdentityKey":"BS3r8hqu9TZvf3VlxhTBvBnv0WLUFldrTe87JuDYizM/"},"_chains":{"BRYlHUY56HjAFsO8Aj4nrZJBMtyRGqPr0FB2zOCKLrNu":{"chainKey":{"counter":6,"key":"evOazOBRfrbGBpDymOg1p1dDvsCQETTab3Ma6p3Vrro="},"chainType":1,"messageKeys":{}}},"pendingPreKey":{"signedKeyId":1,"baseKey":"BSvP/hxH97AQeEn6n4f8mxW8Ynf4unZVOdT8qBNmL6cY","preKeyId":141}},"BTttf8DNWPV84+geAU2qB1qM/RI3CCVV1s023+Cttsld":{"registrationId":236,"currentRatchet":{"ephemeralKeyPair":{"pubKey":"BctVqIUcXyCR6HWoZzFQALtpNRWKi3eLHFEkOkzYMXsz","privKey":"kK8HzzM1Zq+Qt2DURYbmxmDCbZVJmX172CJn8JAbEWI="},"lastRemoteEphemeralKey":"BVjMSvZLfzyt9fPojq2Cw4qT9et8yPqNZLrbsbmF6EhK","previousCounter":0,"rootKey":"wLerSIvi6Q917jlqlZePl9QgMUicFzW+RADoL/MW5I0="},"indexInfo":{"baseKey":"BTttf8DNWPV84+geAU2qB1qM/RI3CCVV1s023+Cttsld","baseKeyType":1,"closed":1703167579004,"used":1703167517560,"created":1703167517560,"remoteIdentityKey":"BS3r8hqu9TZvf3VlxhTBvBnv0WLUFldrTe87JuDYizM/"},"_chains":{"BctVqIUcXyCR6HWoZzFQALtpNRWKi3eLHFEkOkzYMXsz":{"chainKey":{"counter":26,"key":"BinDSUb99m9/Zs9MGAeYjjuKoyvIjPbWwiZXwtAZuXs="},"chainType":1,"messageKeys":{}}},"pendingPreKey":{"signedKeyId":1,"baseKey":"BTttf8DNWPV84+geAU2qB1qM/RI3CCVV1s023+Cttsld","preKeyId":149}},"BVfszpyRjV1mnrdSv20x7liArYcTq2/aAr5KUl2ZKREr":{"registrationId":236,"currentRatchet":{"ephemeralKeyPair":{"pubKey":"BWehxq9tXoczDWAR5nssOiXFHDNSMjxxok0gQRK21RRd","privKey":"GCaYWMWd4Q/mHq6sjga6uU9RV5Ljbjf68qKNBPvqO0I="},"lastRemoteEphemeralKey":"BVjMSvZLfzyt9fPojq2Cw4qT9et8yPqNZLrbsbmF6EhK","previousCounter":0,"rootKey":"mtKrbO6CzImEzElSXla3ewernFSfTU/dIXec/lAnwvk="},"indexInfo":{"baseKey":"BVfszpyRjV1mnrdSv20x7liArYcTq2/aAr5KUl2ZKREr","baseKeyType":1,"closed":1703167613372,"used":1703167578994,"created":1703167578994,"remoteIdentityKey":"BS3r8hqu9TZvf3VlxhTBvBnv0WLUFldrTe87JuDYizM/"},"_chains":{"BWehxq9tXoczDWAR5nssOiXFHDNSMjxxok0gQRK21RRd":{"chainKey":{"counter":14,"key":"ZHNAcmRzDOmNTQNlBiLIaFCNwEiecKMjYcENr2ZNS8Y="},"chainType":1,"messageKeys":{}}},"pendingPreKey":{"signedKeyId":1,"baseKey":"BVfszpyRjV1mnrdSv20x7liArYcTq2/aAr5KUl2ZKREr","preKeyId":137}},"BUDUc4+ok3hs/ZsOdMz9Kqrqr10bhQ3uLY8S8xM4UDQO":{"registrationId":236,"currentRatchet":{"ephemeralKeyPair":{"pubKey":"BcsX5vfxIuwCiAcuAiiQSi4iwjtVmf30rIQLFWV1rAkJ","privKey":"aLwWTPgMXQg3dpDksNdDoIKFGY3fcuyJJltNH75E11g="},"lastRemoteEphemeralKey":"BVjMSvZLfzyt9fPojq2Cw4qT9et8yPqNZLrbsbmF6EhK","previousCounter":0,"rootKey":"YQxNdTYbJMWwyRiGPUJL7cuTUOqAAp+uXTo1LoMF4b8="},"indexInfo":{"baseKey":"BUDUc4+ok3hs/ZsOdMz9Kqrqr10bhQ3uLY8S8xM4UDQO","baseKeyType":1,"closed":1703167619668,"used":1703167613263,"created":1703167613263,"remoteIdentityKey":"BS3r8hqu9TZvf3VlxhTBvBnv0WLUFldrTe87JuDYizM/"},"_chains":{"BcsX5vfxIuwCiAcuAiiQSi4iwjtVmf30rIQLFWV1rAkJ":{"chainKey":{"counter":2,"key":"un1sI8Tp/kS+Hmo2PrkgaUYSqkmU3ZKXVm+jv26AmS0="},"chainType":1,"messageKeys":{}}},"pendingPreKey":{"signedKeyId":1,"baseKey":"BUDUc4+ok3hs/ZsOdMz9Kqrqr10bhQ3uLY8S8xM4UDQO","preKeyId":127}},"BRlvp1OyTjLXGA6XVH7mKt4+isH23H1ggVkljdf7l7Ao":{"registrationId":236,"currentRatchet":{"ephemeralKeyPair":{"pubKey":"BWxyH9HyxB16GohfWxqKdg2mr5a/GCXy4oFQp2z2AEgg","privKey":"IEzc6Q68J/imNY5EuZVS+izGkTia3O+OdkcxEFOyk00="},"lastRemoteEphemeralKey":"BVjMSvZLfzyt9fPojq2Cw4qT9et8yPqNZLrbsbmF6EhK","previousCounter":0,"rootKey":"526iu0DuYytTVlcgzkMTc3DG0H4xTyBR8GQ6E8iyZKg="},"indexInfo":{"baseKey":"BRlvp1OyTjLXGA6XVH7mKt4+isH23H1ggVkljdf7l7Ao","baseKeyType":1,"closed":1703167743462,"used":1703167619571,"created":1703167619571,"remoteIdentityKey":"BS3r8hqu9TZvf3VlxhTBvBnv0WLUFldrTe87JuDYizM/"},"_chains":{"BWxyH9HyxB16GohfWxqKdg2mr5a/GCXy4oFQp2z2AEgg":{"chainKey":{"counter":55,"key":"D3hBC8OM2L5oq7/fkDLXwbC+VNthCCi+lt15NmNfcQI="},"chainType":1,"messageKeys":{}}},"pendingPreKey":{"signedKeyId":1,"baseKey":"BRlvp1OyTjLXGA6XVH7mKt4+isH23H1ggVkljdf7l7Ao","preKeyId":129}},"BYOlTPP3exPp3m9qcxz5nylFHFC0eHIj+j7M5ZqKbkUw":{"registrationId":236,"currentRatchet":{"ephemeralKeyPair":{"pubKey":"BUQyVcvESpAK/NjUUZErKBR1fWpBm2Xnz707ZVrxRGAn","privKey":"CHB9nYPpsYzKgLndukRdfaw3MkQVBDJWvFLfDLgwZXU="},"lastRemoteEphemeralKey":"BVjMSvZLfzyt9fPojq2Cw4qT9et8yPqNZLrbsbmF6EhK","previousCounter":0,"rootKey":"DUk/v5KhaQtFDGuCCOUMy6cu49iXGkWDP3VALLMJ0Q8="},"indexInfo":{"baseKey":"BYOlTPP3exPp3m9qcxz5nylFHFC0eHIj+j7M5ZqKbkUw","baseKeyType":1,"closed":1703167770471,"used":1703167742579,"created":1703167742579,"remoteIdentityKey":"BS3r8hqu9TZvf3VlxhTBvBnv0WLUFldrTe87JuDYizM/"},"_chains":{"BUQyVcvESpAK/NjUUZErKBR1fWpBm2Xnz707ZVrxRGAn":{"chainKey":{"counter":9,"key":"ag0qw0h+JPkkS5JVMrxHYGrV2i14YyBGwSAV1qkVDDs="},"chainType":1,"messageKeys":{}}},"pendingPreKey":{"signedKeyId":1,"baseKey":"BYOlTPP3exPp3m9qcxz5nylFHFC0eHIj+j7M5ZqKbkUw","preKeyId":145}},"BT3JO7vHix9R/jvfvnj3sFeSgZpiL7aO0tOyX2liV6p/":{"registrationId":236,"currentRatchet":{"ephemeralKeyPair":{"pubKey":"Bd2OmP71eNicoQ3GtCnOG7Br9O8IBQ2s4Le4wp/4ZcR6","privKey":"AERvTZpAKAGuvsAu/irUwQtSoWBN0tYmIdR4XeM4Sls="},"lastRemoteEphemeralKey":"BVjMSvZLfzyt9fPojq2Cw4qT9et8yPqNZLrbsbmF6EhK","previousCounter":0,"rootKey":"wck+3dyDK5rBFcpy8eUT7TRoD/5Ydkfas+HJhA/zwCQ="},"indexInfo":{"baseKey":"BT3JO7vHix9R/jvfvnj3sFeSgZpiL7aO0tOyX2liV6p/","baseKeyType":1,"closed":1703167793572,"used":1703167770162,"created":1703167770162,"remoteIdentityKey":"BS3r8hqu9TZvf3VlxhTBvBnv0WLUFldrTe87JuDYizM/"},"_chains":{"Bd2OmP71eNicoQ3GtCnOG7Br9O8IBQ2s4Le4wp/4ZcR6":{"chainKey":{"counter":9,"key":"4YXY5kw+jo9jZ5w69NVxJ/teHzVpUYAugrhZnVAYQyU="},"chainType":1,"messageKeys":{}}},"pendingPreKey":{"signedKeyId":1,"baseKey":"BT3JO7vHix9R/jvfvnj3sFeSgZpiL7aO0tOyX2liV6p/","preKeyId":132}},"BR2RcjqFMxcMuGtZ56LBptI7zB/M1KlcjqEbLU9eBkhq":{"registrationId":236,"currentRatchet":{"ephemeralKeyPair":{"pubKey":"BZySHDJBIiRnYV+iS7LyismOcVGC93ikecsJhhkNfF0W","privKey":"6OPb6/I5we371kvYvozAukNQxRS17CXpTZCXKUlO5VI="},"lastRemoteEphemeralKey":"BVjMSvZLfzyt9fPojq2Cw4qT9et8yPqNZLrbsbmF6EhK","previousCounter":0,"rootKey":"iNxFR3ZTGDC9OzTeT+63ebnsUUEVqXGFLdWX/Ey2oe8="},"indexInfo":{"baseKey":"BR2RcjqFMxcMuGtZ56LBptI7zB/M1KlcjqEbLU9eBkhq","baseKeyType":1,"closed":1703167796562,"used":1703167793570,"created":1703167793570,"remoteIdentityKey":"BS3r8hqu9TZvf3VlxhTBvBnv0WLUFldrTe87JuDYizM/"},"_chains":{"BZySHDJBIiRnYV+iS7LyismOcVGC93ikecsJhhkNfF0W":{"chainKey":{"counter":-1,"key":"9AUloWjwO8yXBuF1CwnKcRljXAjjEcSuPKO3NoaT4Is="},"chainType":1,"messageKeys":{}}},"pendingPreKey":{"signedKeyId":1,"baseKey":"BR2RcjqFMxcMuGtZ56LBptI7zB/M1KlcjqEbLU9eBkhq","preKeyId":133}},"BTUQ4O8zR3kWKdhy6pGtFkYATYHfJKGvvpqyyDjP4qpU":{"registrationId":236,"currentRatchet":{"ephemeralKeyPair":{"pubKey":"BcRR/dzKcqFMmMMxp04xSPdCNdXzQp8LTd2VmsXI6foY","privKey":"4N9QkCVUirtxWPturR6vcpdsg78k1bOrpvPXTnFMmFQ="},"lastRemoteEphemeralKey":"BVjMSvZLfzyt9fPojq2Cw4qT9et8yPqNZLrbsbmF6EhK","previousCounter":0,"rootKey":"k3kAiguN8V/AsXvyvfwWpFtGiJM7KRzRQqFjh1jIvV0="},"indexInfo":{"baseKey":"BTUQ4O8zR3kWKdhy6pGtFkYATYHfJKGvvpqyyDjP4qpU","baseKeyType":1,"closed":1703167840498,"used":1703167796071,"created":1703167796071,"remoteIdentityKey":"BS3r8hqu9TZvf3VlxhTBvBnv0WLUFldrTe87JuDYizM/"},"_chains":{"BcRR/dzKcqFMmMMxp04xSPdCNdXzQp8LTd2VmsXI6foY":{"chainKey":{"counter":20,"key":"Nt0EWxzP55yGnRAIjDqRmFurxzlZXLJQKv/THSz7Gs0="},"chainType":1,"messageKeys":{}}},"pendingPreKey":{"signedKeyId":1,"baseKey":"BTUQ4O8zR3kWKdhy6pGtFkYATYHfJKGvvpqyyDjP4qpU","preKeyId":128}},"BfIi7gubfeVowK8NU+3mSl7quar+D1qM8D0VUvvIPA55":{"registrationId":236,"currentRatchet":{"ephemeralKeyPair":{"pubKey":"Ba0uINMGyw1bWByA26ql4PKSf9GSUlV/gzuslu/oyFRs","privKey":"8P4EBWkLV2MU+JPaGy4veiGGOROrTJxwMopIz3HswGk="},"lastRemoteEphemeralKey":"BVjMSvZLfzyt9fPojq2Cw4qT9et8yPqNZLrbsbmF6EhK","previousCounter":0,"rootKey":"9Qlh/QCDZ4/RudZ2mKpMuYCgB8YVVOtvuGjQgnPaZMI="},"indexInfo":{"baseKey":"BfIi7gubfeVowK8NU+3mSl7quar+D1qM8D0VUvvIPA55","baseKeyType":1,"closed":1703167873260,"used":1703167840496,"created":1703167840496,"remoteIdentityKey":"BS3r8hqu9TZvf3VlxhTBvBnv0WLUFldrTe87JuDYizM/"},"_chains":{"Ba0uINMGyw1bWByA26ql4PKSf9GSUlV/gzuslu/oyFRs":{"chainKey":{"counter":15,"key":"7mqQ80gSkZ1o1ULX79wBG1gWmFteUnXdipTZm8f+lYU="},"chainType":1,"messageKeys":{}}},"pendingPreKey":{"signedKeyId":1,"baseKey":"BfIi7gubfeVowK8NU+3mSl7quar+D1qM8D0VUvvIPA55","preKeyId":143}},"BdQnJdYPettOgOTyq/a4xb7TgQzRlsBOPUkBj6W/Rv8r":{"registrationId":236,"currentRatchet":{"ephemeralKeyPair":{"pubKey":"BbiR250Dra8Dew07tqOKST2yIIKpOj4bKjgBo5hhmHEM","privKey":"iHHOREsjY8DtGOXIOnOJLPpPTjFmHmMSEnDeNnqUfFg="},"lastRemoteEphemeralKey":"BVjMSvZLfzyt9fPojq2Cw4qT9et8yPqNZLrbsbmF6EhK","previousCounter":0,"rootKey":"2Lw7nukedo9ks0KUxcOS1f4WtuQv2gwH4vFTCdc2ous="},"indexInfo":{"baseKey":"BdQnJdYPettOgOTyq/a4xb7TgQzRlsBOPUkBj6W/Rv8r","baseKeyType":1,"closed":1703167904170,"used":1703167872263,"created":1703167872263,"remoteIdentityKey":"BS3r8hqu9TZvf3VlxhTBvBnv0WLUFldrTe87JuDYizM/"},"_chains":{"BbiR250Dra8Dew07tqOKST2yIIKpOj4bKjgBo5hhmHEM":{"chainKey":{"counter":19,"key":"riAngrH0U+C9yIUK8PXoRZIy5hoLR8oYfrW7r5jwFxk="},"chainType":1,"messageKeys":{}}},"pendingPreKey":{"signedKeyId":1,"baseKey":"BdQnJdYPettOgOTyq/a4xb7TgQzRlsBOPUkBj6W/Rv8r","preKeyId":144}},"BXDV4fFuhNYZS7rvnMSwIk4c4Fmg//Qi+hPz8xaLmhoI":{"registrationId":236,"currentRatchet":{"ephemeralKeyPair":{"pubKey":"BTu0aoygs+8chsqOMi/p6Lnk3PYZYAwiYeoMh4p9nNtL","privKey":"MDEieInChQ7jpgwoS0gRKxjAdIg7ZO4Hb0iB53eydls="},"lastRemoteEphemeralKey":"BVjMSvZLfzyt9fPojq2Cw4qT9et8yPqNZLrbsbmF6EhK","previousCounter":0,"rootKey":"leJn/LvddNdWre1yIS8J6CJ17YMY7BNGHrbJOFevrbU="},"indexInfo":{"baseKey":"BXDV4fFuhNYZS7rvnMSwIk4c4Fmg//Qi+hPz8xaLmhoI","baseKeyType":1,"closed":1703167925564,"used":1703167904077,"created":1703167904077,"remoteIdentityKey":"BS3r8hqu9TZvf3VlxhTBvBnv0WLUFldrTe87JuDYizM/"},"_chains":{"BTu0aoygs+8chsqOMi/p6Lnk3PYZYAwiYeoMh4p9nNtL":{"chainKey":{"counter":9,"key":"P/1d/EDdEMtI7vhxFTgzlLCeDo+J+afg+PJXA1ud+fw="},"chainType":1,"messageKeys":{}}},"pendingPreKey":{"signedKeyId":1,"baseKey":"BXDV4fFuhNYZS7rvnMSwIk4c4Fmg//Qi+hPz8xaLmhoI","preKeyId":150}},"BdrzyIXnmwXpsPrxLbVgNWQN92rpGb6wI8BYNYwhFZth":{"registrationId":236,"currentRatchet":{"ephemeralKeyPair":{"pubKey":"BYoWqc531+Zbbpx7m9rgBFI5NGyhTxsOA0ei8WDjL21B","privKey":"kBeg5K2XVRjOityS9pt6JGpE4PRs2EjaWZzhDl1ENGk="},"lastRemoteEphemeralKey":"BVjMSvZLfzyt9fPojq2Cw4qT9et8yPqNZLrbsbmF6EhK","previousCounter":0,"rootKey":"n6+c8O6IuUiY6wYawTlLKL6m6R4IkBejKTCANkLJdKg="},"indexInfo":{"baseKey":"BdrzyIXnmwXpsPrxLbVgNWQN92rpGb6wI8BYNYwhFZth","baseKeyType":1,"closed":1703167927868,"used":1703167925064,"created":1703167925064,"remoteIdentityKey":"BS3r8hqu9TZvf3VlxhTBvBnv0WLUFldrTe87JuDYizM/"},"_chains":{"BYoWqc531+Zbbpx7m9rgBFI5NGyhTxsOA0ei8WDjL21B":{"chainKey":{"counter":-1,"key":"jQmQcZTvhhs226uCcGi9bspqhlE473npfcOMKjcE6og="},"chainType":1,"messageKeys":{}}},"pendingPreKey":{"signedKeyId":1,"baseKey":"BdrzyIXnmwXpsPrxLbVgNWQN92rpGb6wI8BYNYwhFZth"}},"BTMnsR8NuKIBTCXyCVIQkwxGugGjwhKGT6CpsTTJXa4t":{"registrationId":236,"currentRatchet":{"ephemeralKeyPair":{"pubKey":"BcVsNdsoKg7RmYRIA116z8jxbULHl4I3y1Gwsfm2ZVBU","privKey":"MC09I1fjAq1tq2Hsw6Co+hD3bDGeJMGPnj4MO0aD7XQ="},"lastRemoteEphemeralKey":"BVjMSvZLfzyt9fPojq2Cw4qT9et8yPqNZLrbsbmF6EhK","previousCounter":0,"rootKey":"D7LCrOITtVLW6e9NPPwiKmT0b84d8ek3oWyPsNpzpFw="},"indexInfo":{"baseKey":"BTMnsR8NuKIBTCXyCVIQkwxGugGjwhKGT6CpsTTJXa4t","baseKeyType":1,"closed":1703167965179,"used":1703167927459,"created":1703167927459,"remoteIdentityKey":"BS3r8hqu9TZvf3VlxhTBvBnv0WLUFldrTe87JuDYizM/"},"_chains":{"BcVsNdsoKg7RmYRIA116z8jxbULHl4I3y1Gwsfm2ZVBU":{"chainKey":{"counter":24,"key":"CLiZs8piPWzCz7oBxIey8nbn7I4ESPIL44RepsG/EMA="},"chainType":1,"messageKeys":{}}},"pendingPreKey":{"signedKeyId":1,"baseKey":"BTMnsR8NuKIBTCXyCVIQkwxGugGjwhKGT6CpsTTJXa4t"}},"BTb13JO6yg8WaE+IQPifrWX5fcyBA1pO/7xGaLoY3mIS":{"registrationId":236,"currentRatchet":{"ephemeralKeyPair":{"pubKey":"BRorJWmiYBKFxADMq67uBCpJNZ8RW8vM7SLIZHMgH31K","privKey":"6LLfmRVyop8uj6DvBmf2QMIg3PRb1fBdIU1POaOn0Vk="},"lastRemoteEphemeralKey":"BVjMSvZLfzyt9fPojq2Cw4qT9et8yPqNZLrbsbmF6EhK","previousCounter":0,"rootKey":"pIZuKHBkT89Q7UycxWWQ4xmYw49usHbLeVP1s3mYn5M="},"indexInfo":{"baseKey":"BTb13JO6yg8WaE+IQPifrWX5fcyBA1pO/7xGaLoY3mIS","baseKeyType":1,"closed":1703167969285,"used":1703167965173,"created":1703167965173,"remoteIdentityKey":"BS3r8hqu9TZvf3VlxhTBvBnv0WLUFldrTe87JuDYizM/"},"_chains":{"BRorJWmiYBKFxADMq67uBCpJNZ8RW8vM7SLIZHMgH31K":{"chainKey":{"counter":1,"key":"qjnuqCvC2TL1GW3lNg9BXwSpgGqV5GYVAN5Eb0GGVj4="},"chainType":1,"messageKeys":{}}},"pendingPreKey":{"signedKeyId":1,"baseKey":"BTb13JO6yg8WaE+IQPifrWX5fcyBA1pO/7xGaLoY3mIS"}},"BTMV5XUykLSuP+OUnGlAkaISBnCOd+s+LOEtgdHJMf5z":{"registrationId":236,"currentRatchet":{"ephemeralKeyPair":{"pubKey":"BcIIR9+3gRlS75IvkEsYyUb6Gdh9Krlx/a7GcPmvhegA","privKey":"SHQOLXBIRRnGqcJ+HZcBVCu8Jvzampo0mtxcbCGCgU4="},"lastRemoteEphemeralKey":"BVjMSvZLfzyt9fPojq2Cw4qT9et8yPqNZLrbsbmF6EhK","previousCounter":0,"rootKey":"WUqM5RwgTRtV4RtsBj+K5vmNIl8EEzuZeYXLvec1CDU="},"indexInfo":{"baseKey":"BTMV5XUykLSuP+OUnGlAkaISBnCOd+s+LOEtgdHJMf5z","baseKeyType":1,"closed":1703167972680,"used":1703167969284,"created":1703167969284,"remoteIdentityKey":"BS3r8hqu9TZvf3VlxhTBvBnv0WLUFldrTe87JuDYizM/"},"_chains":{"BcIIR9+3gRlS75IvkEsYyUb6Gdh9Krlx/a7GcPmvhegA":{"chainKey":{"counter":2,"key":"1YS72pUQhd59v6UaRGmU5TtrVg2Uvas3azi6QsTl/Tc="},"chainType":1,"messageKeys":{}}},"pendingPreKey":{"signedKeyId":1,"baseKey":"BTMV5XUykLSuP+OUnGlAkaISBnCOd+s+LOEtgdHJMf5z"}},"BTGE49W3hMmVK7I8hfFeAIrvZB8rn9UcMYYn6Kd3JLsE":{"registrationId":236,"currentRatchet":{"ephemeralKeyPair":{"pubKey":"BVU9RWtH2VlGaL5jL2/9w70k8eaL7jpY1WDtgUR0jVZ/","privKey":"oKhTqWVZEQsgTXT+stvPNVZWyrT/RiGC54xmD5+Ae28="},"lastRemoteEphemeralKey":"BVjMSvZLfzyt9fPojq2Cw4qT9et8yPqNZLrbsbmF6EhK","previousCounter":0,"rootKey":"QJ0I+Hn66Vzo6gstk9+zDDl62RkUAcuZ1xozTPRA3To="},"indexInfo":{"baseKey":"BTGE49W3hMmVK7I8hfFeAIrvZB8rn9UcMYYn6Kd3JLsE","baseKeyType":1,"closed":1703167980368,"used":1703167972570,"created":1703167972570,"remoteIdentityKey":"BS3r8hqu9TZvf3VlxhTBvBnv0WLUFldrTe87JuDYizM/"},"_chains":{"BVU9RWtH2VlGaL5jL2/9w70k8eaL7jpY1WDtgUR0jVZ/":{"chainKey":{"counter":3,"key":"DCw3aqqHhujUG9DMwk31Tnmkfj05fu1FvMIOS0aRhmU="},"chainType":1,"messageKeys":{}}},"pendingPreKey":{"signedKeyId":1,"baseKey":"BTGE49W3hMmVK7I8hfFeAIrvZB8rn9UcMYYn6Kd3JLsE"}},"BT3HPo6lEc0rX7rttx3J4iiJu48A5HoGuFcTOdfY+lVg":{"registrationId":236,"currentRatchet":{"ephemeralKeyPair":{"pubKey":"BTabF/HuyBH3iQlL7dvczVUnrDhT2jCgDKPVSlwD8MVB","privKey":"mORG9GItSovVgNRc18vMUNoHnlPzroH2M4nqFI9y7mM="},"lastRemoteEphemeralKey":"BVjMSvZLfzyt9fPojq2Cw4qT9et8yPqNZLrbsbmF6EhK","previousCounter":0,"rootKey":"WYNNo8VNWL1Ttx/UrsB0YsUjWJgyzNXPOfEBBzuYP3M="},"indexInfo":{"baseKey":"BT3HPo6lEc0rX7rttx3J4iiJu48A5HoGuFcTOdfY+lVg","baseKeyType":1,"closed":1703168007396,"used":1703167980366,"created":1703167980366,"remoteIdentityKey":"BS3r8hqu9TZvf3VlxhTBvBnv0WLUFldrTe87JuDYizM/"},"_chains":{"BTabF/HuyBH3iQlL7dvczVUnrDhT2jCgDKPVSlwD8MVB":{"chainKey":{"counter":21,"key":"Z7oiky/CcnVYTB58TU8w6CWbB67j5Ct01VN6K5tXlJw="},"chainType":1,"messageKeys":{}}},"pendingPreKey":{"signedKeyId":1,"baseKey":"BT3HPo6lEc0rX7rttx3J4iiJu48A5HoGuFcTOdfY+lVg"}},"BWv/7e4dUX59iW7UFwl9sMf6R99EDaAh7HjgkS6PKnEU":{"registrationId":236,"currentRatchet":{"ephemeralKeyPair":{"pubKey":"BVICqKQ0kxdej8yNDSfvdbGYoC5sfk1pkBCxMoCfn5A3","privKey":"IB1asZRlR6IquTfFL74Ypb88AFn5LfS0XAN6w9D2i2A="},"lastRemoteEphemeralKey":"BVjMSvZLfzyt9fPojq2Cw4qT9et8yPqNZLrbsbmF6EhK","previousCounter":0,"rootKey":"hWDjHrNCIVAizOKKwP/Dj7rDAXepscOdRN9FrOFsW+w="},"indexInfo":{"baseKey":"BWv/7e4dUX59iW7UFwl9sMf6R99EDaAh7HjgkS6PKnEU","baseKeyType":1,"closed":1703168027282,"used":1703168007386,"created":1703168007386,"remoteIdentityKey":"BS3r8hqu9TZvf3VlxhTBvBnv0WLUFldrTe87JuDYizM/"},"_chains":{"BVICqKQ0kxdej8yNDSfvdbGYoC5sfk1pkBCxMoCfn5A3":{"chainKey":{"counter":16,"key":"9KNkTdvQj4sT95m2AP8+qcHBmbeUlLG5Okj8lueMbwY="},"chainType":1,"messageKeys":{}}},"pendingPreKey":{"signedKeyId":1,"baseKey":"BWv/7e4dUX59iW7UFwl9sMf6R99EDaAh7HjgkS6PKnEU"}},"BY3tAFrBWbSr87pOZGIl6KTOVMEzzivWwAxGDl9mP5xO":{"registrationId":236,"currentRatchet":{"ephemeralKeyPair":{"pubKey":"BT8tNGnYCTp9vPIxsWrlyGVfta/wQnAzR0xlVD5y6awS","privKey":"kB4B5Oa95u/VLcjCelpdb59PQpbQS9+jTWi8mOXfJUM="},"lastRemoteEphemeralKey":"BVjMSvZLfzyt9fPojq2Cw4qT9et8yPqNZLrbsbmF6EhK","previousCounter":0,"rootKey":"ZZa41sdDF/2EP6s801RzNn/DdNq2NquBn3Srp5oX3KQ="},"indexInfo":{"baseKey":"BY3tAFrBWbSr87pOZGIl6KTOVMEzzivWwAxGDl9mP5xO","baseKeyType":1,"closed":1703168032689,"used":1703168027071,"created":1703168027071,"remoteIdentityKey":"BS3r8hqu9TZvf3VlxhTBvBnv0WLUFldrTe87JuDYizM/"},"_chains":{"BT8tNGnYCTp9vPIxsWrlyGVfta/wQnAzR0xlVD5y6awS":{"chainKey":{"counter":3,"key":"mBo+q2XS/REomkXcDQF0tllzz/wgOJxLdtyInOH791g="},"chainType":1,"messageKeys":{}}},"pendingPreKey":{"signedKeyId":1,"baseKey":"BY3tAFrBWbSr87pOZGIl6KTOVMEzzivWwAxGDl9mP5xO"}},"BWtWD7yZebnr7uJuMvGkCHelLcT8VIShyRhyIWjie8gB":{"registrationId":236,"currentRatchet":{"ephemeralKeyPair":{"pubKey":"BdtudWgtePWOakqh0oiCtu/kckP47e5F+erlayO/plwH","privKey":"GL7s8kp4V3cSvLXLLXzek80wLGZGaAsxCMV0pczcVGk="},"lastRemoteEphemeralKey":"BVjMSvZLfzyt9fPojq2Cw4qT9et8yPqNZLrbsbmF6EhK","previousCounter":0,"rootKey":"mkS+dMrAW3i0+YQJrhyynV3GJKKq7qia2dKZNvEuwu8="},"indexInfo":{"baseKey":"BWtWD7yZebnr7uJuMvGkCHelLcT8VIShyRhyIWjie8gB","baseKeyType":1,"closed":1703168047572,"used":1703168032570,"created":1703168032570,"remoteIdentityKey":"BS3r8hqu9TZvf3VlxhTBvBnv0WLUFldrTe87JuDYizM/"},"_chains":{"BdtudWgtePWOakqh0oiCtu/kckP47e5F+erlayO/plwH":{"chainKey":{"counter":13,"key":"1t0cj87r2g2UlKtTTj6ukWG0+adDc2lmkJqf2JQyNm8="},"chainType":1,"messageKeys":{}}},"pendingPreKey":{"signedKeyId":1,"baseKey":"BWtWD7yZebnr7uJuMvGkCHelLcT8VIShyRhyIWjie8gB"}},"Ben076kGDudqRyyOZfPIHBB+tk+auh65jZO0h6N5h9Mv":{"registrationId":236,"currentRatchet":{"ephemeralKeyPair":{"pubKey":"BS8MRORWu4/lP/m34Q2gpSR/d/EmIBaNjVS+pVGtnp5o","privKey":"YHZRNZPiJ3LoK0lW2VGLsEWOll2AUekEkTyc0mXk+3U="},"lastRemoteEphemeralKey":"BVjMSvZLfzyt9fPojq2Cw4qT9et8yPqNZLrbsbmF6EhK","previousCounter":0,"rootKey":"eNLPvO1VdGI87FMSTtmxHgXtNOo0XUBhKyp93Zb1QJ4="},"indexInfo":{"baseKey":"Ben076kGDudqRyyOZfPIHBB+tk+auh65jZO0h6N5h9Mv","baseKeyType":1,"closed":1703168050022,"used":1703168047360,"created":1703168047360,"remoteIdentityKey":"BS3r8hqu9TZvf3VlxhTBvBnv0WLUFldrTe87JuDYizM/"},"_chains":{"BS8MRORWu4/lP/m34Q2gpSR/d/EmIBaNjVS+pVGtnp5o":{"chainKey":{"counter":-1,"key":"1JkZxkn46WRRWWcpR/lGU/ih1FQM3RUTC4PHUW39guQ="},"chainType":1,"messageKeys":{}}},"pendingPreKey":{"signedKeyId":1,"baseKey":"Ben076kGDudqRyyOZfPIHBB+tk+auh65jZO0h6N5h9Mv"}},"BfzbdCILxE5lyMcOowRrdZVlvZqKX2JWQriA2lauU7YM":{"registrationId":236,"currentRatchet":{"ephemeralKeyPair":{"pubKey":"BVo1Q9CN6kBqq5piFq5qWSd/iFfvPnZz3NyII2E6I4Vz","privKey":"GMScUdNCYOZcy1va19JNiJGoJtXxWqucZb2NN6y5nFA="},"lastRemoteEphemeralKey":"BVjMSvZLfzyt9fPojq2Cw4qT9et8yPqNZLrbsbmF6EhK","previousCounter":0,"rootKey":"S3lyHD3FBtEPwc8Petw5kZPWZ1F0WkJ8iPCEPUapcCM="},"indexInfo":{"baseKey":"BfzbdCILxE5lyMcOowRrdZVlvZqKX2JWQriA2lauU7YM","baseKeyType":1,"closed":1703168059789,"used":1703168049590,"created":1703168049590,"remoteIdentityKey":"BS3r8hqu9TZvf3VlxhTBvBnv0WLUFldrTe87JuDYizM/"},"_chains":{"BVo1Q9CN6kBqq5piFq5qWSd/iFfvPnZz3NyII2E6I4Vz":{"chainKey":{"counter":6,"key":"FbJrjrcCQMGyqaLfkB+XDrLEchJuvqW8rj4M9nWrxsU="},"chainType":1,"messageKeys":{}}},"pendingPreKey":{"signedKeyId":1,"baseKey":"BfzbdCILxE5lyMcOowRrdZVlvZqKX2JWQriA2lauU7YM"}},"BcG+n9HTWFI595J7tPvvxTFqoutVYQ25DzIRcpL6kbJL":{"registrationId":236,"currentRatchet":{"ephemeralKeyPair":{"pubKey":"BRc3wblsuo+TQTsj2g/s+RWRwFKpBWEaqt9ZElP6P3cA","privKey":"iF7EsppzOfBzj+hyV07f1fIw/fK5wVbx+VKYN0HuR38="},"lastRemoteEphemeralKey":"BVjMSvZLfzyt9fPojq2Cw4qT9et8yPqNZLrbsbmF6EhK","previousCounter":0,"rootKey":"rrIMOsHbm02FLOG6tl+ZnfE+xQGDdlVnZQ9kt7uZqa8="},"indexInfo":{"baseKey":"BcG+n9HTWFI595J7tPvvxTFqoutVYQ25DzIRcpL6kbJL","baseKeyType":1,"closed":1703168062474,"used":1703168059672,"created":1703168059672,"remoteIdentityKey":"BS3r8hqu9TZvf3VlxhTBvBnv0WLUFldrTe87JuDYizM/"},"_chains":{"BRc3wblsuo+TQTsj2g/s+RWRwFKpBWEaqt9ZElP6P3cA":{"chainKey":{"counter":-1,"key":"UusboWF5zWm8meFncf9KzyVkElqEQA8R+6W2Q47hc80="},"chainType":1,"messageKeys":{}}},"pendingPreKey":{"signedKeyId":1,"baseKey":"BcG+n9HTWFI595J7tPvvxTFqoutVYQ25DzIRcpL6kbJL"}},"BXiWC3j4Adgcjs37tHO5W+zUt8N6yHswIKPrlWFXReMn":{"registrationId":236,"currentRatchet":{"ephemeralKeyPair":{"pubKey":"Beq87UAUrZvazx8mpbnkdZbwLf02rG1xgBw58wAiFPZT","privKey":"EG1k50O5mrBb/dBrghhYUPufa0TxQPSuElcZvDVBtUA="},"lastRemoteEphemeralKey":"BVjMSvZLfzyt9fPojq2Cw4qT9et8yPqNZLrbsbmF6EhK","previousCounter":0,"rootKey":"x8mUi5m8CeBH4fmwXcRh6764wz1NHzH3dAnd1EEWGIY="},"indexInfo":{"baseKey":"BXiWC3j4Adgcjs37tHO5W+zUt8N6yHswIKPrlWFXReMn","baseKeyType":1,"closed":1703168073850,"used":1703168062381,"created":1703168062381,"remoteIdentityKey":"BS3r8hqu9TZvf3VlxhTBvBnv0WLUFldrTe87JuDYizM/"},"_chains":{"Beq87UAUrZvazx8mpbnkdZbwLf02rG1xgBw58wAiFPZT":{"chainKey":{"counter":11,"key":"+JVnN7jUpzgqw/UC5nlNTj12MfdLrb66ci1OgMM9qwo="},"chainType":1,"messageKeys":{}}},"pendingPreKey":{"signedKeyId":1,"baseKey":"BXiWC3j4Adgcjs37tHO5W+zUt8N6yHswIKPrlWFXReMn"}},"BeSwQ6BQbgEqhdKWHSZ8WiyQPlt4FrB+1uQ1r7lT79tG":{"registrationId":236,"currentRatchet":{"ephemeralKeyPair":{"pubKey":"BbksqHp1Wnzb/rmzFCDP7+M5sznHnvcezaG3MeLFmY07","privKey":"MJS43yJVbnsF2Lc58aTHupzspVuAWFWj1mXlxjjwZ0I="},"lastRemoteEphemeralKey":"BVjMSvZLfzyt9fPojq2Cw4qT9et8yPqNZLrbsbmF6EhK","previousCounter":0,"rootKey":"sl+bP0lzDOwL52CG/2gP0TPR/Amv2xVRE7yTDNZHcpQ="},"indexInfo":{"baseKey":"BeSwQ6BQbgEqhdKWHSZ8WiyQPlt4FrB+1uQ1r7lT79tG","baseKeyType":1,"closed":1703168099771,"used":1703168073591,"created":1703168073591,"remoteIdentityKey":"BS3r8hqu9TZvf3VlxhTBvBnv0WLUFldrTe87JuDYizM/"},"_chains":{"BbksqHp1Wnzb/rmzFCDP7+M5sznHnvcezaG3MeLFmY07":{"chainKey":{"counter":22,"key":"c6ziXuCSMPJTHHx9cxVErXxJd8dOzBixz/YZXXNj+mA="},"chainType":1,"messageKeys":{}}},"pendingPreKey":{"signedKeyId":1,"baseKey":"BeSwQ6BQbgEqhdKWHSZ8WiyQPlt4FrB+1uQ1r7lT79tG"}},"BV30GMwSIK9ySXdKP8YO4DrxIsyULe5WMfRIP0a5Znoa":{"registrationId":236,"currentRatchet":{"ephemeralKeyPair":{"pubKey":"BQrXrwPt9D9go2xoISh8rjI8fq2DSXfbkjrc4DsCQ70j","privKey":"YEunShoQf05UfYyFaKt0c1XoXsZfEeF8k3pqfka9/U4="},"lastRemoteEphemeralKey":"BVjMSvZLfzyt9fPojq2Cw4qT9et8yPqNZLrbsbmF6EhK","previousCounter":0,"rootKey":"IPW5vrY9tARPV7jOgZyRob3537q+88u7JZzUZxtQULA="},"indexInfo":{"baseKey":"BV30GMwSIK9ySXdKP8YO4DrxIsyULe5WMfRIP0a5Znoa","baseKeyType":1,"closed":1703168102678,"used":1703168099670,"created":1703168099670,"remoteIdentityKey":"BS3r8hqu9TZvf3VlxhTBvBnv0WLUFldrTe87JuDYizM/"},"_chains":{"BQrXrwPt9D9go2xoISh8rjI8fq2DSXfbkjrc4DsCQ70j":{"chainKey":{"counter":3,"key":"Dz7SE8hnEjjg4H1GbQWsm9s4YLleFaFGMXLD628X9/U="},"chainType":1,"messageKeys":{}}},"pendingPreKey":{"signedKeyId":1,"baseKey":"BV30GMwSIK9ySXdKP8YO4DrxIsyULe5WMfRIP0a5Znoa"}},"BbRFqHYFDG1DrBdQKpGTj7Dq4g+zew4QUUWSQpHnC745":{"registrationId":236,"currentRatchet":{"ephemeralKeyPair":{"pubKey":"BTTgx7tMGMQf751ukzV47GfaaW3hmNA70jrcQ6qFmKBe","privKey":"kHGolWcMFoKAH2FOXa+7F3OyacyGeqRipaXYgMe0Gkk="},"lastRemoteEphemeralKey":"BVjMSvZLfzyt9fPojq2Cw4qT9et8yPqNZLrbsbmF6EhK","previousCounter":0,"rootKey":"NTqv5nJL7i8qDjWNXYKUMgG9FR7gHaG/l9BTVrjmIvQ="},"indexInfo":{"baseKey":"BbRFqHYFDG1DrBdQKpGTj7Dq4g+zew4QUUWSQpHnC745","baseKeyType":1,"closed":1703168119285,"used":1703168102463,"created":1703168102463,"remoteIdentityKey":"BS3r8hqu9TZvf3VlxhTBvBnv0WLUFldrTe87JuDYizM/"},"_chains":{"BTTgx7tMGMQf751ukzV47GfaaW3hmNA70jrcQ6qFmKBe":{"chainKey":{"counter":10,"key":"hT0NV8vkOd9Yj+9cK4/O6cVPdZEJJT/fiZRx+mahq6c="},"chainType":1,"messageKeys":{}}},"pendingPreKey":{"signedKeyId":1,"baseKey":"BbRFqHYFDG1DrBdQKpGTj7Dq4g+zew4QUUWSQpHnC745"}},"BbP0zD9V1Qrsol+jG4Tl8bOirivYa3e30FZetCc974sC":{"registrationId":236,"currentRatchet":{"ephemeralKeyPair":{"pubKey":"BSTDF86FIsK5cyQRmKhC0O9f20hYpVVPsMdC9zTqb7pj","privKey":"gNw0M2uT7Sg+8RYr3B1lndHJ2+dhvNV5ZOfgr9Psx0Y="},"lastRemoteEphemeralKey":"BVjMSvZLfzyt9fPojq2Cw4qT9et8yPqNZLrbsbmF6EhK","previousCounter":0,"rootKey":"RaZNg6L/8sJ4gBSpsebkySXzCBCyIq5xN7wGhmGbyyo="},"indexInfo":{"baseKey":"BbP0zD9V1Qrsol+jG4Tl8bOirivYa3e30FZetCc974sC","baseKeyType":1,"closed":1703168124462,"used":1703168119267,"created":1703168119267,"remoteIdentityKey":"BS3r8hqu9TZvf3VlxhTBvBnv0WLUFldrTe87JuDYizM/"},"_chains":{"BSTDF86FIsK5cyQRmKhC0O9f20hYpVVPsMdC9zTqb7pj":{"chainKey":{"counter":0,"key":"7Rn3FX4zM5kZ6lVytsi0MRLCHbi7QSVNYfaaH0tfUa4="},"chainType":1,"messageKeys":{}}},"pendingPreKey":{"signedKeyId":1,"baseKey":"BbP0zD9V1Qrsol+jG4Tl8bOirivYa3e30FZetCc974sC"}},"BUNuH1Ih6yc4VVjNi57XQ7E07P0+vPjPfxXuu1s/Vrs0":{"registrationId":236,"currentRatchet":{"ephemeralKeyPair":{"pubKey":"BeHFcN1eZveTVfB2ubdePTXU6/6S/iN+uj2rKGBkMrdp","privKey":"wCfHFQyoB8dnUR+DgMcmZfAnQzXCF3WgHWEYYlAqJ3M="},"lastRemoteEphemeralKey":"BVjMSvZLfzyt9fPojq2Cw4qT9et8yPqNZLrbsbmF6EhK","previousCounter":0,"rootKey":"NQXbzsIiK8fwmuEc06zGa96m5n3RynYt9n3w/BOaKec="},"indexInfo":{"baseKey":"BUNuH1Ih6yc4VVjNi57XQ7E07P0+vPjPfxXuu1s/Vrs0","baseKeyType":1,"closed":1703168146698,"used":1703168122369,"created":1703168122369,"remoteIdentityKey":"BS3r8hqu9TZvf3VlxhTBvBnv0WLUFldrTe87JuDYizM/"},"_chains":{"BeHFcN1eZveTVfB2ubdePTXU6/6S/iN+uj2rKGBkMrdp":{"chainKey":{"counter":17,"key":"kzQV4wdQdJIe8Zy0XanaD+ZZc6fMYy8a1TtUlhs93v0="},"chainType":1,"messageKeys":{}}},"pendingPreKey":{"signedKeyId":1,"baseKey":"BUNuH1Ih6yc4VVjNi57XQ7E07P0+vPjPfxXuu1s/Vrs0"}},"BZ4dFNN6AkrixDj1qGl/jgb74KL+bi6OlpYKslCbSuoE":{"registrationId":236,"currentRatchet":{"ephemeralKeyPair":{"pubKey":"BZwe/WWRMEkHW3H6G7iu4nFdUMRRS+Pgc37iE49HmNVx","privKey":"aFrhoFYAUNW//PrPl3crm62tcGmdys1x3krKkDkSlXQ="},"lastRemoteEphemeralKey":"BVjMSvZLfzyt9fPojq2Cw4qT9et8yPqNZLrbsbmF6EhK","previousCounter":0,"rootKey":"H1EizjsuNwV0pcPS++FTEffTMySQMCogdsiZWG+MPQ0="},"indexInfo":{"baseKey":"BZ4dFNN6AkrixDj1qGl/jgb74KL+bi6OlpYKslCbSuoE","baseKeyType":1,"closed":1703168177980,"used":1703168146692,"created":1703168146692,"remoteIdentityKey":"BS3r8hqu9TZvf3VlxhTBvBnv0WLUFldrTe87JuDYizM/"},"_chains":{"BZwe/WWRMEkHW3H6G7iu4nFdUMRRS+Pgc37iE49HmNVx":{"chainKey":{"counter":21,"key":"r2B2lVRDpkE8SnLHVIb5j8kea0E7BkSMmdFNlI3zPEA="},"chainType":1,"messageKeys":{}}},"pendingPreKey":{"signedKeyId":1,"baseKey":"BZ4dFNN6AkrixDj1qGl/jgb74KL+bi6OlpYKslCbSuoE"}},"BR/pZaYqI85NFOHwNzxo1PGD6jg67WspSoXfOhGFI+QE":{"registrationId":236,"currentRatchet":{"ephemeralKeyPair":{"pubKey":"Bf0HFU6BZTfCLmcJMdtrbTjQIROfnVFzLl9W1DSwBL5n","privKey":"aO+qlbOCVbVa5K1wAYnaMybad1GSJRzh74e9qahdQEg="},"lastRemoteEphemeralKey":"BVjMSvZLfzyt9fPojq2Cw4qT9et8yPqNZLrbsbmF6EhK","previousCounter":0,"rootKey":"CiqBskZ3F1+9R0mmj1fqJunScQbqYuwzUgEae/RUNJE="},"indexInfo":{"baseKey":"BR/pZaYqI85NFOHwNzxo1PGD6jg67WspSoXfOhGFI+QE","baseKeyType":1,"closed":1703168184658,"used":1703168177978,"created":1703168177978,"remoteIdentityKey":"BS3r8hqu9TZvf3VlxhTBvBnv0WLUFldrTe87JuDYizM/"},"_chains":{"Bf0HFU6BZTfCLmcJMdtrbTjQIROfnVFzLl9W1DSwBL5n":{"chainKey":{"counter":5,"key":"5bup0IeePuLJb1/zWKHuMLVsAeYLXYM8hJAoLzRGnow="},"chainType":1,"messageKeys":{}}},"pendingPreKey":{"signedKeyId":1,"baseKey":"BR/pZaYqI85NFOHwNzxo1PGD6jg67WspSoXfOhGFI+QE"}},"BT7SPkXkOpW27YinfzaezrMdZQH4KYnecXCFbd6en2IF":{"registrationId":236,"currentRatchet":{"ephemeralKeyPair":{"pubKey":"BSz2hDh7875ZVcZAhsuOsPNXxWcDerSQr51Hetri1gYp","privKey":"GDKX+JIDd4EzebAKmCStMKCqn7Ld688q5XIdCPdAKUg="},"lastRemoteEphemeralKey":"BVjMSvZLfzyt9fPojq2Cw4qT9et8yPqNZLrbsbmF6EhK","previousCounter":0,"rootKey":"SYna5dn66uILudDkzb23BVSljLpqtrjUI1TurASq5g4="},"indexInfo":{"baseKey":"BT7SPkXkOpW27YinfzaezrMdZQH4KYnecXCFbd6en2IF","baseKeyType":1,"closed":1703168185794,"used":1703168184573,"created":1703168184573,"remoteIdentityKey":"BS3r8hqu9TZvf3VlxhTBvBnv0WLUFldrTe87JuDYizM/"},"_chains":{"BSz2hDh7875ZVcZAhsuOsPNXxWcDerSQr51Hetri1gYp":{"chainKey":{"counter":1,"key":"t/Ooj+PXxg3DOBFCqrLmie8IQJVAPLcU/s87YiWzQCY="},"chainType":1,"messageKeys":{}}},"pendingPreKey":{"signedKeyId":1,"baseKey":"BT7SPkXkOpW27YinfzaezrMdZQH4KYnecXCFbd6en2IF"}},"BRXX52D2s1qQBDRW4eSGypIdmDBAO11hg3B9fHuZMdAc":{"registrationId":236,"currentRatchet":{"ephemeralKeyPair":{"pubKey":"BTb7dufvUi9jV7DpQOTMnOdfTDyZmDokCsY8L+zQ3fI/","privKey":"OGgrxhLXblVhSrqjel81FBS27J5wdMOT9ndzpot5XGg="},"lastRemoteEphemeralKey":"BVjMSvZLfzyt9fPojq2Cw4qT9et8yPqNZLrbsbmF6EhK","previousCounter":0,"rootKey":"bobm/wBElFk4M2w0Dp2bE7rXDU1Vp2EkeTm+DNvlFn0="},"indexInfo":{"baseKey":"BRXX52D2s1qQBDRW4eSGypIdmDBAO11hg3B9fHuZMdAc","baseKeyType":1,"closed":1703168190575,"used":1703168185685,"created":1703168185685,"remoteIdentityKey":"BS3r8hqu9TZvf3VlxhTBvBnv0WLUFldrTe87JuDYizM/"},"_chains":{"BTb7dufvUi9jV7DpQOTMnOdfTDyZmDokCsY8L+zQ3fI/":{"chainKey":{"counter":2,"key":"QYLvOpb2K+QVajJSMHZMj1axkAf0eL+ut/wjcyRqxzA="},"chainType":1,"messageKeys":{}}},"pendingPreKey":{"signedKeyId":1,"baseKey":"BRXX52D2s1qQBDRW4eSGypIdmDBAO11hg3B9fHuZMdAc"}},"BR+EdHjKgG1zUr5PskaYrtQHs0EfW8Jvs/j0EQPNcUwv":{"registrationId":236,"currentRatchet":{"ephemeralKeyPair":{"pubKey":"BTssUKIdGMearU2fbwAISCZwCpKZQR90alOxnaDjMWlU","privKey":"8N9Vn3jt9+AHXdl6ucbvt/Reh3QemZGQGMuvDyv8aGg="},"lastRemoteEphemeralKey":"BVjMSvZLfzyt9fPojq2Cw4qT9et8yPqNZLrbsbmF6EhK","previousCounter":0,"rootKey":"MXymUjy2SnTgmWHltepS87nI0jXVYQXnmCFuS1WJC0k="},"indexInfo":{"baseKey":"BR+EdHjKgG1zUr5PskaYrtQHs0EfW8Jvs/j0EQPNcUwv","baseKeyType":1,"closed":1703168191875,"used":1703168190469,"created":1703168190469,"remoteIdentityKey":"BS3r8hqu9TZvf3VlxhTBvBnv0WLUFldrTe87JuDYizM/"},"_chains":{"BTssUKIdGMearU2fbwAISCZwCpKZQR90alOxnaDjMWlU":{"chainKey":{"counter":0,"key":"AWc/FLdEsBw5U8Q5dXR3q/TfZWAOIYImN8BuzTEIhaE="},"chainType":1,"messageKeys":{}}},"pendingPreKey":{"signedKeyId":1,"baseKey":"BR+EdHjKgG1zUr5PskaYrtQHs0EfW8Jvs/j0EQPNcUwv"}},"Bcvey8kS39HM1NvklNl6DYtxpSCsFolR1cYkCIdGUXN3":{"registrationId":236,"currentRatchet":{"ephemeralKeyPair":{"pubKey":"BZe1fdo9y6pge6i7mZ6jsPVRf29nmChQJW4WsjAj82c3","privKey":"uOXaQdu64kqUzM1OSuOulMBOB9ieXeS8BBTqcrx79m8="},"lastRemoteEphemeralKey":"BVjMSvZLfzyt9fPojq2Cw4qT9et8yPqNZLrbsbmF6EhK","previousCounter":0,"rootKey":"uCT1Zt5WYJ9iYAzoNf7S5qWaEKuZwwZHeOAGcqxdYjw="},"indexInfo":{"baseKey":"Bcvey8kS39HM1NvklNl6DYtxpSCsFolR1cYkCIdGUXN3","baseKeyType":1,"closed":1703168197281,"used":1703168191012,"created":1703168191012,"remoteIdentityKey":"BS3r8hqu9TZvf3VlxhTBvBnv0WLUFldrTe87JuDYizM/"},"_chains":{"BZe1fdo9y6pge6i7mZ6jsPVRf29nmChQJW4WsjAj82c3":{"chainKey":{"counter":5,"key":"ZvqjD/vPIbdQwUGvKEL/sico4yK+4OzjlIjO6qdGlXE="},"chainType":1,"messageKeys":{}}},"pendingPreKey":{"signedKeyId":1,"baseKey":"Bcvey8kS39HM1NvklNl6DYtxpSCsFolR1cYkCIdGUXN3"}},"BbHFtWPM5tNU+P3XQ69+XmvXKYaQbGTisXQKE0V2bOVC":{"registrationId":236,"currentRatchet":{"ephemeralKeyPair":{"pubKey":"BU9o4/WR+bZ8ZW/unVeES6N8bQzpnXC6pvs32PdlQI9l","privKey":"gN7xDS8uw3uGImuUc5T+RCAG1xW2JAeOfEpoqZsp7lg="},"lastRemoteEphemeralKey":"BVjMSvZLfzyt9fPojq2Cw4qT9et8yPqNZLrbsbmF6EhK","previousCounter":0,"rootKey":"2qQ4cP1zlO3N1SrVm24Xefsf2TLonhxgAcb3LnniCJ4="},"indexInfo":{"baseKey":"BbHFtWPM5tNU+P3XQ69+XmvXKYaQbGTisXQKE0V2bOVC","baseKeyType":1,"closed":-1,"used":1703168197278,"created":1703168197278,"remoteIdentityKey":"BS3r8hqu9TZvf3VlxhTBvBnv0WLUFldrTe87JuDYizM/"},"_chains":{"BU9o4/WR+bZ8ZW/unVeES6N8bQzpnXC6pvs32PdlQI9l":{"chainKey":{"counter":18,"key":"kQRkLjzh6R/ZugYFYBksx2pHsBy13WuYOmwYNUYqr8E="},"chainType":1,"messageKeys":{}}},"pendingPreKey":{"signedKeyId":1,"baseKey":"BbHFtWPM5tNU+P3XQ69+XmvXKYaQbGTisXQKE0V2bOVC"}}},"version":"v1"}