{"_sessions":{"BUHpKjDA4MAJGYHg3dtO8qCiUk0QCnfwYTpuEdZBOtVZ":{"registrationId":66484704,"currentRatchet":{"ephemeralKeyPair":{"pubKey":"BWF7kJ3Ce7Sdp9aoSnj7+HxSZc5/z+odzxmlgIvqJN4d","privKey":"CNbxmykbXiyefSvryI0E0DgTmF6TN7UTAAw1x9fr1Xw="},"lastRemoteEphemeralKey":"BYG9yUvuJydfNrqld7nriE6BAGymY4erUJhbZ19DY252","previousCounter":0,"rootKey":"G0+NyRRwNFTI2KvWRD3zYpa1iJCN+yWL8YNoaLMsZ/s="},"indexInfo":{"baseKey":"BUHpKjDA4MAJGYHg3dtO8qCiUk0QCnfwYTpuEdZBOtVZ","baseKeyType":2,"closed":-1,"used":1703091845901,"created":1703091845901,"remoteIdentityKey":"BeBlBBY+YLIsGGI9V0SO47PT/3y2R+eeqkwKx4X2ThMg"},"_chains":{"BYG9yUvuJydfNrqld7nriE6BAGymY4erUJhbZ19DY252":{"chainKey":{"counter":1,"key":"UBJS+SXsdG9tMEWIDTnUcOXI5XuCZTdCCntaUN8FeYs="},"chainType":2,"messageKeys":{}},"BWF7kJ3Ce7Sdp9aoSnj7+HxSZc5/z+odzxmlgIvqJN4d":{"chainKey":{"counter":-1,"key":"ci6VJXW0pOfoxTLiq8d/KQsyK7spk2Osa3MbBmGKZmk="},"chainType":1,"messageKeys":{}}}}},"version":"v1"}