{"_sessions":{"BZMR8ZtAVX/vBJD/PKsWon/vtiviz/ozTJoj+UHQgZQk":{"registrationId":1769436150,"currentRatchet":{"ephemeralKeyPair":{"pubKey":"BaYpM9Ruld8xwxF94d+JXnjbp946Uwi4PDZtNgepZOx9","privKey":"8MX68MoBWZCu7YcXn54sBZLQWydawnBcU/CXK5oNeFA="},"lastRemoteEphemeralKey":"BaE7qT43ygslkB0+Pgq5JqtuCeusL9axLEqJU+/G2h4t","previousCounter":0,"rootKey":"AKcr5q2GTX1ctkqNEjcZq4j7nXYxnJlE8cItX13PVSc="},"indexInfo":{"baseKey":"BZMR8ZtAVX/vBJD/PKsWon/vtiviz/ozTJoj+UHQgZQk","baseKeyType":2,"closed":-1,"used":1703091781042,"created":1703091781042,"remoteIdentityKey":"Bdp3+3DeoPYa39T0WVtP0OlmHRY/Nf8mczu47UUbrjJb"},"_chains":{"BaE7qT43ygslkB0+Pgq5JqtuCeusL9axLEqJU+/G2h4t":{"chainKey":{"counter":3,"key":"AOyqVh2syeKxtG/005LUc97XNDc9rm84vgWh4N9ldZQ="},"chainType":2,"messageKeys":{"1":"xpmTgo3yd24QGHE1x/WHfecKUkYCMvdfc2XBvQfYN18=","2":"+uW2yxJmk2XVp02G9JA61mAJ7RqD79pbGiVm7fTjAno="}},"BaYpM9Ruld8xwxF94d+JXnjbp946Uwi4PDZtNgepZOx9":{"chainKey":{"counter":-1,"key":"OV+08F8kagVsA7uOCsdpHZw9uxWVLeQ4w7sQ6Mquev0="},"chainType":1,"messageKeys":{}}}}},"version":"v1"}