{"_sessions":{"BRySIwetzQH7QUW6GI8TAiP53kPbAoTAHE+uEONvq4dj":{"registrationId":366492567,"currentRatchet":{"ephemeralKeyPair":{"pubKey":"BY3gH6T49/rcDU8YBkd0w9HExn//t6hBUWFUyDAtka8n","privKey":"MMiXPWsVtRqqtxnfa23Gvls3rkbcq7m/wBE3PNaqBn0="},"lastRemoteEphemeralKey":"BfF+s5MjMwvAfuvsLx9HI1bg8OBL/PYrFrj3ywaziWxP","previousCounter":0,"rootKey":"yDlvUcl0+SBldTdj7EpwVtIi2GHqbUd1Yp6A5DuD67o="},"indexInfo":{"baseKey":"BRySIwetzQH7QUW6GI8TAiP53kPbAoTAHE+uEONvq4dj","baseKeyType":2,"closed":-1,"used":1703157174130,"created":1703157174130,"remoteIdentityKey":"BdHgF+4lKZMxSldWcYdo/vWS9sdLq9U03p1KeRcinXUe"},"_chains":{"BfF+s5MjMwvAfuvsLx9HI1bg8OBL/PYrFrj3ywaziWxP":{"chainKey":{"counter":0,"key":"fjytsvu55bxkDoCzwFDVSsk0u6jFnXn6TqcjaBvPV20="},"chainType":2,"messageKeys":{}},"BY3gH6T49/rcDU8YBkd0w9HExn//t6hBUWFUyDAtka8n":{"chainKey":{"counter":-1,"key":"QM23u0H5vkVMnUsqPIBaAO6uOIy7fTnxPESU+T0Yg2E="},"chainType":1,"messageKeys":{}}}}},"version":"v1"}