{"_sessions":{"BStAXuERLEQZNmxvASy+95LuXxi3KRuQIqnItZoNcukN":{"registrationId":8292,"currentRatchet":{"ephemeralKeyPair":{"pubKey":"BehDuwejEsjUHrUvBhOcL7DvfVvBptypMKubnjto/uIa","privKey":"gOvDA7JqHPhfJKJky5ac4P9mxjgPOeDMokn/HfiVE1M="},"lastRemoteEphemeralKey":"BWhCvA2vpEMjaN5sXxmVFlYC5U1WzcuX+T+xGNXwpocr","previousCounter":0,"rootKey":"Jfdu+rBJpWcdpBz3E8aSENsZrJMP+MLiBR9U/khLPmE="},"indexInfo":{"baseKey":"BStAXuERLEQZNmxvASy+95LuXxi3KRuQIqnItZoNcukN","baseKeyType":1,"closed":1703149110297,"used":1703149014574,"created":1703149014574,"remoteIdentityKey":"BRY/12rxHZBw3jVmTpRDNG65yoSn/rZ6m/UTWuyYgblh"},"_chains":{"BehDuwejEsjUHrUvBhOcL7DvfVvBptypMKubnjto/uIa":{"chainKey":{"counter":102,"key":"tzb5+aR5Lnt8ZAIJ+fSqqBUMXj0dZGAllyeXxHd+nCQ="},"chainType":1,"messageKeys":{}}},"pendingPreKey":{"signedKeyId":1,"baseKey":"BStAXuERLEQZNmxvASy+95LuXxi3KRuQIqnItZoNcukN","preKeyId":129}},"BdaiUX2FKx+NWhgg+59w1rka1iJCzXYsQNMh1vpe9n8W":{"registrationId":8292,"currentRatchet":{"ephemeralKeyPair":{"pubKey":"BSEZvCkdwSh92axUpVryslFIjWoUJ85K4fhIgbW9HJwE","privKey":"AG5MJ5t/ov7NC+c3BpSo1xuFPplOSvu/LsYscn4LDlM="},"lastRemoteEphemeralKey":"BWhCvA2vpEMjaN5sXxmVFlYC5U1WzcuX+T+xGNXwpocr","previousCounter":0,"rootKey":"k39W2nbQOecVNoX+oL6o6VfQirEaHj0br93iszOeZu8="},"indexInfo":{"baseKey":"BdaiUX2FKx+NWhgg+59w1rka1iJCzXYsQNMh1vpe9n8W","baseKeyType":1,"closed":1703149110307,"used":1703149110185,"created":1703149110185,"remoteIdentityKey":"BRY/12rxHZBw3jVmTpRDNG65yoSn/rZ6m/UTWuyYgblh"},"_chains":{"BSEZvCkdwSh92axUpVryslFIjWoUJ85K4fhIgbW9HJwE":{"chainKey":{"counter":-1,"key":"ZBCoi76znWfz0Ixjcl55BvZJSjVU283jP5GTWqAH7Jc="},"chainType":1,"messageKeys":{}}},"pendingPreKey":{"signedKeyId":1,"baseKey":"BdaiUX2FKx+NWhgg+59w1rka1iJCzXYsQNMh1vpe9n8W","preKeyId":102}},"BROsYQhz0unAw0sSZO/8SD6zRoVPkz3eh3A5mPijIBoB":{"registrationId":8292,"currentRatchet":{"ephemeralKeyPair":{"pubKey":"BYtSiR4pDo7thDivssckraecLrPehHwOLqOF+P3utz1g","privKey":"gIkmfhjffO/m5n5QCYdoNCkFJEY1OrM3Pg6y5J9U/3Y="},"lastRemoteEphemeralKey":"BWhCvA2vpEMjaN5sXxmVFlYC5U1WzcuX+T+xGNXwpocr","previousCounter":0,"rootKey":"mrphAAmHciGPrA2CrbmcDg2hWOWddt1JEWWsabJY+Mw="},"indexInfo":{"baseKey":"BROsYQhz0unAw0sSZO/8SD6zRoVPkz3eh3A5mPijIBoB","baseKeyType":1,"closed":1703149110319,"used":1703149110307,"created":1703149110307,"remoteIdentityKey":"BRY/12rxHZBw3jVmTpRDNG65yoSn/rZ6m/UTWuyYgblh"},"_chains":{"BYtSiR4pDo7thDivssckraecLrPehHwOLqOF+P3utz1g":{"chainKey":{"counter":-1,"key":"ktue20KZawDqqRCdaqJHu2S/k3yqHql24dQGsN/0vko="},"chainType":1,"messageKeys":{}}},"pendingPreKey":{"signedKeyId":1,"baseKey":"BROsYQhz0unAw0sSZO/8SD6zRoVPkz3eh3A5mPijIBoB","preKeyId":185}},"BWmG+rPydUbtGbaCjSA5dO5XWBCcfzylsa7/r6u+rmsO":{"registrationId":8292,"currentRatchet":{"ephemeralKeyPair":{"pubKey":"BTt6K507VS284jmUwdb6CGGPtpxF2vJjReEjQ48eDKpu","privKey":"SP4BtRubZCgOtC6gQ8WVQUrgbyyP186obAM9YdIyvW8="},"lastRemoteEphemeralKey":"BWhCvA2vpEMjaN5sXxmVFlYC5U1WzcuX+T+xGNXwpocr","previousCounter":0,"rootKey":"tpdE9ZSCYo0vAIKsKqI0uEJc0NZlfMgbEwqv3/zBLbU="},"indexInfo":{"baseKey":"BWmG+rPydUbtGbaCjSA5dO5XWBCcfzylsa7/r6u+rmsO","baseKeyType":1,"closed":1703149154814,"used":1703149110318,"created":1703149110318,"remoteIdentityKey":"BRY/12rxHZBw3jVmTpRDNG65yoSn/rZ6m/UTWuyYgblh"},"_chains":{"BTt6K507VS284jmUwdb6CGGPtpxF2vJjReEjQ48eDKpu":{"chainKey":{"counter":61,"key":"yTsU6tvL47+aTpRyoyQkgWhjv9E9XRtVKHOojic4FHM="},"chainType":1,"messageKeys":{}}},"pendingPreKey":{"signedKeyId":1,"baseKey":"BWmG+rPydUbtGbaCjSA5dO5XWBCcfzylsa7/r6u+rmsO","preKeyId":47}},"BVcXnVM6TeL+k4Ux0px9lEeFceUAN6V/xBnp053oQAcR":{"registrationId":8292,"currentRatchet":{"ephemeralKeyPair":{"pubKey":"BZWkeksL1q4Um8b7QEXFw1mL5dn43lN0n0Ne9O/mlrkg","privKey":"uGmNXwjGGIR2W9xC1UqXCWIF9aWQOZcO3zIoGgrVHHk="},"lastRemoteEphemeralKey":"BWhCvA2vpEMjaN5sXxmVFlYC5U1WzcuX+T+xGNXwpocr","previousCounter":0,"rootKey":"FHXupxrOAIRE0LH8iOkYTs6bFf0y4rpqEhF6KAAHY2A="},"indexInfo":{"baseKey":"BVcXnVM6TeL+k4Ux0px9lEeFceUAN6V/xBnp053oQAcR","baseKeyType":1,"closed":1703149154880,"used":1703149154711,"created":1703149154711,"remoteIdentityKey":"BRY/12rxHZBw3jVmTpRDNG65yoSn/rZ6m/UTWuyYgblh"},"_chains":{"BZWkeksL1q4Um8b7QEXFw1mL5dn43lN0n0Ne9O/mlrkg":{"chainKey":{"counter":-1,"key":"u4ULWBaXQdqSWXIhPtG/2XuM3In9RdopRihv7obxr3U="},"chainType":1,"messageKeys":{}}},"pendingPreKey":{"signedKeyId":1,"baseKey":"BVcXnVM6TeL+k4Ux0px9lEeFceUAN6V/xBnp053oQAcR","preKeyId":112}},"BRUIzy8a79a8tERpbhhU6ZwoJO8qr9RdKdf5lka2lxUe":{"registrationId":8292,"currentRatchet":{"ephemeralKeyPair":{"pubKey":"BbDlQXAHRiM5+ruVDROUSdwPMkkupO7iXCCrD5pmdeYy","privKey":"4Eu+U28NduUwzOW/3pu6boteVsTy6W2Yd3UpEx/0HEQ="},"lastRemoteEphemeralKey":"BWhCvA2vpEMjaN5sXxmVFlYC5U1WzcuX+T+xGNXwpocr","previousCounter":0,"rootKey":"GaZN7en6XwQPJe0tpgCCQhH4S+CM9xB7aFJNsHILaJg="},"indexInfo":{"baseKey":"BRUIzy8a79a8tERpbhhU6ZwoJO8qr9RdKdf5lka2lxUe","baseKeyType":1,"closed":1703149154912,"used":1703149154879,"created":1703149154879,"remoteIdentityKey":"BRY/12rxHZBw3jVmTpRDNG65yoSn/rZ6m/UTWuyYgblh"},"_chains":{"BbDlQXAHRiM5+ruVDROUSdwPMkkupO7iXCCrD5pmdeYy":{"chainKey":{"counter":-1,"key":"ea2HJwdC4YvOnfioxdPDjkSaJjYRhshJoAX4KV7i+70="},"chainType":1,"messageKeys":{}}},"pendingPreKey":{"signedKeyId":1,"baseKey":"BRUIzy8a79a8tERpbhhU6ZwoJO8qr9RdKdf5lka2lxUe","preKeyId":68}},"BRjWlMcPZawTAktJs+7g5rqLO0R5OzkCX37EykgHwk0q":{"registrationId":8292,"currentRatchet":{"ephemeralKeyPair":{"pubKey":"BQ9WPY/We6LLv4XSjXZEEBNt2dQkrgj+obGSlv8SryQx","privKey":"wGUAjNL0naHofvODEgvEoix7Yk3ZDkh79owtYhv4uHs="},"lastRemoteEphemeralKey":"BWhCvA2vpEMjaN5sXxmVFlYC5U1WzcuX+T+xGNXwpocr","previousCounter":0,"rootKey":"hP1OQiaEwHoWHYgjdjisN/3NvsSG5On5/TDxKs2eVh4="},"indexInfo":{"baseKey":"BRjWlMcPZawTAktJs+7g5rqLO0R5OzkCX37EykgHwk0q","baseKeyType":1,"closed":1703149278268,"used":1703149154901,"created":1703149154901,"remoteIdentityKey":"BRY/12rxHZBw3jVmTpRDNG65yoSn/rZ6m/UTWuyYgblh"},"_chains":{"BQ9WPY/We6LLv4XSjXZEEBNt2dQkrgj+obGSlv8SryQx":{"chainKey":{"counter":114,"key":"txpPCITdF7i7NkdE7hiE2PzUl8fcp2koSOSGYVcUfOM="},"chainType":1,"messageKeys":{}}},"pendingPreKey":{"signedKeyId":1,"baseKey":"BRjWlMcPZawTAktJs+7g5rqLO0R5OzkCX37EykgHwk0q","preKeyId":192}},"BXCW4gyJcNeIAq4pTMSWae/WLyqbZOn6Q4J1ucNIFlwv":{"registrationId":8292,"currentRatchet":{"ephemeralKeyPair":{"pubKey":"BUF5KrZ3ncbXziqTDH6ccDPusMHArfGENPxY6DhqqQ5X","privKey":"kNZVAYxpKhXSGVKmICqIYkYSfxDfsjfs1czT3KPB33U="},"lastRemoteEphemeralKey":"BWhCvA2vpEMjaN5sXxmVFlYC5U1WzcuX+T+xGNXwpocr","previousCounter":0,"rootKey":"SFcjBEp/x26uIyYE5lh9+L05Fbe4SOqlJpnYnSpEJpU="},"indexInfo":{"baseKey":"BXCW4gyJcNeIAq4pTMSWae/WLyqbZOn6Q4J1ucNIFlwv","baseKeyType":1,"closed":1703149278865,"used":1703149278085,"created":1703149278085,"remoteIdentityKey":"BRY/12rxHZBw3jVmTpRDNG65yoSn/rZ6m/UTWuyYgblh"},"_chains":{"BUF5KrZ3ncbXziqTDH6ccDPusMHArfGENPxY6DhqqQ5X":{"chainKey":{"counter":-1,"key":"wUSZdn1GtVlOUVoExjBX44Zi49PqfeuoiAM/1UoZxkU="},"chainType":1,"messageKeys":{}}},"pendingPreKey":{"signedKeyId":1,"baseKey":"BXCW4gyJcNeIAq4pTMSWae/WLyqbZOn6Q4J1ucNIFlwv","preKeyId":197}},"BXQ80rfFH6ajwlGP1NPdG6ttOIG32+RZbVjlwIxEfa4u":{"registrationId":8292,"currentRatchet":{"ephemeralKeyPair":{"pubKey":"BUpPWVY2uwPPiX+KYbXVr6QGoQsGHQ15c2SLgAlN/Rps","privKey":"SI7q47g6x5AVtWS4Hmd7ttXfPfZacYHNsAEvUoaruno="},"lastRemoteEphemeralKey":"BWhCvA2vpEMjaN5sXxmVFlYC5U1WzcuX+T+xGNXwpocr","previousCounter":0,"rootKey":"XPMP1BqmHdDcfdvt/MPYIO4bvZnwQ0/Rvhr/0jlQMMQ="},"indexInfo":{"baseKey":"BXQ80rfFH6ajwlGP1NPdG6ttOIG32+RZbVjlwIxEfa4u","baseKeyType":1,"closed":1703149278902,"used":1703149278376,"created":1703149278376,"remoteIdentityKey":"BRY/12rxHZBw3jVmTpRDNG65yoSn/rZ6m/UTWuyYgblh"},"_chains":{"BUpPWVY2uwPPiX+KYbXVr6QGoQsGHQ15c2SLgAlN/Rps":{"chainKey":{"counter":-1,"key":"5EDh2izh4DtralvJUDEO+COynwkTRehIoGBi/ZbL5Xo="},"chainType":1,"messageKeys":{}}},"pendingPreKey":{"signedKeyId":1,"baseKey":"BXQ80rfFH6ajwlGP1NPdG6ttOIG32+RZbVjlwIxEfa4u","preKeyId":53}},"BT61RUwA1nX+YKj0KSCRL5MuHZUFwAAjbnB1hv1JhBdl":{"registrationId":8292,"currentRatchet":{"ephemeralKeyPair":{"pubKey":"Ba9qhkyBAmbfG5vqAPSxPQKpsBXBpu4eRrm1+lBPtc9G","privKey":"WL4eJqXdIzXfcfm4XZNoXFljNOguJaf5tJ07ErDyGnE="},"lastRemoteEphemeralKey":"BWhCvA2vpEMjaN5sXxmVFlYC5U1WzcuX+T+xGNXwpocr","previousCounter":0,"rootKey":"t7csgzi04Elowl/JYT6j+def1eulRxh052fyQNkPsSM="},"indexInfo":{"baseKey":"BT61RUwA1nX+YKj0KSCRL5MuHZUFwAAjbnB1hv1JhBdl","baseKeyType":1,"closed":1703149278983,"used":1703149278900,"created":1703149278900,"remoteIdentityKey":"BRY/12rxHZBw3jVmTpRDNG65yoSn/rZ6m/UTWuyYgblh"},"_chains":{"Ba9qhkyBAmbfG5vqAPSxPQKpsBXBpu4eRrm1+lBPtc9G":{"chainKey":{"counter":-1,"key":"rMQx5Vjgv43aJXMkAUP2w8x2gmF6OVbvDPLCLgkkH+0="},"chainType":1,"messageKeys":{}}},"pendingPreKey":{"signedKeyId":1,"baseKey":"BT61RUwA1nX+YKj0KSCRL5MuHZUFwAAjbnB1hv1JhBdl","preKeyId":32}},"BaZo7QfDjRHZNqSh3TUCVt0ZGioHT77nUs/D68PoFrlH":{"registrationId":8292,"currentRatchet":{"ephemeralKeyPair":{"pubKey":"BfHJoMbGLTR2vQ8xHnTURd3UNH4Ig0GFUBmALKf3BZFh","privKey":"eNnObmODVrXTINRsR/0Ndc5C1GgWbA421VQU3VzJznQ="},"lastRemoteEphemeralKey":"BWhCvA2vpEMjaN5sXxmVFlYC5U1WzcuX+T+xGNXwpocr","previousCounter":0,"rootKey":"fQLooMqF5EbeE0VXSqzB4zlbM5/xi0R591t8AQdCKB4="},"indexInfo":{"baseKey":"BaZo7QfDjRHZNqSh3TUCVt0ZGioHT77nUs/D68PoFrlH","baseKeyType":1,"closed":1703149279005,"used":1703149278982,"created":1703149278982,"remoteIdentityKey":"BRY/12rxHZBw3jVmTpRDNG65yoSn/rZ6m/UTWuyYgblh"},"_chains":{"BfHJoMbGLTR2vQ8xHnTURd3UNH4Ig0GFUBmALKf3BZFh":{"chainKey":{"counter":-1,"key":"8OCeReLr9CfbdCngITks5yJmuwzqxQepbiOxrdqYSnY="},"chainType":1,"messageKeys":{}}},"pendingPreKey":{"signedKeyId":1,"baseKey":"BaZo7QfDjRHZNqSh3TUCVt0ZGioHT77nUs/D68PoFrlH","preKeyId":100}},"BRG16ckjBnnrji+ORDqaTV8/xpyCqSvt/z6ILm5WkbxA":{"registrationId":8292,"currentRatchet":{"ephemeralKeyPair":{"pubKey":"BQzCFTpAc0lLICg6J9/e5Wg3qGUNNvRhiKuSUc/xMWt1","privKey":"kAveYT7DBdA/5/KSUn1C7zHS+dpMQcfoC3LVNUGO/1A="},"lastRemoteEphemeralKey":"BWhCvA2vpEMjaN5sXxmVFlYC5U1WzcuX+T+xGNXwpocr","previousCounter":0,"rootKey":"g5BcYCd8YaRa1y76la2cPPS9v5tG4yMNpw7Lt6/tWHg="},"indexInfo":{"baseKey":"BRG16ckjBnnrji+ORDqaTV8/xpyCqSvt/z6ILm5WkbxA","baseKeyType":1,"closed":1703149279021,"used":1703149278999,"created":1703149278999,"remoteIdentityKey":"BRY/12rxHZBw3jVmTpRDNG65yoSn/rZ6m/UTWuyYgblh"},"_chains":{"BQzCFTpAc0lLICg6J9/e5Wg3qGUNNvRhiKuSUc/xMWt1":{"chainKey":{"counter":-1,"key":"bYim/sNojqXJsFW8+HOWK7KAq0HhTbsl3D/aa8GYlWQ="},"chainType":1,"messageKeys":{}}},"pendingPreKey":{"signedKeyId":1,"baseKey":"BRG16ckjBnnrji+ORDqaTV8/xpyCqSvt/z6ILm5WkbxA","preKeyId":52}},"BdkWV38xBnWu95QyNTbLq6a/yD1v3HUZwF7VxIJcPO4C":{"registrationId":8292,"currentRatchet":{"ephemeralKeyPair":{"pubKey":"BWWYilGK1lTmThdJ1/HFLIM7XXe0Dv4WBAPrqfutq/BA","privKey":"cDyzqmxWoXSFYGErz8eGsUAeT8EF8BTK/B5KXOJl1FY="},"lastRemoteEphemeralKey":"BWhCvA2vpEMjaN5sXxmVFlYC5U1WzcuX+T+xGNXwpocr","previousCounter":0,"rootKey":"8uy11Dm7S9nSDpcSWxhykbkOm4ZLsVcPmH+WSatGy/w="},"indexInfo":{"baseKey":"BdkWV38xBnWu95QyNTbLq6a/yD1v3HUZwF7VxIJcPO4C","baseKeyType":1,"closed":1703149279061,"used":1703149279020,"created":1703149279020,"remoteIdentityKey":"BRY/12rxHZBw3jVmTpRDNG65yoSn/rZ6m/UTWuyYgblh"},"_chains":{"BWWYilGK1lTmThdJ1/HFLIM7XXe0Dv4WBAPrqfutq/BA":{"chainKey":{"counter":-1,"key":"kSwDU0MO2qM+cXIpYussLRSkpLvUbG9xzeNQCdNCIoI="},"chainType":1,"messageKeys":{}}},"pendingPreKey":{"signedKeyId":1,"baseKey":"BdkWV38xBnWu95QyNTbLq6a/yD1v3HUZwF7VxIJcPO4C","preKeyId":136}},"BaVKTr1Ioj6J3P8nxgp6hYhUi/nWybC1u4lDGTkI8MYJ":{"registrationId":8292,"currentRatchet":{"ephemeralKeyPair":{"pubKey":"BZCKmMc69UoqQQ+BXw2k2bJ3G7GFQyW7OEUL2DHKfjBy","privKey":"0DIPt13cp0sdZF6otPhQLxGknWApErekwLvMW1Duk2c="},"lastRemoteEphemeralKey":"BWhCvA2vpEMjaN5sXxmVFlYC5U1WzcuX+T+xGNXwpocr","previousCounter":0,"rootKey":"SGoo8vub2PttkaRNYcSJbVKh12V+3aVYw7ufi/0qTkA="},"indexInfo":{"baseKey":"BaVKTr1Ioj6J3P8nxgp6hYhUi/nWybC1u4lDGTkI8MYJ","baseKeyType":1,"closed":1703149279080,"used":1703149279060,"created":1703149279060,"remoteIdentityKey":"BRY/12rxHZBw3jVmTpRDNG65yoSn/rZ6m/UTWuyYgblh"},"_chains":{"BZCKmMc69UoqQQ+BXw2k2bJ3G7GFQyW7OEUL2DHKfjBy":{"chainKey":{"counter":-1,"key":"lovN2+3gN6TbA1ysAxpsrnyu09GcHI6C+xTDY4JuHWA="},"chainType":1,"messageKeys":{}}},"pendingPreKey":{"signedKeyId":1,"baseKey":"BaVKTr1Ioj6J3P8nxgp6hYhUi/nWybC1u4lDGTkI8MYJ","preKeyId":114}},"BfUxK7iu/QtTNLwPDrgpGlog1fn/3RerxywQ6phQZoZ3":{"registrationId":8292,"currentRatchet":{"ephemeralKeyPair":{"pubKey":"BQKYrfZTUL5Hs+2QNHShn799okv+KPDTcMcAYB8nxWoF","privKey":"KHGVEIpaQlyrFYPgXhOXlOE9UoWlIehUl12RaiG3KVw="},"lastRemoteEphemeralKey":"BWhCvA2vpEMjaN5sXxmVFlYC5U1WzcuX+T+xGNXwpocr","previousCounter":0,"rootKey":"szqpt7atb/e0QdexSr+XAcQLQSmsYq+qrd3QKjxIKGE="},"indexInfo":{"baseKey":"BfUxK7iu/QtTNLwPDrgpGlog1fn/3RerxywQ6phQZoZ3","baseKeyType":1,"closed":1703149372285,"used":1703149279079,"created":1703149279079,"remoteIdentityKey":"BRY/12rxHZBw3jVmTpRDNG65yoSn/rZ6m/UTWuyYgblh"},"_chains":{"BQKYrfZTUL5Hs+2QNHShn799okv+KPDTcMcAYB8nxWoF":{"chainKey":{"counter":137,"key":"KJkrzWK6IJFlQe+XlTY3cKoWxfe7tN+9mMISE4LSbxE="},"chainType":1,"messageKeys":{}}},"pendingPreKey":{"signedKeyId":1,"baseKey":"BfUxK7iu/QtTNLwPDrgpGlog1fn/3RerxywQ6phQZoZ3","preKeyId":162}},"BfEHkS3n0QDi8GJQAZc3rPl5PT9DUAoT6irgmox3jNsC":{"registrationId":8292,"currentRatchet":{"ephemeralKeyPair":{"pubKey":"Bf9uTySMmf6Fqy9OrDe/vYooya9t5YLtclgyrmgzDllL","privKey":"qIDVnp2B7IJBDmFiIciEGOUHpzetCL0e454bJ1TAkmk="},"lastRemoteEphemeralKey":"BWhCvA2vpEMjaN5sXxmVFlYC5U1WzcuX+T+xGNXwpocr","previousCounter":0,"rootKey":"zrECWUHL3MlUZNNcrXVQAPtvJEPMC3d2uqbHZFl2tf8="},"indexInfo":{"baseKey":"BfEHkS3n0QDi8GJQAZc3rPl5PT9DUAoT6irgmox3jNsC","baseKeyType":1,"closed":1703149419600,"used":1703149372184,"created":1703149372184,"remoteIdentityKey":"BRY/12rxHZBw3jVmTpRDNG65yoSn/rZ6m/UTWuyYgblh"},"_chains":{"Bf9uTySMmf6Fqy9OrDe/vYooya9t5YLtclgyrmgzDllL":{"chainKey":{"counter":89,"key":"nQBg4LNPhfs8fXdnHWw1HNQCV1j0lG4yrhaR2zZHgXM="},"chainType":1,"messageKeys":{}}},"pendingPreKey":{"signedKeyId":1,"baseKey":"BfEHkS3n0QDi8GJQAZc3rPl5PT9DUAoT6irgmox3jNsC","preKeyId":88}},"Bf30A/N1xQTMTV1Ua8CbRt8iUruyMkXRAheyVpmz5zM4":{"registrationId":8292,"currentRatchet":{"ephemeralKeyPair":{"pubKey":"BZlN948F3jwOmyviHN+0OEsN5PJMi9b6H1g4VqIWWZMv","privKey":"iAf3pqwvHLniLalzEGu8EdXH5og9kMp1USKQHbpfAls="},"lastRemoteEphemeralKey":"BWhCvA2vpEMjaN5sXxmVFlYC5U1WzcuX+T+xGNXwpocr","previousCounter":0,"rootKey":"2R3V6METh7SqVy06WC6/dihMrFloRZSD9lE7WX0wWYE="},"indexInfo":{"baseKey":"Bf30A/N1xQTMTV1Ua8CbRt8iUruyMkXRAheyVpmz5zM4","baseKeyType":1,"closed":1703149419903,"used":1703149419472,"created":1703149419472,"remoteIdentityKey":"BRY/12rxHZBw3jVmTpRDNG65yoSn/rZ6m/UTWuyYgblh"},"_chains":{"BZlN948F3jwOmyviHN+0OEsN5PJMi9b6H1g4VqIWWZMv":{"chainKey":{"counter":-1,"key":"g4v8wOe3SEeaBZ2SH4RxoUZXbQ7FVG8+RvRu30shsvI="},"chainType":1,"messageKeys":{}}},"pendingPreKey":{"signedKeyId":1,"baseKey":"Bf30A/N1xQTMTV1Ua8CbRt8iUruyMkXRAheyVpmz5zM4","preKeyId":141}},"Bdnk3UoWQrAoMT/ArqCiYObNzs1wp04DumXBEDuOQuBD":{"registrationId":8292,"currentRatchet":{"ephemeralKeyPair":{"pubKey":"BbrB8kuQM0whK0pP5dsQPpLJe28q8U7XkEWvli/TdPJ0","privKey":"OD1flXSGvaBZlwcLpJUXEz1rI4IwoAYmxvYlJ8MKm28="},"lastRemoteEphemeralKey":"BWhCvA2vpEMjaN5sXxmVFlYC5U1WzcuX+T+xGNXwpocr","previousCounter":0,"rootKey":"rQ2dHXZCi7yQrGggp8s1jlZNKjG3p4TC4rl72AkNvu4="},"indexInfo":{"baseKey":"Bdnk3UoWQrAoMT/ArqCiYObNzs1wp04DumXBEDuOQuBD","baseKeyType":1,"closed":1703149420194,"used":1703149419799,"created":1703149419799,"remoteIdentityKey":"BRY/12rxHZBw3jVmTpRDNG65yoSn/rZ6m/UTWuyYgblh"},"_chains":{"BbrB8kuQM0whK0pP5dsQPpLJe28q8U7XkEWvli/TdPJ0":{"chainKey":{"counter":-1,"key":"Cw8AyTnkpYAz8rHFk/GDD4ymH5UC5/l6kjiqhk/6g20="},"chainType":1,"messageKeys":{}}},"pendingPreKey":{"signedKeyId":1,"baseKey":"Bdnk3UoWQrAoMT/ArqCiYObNzs1wp04DumXBEDuOQuBD","preKeyId":16}},"BV2cHRaEQAEWQFQrzAx8O/Rb9BaxtR0oeIH3tNZMBg9e":{"registrationId":8292,"currentRatchet":{"ephemeralKeyPair":{"pubKey":"BRnZjUOgMcsdBdPaoAHf/rQoQLSGDm2YQ5giTJxLGm0W","privKey":"cKXCeAUKCzx8GBbR7xmbcHljd7GR80Q5vnK3rrssBH8="},"lastRemoteEphemeralKey":"BWhCvA2vpEMjaN5sXxmVFlYC5U1WzcuX+T+xGNXwpocr","previousCounter":0,"rootKey":"DTkozV/LO7AaE9pPCC27UeyKRruZlWASYRhok70Fgts="},"indexInfo":{"baseKey":"BV2cHRaEQAEWQFQrzAx8O/Rb9BaxtR0oeIH3tNZMBg9e","baseKeyType":1,"closed":1703149420333,"used":1703149420129,"created":1703149420129,"remoteIdentityKey":"BRY/12rxHZBw3jVmTpRDNG65yoSn/rZ6m/UTWuyYgblh"},"_chains":{"BRnZjUOgMcsdBdPaoAHf/rQoQLSGDm2YQ5giTJxLGm0W":{"chainKey":{"counter":-1,"key":"hnv3t5n7Mni7kGi0ZC3nYG/zWSM/zknnJchE4NFv4lE="},"chainType":1,"messageKeys":{}}},"pendingPreKey":{"signedKeyId":1,"baseKey":"BV2cHRaEQAEWQFQrzAx8O/Rb9BaxtR0oeIH3tNZMBg9e","preKeyId":148}},"BZQdReP8E3nqYcPKIGHSAqfCHMvsDFyphXzkcFHCN+Ua":{"registrationId":8292,"currentRatchet":{"ephemeralKeyPair":{"pubKey":"BbXPCYdw3s+223LkbxbJr98Uc1OiOFZkTJNYKQWag4Rw","privKey":"gNLfjnyzfVd9dBv9TnxJRa4qMrDuT0p2sIM4iZX2L1Q="},"lastRemoteEphemeralKey":"BWhCvA2vpEMjaN5sXxmVFlYC5U1WzcuX+T+xGNXwpocr","previousCounter":0,"rootKey":"6hooUq8Olu4DTMm4DMasEYLjQ75xL+jiGHmdWVE+mhs="},"indexInfo":{"baseKey":"BZQdReP8E3nqYcPKIGHSAqfCHMvsDFyphXzkcFHCN+Ua","baseKeyType":1,"closed":1703149451092,"used":1703149420282,"created":1703149420282,"remoteIdentityKey":"BRY/12rxHZBw3jVmTpRDNG65yoSn/rZ6m/UTWuyYgblh"},"_chains":{"BbXPCYdw3s+223LkbxbJr98Uc1OiOFZkTJNYKQWag4Rw":{"chainKey":{"counter":56,"key":"C9nmoaCR2i4TgZxgc6GHcEjOYiB12j0YiuzZrG9Lf3o="},"chainType":1,"messageKeys":{}}},"pendingPreKey":{"signedKeyId":1,"baseKey":"BZQdReP8E3nqYcPKIGHSAqfCHMvsDFyphXzkcFHCN+Ua","preKeyId":184}},"BR6XSl5z7x0QQgXcCa3fVEsgJ8jBUAytWOxz8z/E1u0I":{"registrationId":8292,"currentRatchet":{"ephemeralKeyPair":{"pubKey":"BZzFZAsqg41EM25wln4abqXLCxlsycSkIkjLV+AQLIp3","privKey":"0HsZVmKSEuQnvB1UjLf55YTptbQ5RiQBQEuj9Kynd0E="},"lastRemoteEphemeralKey":"BWhCvA2vpEMjaN5sXxmVFlYC5U1WzcuX+T+xGNXwpocr","previousCounter":0,"rootKey":"pzwKxkbIVqTb1Yj52ofWNGvS9f7PXpAUf9aAhQ5eJ34="},"indexInfo":{"baseKey":"BR6XSl5z7x0QQgXcCa3fVEsgJ8jBUAytWOxz8z/E1u0I","baseKeyType":1,"closed":1703149584289,"used":1703149451080,"created":1703149451080,"remoteIdentityKey":"BRY/12rxHZBw3jVmTpRDNG65yoSn/rZ6m/UTWuyYgblh"},"_chains":{"BZzFZAsqg41EM25wln4abqXLCxlsycSkIkjLV+AQLIp3":{"chainKey":{"counter":240,"key":"2HnN9w5lK8NMEY+C8WE3VdvsQAyH79NtTqPIL1oai8s="},"chainType":1,"messageKeys":{}}},"pendingPreKey":{"signedKeyId":1,"baseKey":"BR6XSl5z7x0QQgXcCa3fVEsgJ8jBUAytWOxz8z/E1u0I","preKeyId":10}},"BbPlqrk4d9VELx64TuX8cxPdFMns9ZgUFfh9TYMpkthq":{"registrationId":8292,"currentRatchet":{"ephemeralKeyPair":{"pubKey":"BYhOZ8F/5cjgxpiQaITAchr8TVLLQBcUKtEFpGNdjRxo","privKey":"wECMit1qe2ErlPzWflMRsvyLgAha6cA9cYEcu101f0E="},"lastRemoteEphemeralKey":"BWhCvA2vpEMjaN5sXxmVFlYC5U1WzcuX+T+xGNXwpocr","previousCounter":0,"rootKey":"nXbakGJIxPqcrpjW7vMiJ2dizEHaZiNroWoWBZkm0Ps="},"indexInfo":{"baseKey":"BbPlqrk4d9VELx64TuX8cxPdFMns9ZgUFfh9TYMpkthq","baseKeyType":1,"closed":1703149584465,"used":1703149584262,"created":1703149584262,"remoteIdentityKey":"BRY/12rxHZBw3jVmTpRDNG65yoSn/rZ6m/UTWuyYgblh"},"_chains":{"BYhOZ8F/5cjgxpiQaITAchr8TVLLQBcUKtEFpGNdjRxo":{"chainKey":{"counter":-1,"key":"lYTu0XMQMrDeWMTEZXXoP3fZFU24hSa5CUx/VBjYu3c="},"chainType":1,"messageKeys":{}}},"pendingPreKey":{"signedKeyId":1,"baseKey":"BbPlqrk4d9VELx64TuX8cxPdFMns9ZgUFfh9TYMpkthq","preKeyId":44}},"BWjNNTXAu6UDR3LLE416YlI6yEFka3a1WMH49pfjOuwQ":{"registrationId":8292,"currentRatchet":{"ephemeralKeyPair":{"pubKey":"BW+2cKpY8PyvrR4CzAeIzKph8aElL4EePeftXiN1FjcT","privKey":"6G8DxDZqbFsMtzGBZyAgNCO6cZ8yY5SBPCBVd7sBTnQ="},"lastRemoteEphemeralKey":"BWhCvA2vpEMjaN5sXxmVFlYC5U1WzcuX+T+xGNXwpocr","previousCounter":0,"rootKey":"HYQ88ZDYA/yPW3/J2FohpOuCpug0p/Vdfm79RYlIAeE="},"indexInfo":{"baseKey":"BWjNNTXAu6UDR3LLE416YlI6yEFka3a1WMH49pfjOuwQ","baseKeyType":1,"closed":1703149584631,"used":1703149584372,"created":1703149584372,"remoteIdentityKey":"BRY/12rxHZBw3jVmTpRDNG65yoSn/rZ6m/UTWuyYgblh"},"_chains":{"BW+2cKpY8PyvrR4CzAeIzKph8aElL4EePeftXiN1FjcT":{"chainKey":{"counter":-1,"key":"auRn49zRtSaaq9M13jL+Vyb7CDH8L5u82NZW/7XyAD8="},"chainType":1,"messageKeys":{}}},"pendingPreKey":{"signedKeyId":1,"baseKey":"BWjNNTXAu6UDR3LLE416YlI6yEFka3a1WMH49pfjOuwQ","preKeyId":160}},"Bdxd6/5wEuM3LQPCnXCZHyKOLZUb7thJm+fD3Cb9jrk5":{"registrationId":8292,"currentRatchet":{"ephemeralKeyPair":{"pubKey":"BYVCaRZZ0u9vDdvt2nktDePmqENO0/TcbxbRp982KxMc","privKey":"aGKbIoy6xjNJdeIcvEOqzuhsHfhIS50DawWGPMn5f0E="},"lastRemoteEphemeralKey":"BWhCvA2vpEMjaN5sXxmVFlYC5U1WzcuX+T+xGNXwpocr","previousCounter":0,"rootKey":"F6wkDO6Um0jPlM0H6qKETk1VN5ASdqSrNtLbOqxB9ho="},"indexInfo":{"baseKey":"Bdxd6/5wEuM3LQPCnXCZHyKOLZUb7thJm+fD3Cb9jrk5","baseKeyType":1,"closed":-1,"used":1703149584553,"created":1703149584553,"remoteIdentityKey":"BRY/12rxHZBw3jVmTpRDNG65yoSn/rZ6m/UTWuyYgblh"},"_chains":{"BYVCaRZZ0u9vDdvt2nktDePmqENO0/TcbxbRp982KxMc":{"chainKey":{"counter":54,"key":"pzlrq34cQyzYNtfhPTKCF8YVV4UOyf7r6fw8/nFBgvQ="},"chainType":1,"messageKeys":{}}},"pendingPreKey":{"signedKeyId":1,"baseKey":"Bdxd6/5wEuM3LQPCnXCZHyKOLZUb7thJm+fD3Cb9jrk5","preKeyId":170}}},"version":"v1"}