{"_sessions":{"BW6UlcbsAB/a/opS6V2ilnJw8j25izcMtjI69TZxS5s6":{"registrationId":305047724,"currentRatchet":{"ephemeralKeyPair":{"pubKey":"BZ25ESmNgMF8xFEi5SSBw7tLf+Gl9NbApG8IdF44QU5g","privKey":"wOA+N5EnjbYuZTZgzbYgF8pXM88crBQ2wOg50mxmZkE="},"lastRemoteEphemeralKey":"BffNEuPdB7U9zgaaM/J7poUhwF9tF91rTmONLLQ5SPQo","previousCounter":0,"rootKey":"QljZGYDe6YhlJfP2vBz+QTdKwdQBbOkonmIb36ooQG8="},"indexInfo":{"baseKey":"BW6UlcbsAB/a/opS6V2ilnJw8j25izcMtjI69TZxS5s6","baseKeyType":2,"closed":-1,"used":1703141562923,"created":1703141562923,"remoteIdentityKey":"BbJ2MTF3vAKS/+98lbhF1sCUK++WhXJKSH/QkLnWk/Vg"},"_chains":{"BffNEuPdB7U9zgaaM/J7poUhwF9tF91rTmONLLQ5SPQo":{"chainKey":{"counter":0,"key":"mwoddrO2ldl6ZtF2af5xTwVihWRf4ybggId1A+LPBBE="},"chainType":2,"messageKeys":{}},"BZ25ESmNgMF8xFEi5SSBw7tLf+Gl9NbApG8IdF44QU5g":{"chainKey":{"counter":-1,"key":"q2nGuNhTRh3AUemYbBUGCvECMEAr/Nvm+CNkGftGuvU="},"chainType":1,"messageKeys":{}}}}},"version":"v1"}