{"_sessions":{"BVWw38tvbhEYl+mIQcPT+udgcpuDbmVZLV8qbPh/IV8o":{"registrationId":42,"currentRatchet":{"ephemeralKeyPair":{"pubKey":"BXCaYVEh7p12h/v4x9XQjcYsF1BPI87MUezkxiYnKpp5","privKey":"eOGLnuPLr7pL1iS4WstV9wfpvHmb7mpdBkmReHD29HI="},"lastRemoteEphemeralKey":"BRKKD3Iou89eOAax6G3VNcp7JSc+UB4pb35y5MNNIql+","previousCounter":0,"rootKey":"uEHeFGhCUIoHWHGXOvDAfT9QRmPKwQdmawNcyzQzqvk="},"indexInfo":{"baseKey":"BVWw38tvbhEYl+mIQcPT+udgcpuDbmVZLV8qbPh/IV8o","baseKeyType":2,"closed":-1,"used":1703076548470,"created":1703076548470,"remoteIdentityKey":"Bai+7/B9krNALPXV+2F5kvOLZX34gjW1RwRw5N7VX312"},"_chains":{"BRKKD3Iou89eOAax6G3VNcp7JSc+UB4pb35y5MNNIql+":{"chainKey":{"counter":5,"key":"q3qaDwhO5LtqQZwLUjlfrqBCxftmmmlNvzQkZLgeFmY="},"chainType":2,"messageKeys":{}},"BXCaYVEh7p12h/v4x9XQjcYsF1BPI87MUezkxiYnKpp5":{"chainKey":{"counter":-1,"key":"6BI1YhgFxzgXDDSVqZR5vMb5Gimk5hBnSw+Tr6KyLdE="},"chainType":1,"messageKeys":{}}}}},"version":"v1"}