{"_sessions":{"BZq6ciOsPEgHWti5cfnbU9hpQzm5x9PArcdJhQmLNP9S":{"registrationId":9765,"currentRatchet":{"ephemeralKeyPair":{"pubKey":"BeTeIO05aMAOckCJfd77vmjPd/fspcw8iiGYjhq0DhYy","privKey":"SJTdTgznvtp6tDhp195OvcQ+DA08tcyNkW75DUstkUs="},"lastRemoteEphemeralKey":"BXBG7IqiskMfgY0p+W6hq61XsZMwhT/YszfgZshjfu1n","previousCounter":0,"rootKey":"Jt9XPNTdsIAPzM+T9HzQH+DDgABv81tazISAYNZjU9M="},"indexInfo":{"baseKey":"BZq6ciOsPEgHWti5cfnbU9hpQzm5x9PArcdJhQmLNP9S","baseKeyType":1,"closed":1703166313573,"used":1703166313353,"created":1703166313353,"remoteIdentityKey":"BeHoIKqNriMWTC1KShKEOwdzADeWMF0hRJ6RcQ7dIEpb"},"_chains":{"BeTeIO05aMAOckCJfd77vmjPd/fspcw8iiGYjhq0DhYy":{"chainKey":{"counter":0,"key":"5QGsvYVj4eMccLfhK0hRjUBESAUuH2eVx/j7H39QTbY="},"chainType":1,"messageKeys":{}}},"pendingPreKey":{"signedKeyId":1,"baseKey":"BZq6ciOsPEgHWti5cfnbU9hpQzm5x9PArcdJhQmLNP9S"}},"Bdb5n4jCwpl0k6hB2Hgc7+c9dfUqB+2szZfuS7PmpVlX":{"registrationId":9765,"currentRatchet":{"ephemeralKeyPair":{"pubKey":"BY0YksaUDWmdsc1RkbguN6AgMmE6gzLnCXrwZCkix19J","privKey":"gLLYeB41OU9QqDh2byJFJg7EXM5sc+xZdXY4gaJ+uEU="},"lastRemoteEphemeralKey":"BdjEmn7lw12Rd3+8MKTPyC2pmT2NnXxQuWuu1glRC4Jr","previousCounter":875,"rootKey":"fwW4rHIZym3ZC7np3ud0EQdP1eWOXYibfgw0/1XHaFQ="},"indexInfo":{"baseKey":"Bdb5n4jCwpl0k6hB2Hgc7+c9dfUqB+2szZfuS7PmpVlX","baseKeyType":1,"closed":-1,"used":1703173418622,"created":1703166313566,"remoteIdentityKey":"BeHoIKqNriMWTC1KShKEOwdzADeWMF0hRJ6RcQ7dIEpb"},"_chains":{"BdjEmn7lw12Rd3+8MKTPyC2pmT2NnXxQuWuu1glRC4Jr":{"chainKey":{"counter":2,"key":"U1tRnoGFPtELGfC9NS46UpBx1hJT1w/Axdneg7gszCA="},"chainType":2,"messageKeys":{}},"BY0YksaUDWmdsc1RkbguN6AgMmE6gzLnCXrwZCkix19J":{"chainKey":{"counter":376,"key":"4inmRZ666DOovCKRO3IMPpfK5EmX8J2sWcYyaXwbaVU="},"chainType":1,"messageKeys":{}}}}},"version":"v1"}