{"_sessions":{"BYF15sswh8lVD1UrO03BE+/POrQpH7+Za6FkFj7ZX2Vn":{"registrationId":628713376,"currentRatchet":{"ephemeralKeyPair":{"pubKey":"BXp4kaeqB5e0miQdklZQn9LqXGkMZCJIi5c0nnywu9lT","privKey":"2EIE79L7AEGJUm9vNd/gtH3/7rsBNPFJ+0tTudd2xXU="},"lastRemoteEphemeralKey":"BRVh2Ani2wis6kJdUw+uKzNoLZno1bdzN1orulIhbQUl","previousCounter":0,"rootKey":"TgGVC281qY3DeCKeTE1SogbOq82FzNtqtZgsBs4wldc="},"indexInfo":{"baseKey":"BYF15sswh8lVD1UrO03BE+/POrQpH7+Za6FkFj7ZX2Vn","baseKeyType":1,"closed":-1,"used":1703079030953,"created":1703079030953,"remoteIdentityKey":"BeTO94oSQaVmltSe9qlUdnRNY27S8vaRUaoTM2ZR54J3"},"_chains":{"BXp4kaeqB5e0miQdklZQn9LqXGkMZCJIi5c0nnywu9lT":{"chainKey":{"counter":1,"key":"e5Mo0HLm0o/LO0HaHYi7aiXKduAipqJp4Szqb2qHzPw="},"chainType":1,"messageKeys":{}}},"pendingPreKey":{"signedKeyId":21,"baseKey":"BYF15sswh8lVD1UrO03BE+/POrQpH7+Za6FkFj7ZX2Vn"}}},"version":"v1"}