{"_sessions":{"BVF9cgENqd09pwHh7ek+WlUh65g+P9bj8u5SUQJihZV2":{"registrationId":1534931607,"currentRatchet":{"ephemeralKeyPair":{"pubKey":"BYZ0AhVlqCLgkHYPw0AtFQYGsjW+ycEiW4bmxPPUGRMg","privKey":"mOZyI9PMjtzI4yWBPCs8SN7scULyzy9uu3aAmuiMKVY="},"lastRemoteEphemeralKey":"BS0dlYh7ovYKETxLAxCAVhjjIan4gdfQjLQLO5KIWskC","previousCounter":0,"rootKey":"bp2qk0bJj3fvg3VhYGH6x+tP3DriYhIml99WiEKH7Gc="},"indexInfo":{"baseKey":"BVF9cgENqd09pwHh7ek+WlUh65g+P9bj8u5SUQJihZV2","baseKeyType":2,"closed":-1,"used":1703141563076,"created":1703141563076,"remoteIdentityKey":"BUjhzZpkdNkOQDIIJmQg8jKrYNLn3wcTPNgBTNFnW3N+"},"_chains":{"BS0dlYh7ovYKETxLAxCAVhjjIan4gdfQjLQLO5KIWskC":{"chainKey":{"counter":0,"key":"b3+N3RAh7KvsPjIRWz8hqj2pIm94fJ5nI+0LGyV8+fo="},"chainType":2,"messageKeys":{}},"BYZ0AhVlqCLgkHYPw0AtFQYGsjW+ycEiW4bmxPPUGRMg":{"chainKey":{"counter":-1,"key":"ppwMk+zNohjB9R111I4oKd9yonPvvi4qzvyA3KySJGs="},"chainType":1,"messageKeys":{}}}}},"version":"v1"}