{"_sessions":{"Be9IXAMFlajfBodUgUqILrtdp1D1nTKsNitTxmXBb1dA":{"registrationId":1052314271,"currentRatchet":{"ephemeralKeyPair":{"pubKey":"Bax2wRsZpHCbArJ026BNs+xu+8bN5yaHGJcBQfMlSh9x","privKey":"uDUi0Ax2jjAWqZM/rmrTAGpX/iErzLLyXH73gPJKYmo="},"lastRemoteEphemeralKey":"BddHIXQJFwE9R6Hg8SxmGvUpME6hugmbAa/Rmy8/nggb","previousCounter":0,"rootKey":"jq4hpPf+Ld1mTn/7LkIJ6pN4nvvKPqVqSOdPhfasWVM="},"indexInfo":{"baseKey":"Be9IXAMFlajfBodUgUqILrtdp1D1nTKsNitTxmXBb1dA","baseKeyType":2,"closed":-1,"used":1703149717066,"created":1703149717066,"remoteIdentityKey":"BeiQSyactCR9CyHKv9Acg6cdy+hLUMrpTfYlNviW6roT"},"_chains":{"BddHIXQJFwE9R6Hg8SxmGvUpME6hugmbAa/Rmy8/nggb":{"chainKey":{"counter":0,"key":"MQbGkKRneFAWaA2mZQTpnLIKq+uU5tu6nqBJx6xcZSA="},"chainType":2,"messageKeys":{}},"Bax2wRsZpHCbArJ026BNs+xu+8bN5yaHGJcBQfMlSh9x":{"chainKey":{"counter":-1,"key":"oUYHjMJjYHT9DpsVTf+EKEJjw5kppFmM/SEnnwA4hHQ="},"chainType":1,"messageKeys":{}}}}},"version":"v1"}