{"_sessions":{"BSQO5dXjlvAUz3VSyV7nKLyRJnMpQUul4H2A9K3nW9UM":{"registrationId":847164225,"currentRatchet":{"ephemeralKeyPair":{"pubKey":"BRM0yRX5s860QadRyV5LhwM1AZxzkws9PTPdJZjzv5Bh","privKey":"OMxDHxPBLV0SoJ+h4UiKbF6+p602BbS3ZSAoIbVMZHc="},"lastRemoteEphemeralKey":"BUv3q87is4aX1c+ohQtfSFRaeH0Ib/heBgaBBBM51b9N","previousCounter":0,"rootKey":"mGoHO+3PQP37KecejuKr7fFeVuuBkN9N3mFhZ7D9u9c="},"indexInfo":{"baseKey":"BSQO5dXjlvAUz3VSyV7nKLyRJnMpQUul4H2A9K3nW9UM","baseKeyType":2,"closed":-1,"used":1703157011270,"created":1703157011270,"remoteIdentityKey":"BdrF9EmtI+6qfRbqv9K0gJxXXbVJcnnS5sC6JfsY4i5z"},"_chains":{"BUv3q87is4aX1c+ohQtfSFRaeH0Ib/heBgaBBBM51b9N":{"chainKey":{"counter":0,"key":"CCtaymmF34bcMYykBLecyJjC1UVb4TJUMjAqMmlbON0="},"chainType":2,"messageKeys":{}},"BRM0yRX5s860QadRyV5LhwM1AZxzkws9PTPdJZjzv5Bh":{"chainKey":{"counter":-1,"key":"8ZH046A1K/Qj6dx1cldB03dqmZWoclo00S3VPmTlaG4="},"chainType":1,"messageKeys":{}}}}},"version":"v1"}