{"_sessions":{"Bc4SfU++RFAse4dBw9rE2t/TkZTfrPjE0CHH6KIU1Bgx":{"registrationId":976778561,"currentRatchet":{"ephemeralKeyPair":{"pubKey":"BdLLrXLL5Do5Ezx1gLb32dzcDr4JE+6xPb8J0EgykAdh","privKey":"MOS7HDgvUg39zStRzF4Xjrl/o2gLXiHAfzeRuVvtq1w="},"lastRemoteEphemeralKey":"Bci1Ei/eaWbXNJcv4Atn0/St8nijtlvitjBCJoHH9kkr","previousCounter":0,"rootKey":"LW1lCh2s679uPs8+Z38Nvfl/D3yi7oHtttzbhtWaFUs="},"indexInfo":{"baseKey":"Bc4SfU++RFAse4dBw9rE2t/TkZTfrPjE0CHH6KIU1Bgx","baseKeyType":2,"closed":-1,"used":1703141562975,"created":1703141562975,"remoteIdentityKey":"BW7dOQaYkYm0EfGAaPMt9mu5MeGVbUJg9X01nFJVv9Y1"},"_chains":{"Bci1Ei/eaWbXNJcv4Atn0/St8nijtlvitjBCJoHH9kkr":{"chainKey":{"counter":1,"key":"3c3f7XZzYokS4rl1AFGFDrC5O9w19eagC7KI6BQepvs="},"chainType":2,"messageKeys":{"0":"8R0kImYSyQCVXlruaF1fUkA72nMvC03yb26s2ibPLUE="}},"BdLLrXLL5Do5Ezx1gLb32dzcDr4JE+6xPb8J0EgykAdh":{"chainKey":{"counter":-1,"key":"v7uQIZfp/S7O3JFc5mgcmFMnEDak3dBg2EduEN+llJo="},"chainType":1,"messageKeys":{}}}}},"version":"v1"}