{"_sessions":{"BX7KGaExQtsGM6QC9hFuC57+NRhuvzndx1oL9/7jWNRv":{"registrationId":1870023339,"currentRatchet":{"ephemeralKeyPair":{"pubKey":"BUVJg/v2XGosimXWh/GzRkjCLVzWXA1nH7YbmVIeLF9G","privKey":"6ArVZcT4TwWQEGq4xBJ26EkE5nJd57pM8vWag+m9GXQ="},"lastRemoteEphemeralKey":"BehZeaKP7ilNCHqIP7lUcwZeujMSNzicqLDIDcYCwCYC","previousCounter":0,"rootKey":"muapRKEhBKLJfchWYF5C0c1bb/suogeNJzr3GHkkXGI="},"indexInfo":{"baseKey":"BX7KGaExQtsGM6QC9hFuC57+NRhuvzndx1oL9/7jWNRv","baseKeyType":1,"closed":-1,"used":1703079001574,"created":1703079001574,"remoteIdentityKey":"BWgsGRpwd5pe0LQ3nXL08tDqcPrVfyauRPZADhOYXaZp"},"_chains":{"BUVJg/v2XGosimXWh/GzRkjCLVzWXA1nH7YbmVIeLF9G":{"chainKey":{"counter":1,"key":"DjlR/I/PixXUk670+Pl+Aa9Q898BTKWAefI+WNLXZHA="},"chainType":1,"messageKeys":{}}},"pendingPreKey":{"signedKeyId":13,"baseKey":"BX7KGaExQtsGM6QC9hFuC57+NRhuvzndx1oL9/7jWNRv","preKeyId":239288}}},"version":"v1"}