{"_sessions":{"BQOsQKSuAm8vCwPjjLVdk3n0MNxii847KCUtDiIcnio1":{"registrationId":276863301,"currentRatchet":{"ephemeralKeyPair":{"pubKey":"BRb0UsylLeIvQBse2QT2vdoAmyp2Q1t8RsMHJDj31NsR","privKey":"GLVOUNZllqSMV5Hc7qNVVIAbZkFSnD0d9BeL9dxR1lQ="},"lastRemoteEphemeralKey":"BYJfhOqx1SkyU2fgcbfbdGSWqZadNWmDUDbFVDxnhydE","previousCounter":0,"rootKey":"S+FAZxqNqdNO8sZi0nopwOdVB3WKG4xOe2qQn0nmWCQ="},"indexInfo":{"baseKey":"BQOsQKSuAm8vCwPjjLVdk3n0MNxii847KCUtDiIcnio1","baseKeyType":2,"closed":-1,"used":1703180942978,"created":1703180942978,"remoteIdentityKey":"Bbt+E/ZEMQRSV4WpYXMtJgEHTAPgE9pJxzVTFm8xE6hJ"},"_chains":{"BYJfhOqx1SkyU2fgcbfbdGSWqZadNWmDUDbFVDxnhydE":{"chainKey":{"counter":0,"key":"h5RevhK4OZ3FkrWUQ3dMuQpm2ilfeRQglmEhNricuPI="},"chainType":2,"messageKeys":{}},"BRb0UsylLeIvQBse2QT2vdoAmyp2Q1t8RsMHJDj31NsR":{"chainKey":{"counter":-1,"key":"qtkj3oWM/sOQOqgT/xTaAZ6RnElCwDPfE3cR047d2z8="},"chainType":1,"messageKeys":{}}}}},"version":"v1"}