{"_sessions":{"BWxhI31niwSaaVCY97ST5pKnOPxLoggB3upsOekhrugX":{"registrationId":5243,"currentRatchet":{"ephemeralKeyPair":{"pubKey":"BQakSCHrZfHPY83p2DTsYXCwLUhgZbvTHO/Z/Ce3dCR7","privKey":"UPXl3MJxUvpLCBwFYRWys3Iy1HDZfIXgOsXsLZoT2Xs="},"lastRemoteEphemeralKey":"BXS5GxOKu9rE3Q6RYQrr7W7zoXTy3TBw0Y5N9idsg4I7","previousCounter":0,"rootKey":"5eowso9CzP82Cy6BIpuuJKzPSSqop35P9p3+gvwC2fM="},"indexInfo":{"baseKey":"BWxhI31niwSaaVCY97ST5pKnOPxLoggB3upsOekhrugX","baseKeyType":1,"closed":-1,"used":1703184356875,"created":1703184356875,"remoteIdentityKey":"BZDpzQeLuLCt4bl2OiirG44fo9WvaUGkSpLdVuYLqaBs"},"_chains":{"BQakSCHrZfHPY83p2DTsYXCwLUhgZbvTHO/Z/Ce3dCR7":{"chainKey":{"counter":16,"key":"Ynr3uGBjIYRol7O7TbrOwBfDbGt4RkUHcxB5gBmbNoA="},"chainType":1,"messageKeys":{}}},"pendingPreKey":{"signedKeyId":1,"baseKey":"BWxhI31niwSaaVCY97ST5pKnOPxLoggB3upsOekhrugX","preKeyId":149}}},"version":"v1"}