{"_sessions":{"BZU0WQKCxycdPKMy2UJxvrWWP7XkM2gKaUkyumSnibI4":{"registrationId":1484940855,"currentRatchet":{"ephemeralKeyPair":{"pubKey":"BXvPXO3b27lL6aRdOOkTnmurnAPc7Ys4NFvBkHxRqwoA","privKey":"mOTMgCy9Ddhk5YwbcBNguP4bzeg45sXj2mKGSDWepF8="},"lastRemoteEphemeralKey":"BTCSJXji+SgLtkcH0X3qWnQiU2ftHPmJTvFsJBITUxk5","previousCounter":0,"rootKey":"zve9QTfT9j3otCgXFcBOE6ZQYaGGbPTRbisVMYZRgEo="},"indexInfo":{"baseKey":"BZU0WQKCxycdPKMy2UJxvrWWP7XkM2gKaUkyumSnibI4","baseKeyType":2,"closed":-1,"used":1703141562994,"created":1703141562994,"remoteIdentityKey":"BR0znxnO9bcMXtBY2ym6oUVQGxPjlQBkir7A5DPvpdRS"},"_chains":{"BTCSJXji+SgLtkcH0X3qWnQiU2ftHPmJTvFsJBITUxk5":{"chainKey":{"counter":0,"key":"wuxPnJ8V7f7nW1PzQEQbPYUgsrVeavNXuKwdDweIVhQ="},"chainType":2,"messageKeys":{}},"BXvPXO3b27lL6aRdOOkTnmurnAPc7Ys4NFvBkHxRqwoA":{"chainKey":{"counter":-1,"key":"0AVF0Fw0D13y7O3EhhNlEvYeYLEbXLRSu41bonbuwSE="},"chainType":1,"messageKeys":{}}}}},"version":"v1"}