{"_sessions":{"BTrDz5kZM/DT6bUL+gwaxzjFSTXQn/nHtWJM2hsqazoK":{"registrationId":1622074099,"currentRatchet":{"ephemeralKeyPair":{"pubKey":"Bf1JA20loxsnrNRlNEZ751oJcX2U4BJcM8JV20Iy3BMw","privKey":"cJo8FwUah+VxcyKEdg+VXB1cjwqHXjoStw9iOABzYU0="},"lastRemoteEphemeralKey":"BQL88lejuvy+E1oFikMGeUPw42WwzdW3Yev82i15DhZL","previousCounter":0,"rootKey":"uKFVkFAy+IqlFeoc05SQxad62NY6w45y7uR4R5e4/xA="},"indexInfo":{"baseKey":"BTrDz5kZM/DT6bUL+gwaxzjFSTXQn/nHtWJM2hsqazoK","baseKeyType":2,"closed":-1,"used":1703141563407,"created":1703141563407,"remoteIdentityKey":"BS7y5h3J2r5A6KYqxhV/3qYRMo+TmrSAQeinAFzEoSt4"},"_chains":{"BQL88lejuvy+E1oFikMGeUPw42WwzdW3Yev82i15DhZL":{"chainKey":{"counter":0,"key":"6MwHZ8ObVF0U7Vbk64aiGAb4b0ZNehEZGwwr0AhvnoI="},"chainType":2,"messageKeys":{}},"Bf1JA20loxsnrNRlNEZ751oJcX2U4BJcM8JV20Iy3BMw":{"chainKey":{"counter":-1,"key":"95kLvOZno7xFqnR5cE1sZc94OuvrZlHW0ybU0Zdhefc="},"chainType":1,"messageKeys":{}}}}},"version":"v1"}