{"_sessions":{"BSKK/ld/Xu7R8stUO71u/O/r8ckcsUTquhtobrGE6HE3":{"registrationId":1851628433,"currentRatchet":{"ephemeralKeyPair":{"pubKey":"BcxZsGQJP3NIRtNUxz+xewmVFVFBJnMYCZpNT+3zkxko","privKey":"gKxZnAhbIICYCwi5VwrqayOKOGz5FPQ9sOBHBbn3vW8="},"lastRemoteEphemeralKey":"BaOycG2J2ffOi6XVOuoslnJglldgJuU6qzHPtUDGN2dU","previousCounter":0,"rootKey":"BD7Dqkw8s74+OjICNgXGzhlX42ak1O889XOdc5SZOCs="},"indexInfo":{"baseKey":"BSKK/ld/Xu7R8stUO71u/O/r8ckcsUTquhtobrGE6HE3","baseKeyType":2,"closed":-1,"used":1703160359062,"created":1703160359062,"remoteIdentityKey":"BUZZOezy4t33drEnTSKo+A/GGcY2mkA9i6dBlLk3QgZo"},"_chains":{"BaOycG2J2ffOi6XVOuoslnJglldgJuU6qzHPtUDGN2dU":{"chainKey":{"counter":0,"key":"e9gKhqYoj7MN+qKzRAgjPqq/7JOnTPMAARGTQ0wk5jI="},"chainType":2,"messageKeys":{}},"BcxZsGQJP3NIRtNUxz+xewmVFVFBJnMYCZpNT+3zkxko":{"chainKey":{"counter":-1,"key":"DZG+S2zF2UMRqsM6w0VLn4ZSYUn9Lxjg+JG1wXAxilQ="},"chainType":1,"messageKeys":{}}}}},"version":"v1"}