{"_sessions":{"BXAORhO/DoI7C+iBV/9WaC+qdKdVPbdMmgQ1+dQp7l4Z":{"registrationId":12172,"currentRatchet":{"ephemeralKeyPair":{"pubKey":"BcrXllO2CcoenGwORztfAwugnDSb+AkxsZXn731LwXJ7","privKey":"MFty9EC55qLdjSIs6nzJVYGEFgo06eF0CiLKGGXKYmg="},"lastRemoteEphemeralKey":"BTUtOfi0DSA/EYo0OaTsO5OCQ2raJxJhEkOpY/7P02cV","previousCounter":0,"rootKey":"ddKnoU4P5ajVnLBaK64SDv+hdlLImyB+76KuRspHy7Q="},"indexInfo":{"baseKey":"BXAORhO/DoI7C+iBV/9WaC+qdKdVPbdMmgQ1+dQp7l4Z","baseKeyType":1,"closed":-1,"used":1703079064851,"created":1703079064851,"remoteIdentityKey":"BcgRW0RVXYKrb3yAjMHOgx0xp96qbwWJMeUFuUfDm3Ra"},"_chains":{"BcrXllO2CcoenGwORztfAwugnDSb+AkxsZXn731LwXJ7":{"chainKey":{"counter":2,"key":"OhnWt31o/NTk13O7VXYsWThPWbQWivvzy2z5MNH4q7A="},"chainType":1,"messageKeys":{}}},"pendingPreKey":{"signedKeyId":1,"baseKey":"BXAORhO/DoI7C+iBV/9WaC+qdKdVPbdMmgQ1+dQp7l4Z"}}},"version":"v1"}