{"_sessions":{"BYq+7FooxGega1VbA9yZbA29mCv39/8p9RCiunfAVpJt":{"registrationId":961227521,"currentRatchet":{"ephemeralKeyPair":{"pubKey":"BRfEM2/hNGWVanFLQ9FAk62D9QHVxrySacPWB2xkDKp8","privKey":"aE+HfM9Weh5N7ZPUKA7PUxzOlNlp/XGUN+gECBBL6Hk="},"lastRemoteEphemeralKey":"BXTsOpfNiRZw5klsAZ5gGmcqvGciCuHQbYA5aJdJgKMp","previousCounter":0,"rootKey":"BETiLch7kiAtCIiaUvhqjy86OCn6RRZJLXxIEHqucEE="},"indexInfo":{"baseKey":"BYq+7FooxGega1VbA9yZbA29mCv39/8p9RCiunfAVpJt","baseKeyType":2,"closed":-1,"used":1703141563430,"created":1703141563430,"remoteIdentityKey":"BYYx38kYkM44DgPCiQxs/iOzFWiPqMA1tN2y4gs3kyVk"},"_chains":{"BXTsOpfNiRZw5klsAZ5gGmcqvGciCuHQbYA5aJdJgKMp":{"chainKey":{"counter":0,"key":"bQ5hGRuP64tqzMFBvcCQ/sUfI0/hDUrBdyHSH2eoYqs="},"chainType":2,"messageKeys":{}},"BRfEM2/hNGWVanFLQ9FAk62D9QHVxrySacPWB2xkDKp8":{"chainKey":{"counter":-1,"key":"XGOJR/hUoKiDGgOtPRCkkZYGBI+JcqZ4JAqNoUFdCGw="},"chainType":1,"messageKeys":{}}}}},"version":"v1"}