{"_sessions":{"BXnuhmUuaoBDVRymwAl1opc74BS35gPM4uidii11vdgV":{"registrationId":158,"currentRatchet":{"ephemeralKeyPair":{"pubKey":"BRUZ9oeuhjYp5hWxl3sRjW/NTghpoxBjRZWt0mk42BEl","privKey":"MNVRSutJKWEmCihqto+i63VgtCWZDZNCWlaHM37mWGo="},"lastRemoteEphemeralKey":"BfDqN6+HzYNPtqCgzL2twJVCiWTI+FY47WDnAPARbYct","previousCounter":0,"rootKey":"IGejPjKJyeEGMzxdWlz5mbic4yb4kTZvJuwVKNsfxe0="},"indexInfo":{"baseKey":"BXnuhmUuaoBDVRymwAl1opc74BS35gPM4uidii11vdgV","baseKeyType":1,"closed":1703182885083,"used":1703181730991,"created":1703181730991,"remoteIdentityKey":"BbPuO9S9Z3Bp6eCDptX9yOn/UKEINYGpoTaojnhL70Ax"},"_chains":{"BRUZ9oeuhjYp5hWxl3sRjW/NTghpoxBjRZWt0mk42BEl":{"chainKey":{"counter":86,"key":"euTOdCFlXWcbUfavrJ5cP28ihAJsD+GesDVgZZ5xUSk="},"chainType":1,"messageKeys":{}}},"pendingPreKey":{"signedKeyId":1,"baseKey":"BXnuhmUuaoBDVRymwAl1opc74BS35gPM4uidii11vdgV"}},"BV1uCeiSPXzs/zy4Mhp+aiheVt7Uxw7Ze5lUp/buwh0e":{"registrationId":158,"currentRatchet":{"ephemeralKeyPair":{"pubKey":"BT0Sg6rxQTYEMUq5ZdAvYKLkf8IyV7byg6XMEQJLWphq","privKey":"uFSD9ZiTIX4QvVjwzs1DwChx7QJcr8lUlZc8FDhduF8="},"lastRemoteEphemeralKey":"BfDqN6+HzYNPtqCgzL2twJVCiWTI+FY47WDnAPARbYct","previousCounter":0,"rootKey":"l544DCJ0LhzEyzwLXgh84yVoZmVVjirDv/rX0kIQAd8="},"indexInfo":{"baseKey":"BV1uCeiSPXzs/zy4Mhp+aiheVt7Uxw7Ze5lUp/buwh0e","baseKeyType":1,"closed":1703182924060,"used":1703182884979,"created":1703182884979,"remoteIdentityKey":"BbPuO9S9Z3Bp6eCDptX9yOn/UKEINYGpoTaojnhL70Ax"},"_chains":{"BT0Sg6rxQTYEMUq5ZdAvYKLkf8IyV7byg6XMEQJLWphq":{"chainKey":{"counter":6,"key":"fyAd85ZJ5TO0CL4DLqqVMSPzYMCLzCl+qp0hrn1EXRE="},"chainType":1,"messageKeys":{}}},"pendingPreKey":{"signedKeyId":1,"baseKey":"BV1uCeiSPXzs/zy4Mhp+aiheVt7Uxw7Ze5lUp/buwh0e","preKeyId":143}},"BZcLeGKbc8WXC/l/8y+a87OkEpwrqY/E5XdeUklfHEZB":{"registrationId":158,"currentRatchet":{"ephemeralKeyPair":{"pubKey":"BQns3GAyMwFxkh1vH5f9gI3CLi/lMARnq6NEVgcVBbk6","privKey":"6CyVIk1AkgU2A4bsiKuvdRENWxIsvVSYWBsQylpl+Hs="},"lastRemoteEphemeralKey":"BfDqN6+HzYNPtqCgzL2twJVCiWTI+FY47WDnAPARbYct","previousCounter":0,"rootKey":"EPEQTiiPznoDAUkl1Ow1Qo4mfDaD8SQ88KCUHr3YeMM="},"indexInfo":{"baseKey":"BZcLeGKbc8WXC/l/8y+a87OkEpwrqY/E5XdeUklfHEZB","baseKeyType":1,"closed":-1,"used":1703182923859,"created":1703182923859,"remoteIdentityKey":"BbPuO9S9Z3Bp6eCDptX9yOn/UKEINYGpoTaojnhL70Ax"},"_chains":{"BQns3GAyMwFxkh1vH5f9gI3CLi/lMARnq6NEVgcVBbk6":{"chainKey":{"counter":98,"key":"2ArxSTTIiVoJFPeADbf5iRvCUt64Yus5H0DyV/yh/Cw="},"chainType":1,"messageKeys":{}}},"pendingPreKey":{"signedKeyId":1,"baseKey":"BZcLeGKbc8WXC/l/8y+a87OkEpwrqY/E5XdeUklfHEZB","preKeyId":172}}},"version":"v1"}