{"_sessions":{"BbNLkSh3kLRTVfovj2NhhezVewVarHa9Nuv2j/tSty1J":{"registrationId":753716460,"currentRatchet":{"ephemeralKeyPair":{"pubKey":"BRyvhiJF2gNzZ1qhdPzK4zXD+GtWaXFCgjJjqVgyRtgC","privKey":"KOozcTf8TtI4gGCR6wxR3wUiBqYqfb03NLqMIdA/akE="},"lastRemoteEphemeralKey":"BX9R348EZmhU9Bjk46kaDJ8MF9AciIDu5nM7m6qsslgE","previousCounter":0,"rootKey":"Cv0X5+AGjyqW+7mg0hoYusEAuWDJNMA6p4Np89UWY3o="},"indexInfo":{"baseKey":"BbNLkSh3kLRTVfovj2NhhezVewVarHa9Nuv2j/tSty1J","baseKeyType":2,"closed":-1,"used":1703076568350,"created":1703076568350,"remoteIdentityKey":"BcsnvFYq7oaE0GAD4oPf/eF6uDFAT9pRVvwi3BEnCAhO"},"_chains":{"BX9R348EZmhU9Bjk46kaDJ8MF9AciIDu5nM7m6qsslgE":{"chainKey":{"counter":2,"key":"gH0zRb7oTvNgb+Kk7KjMimIkf4Xj2DUnNi3P+GAjm98="},"chainType":2,"messageKeys":{}},"BRyvhiJF2gNzZ1qhdPzK4zXD+GtWaXFCgjJjqVgyRtgC":{"chainKey":{"counter":-1,"key":"3ZYlSkcNZckNBgJZCcz/+NmKs+CTYb91LIRxew+A5vw="},"chainType":1,"messageKeys":{}}}}},"version":"v1"}