{"_sessions":{"BWJDYCgxDXULaxbHeWIHDKOgRVxyuW9ukl6YqY7fxOxa":{"registrationId":630667427,"currentRatchet":{"ephemeralKeyPair":{"pubKey":"BVpIOy1aV9VxW0qSyZHbWMVlNKMnpOEm/CrddyTaGsA/","privKey":"iHDduhNaRQ2ybG5TGorJF5nyDUm34yRofTBxmnI8hHA="},"lastRemoteEphemeralKey":"BdsdzFymfBnc0F4xxixvQWnQi34U8NoEqY4pdj5HA909","previousCounter":0,"rootKey":"G+WarW/kIowCEOzUn95LJhLqA1IpPX3k8pASC5L5zs8="},"indexInfo":{"baseKey":"BWJDYCgxDXULaxbHeWIHDKOgRVxyuW9ukl6YqY7fxOxa","baseKeyType":2,"closed":-1,"used":1703169475933,"created":1703169475933,"remoteIdentityKey":"BRreT6y2vm92dgPKdUpheuwAJXALxgpP0jOjr8GEiDo6"},"_chains":{"BdsdzFymfBnc0F4xxixvQWnQi34U8NoEqY4pdj5HA909":{"chainKey":{"counter":0,"key":"qokP9l/QP683AzB4zp4oSEdznp+k40OYzuNTf3Xuov8="},"chainType":2,"messageKeys":{}},"BVpIOy1aV9VxW0qSyZHbWMVlNKMnpOEm/CrddyTaGsA/":{"chainKey":{"counter":-1,"key":"q6bdq1HII2NdmFYc3RPiNDax/QVWFncM2FP74cBiqRA="},"chainType":1,"messageKeys":{}}}}},"version":"v1"}