{"_sessions":{"BVE4Trh6g/5xClPL58oFVJ58Eqk9+UYthc91rm+z0mEW":{"registrationId":519357840,"currentRatchet":{"ephemeralKeyPair":{"pubKey":"BbqclEjg+VM1BkwB7bpUhyk0LiRYJAwI6aKbJXO5quwA","privKey":"IFQIm17/6Elcw69xoqDJCzNqf1+Y/7ZRRuE1P0z2nmk="},"lastRemoteEphemeralKey":"BUOvFr7a8K4PtYtDnE9lZEyr82ZoM8Q/no29F5o+xhRE","previousCounter":0,"rootKey":"uuhFwPLGWPvSNShfnUEZ0M8OTAQNmtOFYus+TXZyaO0="},"indexInfo":{"baseKey":"BVE4Trh6g/5xClPL58oFVJ58Eqk9+UYthc91rm+z0mEW","baseKeyType":1,"closed":-1,"used":1703079047941,"created":1703079047941,"remoteIdentityKey":"BUAYFWFh8EaZkb90p2Pa48EZF+eQTOh6yOzCzEMjPBwR"},"_chains":{"BbqclEjg+VM1BkwB7bpUhyk0LiRYJAwI6aKbJXO5quwA":{"chainKey":{"counter":1,"key":"Vr85KITi7A8yYx+pedur/hKGkEcV0XHtJrwl8uoLV2k="},"chainType":1,"messageKeys":{}}},"pendingPreKey":{"signedKeyId":33,"baseKey":"BVE4Trh6g/5xClPL58oFVJ58Eqk9+UYthc91rm+z0mEW","preKeyId":15165708}}},"version":"v1"}