{"_sessions":{"BWsFtO6EZDaBzWdboo9MyRlClrVLwTRQ8ppY6l8LBGVw":{"registrationId":193,"currentRatchet":{"ephemeralKeyPair":{"pubKey":"BRLpVFI51MplHB7FOSu1zj9xuzIkosaEaGhFPcVXGvMH","privKey":"MFgWTE2dEdH0W5Yf1SVbtvoUMDke1dj4Xh8xT//zkl8="},"lastRemoteEphemeralKey":"BdplrAcwmc4nyuTJYzllk8RspBfIx6AupboZgbe21JgR","previousCounter":0,"rootKey":"CCKJg29dybv/CC9wEK6qwnHwRMA27tvxO3JMUQekeDc="},"indexInfo":{"baseKey":"BWsFtO6EZDaBzWdboo9MyRlClrVLwTRQ8ppY6l8LBGVw","baseKeyType":1,"closed":-1,"used":1703076550666,"created":1703076550666,"remoteIdentityKey":"Bfbtoi/HwKnzDtQMc5RHz56ogQb8BNU+juk19aNTkq5a"},"_chains":{"BRLpVFI51MplHB7FOSu1zj9xuzIkosaEaGhFPcVXGvMH":{"chainKey":{"counter":10,"key":"4piJF6hQ5DF49MS4ny6ELJmxhueSAsbyX6iBCqzbjiQ="},"chainType":1,"messageKeys":{}}},"pendingPreKey":{"signedKeyId":1,"baseKey":"BWsFtO6EZDaBzWdboo9MyRlClrVLwTRQ8ppY6l8LBGVw","preKeyId":23}}},"version":"v1"}