{"_sessions":{"BQTr82oIP865Pa5KDqOVqSlU6sZUGZrfqpRYr8RLcv4B":{"registrationId":1460484814,"currentRatchet":{"ephemeralKeyPair":{"pubKey":"BUfJiHkevzxwUR6xWUj8XInoph5J19h21BYrB1I0/a58","privKey":"mIDCWk5SKK0Eps4H6ryuTtrouLqJ0ApI8/k8fPiH93k="},"lastRemoteEphemeralKey":"BSfxuKOTknDXqRBJURt/g4q6ajGackFV7WDxQyTDCccQ","previousCounter":0,"rootKey":"YqWIHXo8C19L2AsbEndiWxn8TVKtr3qcnBhQnPEs3PM="},"indexInfo":{"baseKey":"BQTr82oIP865Pa5KDqOVqSlU6sZUGZrfqpRYr8RLcv4B","baseKeyType":2,"closed":-1,"used":1703170495372,"created":1703170495372,"remoteIdentityKey":"BXbklPSyzjON30kJ7KDbQPK9Q3j/jxIA+3+D7W7BCclW"},"_chains":{"BSfxuKOTknDXqRBJURt/g4q6ajGackFV7WDxQyTDCccQ":{"chainKey":{"counter":0,"key":"6HsTABuYhgRqnGS5nxDfR9RsitIP/9ujruqbsYir0/g="},"chainType":2,"messageKeys":{}},"BUfJiHkevzxwUR6xWUj8XInoph5J19h21BYrB1I0/a58":{"chainKey":{"counter":-1,"key":"I/TdxHAI5D9dKTcJMUYElNI7OmTn9MXWNBt2WnxkMLI="},"chainType":1,"messageKeys":{}}}}},"version":"v1"}