{"_sessions":{"BTTmhKwzNQq91bHlRzwBwEqy3/cD5lBQkmf+w6W6q2oJ":{"registrationId":15,"currentRatchet":{"ephemeralKeyPair":{"pubKey":"Be9Jsr8aQtRwnJ4QjdvbWQp1BcCtCSdeYmVKZ7CmDmNp","privKey":"0Kwr9o64PoZtH8j6Pwj2ggGoa+27ZFCBKXeMn+AY5EA="},"lastRemoteEphemeralKey":"BS1REoclyI/l9PpGSz7uwncNrwREbI8n1keiFkdbPmIC","previousCounter":0,"rootKey":"mXEXqqZzGRQdBirJR/s+bSQzpzbv9hEQHkejn5Nsqwk="},"indexInfo":{"baseKey":"BTTmhKwzNQq91bHlRzwBwEqy3/cD5lBQkmf+w6W6q2oJ","baseKeyType":1,"closed":1703167612778,"used":1703167578576,"created":1703167578576,"remoteIdentityKey":"BVECk7Ea/aYnLPuu6VwcoTYrpU94HaYoetgXMbUr6nA7"},"_chains":{"Be9Jsr8aQtRwnJ4QjdvbWQp1BcCtCSdeYmVKZ7CmDmNp":{"chainKey":{"counter":14,"key":"1fWywm8m6UXK8DsOEWh0YPjvmoAQ88l8e5oeHjhqiYU="},"chainType":1,"messageKeys":{}}},"pendingPreKey":{"signedKeyId":1,"baseKey":"BTTmhKwzNQq91bHlRzwBwEqy3/cD5lBQkmf+w6W6q2oJ","preKeyId":132}},"BfotRmdtvXWp4AHfDPAjrMhB8n9w15I9uKQ9tl+V8nkd":{"registrationId":15,"currentRatchet":{"ephemeralKeyPair":{"pubKey":"BRnYX34OpkfaU1LNnlhxM02FKNuGS3jk5AgKJ9fu0HJM","privKey":"+JvqnFvCRU4ZtxJPvn+ANDingDuzKiGNXB0a7hmsfGY="},"lastRemoteEphemeralKey":"BS1REoclyI/l9PpGSz7uwncNrwREbI8n1keiFkdbPmIC","previousCounter":0,"rootKey":"dwaQoLfwECYtvMK95OOE7oykYZ5zJ2QjUYRh1QgImqA="},"indexInfo":{"baseKey":"BfotRmdtvXWp4AHfDPAjrMhB8n9w15I9uKQ9tl+V8nkd","baseKeyType":1,"closed":1703167668270,"used":1703167612674,"created":1703167612674,"remoteIdentityKey":"BVECk7Ea/aYnLPuu6VwcoTYrpU94HaYoetgXMbUr6nA7"},"_chains":{"BRnYX34OpkfaU1LNnlhxM02FKNuGS3jk5AgKJ9fu0HJM":{"chainKey":{"counter":24,"key":"RWEzNPGJzeTvoVfuqrGfzsrUlMGloIO3JM3HGMOXgsc="},"chainType":1,"messageKeys":{}}},"pendingPreKey":{"signedKeyId":1,"baseKey":"BfotRmdtvXWp4AHfDPAjrMhB8n9w15I9uKQ9tl+V8nkd","preKeyId":143}},"BaPM/bwR+zl6X9FAmfU9Mt+k3/4GBhydtAAQSjiwZJcQ":{"registrationId":15,"currentRatchet":{"ephemeralKeyPair":{"pubKey":"BfTQ15j9RtRRgThCAWXfmdJkegQfM1JrAtJco/EParMN","privKey":"CJWDIlN1tiz9WCjhPutMtN6+hPvzQrQ4I7gSuPm7Kn8="},"lastRemoteEphemeralKey":"BS1REoclyI/l9PpGSz7uwncNrwREbI8n1keiFkdbPmIC","previousCounter":0,"rootKey":"QXYgT6ur3XzGtgTNhyjfwve1eaS6Csjeci3VagHuZKs="},"indexInfo":{"baseKey":"BaPM/bwR+zl6X9FAmfU9Mt+k3/4GBhydtAAQSjiwZJcQ","baseKeyType":1,"closed":1703167744975,"used":1703167667576,"created":1703167667576,"remoteIdentityKey":"BVECk7Ea/aYnLPuu6VwcoTYrpU94HaYoetgXMbUr6nA7"},"_chains":{"BfTQ15j9RtRRgThCAWXfmdJkegQfM1JrAtJco/EParMN":{"chainKey":{"counter":33,"key":"o3gU+XcM2jTdPXwCDgAMWiF1AXMw7ZhXZlnNsvy0xTw="},"chainType":1,"messageKeys":{}}},"pendingPreKey":{"signedKeyId":1,"baseKey":"BaPM/bwR+zl6X9FAmfU9Mt+k3/4GBhydtAAQSjiwZJcQ","preKeyId":142}},"BRqJDGzoBCBvC5BttW5NMabsUcOtBob6Q5McHzAzbOgI":{"registrationId":15,"currentRatchet":{"ephemeralKeyPair":{"pubKey":"BVOiTOdPkGi2Wx4kUMeFSV/saqvl2a29hr5fn4QdH+cX","privKey":"8EPoKLNaBPJaHXVX04QxSo2m+oUjlplYsFDt9Q5NYHQ="},"lastRemoteEphemeralKey":"BS1REoclyI/l9PpGSz7uwncNrwREbI8n1keiFkdbPmIC","previousCounter":0,"rootKey":"tRPCCoUsHD2Sl1J8W6bRnWx8R6IeEOa+GXNXKBy41Ro="},"indexInfo":{"baseKey":"BRqJDGzoBCBvC5BttW5NMabsUcOtBob6Q5McHzAzbOgI","baseKeyType":1,"closed":1703167771360,"used":1703167744671,"created":1703167744671,"remoteIdentityKey":"BVECk7Ea/aYnLPuu6VwcoTYrpU94HaYoetgXMbUr6nA7"},"_chains":{"BVOiTOdPkGi2Wx4kUMeFSV/saqvl2a29hr5fn4QdH+cX":{"chainKey":{"counter":9,"key":"w0YaVZtFlnsr8jvW2nPHuztYD9aZ7lQZorpRqZ04Zrs="},"chainType":1,"messageKeys":{}}},"pendingPreKey":{"signedKeyId":1,"baseKey":"BRqJDGzoBCBvC5BttW5NMabsUcOtBob6Q5McHzAzbOgI","preKeyId":148}},"BVA4Ap/YzzC4G5XEckAgKo3qcwz38R4Pt4J/kLyABaxR":{"registrationId":15,"currentRatchet":{"ephemeralKeyPair":{"pubKey":"BR2kEZJOmC/ldpnbLZQZR9G36xrljZSmuDZUmIEr0t5L","privKey":"WM3vU5NAeCV8zqzdLDhNa1zLBMwy6SgpyAaH5AwsNns="},"lastRemoteEphemeralKey":"BS1REoclyI/l9PpGSz7uwncNrwREbI8n1keiFkdbPmIC","previousCounter":0,"rootKey":"uuY6rGPUKyjgMi5Yjln/h2MuCLvLf26BBf2IowtVwKk="},"indexInfo":{"baseKey":"BVA4Ap/YzzC4G5XEckAgKo3qcwz38R4Pt4J/kLyABaxR","baseKeyType":1,"closed":1703167794070,"used":1703167771169,"created":1703167771169,"remoteIdentityKey":"BVECk7Ea/aYnLPuu6VwcoTYrpU94HaYoetgXMbUr6nA7"},"_chains":{"BR2kEZJOmC/ldpnbLZQZR9G36xrljZSmuDZUmIEr0t5L":{"chainKey":{"counter":9,"key":"uHq2naYGHcn2l3xm/ObSy9EJnGQp7eCs21Rv3wUv8Dg="},"chainType":1,"messageKeys":{}}},"pendingPreKey":{"signedKeyId":1,"baseKey":"BVA4Ap/YzzC4G5XEckAgKo3qcwz38R4Pt4J/kLyABaxR","preKeyId":138}},"BSpXc3zCX1iBpfVuFaj8t1wWMVDt1YUbKAjvngstF8N/":{"registrationId":15,"currentRatchet":{"ephemeralKeyPair":{"pubKey":"BeLyDav5E8u6Rf6Zy15A2wkKfZHY3p1WBDCnDU969tkH","privKey":"iKnEEJEi3fe9avmXOvWsTWjBFhrrE7X9lyQKZpDa9XA="},"lastRemoteEphemeralKey":"BS1REoclyI/l9PpGSz7uwncNrwREbI8n1keiFkdbPmIC","previousCounter":0,"rootKey":"7YK10NSRxxb5458C2pbtfVYfwDbVFQ4VUf39nAUmUP8="},"indexInfo":{"baseKey":"BSpXc3zCX1iBpfVuFaj8t1wWMVDt1YUbKAjvngstF8N/","baseKeyType":1,"closed":1703167795575,"used":1703167793970,"created":1703167793970,"remoteIdentityKey":"BVECk7Ea/aYnLPuu6VwcoTYrpU94HaYoetgXMbUr6nA7"},"_chains":{"BeLyDav5E8u6Rf6Zy15A2wkKfZHY3p1WBDCnDU969tkH":{"chainKey":{"counter":-1,"key":"iKWWzU3bjMwD9GdnrQVjlM3mo+dAE0RU3uJbujXZ+Pc="},"chainType":1,"messageKeys":{}}},"pendingPreKey":{"signedKeyId":1,"baseKey":"BSpXc3zCX1iBpfVuFaj8t1wWMVDt1YUbKAjvngstF8N/","preKeyId":141}},"BYfAlUyYEG4l8KFMMxeF8Qpcc6yWplBOFV8jmUDuJqZ8":{"registrationId":15,"currentRatchet":{"ephemeralKeyPair":{"pubKey":"BXn/JghPLCg3uSQx6nscQnAejP/uNy0uKCr0McrV0Qt0","privKey":"aH/xZxPb0oINvuVf430PfK3CH4/nVWOfAZg26uklhl8="},"lastRemoteEphemeralKey":"BS1REoclyI/l9PpGSz7uwncNrwREbI8n1keiFkdbPmIC","previousCounter":0,"rootKey":"Y3EeZUwi3d2HhVpWPZDgFuF8po5Tb3GzCYO7pYtjbZk="},"indexInfo":{"baseKey":"BYfAlUyYEG4l8KFMMxeF8Qpcc6yWplBOFV8jmUDuJqZ8","baseKeyType":1,"closed":1703167827665,"used":1703167795376,"created":1703167795376,"remoteIdentityKey":"BVECk7Ea/aYnLPuu6VwcoTYrpU94HaYoetgXMbUr6nA7"},"_chains":{"BXn/JghPLCg3uSQx6nscQnAejP/uNy0uKCr0McrV0Qt0":{"chainKey":{"counter":13,"key":"XXirUk4T8zkjHqFaX5AHV6AdeB9mHONUnRLabLCy+KE="},"chainType":1,"messageKeys":{}}},"pendingPreKey":{"signedKeyId":1,"baseKey":"BYfAlUyYEG4l8KFMMxeF8Qpcc6yWplBOFV8jmUDuJqZ8","preKeyId":152}},"BZJOVTrE1xih2wMSA5yR77W9jA9Dd9YuDaTtdmRv4+4p":{"registrationId":15,"currentRatchet":{"ephemeralKeyPair":{"pubKey":"BdYVp8lIpdA+ySYaR0KvQ8Bgtx6LVDzSrG0aa1PUuwU1","privKey":"GDspU71OmWSceM9I5QOpzWM1kOn03NVwukjKmASonlw="},"lastRemoteEphemeralKey":"BS1REoclyI/l9PpGSz7uwncNrwREbI8n1keiFkdbPmIC","previousCounter":0,"rootKey":"HT7AHaGbPExU2qjnWTZIgzrMzUK0ONIx/HMirjDVOmY="},"indexInfo":{"baseKey":"BZJOVTrE1xih2wMSA5yR77W9jA9Dd9YuDaTtdmRv4+4p","baseKeyType":1,"closed":1703167843463,"used":1703167827462,"created":1703167827462,"remoteIdentityKey":"BVECk7Ea/aYnLPuu6VwcoTYrpU94HaYoetgXMbUr6nA7"},"_chains":{"BdYVp8lIpdA+ySYaR0KvQ8Bgtx6LVDzSrG0aa1PUuwU1":{"chainKey":{"counter":7,"key":"H312WYbh6i7kWgVYWX/vsEWNUGJWr/zvYB5uTwheItk="},"chainType":1,"messageKeys":{}}},"pendingPreKey":{"signedKeyId":1,"baseKey":"BZJOVTrE1xih2wMSA5yR77W9jA9Dd9YuDaTtdmRv4+4p","preKeyId":123}},"BdxOH5o1FYilgHH/lAY/d7InqAaHQDX7WG00WuOn70pw":{"registrationId":15,"currentRatchet":{"ephemeralKeyPair":{"pubKey":"Beu/R+HAwe6ytfRtwbvgtke0VdC/NHtmZyZB26DbpLU1","privKey":"sH+UDJ99L8E4RMOkTFxXKiqd0l6aOAwGPWfZo6faJWA="},"lastRemoteEphemeralKey":"BS1REoclyI/l9PpGSz7uwncNrwREbI8n1keiFkdbPmIC","previousCounter":0,"rootKey":"0SkJARKkfVVLGVX/bJTPG5Atxu/+XeNx7fcGcqDXiSQ="},"indexInfo":{"baseKey":"BdxOH5o1FYilgHH/lAY/d7InqAaHQDX7WG00WuOn70pw","baseKeyType":1,"closed":1703167875160,"used":1703167843068,"created":1703167843068,"remoteIdentityKey":"BVECk7Ea/aYnLPuu6VwcoTYrpU94HaYoetgXMbUr6nA7"},"_chains":{"Beu/R+HAwe6ytfRtwbvgtke0VdC/NHtmZyZB26DbpLU1":{"chainKey":{"counter":15,"key":"eH7lYuPa4BewsU+BjNa4Qd4/c8oHIBF7Jc1YYNM1QgA="},"chainType":1,"messageKeys":{}}},"pendingPreKey":{"signedKeyId":1,"baseKey":"BdxOH5o1FYilgHH/lAY/d7InqAaHQDX7WG00WuOn70pw","preKeyId":151}},"BXyaEXGXgYTHP4ICRg1NneVCLnohvdEvOKrmAdDZ0aES":{"registrationId":15,"currentRatchet":{"ephemeralKeyPair":{"pubKey":"BXeRTTEwBrWcBsYmrxIJheZsy+MkvQqNOp48BILxwBEx","privKey":"wDHjJAB+dPQIt7nPsa/v0D7XVyu/KkbHgQe05uElDFI="},"lastRemoteEphemeralKey":"BS1REoclyI/l9PpGSz7uwncNrwREbI8n1keiFkdbPmIC","previousCounter":0,"rootKey":"p+TCwM6tHaoJHVwONKlejKO1L5q1VS9PSrwrL/m2JXg="},"indexInfo":{"baseKey":"BXyaEXGXgYTHP4ICRg1NneVCLnohvdEvOKrmAdDZ0aES","baseKeyType":1,"closed":1703167889466,"used":1703167874838,"created":1703167874838,"remoteIdentityKey":"BVECk7Ea/aYnLPuu6VwcoTYrpU94HaYoetgXMbUr6nA7"},"_chains":{"BXeRTTEwBrWcBsYmrxIJheZsy+MkvQqNOp48BILxwBEx":{"chainKey":{"counter":9,"key":"AMAkIaHwXe8N1WYP/leUy2edSXr5uVzVeZeS2D7HuGs="},"chainType":1,"messageKeys":{}}},"pendingPreKey":{"signedKeyId":1,"baseKey":"BXyaEXGXgYTHP4ICRg1NneVCLnohvdEvOKrmAdDZ0aES","preKeyId":135}},"BXz7myLgJJV43LyolndnFxBLCsu6KCJ3PLpyIVTSt5oX":{"registrationId":15,"currentRatchet":{"ephemeralKeyPair":{"pubKey":"BZDtwYSGTuW/dlP526OBFZWZqiZbquOjTXzJ+Ip3NydH","privKey":"UGWmeMiKOhRTSB2KYI4QuGZCsGCsOzEA/xBHaOXyRks="},"lastRemoteEphemeralKey":"BS1REoclyI/l9PpGSz7uwncNrwREbI8n1keiFkdbPmIC","previousCounter":0,"rootKey":"6r5x3AEnCI9DbqMn09ZxaakX4mqKtos0gwShYmSNGuU="},"indexInfo":{"baseKey":"BXz7myLgJJV43LyolndnFxBLCsu6KCJ3PLpyIVTSt5oX","baseKeyType":1,"closed":1703167905160,"used":1703167889259,"created":1703167889259,"remoteIdentityKey":"BVECk7Ea/aYnLPuu6VwcoTYrpU94HaYoetgXMbUr6nA7"},"_chains":{"BZDtwYSGTuW/dlP526OBFZWZqiZbquOjTXzJ+Ip3NydH":{"chainKey":{"counter":9,"key":"A50etGNT/r31H92KFju41SMjx5IQQ45GvfcLGlp4YB4="},"chainType":1,"messageKeys":{}}},"pendingPreKey":{"signedKeyId":1,"baseKey":"BXz7myLgJJV43LyolndnFxBLCsu6KCJ3PLpyIVTSt5oX","preKeyId":136}},"BadxDqx6gE38UHTOUfJswZg1AG2zYvDh0PDQxDJs7I8U":{"registrationId":15,"currentRatchet":{"ephemeralKeyPair":{"pubKey":"BaLokm1QXQsfQaQhUTshBi/ULLOWcQ6Mi28mLDPZ624E","privKey":"oIE+4x0Lwaf7ieJeZPJelRnK79XBXO8aEBEWNPL+DG8="},"lastRemoteEphemeralKey":"BS1REoclyI/l9PpGSz7uwncNrwREbI8n1keiFkdbPmIC","previousCounter":0,"rootKey":"RFCdZDwD67y92g5i1sBNg719CAUcLZysV5yniN9Ry3Y="},"indexInfo":{"baseKey":"BadxDqx6gE38UHTOUfJswZg1AG2zYvDh0PDQxDJs7I8U","baseKeyType":1,"closed":1703167926569,"used":1703167904973,"created":1703167904973,"remoteIdentityKey":"BVECk7Ea/aYnLPuu6VwcoTYrpU94HaYoetgXMbUr6nA7"},"_chains":{"BaLokm1QXQsfQaQhUTshBi/ULLOWcQ6Mi28mLDPZ624E":{"chainKey":{"counter":9,"key":"1G9Tu2nHbOnLNMSyR/MsUVZsvLDCrnT5qGdW+ZNpuWA="},"chainType":1,"messageKeys":{}}},"pendingPreKey":{"signedKeyId":1,"baseKey":"BadxDqx6gE38UHTOUfJswZg1AG2zYvDh0PDQxDJs7I8U","preKeyId":124}},"BWG4zWzfY3BSq8jNUEfO5NVFYvtr1W/sHSjBOsEu5uM6":{"registrationId":15,"currentRatchet":{"ephemeralKeyPair":{"pubKey":"BcQsz6a1Ciz0vUsRPzD2TwmvNl98f1lB+NoTFdXFSfYW","privKey":"yMHj5UpRcKLhQVOy1RM0OsxGZnyzngBw+UCDHg1wL3s="},"lastRemoteEphemeralKey":"BS1REoclyI/l9PpGSz7uwncNrwREbI8n1keiFkdbPmIC","previousCounter":0,"rootKey":"ILlrqiWZ/GtGbVgFyHuhVSHWfOaPMA66/2pf/gBPMoQ="},"indexInfo":{"baseKey":"BWG4zWzfY3BSq8jNUEfO5NVFYvtr1W/sHSjBOsEu5uM6","baseKeyType":1,"closed":1703167936964,"used":1703167926366,"created":1703167926366,"remoteIdentityKey":"BVECk7Ea/aYnLPuu6VwcoTYrpU94HaYoetgXMbUr6nA7"},"_chains":{"BcQsz6a1Ciz0vUsRPzD2TwmvNl98f1lB+NoTFdXFSfYW":{"chainKey":{"counter":3,"key":"o+HfDfZPDu5T9lvK+RaWKgh3cKphHS7P+DlPsD7LltU="},"chainType":1,"messageKeys":{}}},"pendingPreKey":{"signedKeyId":1,"baseKey":"BWG4zWzfY3BSq8jNUEfO5NVFYvtr1W/sHSjBOsEu5uM6"}},"BTxuYDgD765nVbjFgT8aHU2Tii+nPmnAYgGi1ObZLD1R":{"registrationId":15,"currentRatchet":{"ephemeralKeyPair":{"pubKey":"BSP1Jtme5bthPB6UTnmwUI+7FHXZWpTGoKvDiSf7nshK","privKey":"sMI958V3r2D0ZmyXk5D9b0iXMaqVPBHS4iOJ7qpyJlo="},"lastRemoteEphemeralKey":"BS1REoclyI/l9PpGSz7uwncNrwREbI8n1keiFkdbPmIC","previousCounter":0,"rootKey":"ovU5Vi8dDNSryx0HvEM5i0ZrcUnoB4UMdugB72s1pME="},"indexInfo":{"baseKey":"BTxuYDgD765nVbjFgT8aHU2Tii+nPmnAYgGi1ObZLD1R","baseKeyType":1,"closed":1703167952380,"used":1703167936757,"created":1703167936757,"remoteIdentityKey":"BVECk7Ea/aYnLPuu6VwcoTYrpU94HaYoetgXMbUr6nA7"},"_chains":{"BSP1Jtme5bthPB6UTnmwUI+7FHXZWpTGoKvDiSf7nshK":{"chainKey":{"counter":10,"key":"d2SILiZ/KTPkWJQvVOfk22vyqW8gxNZGtxiA/WdFHhE="},"chainType":1,"messageKeys":{}}},"pendingPreKey":{"signedKeyId":1,"baseKey":"BTxuYDgD765nVbjFgT8aHU2Tii+nPmnAYgGi1ObZLD1R"}},"Ba4OAQMUfs959xiL7MckYlUCnO/gWA9vn1rklJP4bn8i":{"registrationId":15,"currentRatchet":{"ephemeralKeyPair":{"pubKey":"BbgDQD13e0tojPxMoZcHT5bsI38MOx9KAh5JgEGNcbVi","privKey":"kJG3BoOq6NZ0EPqEdywpGZVqpOPXkZOqSgRGOd4ic3A="},"lastRemoteEphemeralKey":"BS1REoclyI/l9PpGSz7uwncNrwREbI8n1keiFkdbPmIC","previousCounter":0,"rootKey":"jJ6I2exDAB7OhwuSNrXbJ0M/U/Xc1n50W2UmlubqU6Y="},"indexInfo":{"baseKey":"Ba4OAQMUfs959xiL7MckYlUCnO/gWA9vn1rklJP4bn8i","baseKeyType":1,"closed":1703167965559,"used":1703167952378,"created":1703167952378,"remoteIdentityKey":"BVECk7Ea/aYnLPuu6VwcoTYrpU94HaYoetgXMbUr6nA7"},"_chains":{"BbgDQD13e0tojPxMoZcHT5bsI38MOx9KAh5JgEGNcbVi":{"chainKey":{"counter":9,"key":"lsJDH4CTb18RRQua02Xgp5kyjOydDkaOp5q7+zQY6xI="},"chainType":1,"messageKeys":{}}},"pendingPreKey":{"signedKeyId":1,"baseKey":"Ba4OAQMUfs959xiL7MckYlUCnO/gWA9vn1rklJP4bn8i"}},"BSZprieBakAjPyQn5iz43TDT0unA4xeFWq1DW2StMJJ5":{"registrationId":15,"currentRatchet":{"ephemeralKeyPair":{"pubKey":"Be0wvVqpdhJFarU1YRMekOspQH6m9thEo5bALsYGtKpc","privKey":"IG+bo7yqYmY/gprMTvkZsM9xNHLY11IB7rAhFZNHl2g="},"lastRemoteEphemeralKey":"BS1REoclyI/l9PpGSz7uwncNrwREbI8n1keiFkdbPmIC","previousCounter":0,"rootKey":"thKgXAHX57oiJNkbx0HgVRT7ImSG/JfQKNGuC3V+lwg="},"indexInfo":{"baseKey":"BSZprieBakAjPyQn5iz43TDT0unA4xeFWq1DW2StMJJ5","baseKeyType":1,"closed":1703167972182,"used":1703167965478,"created":1703167965478,"remoteIdentityKey":"BVECk7Ea/aYnLPuu6VwcoTYrpU94HaYoetgXMbUr6nA7"},"_chains":{"Be0wvVqpdhJFarU1YRMekOspQH6m9thEo5bALsYGtKpc":{"chainKey":{"counter":4,"key":"tP4Y1fErzrnYBkU0TL0VRXLMPA1d5p/eOfdNjQzqUxs="},"chainType":1,"messageKeys":{}}},"pendingPreKey":{"signedKeyId":1,"baseKey":"BSZprieBakAjPyQn5iz43TDT0unA4xeFWq1DW2StMJJ5"}},"BU4Er6dPp72Usix8SPfvg6+mPGSXt6KbH7g8oaYStOgR":{"registrationId":15,"currentRatchet":{"ephemeralKeyPair":{"pubKey":"BRNkDSfBvyvYmL/jEUwgSEoda0p3GYxSkDwjDUcC0v1y","privKey":"yFrSsIE/WeqE57NYq/Tj2wck5mHl+wcc1KqoZN7wu28="},"lastRemoteEphemeralKey":"BS1REoclyI/l9PpGSz7uwncNrwREbI8n1keiFkdbPmIC","previousCounter":0,"rootKey":"RjMf2cpFI9UXN/mqzFLNcX4PuAKquKbnJdfhh3YCZVU="},"indexInfo":{"baseKey":"BU4Er6dPp72Usix8SPfvg6+mPGSXt6KbH7g8oaYStOgR","baseKeyType":1,"closed":1703167980090,"used":1703167972075,"created":1703167972075,"remoteIdentityKey":"BVECk7Ea/aYnLPuu6VwcoTYrpU94HaYoetgXMbUr6nA7"},"_chains":{"BRNkDSfBvyvYmL/jEUwgSEoda0p3GYxSkDwjDUcC0v1y":{"chainKey":{"counter":1,"key":"Ma2zKZy/BA/aRt6PV+XRMGn0Y/cJBeKA7m3w/HifCqs="},"chainType":1,"messageKeys":{}}},"pendingPreKey":{"signedKeyId":1,"baseKey":"BU4Er6dPp72Usix8SPfvg6+mPGSXt6KbH7g8oaYStOgR"}},"BcnXd4lpPxj95C2UCH1rw2X5AteIAUiQAxokFN+ljUFO":{"registrationId":15,"currentRatchet":{"ephemeralKeyPair":{"pubKey":"BWehaQyhHDC1Z6Z32aXeK6IDWk8OIepFBLNKLI8fgUYm","privKey":"yJuIi0iNL1KZkarMv1rN7Yt+stURkiPZafPyo7mgdns="},"lastRemoteEphemeralKey":"BS1REoclyI/l9PpGSz7uwncNrwREbI8n1keiFkdbPmIC","previousCounter":0,"rootKey":"VhFJeeiqJ4eqPcJMvsSaCZ/RK/Z1happXupaL9lR6bs="},"indexInfo":{"baseKey":"BcnXd4lpPxj95C2UCH1rw2X5AteIAUiQAxokFN+ljUFO","baseKeyType":1,"closed":1703168001769,"used":1703167980088,"created":1703167980088,"remoteIdentityKey":"BVECk7Ea/aYnLPuu6VwcoTYrpU94HaYoetgXMbUr6nA7"},"_chains":{"BWehaQyhHDC1Z6Z32aXeK6IDWk8OIepFBLNKLI8fgUYm":{"chainKey":{"counter":17,"key":"aWBaZx5kDQ6EJtI7RH4trbL4RvStYVO2nbmB2YqzAAg="},"chainType":1,"messageKeys":{}}},"pendingPreKey":{"signedKeyId":1,"baseKey":"BcnXd4lpPxj95C2UCH1rw2X5AteIAUiQAxokFN+ljUFO"}},"Bcyl2By70PGq+oDHqxbrAj9ZkwtBVRmp9Z7xcRDrcZZa":{"registrationId":15,"currentRatchet":{"ephemeralKeyPair":{"pubKey":"BVopFUnQQ+EIMbXKhPxxmy00dPorXIZJh9OIr6yryMRz","privKey":"mBSdWFwLtpHZIKUQX7hSvPQMYYV038f5fl2yJVYuEnA="},"lastRemoteEphemeralKey":"BS1REoclyI/l9PpGSz7uwncNrwREbI8n1keiFkdbPmIC","previousCounter":0,"rootKey":"mMMMkX32eA6g0TTDKWkGcrmJ9bWIthpMAT8iL/6kttE="},"indexInfo":{"baseKey":"Bcyl2By70PGq+oDHqxbrAj9ZkwtBVRmp9Z7xcRDrcZZa","baseKeyType":1,"closed":1703168007102,"used":1703168001684,"created":1703168001684,"remoteIdentityKey":"BVECk7Ea/aYnLPuu6VwcoTYrpU94HaYoetgXMbUr6nA7"},"_chains":{"BVopFUnQQ+EIMbXKhPxxmy00dPorXIZJh9OIr6yryMRz":{"chainKey":{"counter":5,"key":"uaZOfy8G0gXHU2ZRn7NaEvM3R8AaKdKvCd3z1XdU4ZI="},"chainType":1,"messageKeys":{}}},"pendingPreKey":{"signedKeyId":1,"baseKey":"Bcyl2By70PGq+oDHqxbrAj9ZkwtBVRmp9Z7xcRDrcZZa"}},"Bbm82BlU5G4AfjI0TGqqzeyIJtH7R9i2ail5390+hOxH":{"registrationId":15,"currentRatchet":{"ephemeralKeyPair":{"pubKey":"BVV+PJB72T/wJ7KQYLOMCuW/EVIaot+VRyxE9CqJ/MdM","privKey":"gDNw6XauD62IG3vij/wZsyUkrup2exC1YwQPHoOct38="},"lastRemoteEphemeralKey":"BS1REoclyI/l9PpGSz7uwncNrwREbI8n1keiFkdbPmIC","previousCounter":0,"rootKey":"FyxNim8B0Ocs74hC3VdRjuhK2bDfG/JGodvDAMHaUlw="},"indexInfo":{"baseKey":"Bbm82BlU5G4AfjI0TGqqzeyIJtH7R9i2ail5390+hOxH","baseKeyType":1,"closed":1703168026572,"used":1703168007095,"created":1703168007095,"remoteIdentityKey":"BVECk7Ea/aYnLPuu6VwcoTYrpU94HaYoetgXMbUr6nA7"},"_chains":{"BVV+PJB72T/wJ7KQYLOMCuW/EVIaot+VRyxE9CqJ/MdM":{"chainKey":{"counter":16,"key":"Aivs5Ra3ELv51KH+lejM/gJDysrT051gRJoTGc5y6QA="},"chainType":1,"messageKeys":{}}},"pendingPreKey":{"signedKeyId":1,"baseKey":"Bbm82BlU5G4AfjI0TGqqzeyIJtH7R9i2ail5390+hOxH"}},"BRzhyn7b+c/qJbNQ3GZEx4bRPz8mfOl89Na6BFnrAwVg":{"registrationId":15,"currentRatchet":{"ephemeralKeyPair":{"pubKey":"BXRl+W7etbWGt24w6yQmk37E32X7952MnXBaRPjeQqlf","privKey":"aFMU6yjLSJHpnmqURfXSNG4WeY6P0eOOLPS1fMTOwnE="},"lastRemoteEphemeralKey":"BS1REoclyI/l9PpGSz7uwncNrwREbI8n1keiFkdbPmIC","previousCounter":0,"rootKey":"n82TGZcISmvH5rTHGlY2SQbwyDOTo9iAyo9uEftyZ1I="},"indexInfo":{"baseKey":"BRzhyn7b+c/qJbNQ3GZEx4bRPz8mfOl89Na6BFnrAwVg","baseKeyType":1,"closed":1703168046665,"used":1703168026363,"created":1703168026363,"remoteIdentityKey":"BVECk7Ea/aYnLPuu6VwcoTYrpU94HaYoetgXMbUr6nA7"},"_chains":{"BXRl+W7etbWGt24w6yQmk37E32X7952MnXBaRPjeQqlf":{"chainKey":{"counter":17,"key":"BIvL2l/SMc7luA0CXSv6hjwFj901tBUq37mX9joivL4="},"chainType":1,"messageKeys":{}}},"pendingPreKey":{"signedKeyId":1,"baseKey":"BRzhyn7b+c/qJbNQ3GZEx4bRPz8mfOl89Na6BFnrAwVg"}},"BcdT+cx10e/W8+firjxkSC3KWwbR3lyAaAiap61Mzf4h":{"registrationId":15,"currentRatchet":{"ephemeralKeyPair":{"pubKey":"BS6Uu6X1kWDK//obw/TcVGANkNLu/AWdAF4sN6aexd0q","privKey":"qKEvxJiOVUgHF7vPbxo5rzGqdc+GXlyyzJWHsMXJwWU="},"lastRemoteEphemeralKey":"BS1REoclyI/l9PpGSz7uwncNrwREbI8n1keiFkdbPmIC","previousCounter":0,"rootKey":"bostT5MJaFbazY1B48j5tvCceR464XLhOoIvt7K270s="},"indexInfo":{"baseKey":"BcdT+cx10e/W8+firjxkSC3KWwbR3lyAaAiap61Mzf4h","baseKeyType":1,"closed":1703168049273,"used":1703168046466,"created":1703168046466,"remoteIdentityKey":"BVECk7Ea/aYnLPuu6VwcoTYrpU94HaYoetgXMbUr6nA7"},"_chains":{"BS6Uu6X1kWDK//obw/TcVGANkNLu/AWdAF4sN6aexd0q":{"chainKey":{"counter":-1,"key":"gBh1kT9fnUEsgpx1dsySeXqoM7TxkCTbY++tzdpYtOk="},"chainType":1,"messageKeys":{}}},"pendingPreKey":{"signedKeyId":1,"baseKey":"BcdT+cx10e/W8+firjxkSC3KWwbR3lyAaAiap61Mzf4h"}},"BWuohu7a/2LrRg7Xbl3EZoYur3oDYTVxqqFyktrktacX":{"registrationId":15,"currentRatchet":{"ephemeralKeyPair":{"pubKey":"BZ0NddgtZm8GUczVw4rnP3pIQkaPD30jwlTXTJKecn0B","privKey":"gHnOC7rMZ7vp/qnmfmj99amVin9RRKcIozlpGsy5WW8="},"lastRemoteEphemeralKey":"BS1REoclyI/l9PpGSz7uwncNrwREbI8n1keiFkdbPmIC","previousCounter":0,"rootKey":"7EZwEjCJWYPur40sJrQC33XrB5NOU8MJxHqrftdHkCE="},"indexInfo":{"baseKey":"BWuohu7a/2LrRg7Xbl3EZoYur3oDYTVxqqFyktrktacX","baseKeyType":1,"closed":1703168058989,"used":1703168049168,"created":1703168049168,"remoteIdentityKey":"BVECk7Ea/aYnLPuu6VwcoTYrpU94HaYoetgXMbUr6nA7"},"_chains":{"BZ0NddgtZm8GUczVw4rnP3pIQkaPD30jwlTXTJKecn0B":{"chainKey":{"counter":6,"key":"KVYCJTmLZvc1qAljuZiE143QvDdvD1Mb39/l3RmrAfo="},"chainType":1,"messageKeys":{}}},"pendingPreKey":{"signedKeyId":1,"baseKey":"BWuohu7a/2LrRg7Xbl3EZoYur3oDYTVxqqFyktrktacX"}},"BSxzru4wiSKliSe9U1U0n0kVY+tqiQ3TeoH64CX8sR9x":{"registrationId":15,"currentRatchet":{"ephemeralKeyPair":{"pubKey":"BUMRn41wq2j2S/YKMP/bULyRU4zljoz+Dyg1JLNFsLFL","privKey":"gLPY8becbmmfAucYj/ywxyLzzrI5XPoiAfLspDp/yFM="},"lastRemoteEphemeralKey":"BS1REoclyI/l9PpGSz7uwncNrwREbI8n1keiFkdbPmIC","previousCounter":0,"rootKey":"LBQDN0dC18oIBYCtPhOYu/9LTp+d1RgFOd1/XKUjBnc="},"indexInfo":{"baseKey":"BSxzru4wiSKliSe9U1U0n0kVY+tqiQ3TeoH64CX8sR9x","baseKeyType":1,"closed":1703168060374,"used":1703168058969,"created":1703168058969,"remoteIdentityKey":"BVECk7Ea/aYnLPuu6VwcoTYrpU94HaYoetgXMbUr6nA7"},"_chains":{"BUMRn41wq2j2S/YKMP/bULyRU4zljoz+Dyg1JLNFsLFL":{"chainKey":{"counter":-1,"key":"jW67OnKG1yERVa7eea2X2D6uOQZyj0RVbkLdiWwJeW4="},"chainType":1,"messageKeys":{}}},"pendingPreKey":{"signedKeyId":1,"baseKey":"BSxzru4wiSKliSe9U1U0n0kVY+tqiQ3TeoH64CX8sR9x"}},"BcktoSOdSOww0XH+ql6SHlRm9OTDu5GGoDUuoMVVpeJa":{"registrationId":15,"currentRatchet":{"ephemeralKeyPair":{"pubKey":"BQfyjfibTaepGrCVk/rYltp3AEavzACvqPZDk/sObfcY","privKey":"ALo/L9iXlVjP74CflQvvYIvrfGmnb7BjTU+i4fR/jkI="},"lastRemoteEphemeralKey":"BS1REoclyI/l9PpGSz7uwncNrwREbI8n1keiFkdbPmIC","previousCounter":0,"rootKey":"63KJ1KaVXHASJ7+r/AOXk4VT5fzn5PxUnEH211Z4P6c="},"indexInfo":{"baseKey":"BcktoSOdSOww0XH+ql6SHlRm9OTDu5GGoDUuoMVVpeJa","baseKeyType":1,"closed":1703168074376,"used":1703168060275,"created":1703168060275,"remoteIdentityKey":"BVECk7Ea/aYnLPuu6VwcoTYrpU94HaYoetgXMbUr6nA7"},"_chains":{"BQfyjfibTaepGrCVk/rYltp3AEavzACvqPZDk/sObfcY":{"chainKey":{"counter":11,"key":"ilrMMhA2BgXI3iaRAmS2VO4Xl5XwdH3in54Vv7tdSYc="},"chainType":1,"messageKeys":{}}},"pendingPreKey":{"signedKeyId":1,"baseKey":"BcktoSOdSOww0XH+ql6SHlRm9OTDu5GGoDUuoMVVpeJa"}},"BWjP4QmGGs+VFzsa1ljINcuRyFw6rtfcsz2tuwo65MYH":{"registrationId":15,"currentRatchet":{"ephemeralKeyPair":{"pubKey":"BRpyfVMLmqRlHy/5pFgVKoODCwIWUG/dyG0+PGR7ydNI","privKey":"MIt5qkf7zHZsq7ocH257jHo4Oa42G+lEsBGxcWLzaV8="},"lastRemoteEphemeralKey":"BS1REoclyI/l9PpGSz7uwncNrwREbI8n1keiFkdbPmIC","previousCounter":0,"rootKey":"Qj3l1SkwMZKPAgSVaDBCOVax59oPkJ6aNUtWM/W8wvo="},"indexInfo":{"baseKey":"BWjP4QmGGs+VFzsa1ljINcuRyFw6rtfcsz2tuwo65MYH","baseKeyType":1,"closed":1703168074627,"used":1703168074181,"created":1703168074181,"remoteIdentityKey":"BVECk7Ea/aYnLPuu6VwcoTYrpU94HaYoetgXMbUr6nA7"},"_chains":{"BRpyfVMLmqRlHy/5pFgVKoODCwIWUG/dyG0+PGR7ydNI":{"chainKey":{"counter":1,"key":"YMkeeGCQaZUBhaRbgI+fv5M9U8km3pPnybA828vW/6k="},"chainType":1,"messageKeys":{}}},"pendingPreKey":{"signedKeyId":1,"baseKey":"BWjP4QmGGs+VFzsa1ljINcuRyFw6rtfcsz2tuwo65MYH"}},"BR6/iuTE+omOJz4qEchyD4SFlw9eMbyqrmpvd5RczO4n":{"registrationId":15,"currentRatchet":{"ephemeralKeyPair":{"pubKey":"BauvOV9KhNnXZSOMdF3kY7ufWFYymCb6oRo6uKv5TORJ","privKey":"uIW90NN/bP0Cyl/qdQ+WyggrFI9tpmJBwk0PRbHYilg="},"lastRemoteEphemeralKey":"BS1REoclyI/l9PpGSz7uwncNrwREbI8n1keiFkdbPmIC","previousCounter":0,"rootKey":"xMsNGho5mFI0P3PuHoqG81Gfncj9UXKHc7zzw4GGUR0="},"indexInfo":{"baseKey":"BR6/iuTE+omOJz4qEchyD4SFlw9eMbyqrmpvd5RczO4n","baseKeyType":1,"closed":1703168081987,"used":1703168074613,"created":1703168074613,"remoteIdentityKey":"BVECk7Ea/aYnLPuu6VwcoTYrpU94HaYoetgXMbUr6nA7"},"_chains":{"BauvOV9KhNnXZSOMdF3kY7ufWFYymCb6oRo6uKv5TORJ":{"chainKey":{"counter":5,"key":"oVL4HBEnfM8R79EtjIaoiOo0ZEHWq0KgRYZx7iXzo8I="},"chainType":1,"messageKeys":{}}},"pendingPreKey":{"signedKeyId":1,"baseKey":"BR6/iuTE+omOJz4qEchyD4SFlw9eMbyqrmpvd5RczO4n"}},"Be88DUPFzRlfhpAjlkECUS1h6ZLACmqyW5o1jVgx9oZ4":{"registrationId":15,"currentRatchet":{"ephemeralKeyPair":{"pubKey":"BU2FNRZxzOEn3XFlqGKRKvglErFcH+EC3e7UudZEKfUa","privKey":"SCO1Y35RB+J5oncwzK6xaAn9hT4Qa7FFxYNvypqwFGM="},"lastRemoteEphemeralKey":"BS1REoclyI/l9PpGSz7uwncNrwREbI8n1keiFkdbPmIC","previousCounter":0,"rootKey":"jy5o4YsW7oV8cVgHSzBwVRBcvKewyALTEjxnZvBboOQ="},"indexInfo":{"baseKey":"Be88DUPFzRlfhpAjlkECUS1h6ZLACmqyW5o1jVgx9oZ4","baseKeyType":1,"closed":1703168099005,"used":1703168081879,"created":1703168081879,"remoteIdentityKey":"BVECk7Ea/aYnLPuu6VwcoTYrpU94HaYoetgXMbUr6nA7"},"_chains":{"BU2FNRZxzOEn3XFlqGKRKvglErFcH+EC3e7UudZEKfUa":{"chainKey":{"counter":14,"key":"A4nHLV6BkXQyqJguun92kqZrA1It9ONVbAD2Dl9Sy3s="},"chainType":1,"messageKeys":{}}},"pendingPreKey":{"signedKeyId":1,"baseKey":"Be88DUPFzRlfhpAjlkECUS1h6ZLACmqyW5o1jVgx9oZ4"}},"BYXRXEeYxOiq8UlIUaQuFxcNWFZlNtKFC0ul7eIIa50h":{"registrationId":15,"currentRatchet":{"ephemeralKeyPair":{"pubKey":"BVr2rhidHS9I+iuiygqsLFPk771YqSYxMkUlqKzhYShs","privKey":"aFeOYDLROSLaFlSdgE9sh7O0LfxGrLPMguDw74QTN1Y="},"lastRemoteEphemeralKey":"BS1REoclyI/l9PpGSz7uwncNrwREbI8n1keiFkdbPmIC","previousCounter":0,"rootKey":"L+I93Nn5t3dm4q2DXVgkP4w8pl8JC0OQbkkrCXUD6ZI="},"indexInfo":{"baseKey":"BYXRXEeYxOiq8UlIUaQuFxcNWFZlNtKFC0ul7eIIa50h","baseKeyType":1,"closed":1703168101783,"used":1703168098786,"created":1703168098786,"remoteIdentityKey":"BVECk7Ea/aYnLPuu6VwcoTYrpU94HaYoetgXMbUr6nA7"},"_chains":{"BVr2rhidHS9I+iuiygqsLFPk771YqSYxMkUlqKzhYShs":{"chainKey":{"counter":3,"key":"4JBhYnmbgd/j8FQ4SkemkODuJMb2v6QOWUvHLTNzkwk="},"chainType":1,"messageKeys":{}}},"pendingPreKey":{"signedKeyId":1,"baseKey":"BYXRXEeYxOiq8UlIUaQuFxcNWFZlNtKFC0ul7eIIa50h"}},"BbOVVhLHPF/RUez9vtUSS5sESVaBgUtHrRr6aIg9wPde":{"registrationId":15,"currentRatchet":{"ephemeralKeyPair":{"pubKey":"BR1vFSKg4CtBmeHhcbaNDgTe/OYVgU3/WjKRpfe9oNkH","privKey":"+Bq3RuNgECikd7ts3GTJkjRTjgs+5gUl7KSM1MW3In0="},"lastRemoteEphemeralKey":"BS1REoclyI/l9PpGSz7uwncNrwREbI8n1keiFkdbPmIC","previousCounter":0,"rootKey":"XKRnbSgBxgZ4DhOzVKBdThkaI9e/ok7sXc2i5zyvUxs="},"indexInfo":{"baseKey":"BbOVVhLHPF/RUez9vtUSS5sESVaBgUtHrRr6aIg9wPde","baseKeyType":1,"closed":1703168118840,"used":1703168101767,"created":1703168101767,"remoteIdentityKey":"BVECk7Ea/aYnLPuu6VwcoTYrpU94HaYoetgXMbUr6nA7"},"_chains":{"BR1vFSKg4CtBmeHhcbaNDgTe/OYVgU3/WjKRpfe9oNkH":{"chainKey":{"counter":10,"key":"AcO0uQrVFTUYZQ40T6dSRORr5beNvvC4r5U9Gvu9ffk="},"chainType":1,"messageKeys":{}}},"pendingPreKey":{"signedKeyId":1,"baseKey":"BbOVVhLHPF/RUez9vtUSS5sESVaBgUtHrRr6aIg9wPde"}},"BW6DvIyeaPc+GBDmLo2GCaTqZsIxCTudyvTFYmHXiuVu":{"registrationId":15,"currentRatchet":{"ephemeralKeyPair":{"pubKey":"BeNOx1jNjx3JtTziB+TEhtwATmqg74X4VQPqthtz6clA","privKey":"CJmO8PodkyS9z6TscUOBPckAiOsnWHLHF+z655SwMng="},"lastRemoteEphemeralKey":"BS1REoclyI/l9PpGSz7uwncNrwREbI8n1keiFkdbPmIC","previousCounter":0,"rootKey":"rRV2+Kg0VW4EWYw297ki/oo+EQ48pIFoHlq8xveqNKg="},"indexInfo":{"baseKey":"BW6DvIyeaPc+GBDmLo2GCaTqZsIxCTudyvTFYmHXiuVu","baseKeyType":1,"closed":1703168124967,"used":1703168117639,"created":1703168117639,"remoteIdentityKey":"BVECk7Ea/aYnLPuu6VwcoTYrpU94HaYoetgXMbUr6nA7"},"_chains":{"BeNOx1jNjx3JtTziB+TEhtwATmqg74X4VQPqthtz6clA":{"chainKey":{"counter":0,"key":"YLRHDt6dKmAzhhtOCxtVY4U6V8A6s8kONoxCfoHD+KA="},"chainType":1,"messageKeys":{}}},"pendingPreKey":{"signedKeyId":1,"baseKey":"BW6DvIyeaPc+GBDmLo2GCaTqZsIxCTudyvTFYmHXiuVu"}},"BdMD4LCPPoCrPG0acdidex7iWJgBh9v4Q0vEUylF8JQA":{"registrationId":15,"currentRatchet":{"ephemeralKeyPair":{"pubKey":"BftYF+kMRyFDBJMqbb0woaWnsqIpOkmLUpXHK/bDpso7","privKey":"CED/fUtaiYv2zNZZdIwD+OxOcJwwaoZHV2PfpDDNB3A="},"lastRemoteEphemeralKey":"BS1REoclyI/l9PpGSz7uwncNrwREbI8n1keiFkdbPmIC","previousCounter":0,"rootKey":"y2V5LQiiUhNMwkX5LQslovgUyOi0UGT+3phJhXXMod4="},"indexInfo":{"baseKey":"BdMD4LCPPoCrPG0acdidex7iWJgBh9v4Q0vEUylF8JQA","baseKeyType":1,"closed":1703168147996,"used":1703168124691,"created":1703168124691,"remoteIdentityKey":"BVECk7Ea/aYnLPuu6VwcoTYrpU94HaYoetgXMbUr6nA7"},"_chains":{"BftYF+kMRyFDBJMqbb0woaWnsqIpOkmLUpXHK/bDpso7":{"chainKey":{"counter":17,"key":"1KnWKRK9Ptqo5E41gKBRd6EOK5YvE/NscPUgvXN43Z8="},"chainType":1,"messageKeys":{}}},"pendingPreKey":{"signedKeyId":1,"baseKey":"BdMD4LCPPoCrPG0acdidex7iWJgBh9v4Q0vEUylF8JQA"}},"BfdeuWIrD1fIOlFkfgtiYDJroGn6dFpUI1nqYXxssXIc":{"registrationId":15,"currentRatchet":{"ephemeralKeyPair":{"pubKey":"BQpDiO/9mXRw4+xTt2JbgPybgwT5RMq+1to71ven894M","privKey":"oEiy1lRBw3HstJEX6Wa4/3nrUsI2ZgomQbGyv4mSNUg="},"lastRemoteEphemeralKey":"BS1REoclyI/l9PpGSz7uwncNrwREbI8n1keiFkdbPmIC","previousCounter":0,"rootKey":"3pZAKTkxHJqFV4vN91wVV525OhxeStb7DcqcdXgUk04="},"indexInfo":{"baseKey":"BfdeuWIrD1fIOlFkfgtiYDJroGn6dFpUI1nqYXxssXIc","baseKeyType":1,"closed":1703168180492,"used":1703168146975,"created":1703168146975,"remoteIdentityKey":"BVECk7Ea/aYnLPuu6VwcoTYrpU94HaYoetgXMbUr6nA7"},"_chains":{"BQpDiO/9mXRw4+xTt2JbgPybgwT5RMq+1to71ven894M":{"chainKey":{"counter":23,"key":"I7dacoUY04djMp829MIZVTodYpK4KDDfr17gySSXKFE="},"chainType":1,"messageKeys":{}}},"pendingPreKey":{"signedKeyId":1,"baseKey":"BfdeuWIrD1fIOlFkfgtiYDJroGn6dFpUI1nqYXxssXIc"}},"BdnQKFl69v9FCXl2eiR65svIn3ffquEG32Uy+4AV/6Zn":{"registrationId":15,"currentRatchet":{"ephemeralKeyPair":{"pubKey":"BVjZbdItgnaf2sqnQbPx4DWjMZOS8FeBXh6fwVcz4tkR","privKey":"IDQemic7lnbYw63RWcpV/pQzJ5bGmXoL9GS3G8HkAWM="},"lastRemoteEphemeralKey":"BS1REoclyI/l9PpGSz7uwncNrwREbI8n1keiFkdbPmIC","previousCounter":0,"rootKey":"ailycyfS96Z3/7wZ0hGgU0lybrzJeXkb1DV/wmkIfyI="},"indexInfo":{"baseKey":"BdnQKFl69v9FCXl2eiR65svIn3ffquEG32Uy+4AV/6Zn","baseKeyType":1,"closed":1703168184970,"used":1703168180466,"created":1703168180466,"remoteIdentityKey":"BVECk7Ea/aYnLPuu6VwcoTYrpU94HaYoetgXMbUr6nA7"},"_chains":{"BVjZbdItgnaf2sqnQbPx4DWjMZOS8FeBXh6fwVcz4tkR":{"chainKey":{"counter":4,"key":"XCEERqUAiknOUJnrJvbZOBtNzAQA5wMd88fxgEYSsAY="},"chainType":1,"messageKeys":{}}},"pendingPreKey":{"signedKeyId":1,"baseKey":"BdnQKFl69v9FCXl2eiR65svIn3ffquEG32Uy+4AV/6Zn"}},"BfE94IwuA/EDZ2Tuz7+xpiEo7ybZSzCVKfYRXfjaYRNM":{"registrationId":15,"currentRatchet":{"ephemeralKeyPair":{"pubKey":"BcERCYXnhEkaAzhdz49zE0aUJxXvvYAQ6jDR6FxAP3Qt","privKey":"YMQug/MqakRbeniwgqBH/DEvku8XNCUM0+Pfe7TYq3g="},"lastRemoteEphemeralKey":"BS1REoclyI/l9PpGSz7uwncNrwREbI8n1keiFkdbPmIC","previousCounter":0,"rootKey":"T9pf3tWNIQMUC+phsqFWwmEC6VYYPGt34Y7mrRWR1AY="},"indexInfo":{"baseKey":"BfE94IwuA/EDZ2Tuz7+xpiEo7ybZSzCVKfYRXfjaYRNM","baseKeyType":1,"closed":1703168185370,"used":1703168184966,"created":1703168184966,"remoteIdentityKey":"BVECk7Ea/aYnLPuu6VwcoTYrpU94HaYoetgXMbUr6nA7"},"_chains":{"BcERCYXnhEkaAzhdz49zE0aUJxXvvYAQ6jDR6FxAP3Qt":{"chainKey":{"counter":0,"key":"yiTQqITt3sKt7A5QFVNEzss87z8VSvabNfGdzpQFPCw="},"chainType":1,"messageKeys":{}}},"pendingPreKey":{"signedKeyId":1,"baseKey":"BfE94IwuA/EDZ2Tuz7+xpiEo7ybZSzCVKfYRXfjaYRNM"}},"BbLUDZl6XbLxEO/pscvwYEyt0lx/Dw3A2FbuzW3/KPMd":{"registrationId":15,"currentRatchet":{"ephemeralKeyPair":{"pubKey":"BSJPMj5hCoDiBs6/nDqbZwlIKeTGCqtdOq+EkUh3EXA8","privKey":"QL0Eitqa6EhXBwwnQZNd34jpImciOtAjlNRAdOE9VHc="},"lastRemoteEphemeralKey":"BS1REoclyI/l9PpGSz7uwncNrwREbI8n1keiFkdbPmIC","previousCounter":0,"rootKey":"K8U7q2l68vRvSqDBtxKNf2Zfjw1hYaTGFEYCh5jFmDc="},"indexInfo":{"baseKey":"BbLUDZl6XbLxEO/pscvwYEyt0lx/Dw3A2FbuzW3/KPMd","baseKeyType":1,"closed":1703168189970,"used":1703168185270,"created":1703168185270,"remoteIdentityKey":"BVECk7Ea/aYnLPuu6VwcoTYrpU94HaYoetgXMbUr6nA7"},"_chains":{"BSJPMj5hCoDiBs6/nDqbZwlIKeTGCqtdOq+EkUh3EXA8":{"chainKey":{"counter":2,"key":"0WmeMLa+FI85oPPjWdMrKN51i16W+ZZbWcrt21hJXjc="},"chainType":1,"messageKeys":{}}},"pendingPreKey":{"signedKeyId":1,"baseKey":"BbLUDZl6XbLxEO/pscvwYEyt0lx/Dw3A2FbuzW3/KPMd"}},"BRTRdemxdAzEazCOEJHzAAwxwI7lI7a2A8vGESWWdmR1":{"registrationId":15,"currentRatchet":{"ephemeralKeyPair":{"pubKey":"BdQrdfK4Za5HkeneUqEO7TlT9qaRNNkCr8xWlOAZFT5n","privKey":"ON+r8rRvujYGAE0ChpjetDAt1W0rR2WHLvyZ7/qHKXU="},"lastRemoteEphemeralKey":"BS1REoclyI/l9PpGSz7uwncNrwREbI8n1keiFkdbPmIC","previousCounter":0,"rootKey":"iOCO1Ox21LPHJmzllsTXhlKv/JUjJ0Ej+iIyhv5ms98="},"indexInfo":{"baseKey":"BRTRdemxdAzEazCOEJHzAAwxwI7lI7a2A8vGESWWdmR1","baseKeyType":1,"closed":1703168195584,"used":1703168189671,"created":1703168189671,"remoteIdentityKey":"BVECk7Ea/aYnLPuu6VwcoTYrpU94HaYoetgXMbUr6nA7"},"_chains":{"BdQrdfK4Za5HkeneUqEO7TlT9qaRNNkCr8xWlOAZFT5n":{"chainKey":{"counter":4,"key":"O69CQ0nNXnUGa/VG4x91Y7Jsf60iNv/KG7rG2URM84M="},"chainType":1,"messageKeys":{}}},"pendingPreKey":{"signedKeyId":1,"baseKey":"BRTRdemxdAzEazCOEJHzAAwxwI7lI7a2A8vGESWWdmR1"}},"BRwXu9ukYZwPcGnHaJoHLM41WXkF1Ut+Tw9VK+e2D3MS":{"registrationId":15,"currentRatchet":{"ephemeralKeyPair":{"pubKey":"BUU3RoHvRukfih9BUpad/McR7uMPbnJ++Lts+xylMg15","privKey":"QARXFe/mORBRmbW610P8t3wYCxNvJ2qIY8UHqVPfqG0="},"lastRemoteEphemeralKey":"BS1REoclyI/l9PpGSz7uwncNrwREbI8n1keiFkdbPmIC","previousCounter":0,"rootKey":"VQJss4PpM9mYUsDsLAuQ2y0DN1gH+rwkS+uqNNpvFKM="},"indexInfo":{"baseKey":"BRwXu9ukYZwPcGnHaJoHLM41WXkF1Ut+Tw9VK+e2D3MS","baseKeyType":1,"closed":1703168197578,"used":1703168195471,"created":1703168195471,"remoteIdentityKey":"BVECk7Ea/aYnLPuu6VwcoTYrpU94HaYoetgXMbUr6nA7"},"_chains":{"BUU3RoHvRukfih9BUpad/McR7uMPbnJ++Lts+xylMg15":{"chainKey":{"counter":1,"key":"sbfkkXdfFs9WpJrofvbwioT/MyAEYZIMRUecSwXzjdo="},"chainType":1,"messageKeys":{}}},"pendingPreKey":{"signedKeyId":1,"baseKey":"BRwXu9ukYZwPcGnHaJoHLM41WXkF1Ut+Tw9VK+e2D3MS"}},"Bcn5/Y2dYUVNti5QeRVfwCW1r56sEtQ9xIEFJ+IZwJsu":{"registrationId":15,"currentRatchet":{"ephemeralKeyPair":{"pubKey":"Bd2zWceOIriCpW55WB+nFK7g+G7XvdYgK8Fq9SQQ31kP","privKey":"cOGQww5K+LBxgRz7Z+mz4QhZeY+b5LpZg1YMZtZIC10="},"lastRemoteEphemeralKey":"BS1REoclyI/l9PpGSz7uwncNrwREbI8n1keiFkdbPmIC","previousCounter":0,"rootKey":"dPIodXEQW7ixz+jlTxbKRoEyRGjk9Nf/tM6W84WY480="},"indexInfo":{"baseKey":"Bcn5/Y2dYUVNti5QeRVfwCW1r56sEtQ9xIEFJ+IZwJsu","baseKeyType":1,"closed":1703168200784,"used":1703168197492,"created":1703168197492,"remoteIdentityKey":"BVECk7Ea/aYnLPuu6VwcoTYrpU94HaYoetgXMbUr6nA7"},"_chains":{"Bd2zWceOIriCpW55WB+nFK7g+G7XvdYgK8Fq9SQQ31kP":{"chainKey":{"counter":3,"key":"AfyTm7cZ1v3aK0yyzcN+EPEznjTD5bVyumRToTRUvdI="},"chainType":1,"messageKeys":{}}},"pendingPreKey":{"signedKeyId":1,"baseKey":"Bcn5/Y2dYUVNti5QeRVfwCW1r56sEtQ9xIEFJ+IZwJsu"}},"BRCJcVq4kn4NRjIgn9n4U1j0GlPj+UguiGRDlKXuvLlF":{"registrationId":15,"currentRatchet":{"ephemeralKeyPair":{"pubKey":"BY3jM5oKZ0S7pUN9FWFZsrtjZ38bMa8rkmPVU36bNpBu","privKey":"OEtym3/qbwuCkIGnaIZ0oS49pbWh1Swvm0+twEyQuEU="},"lastRemoteEphemeralKey":"BS1REoclyI/l9PpGSz7uwncNrwREbI8n1keiFkdbPmIC","previousCounter":0,"rootKey":"jOMkvpSccnt6QA+5Sd/yO6BzwdUpa5/uZ2gKP+t9B4M="},"indexInfo":{"baseKey":"BRCJcVq4kn4NRjIgn9n4U1j0GlPj+UguiGRDlKXuvLlF","baseKeyType":1,"closed":-1,"used":1703168200760,"created":1703168200760,"remoteIdentityKey":"BVECk7Ea/aYnLPuu6VwcoTYrpU94HaYoetgXMbUr6nA7"},"_chains":{"BY3jM5oKZ0S7pUN9FWFZsrtjZ38bMa8rkmPVU36bNpBu":{"chainKey":{"counter":14,"key":"KtzyuAoDwcQNciS5/G+Zo1brPvFIn7w3sEEASUHBJCI="},"chainType":1,"messageKeys":{}}},"pendingPreKey":{"signedKeyId":1,"baseKey":"BRCJcVq4kn4NRjIgn9n4U1j0GlPj+UguiGRDlKXuvLlF"}}},"version":"v1"}