{"_sessions":{"BdJoIfMZvhDt+WqasVIvP6UooGhOUmIgTNB5yCe4QBt9":{"registrationId":339891364,"currentRatchet":{"ephemeralKeyPair":{"pubKey":"BRVTU1y375opOb6brXKj4/N4ngfPmc4sfddZpEUVKRJs","privKey":"yJsgY3fkb0nF0sBfILwy+ugVsXAtFNhoN2N9stQV6nk="},"lastRemoteEphemeralKey":"BUkSA7FDVKsSMvZqVREabT9aGFRlKYuSDKZ13YEz9Oka","previousCounter":0,"rootKey":"JaXnoq9ydGk3LjID22YHnKg7gtmEVUzOa55vb4rgCOU="},"indexInfo":{"baseKey":"BdJoIfMZvhDt+WqasVIvP6UooGhOUmIgTNB5yCe4QBt9","baseKeyType":2,"closed":-1,"used":1703173339894,"created":1703173339894,"remoteIdentityKey":"Bcwp09SIsr67M/NRNwh36NqxFANeaXLS3uVkvG5IZPIg"},"_chains":{"BUkSA7FDVKsSMvZqVREabT9aGFRlKYuSDKZ13YEz9Oka":{"chainKey":{"counter":3,"key":"+IBhdxD8Q6f6xxrtQbfovgCGMPzuWrak8uuLZ6vjZj8="},"chainType":2,"messageKeys":{}},"BRVTU1y375opOb6brXKj4/N4ngfPmc4sfddZpEUVKRJs":{"chainKey":{"counter":-1,"key":"xIYQ+Ioj5/6Oq1kmxSEA473Th8YuA4a4iPrYArHE2Os="},"chainType":1,"messageKeys":{}}}}},"version":"v1"}