{"_sessions":{"BTalwUQeasZ3fl/Gu6r/WvqO4MXvBt0M8VqCo61X7pki":{"registrationId":13658,"currentRatchet":{"ephemeralKeyPair":{"pubKey":"Bfj1g9FOAE2ILt4paFHhfvZyQh36ihgn/UsnXpyxbNZg","privKey":"0Ku+YZD4JLPYmEypDyLzjRljdh4mK0Mkk52VvDJ0bEw="},"lastRemoteEphemeralKey":"BUj6M+YKDofgRkWaW9mJAnBVP9ck04f3TfJTkFihxic4","previousCounter":0,"rootKey":"W7wy6XW/oHYyzRtrTC4kudZ8VkjXvxZZ1qnuysbJ6YY="},"indexInfo":{"baseKey":"BTalwUQeasZ3fl/Gu6r/WvqO4MXvBt0M8VqCo61X7pki","baseKeyType":1,"closed":1703166313572,"used":1703166313351,"created":1703166313351,"remoteIdentityKey":"BeLzcXm3TSH/rAyZnSCXMm0GRY/IN7/pZBguiiS9pSRc"},"_chains":{"Bfj1g9FOAE2ILt4paFHhfvZyQh36ihgn/UsnXpyxbNZg":{"chainKey":{"counter":0,"key":"ILp5u+QlZRsDJarYGciJ6IVGWKvjJLLEOYpY7UrJzlY="},"chainType":1,"messageKeys":{}}},"pendingPreKey":{"signedKeyId":1,"baseKey":"BTalwUQeasZ3fl/Gu6r/WvqO4MXvBt0M8VqCo61X7pki","preKeyId":94}},"Bb+MiFgrg4pHlpEAf+ax2KG90KT93mEIpCzeMhcj3T0p":{"registrationId":13658,"currentRatchet":{"ephemeralKeyPair":{"pubKey":"BVdRTrZ+HXJAlDAd1M2KC9QOjJsJwssZbeMihJ/erW0E","privKey":"AERdqs/6eWXylBOVSxJSZeI6+5CgzLA0DjsdleFlHWw="},"lastRemoteEphemeralKey":"BUj6M+YKDofgRkWaW9mJAnBVP9ck04f3TfJTkFihxic4","previousCounter":0,"rootKey":"r91vGVz8JcBzx5YRmrJS2+3yQjBpq0aoPVdIE76EhfI="},"indexInfo":{"baseKey":"Bb+MiFgrg4pHlpEAf+ax2KG90KT93mEIpCzeMhcj3T0p","baseKeyType":1,"closed":-1,"used":1703166313562,"created":1703166313562,"remoteIdentityKey":"BeLzcXm3TSH/rAyZnSCXMm0GRY/IN7/pZBguiiS9pSRc"},"_chains":{"BVdRTrZ+HXJAlDAd1M2KC9QOjJsJwssZbeMihJ/erW0E":{"chainKey":{"counter":883,"key":"U9piyAijmeb77F1z+lEHT3ZCNUDcbwulNaXdkq9LZ3Q="},"chainType":1,"messageKeys":{}}},"pendingPreKey":{"signedKeyId":1,"baseKey":"Bb+MiFgrg4pHlpEAf+ax2KG90KT93mEIpCzeMhcj3T0p","preKeyId":184}}},"version":"v1"}