{"_sessions":{"BUUuP9/qXNBAM6SRyZWqSMtl5j8E6CG1fuq4ZiGiEyow":{"registrationId":1494002902,"currentRatchet":{"ephemeralKeyPair":{"pubKey":"BYCPmveQ9xcvffpymZ2AoPlm2DQumzQEZY/gS5n5q2R8","privKey":"GPHzhLP4giAbdtqs1K04YwriK5OfBaKK5XUGPEbAFkk="},"lastRemoteEphemeralKey":"BegD1x4J/86is62+PA+4ZJkg7kvUF3/sEWopHxFRHiws","previousCounter":0,"rootKey":"i7hfOpatpwiuuK7u/toXtfYeaTfTqEF0yvPxGJOeF8Y="},"indexInfo":{"baseKey":"BUUuP9/qXNBAM6SRyZWqSMtl5j8E6CG1fuq4ZiGiEyow","baseKeyType":1,"closed":-1,"used":1703079001572,"created":1703079001572,"remoteIdentityKey":"Bb+kNYettpDmFazHPHSjxRp3tBXycweRr/2ASUQxmqZH"},"_chains":{"BYCPmveQ9xcvffpymZ2AoPlm2DQumzQEZY/gS5n5q2R8":{"chainKey":{"counter":1,"key":"NLGLJuEDNx58s9b/kXSbTnK+3M0J89PmCzT8Q9m3ijY="},"chainType":1,"messageKeys":{}}},"pendingPreKey":{"signedKeyId":0,"baseKey":"BUUuP9/qXNBAM6SRyZWqSMtl5j8E6CG1fuq4ZiGiEyow"}}},"version":"v1"}