{"_sessions":{"BW5SHADRwmUkFolLUYBFN00elFaoYpU1kqilrS6z0xlu":{"registrationId":9061,"currentRatchet":{"ephemeralKeyPair":{"pubKey":"BZZRVJw6XLQVp5ktJCtNdEb5o8alEtNx2eGK1S3xOShV","privKey":"EGvwNLENDbqKG3oNN0ZYBqr7GOq/B3/kAV6IeqPb8GY="},"lastRemoteEphemeralKey":"BVYfXZooNCMh6GqLlyLFkqK6UtWT1iERjDpE7mW2Ho5y","previousCounter":0,"rootKey":"8XYqe+ZXlGU8/8Qlz91V1a7m7BDQRCzp4gyafd25POE="},"indexInfo":{"baseKey":"BW5SHADRwmUkFolLUYBFN00elFaoYpU1kqilrS6z0xlu","baseKeyType":1,"closed":1703166313569,"used":1703166313348,"created":1703166313348,"remoteIdentityKey":"BV0n6Snv36XQGyQv989M3UdQzSJzUXcuEdPT9XP8HRs5"},"_chains":{"BZZRVJw6XLQVp5ktJCtNdEb5o8alEtNx2eGK1S3xOShV":{"chainKey":{"counter":0,"key":"ZPtBVRvEumPcCmnR30m+OuCmsnx0eY+WchACXYUYU5Q="},"chainType":1,"messageKeys":{}}},"pendingPreKey":{"signedKeyId":1,"baseKey":"BW5SHADRwmUkFolLUYBFN00elFaoYpU1kqilrS6z0xlu","preKeyId":339}},"BaRt20j+KZ28SX+/gxsZ7/Yf6tLiHZBWVKnimyafFo4d":{"registrationId":9061,"currentRatchet":{"ephemeralKeyPair":{"pubKey":"BeNyiC37UIz/9N9CaB/6zqKFkUVT9WIiV9Aly0wEDoxa","privKey":"SGCiQ/0vbTJm1upq1/BWhHKTkgM3R6U9xPICP/cYOlM="},"lastRemoteEphemeralKey":"BVYfXZooNCMh6GqLlyLFkqK6UtWT1iERjDpE7mW2Ho5y","previousCounter":0,"rootKey":"PVWQ2mzNpNdOQK0ViJSe8qBl69mebizzxHpvlUpFZzo="},"indexInfo":{"baseKey":"BaRt20j+KZ28SX+/gxsZ7/Yf6tLiHZBWVKnimyafFo4d","baseKeyType":1,"closed":-1,"used":1703166313554,"created":1703166313554,"remoteIdentityKey":"BV0n6Snv36XQGyQv989M3UdQzSJzUXcuEdPT9XP8HRs5"},"_chains":{"BeNyiC37UIz/9N9CaB/6zqKFkUVT9WIiV9Aly0wEDoxa":{"chainKey":{"counter":883,"key":"deQlm2blt1lvQx/XmjfQNRiY/SaqEXToJhOuEjpCJT8="},"chainType":1,"messageKeys":{}}},"pendingPreKey":{"signedKeyId":1,"baseKey":"BaRt20j+KZ28SX+/gxsZ7/Yf6tLiHZBWVKnimyafFo4d","preKeyId":380}}},"version":"v1"}