{"_sessions":{"Bd4o91a61K8V9hX1BoAFFVDLjrqk1eraaI7VLuB1t2Jr":{"registrationId":10387,"currentRatchet":{"ephemeralKeyPair":{"pubKey":"BX2WzCoiqkrcxpfwh0wT0WOd3GrWvQJWSn4PrGldSkd+","privKey":"cBOAdMvAJqk+kSCimzR7Rh67KtTpGm4xnvxSv7YtOFA="},"lastRemoteEphemeralKey":"BWevBU0XvY/gLahFuN+jyGZIy41xBCs7whsaztCTn6ZI","previousCounter":0,"rootKey":"DFqzbgflcUv3zNLgMNyUPnNJU31kIsjKCuKCY2jXPEM="},"indexInfo":{"baseKey":"Bd4o91a61K8V9hX1BoAFFVDLjrqk1eraaI7VLuB1t2Jr","baseKeyType":1,"closed":-1,"used":1703079064850,"created":1703079064850,"remoteIdentityKey":"BTkJhY2D/QrhH2v/dASNz0hio6MK4RGHT8Vuad79r/JT"},"_chains":{"BX2WzCoiqkrcxpfwh0wT0WOd3GrWvQJWSn4PrGldSkd+":{"chainKey":{"counter":2,"key":"9kcy8iKlz/wbTNAewJqelRTW9Y8KxnqRBIxeiCzFAKY="},"chainType":1,"messageKeys":{}}},"pendingPreKey":{"signedKeyId":1,"baseKey":"Bd4o91a61K8V9hX1BoAFFVDLjrqk1eraaI7VLuB1t2Jr","preKeyId":543}}},"version":"v1"}