{"_sessions":{"BTojhuz+jOyffNPiAU4G0gFSXdRH5Yrs3fpTRxbOco0C":{"registrationId":1327363859,"currentRatchet":{"ephemeralKeyPair":{"pubKey":"BUBbgIrvqZ3Q0q3ILlIMVS9ukOPukApsfqSb9GS+sRQ8","privKey":"KMlouD115HHqwnf02zx59FPW7psm6EcvuESa+a8grUQ="},"lastRemoteEphemeralKey":"BZ0fsLPkbQuhulus4feuwC4asbSI2+yPDVTmKAAwkNZz","previousCounter":0,"rootKey":"V8mU86nkAbXeY4ooZkaTwYPdwp9Y6H8wu23b42QZQP0="},"indexInfo":{"baseKey":"BTojhuz+jOyffNPiAU4G0gFSXdRH5Yrs3fpTRxbOco0C","baseKeyType":2,"closed":-1,"used":1703076975663,"created":1703076975663,"remoteIdentityKey":"BbWeNZQhm+URuRRwxa1VwHBdHtirbSAG9SgjVZjVslVV"},"_chains":{"BZ0fsLPkbQuhulus4feuwC4asbSI2+yPDVTmKAAwkNZz":{"chainKey":{"counter":3,"key":"7leWXddpCvk3Q18fZrGhCpLt4hjj0l2NJURAKR5cPzM="},"chainType":2,"messageKeys":{}},"BUBbgIrvqZ3Q0q3ILlIMVS9ukOPukApsfqSb9GS+sRQ8":{"chainKey":{"counter":-1,"key":"/78rLU1QGxnJ1EaOayCvh2cWERpx0hhOE1mxBQzZL0I="},"chainType":1,"messageKeys":{}}}}},"version":"v1"}