{"_sessions":{"BRfDRiHjDdRv8uq5hzm1WFQQxpGINC+L/dcchEGkSpIo":{"registrationId":832613281,"currentRatchet":{"ephemeralKeyPair":{"pubKey":"BXa1a/Vh9MYMp6PWYpo1TJLMqpP0qxUaGPlToKUZjrJe","privKey":"YDtsCRZX7eCqf8h50oEhiJc69tDesXE43FC+72TOkFc="},"lastRemoteEphemeralKey":"BbHgq/Bov+n6feZZnXbN8eCYzeN9SReeffnBLoTqJPE+","previousCounter":0,"rootKey":"pPzncVw4dWUwF06xgEkSmWgKNVgT10AxkZHvN99uJIo="},"indexInfo":{"baseKey":"BRfDRiHjDdRv8uq5hzm1WFQQxpGINC+L/dcchEGkSpIo","baseKeyType":1,"closed":-1,"used":1703079052987,"created":1703079045704,"remoteIdentityKey":"BYAoc+TiLcS/DOuZgXZjJzvNCX8HjuNScPfzxAA11YkR"},"_chains":{"BbHgq/Bov+n6feZZnXbN8eCYzeN9SReeffnBLoTqJPE+":{"chainKey":{"counter":1,"key":"80K/wmeazliHDpBOZhnF2GZywWE+YLSnvBhOgHVHo5o="},"chainType":2,"messageKeys":{}},"BXa1a/Vh9MYMp6PWYpo1TJLMqpP0qxUaGPlToKUZjrJe":{"chainKey":{"counter":0,"key":"NW8jY0NO/6h0Ha9tM8dLfCSQdl6IMbqj7ueibvwgDOg="},"chainType":1,"messageKeys":{}}}}},"version":"v1"}