{"_sessions":{"BaAwahAQ54o4JH+lYZtu+sSGrWWXGz1/uoVCPJ16T3Ip":{"registrationId":1068235229,"currentRatchet":{"ephemeralKeyPair":{"pubKey":"BfRgsUz6NM4CR6S+hI2H/N8rFv65X0MXDGU+L+JqHN10","privKey":"KASnf4pmnU3lGV2YY4Zpyc9/GUY5RMk3sbggP3Ksh00="},"lastRemoteEphemeralKey":"BZgJLS4cNrU27nLxMqfEeSjKENvWd+UTS0vgazhNCx45","previousCounter":0,"rootKey":"+/j+/Ht18X/Z16dhTElToT9cFRmv+FR8vziE2FxoKmM="},"indexInfo":{"baseKey":"BaAwahAQ54o4JH+lYZtu+sSGrWWXGz1/uoVCPJ16T3Ip","baseKeyType":2,"closed":-1,"used":1703172718639,"created":1703172718639,"remoteIdentityKey":"BSdM5qBnwbUANAua3103OFUNKJHxSchyeuYliJhALTkV"},"_chains":{"BZgJLS4cNrU27nLxMqfEeSjKENvWd+UTS0vgazhNCx45":{"chainKey":{"counter":0,"key":"wvg8CxCaonbfGgRQGZ3ar+gm5jv+70RL4IN8rcdKAnw="},"chainType":2,"messageKeys":{}},"BfRgsUz6NM4CR6S+hI2H/N8rFv65X0MXDGU+L+JqHN10":{"chainKey":{"counter":-1,"key":"cHZ6wmHsVad+Dvx1ywYR2fh6/C2Rsv7pcggarcarXRM="},"chainType":1,"messageKeys":{}}}}},"version":"v1"}