{"_sessions":{"BZ5NzTucWvwtPIbzpEbFKGp7bYokyfjVwfDtOClBCV9F":{"registrationId":73032618,"currentRatchet":{"ephemeralKeyPair":{"pubKey":"BYoNAKTB99x4cqHG4+iRtc38SoQkJXVYPP/5TMW7b9Vr","privKey":"yFbYEQyNhSXOUhdDayUE7krI9bIV4zvRvCHOLlt7EUo="},"lastRemoteEphemeralKey":"BZyOrvjj/014opPfv6Jgd8Xd6OimSh4wnhxPtN73Kk5E","previousCounter":0,"rootKey":"LKlA06PsTvXrXQ3OEn6/ZCuUF6A5X0qyjwcyoDvkGz4="},"indexInfo":{"baseKey":"BZ5NzTucWvwtPIbzpEbFKGp7bYokyfjVwfDtOClBCV9F","baseKeyType":2,"closed":-1,"used":1703142175462,"created":1703142175462,"remoteIdentityKey":"BWAmqa7ADww3/Ve3Fn8zP7RaAO865fl4y3xpYDzCfBgP"},"_chains":{"BZyOrvjj/014opPfv6Jgd8Xd6OimSh4wnhxPtN73Kk5E":{"chainKey":{"counter":4,"key":"uwfEPwRhMeo83O6dC2GeMfezW3p04rARlEitVe8WOKc="},"chainType":2,"messageKeys":{}},"BYoNAKTB99x4cqHG4+iRtc38SoQkJXVYPP/5TMW7b9Vr":{"chainKey":{"counter":-1,"key":"CGwIcvSn/M8IgPvItXhJ+1O5HkRH1LFgWe2SBBNue/w="},"chainType":1,"messageKeys":{}}}}},"version":"v1"}