{"_sessions":{"Baf1FqWqbISUPIc6DIBR3bf/VZNuNAZJvyuQcMWk240u":{"registrationId":13391,"currentRatchet":{"ephemeralKeyPair":{"pubKey":"BTCBQONuZMoHBvIljKOqMI2aAHk5clKS2NeysUpmFjhZ","privKey":"8MkGSviaA8kDShx+lTOUyiHtOddhJYTpeyKKLg2DLWs="},"lastRemoteEphemeralKey":"BcVBKfoZ6I9JKe0CJxX6GDiBdWaA7MCjzHrF28pz9lcp","previousCounter":0,"rootKey":"L4TPpG0PteOY6mFz9NutpItZqzIrpO5ZsIWn29f+jkc="},"indexInfo":{"baseKey":"Baf1FqWqbISUPIc6DIBR3bf/VZNuNAZJvyuQcMWk240u","baseKeyType":1,"closed":-1,"used":1703079045701,"created":1703079045701,"remoteIdentityKey":"BZzIacd5Qqpkcab4yDaGzAS3pWQbdFzZGHJkXE2EjhtJ"},"_chains":{"BTCBQONuZMoHBvIljKOqMI2aAHk5clKS2NeysUpmFjhZ":{"chainKey":{"counter":1,"key":"1kAsGNa5Y1o6A4qOmMZXvlznTeYE0nxZZvTSeElUJr0="},"chainType":1,"messageKeys":{}}},"pendingPreKey":{"signedKeyId":2,"baseKey":"Baf1FqWqbISUPIc6DIBR3bf/VZNuNAZJvyuQcMWk240u","preKeyId":2437}}},"version":"v1"}