{"_sessions":{"BWor3SJP3f7Vtgi3OdKjGU81u6gfhqTDMdK1+6VoXD1p":{"registrationId":2890,"currentRatchet":{"ephemeralKeyPair":{"pubKey":"BeuFBLEzT21O7pDhOGLjS5Uj/1igyG7yxGQnfZCkdkg9","privKey":"aPaZKnKb5hEd/qijJKBDjJpqoXLLD1CEcjMLz5ZdV38="},"lastRemoteEphemeralKey":"Bahutz5mRM9ApCFDrjraJe/aOWOtEWYl4Kxjr+AJUJZF","previousCounter":0,"rootKey":"uCYDj0sFydETfEoco/IQzS0W+GXD1TdoDrRJnlZ7aEA="},"indexInfo":{"baseKey":"BWor3SJP3f7Vtgi3OdKjGU81u6gfhqTDMdK1+6VoXD1p","baseKeyType":1,"closed":-1,"used":1703079053959,"created":1703079053959,"remoteIdentityKey":"BUYVjqG7gEB/zGNDp8ieTRXbDA183uGYW9Nb9YseDz0c"},"_chains":{"BeuFBLEzT21O7pDhOGLjS5Uj/1igyG7yxGQnfZCkdkg9":{"chainKey":{"counter":2,"key":"5XnALK5xrummuR4I7Ngt6g2tl9IAm2hOBckGgMgqIFw="},"chainType":1,"messageKeys":{}}},"pendingPreKey":{"signedKeyId":1,"baseKey":"BWor3SJP3f7Vtgi3OdKjGU81u6gfhqTDMdK1+6VoXD1p","preKeyId":1914}}},"version":"v1"}