{"_sessions":{"BUt2hP4ajAtB2n1nBt1ohqsjgQacGySL4cf1ISWVzEAP":{"registrationId":192,"currentRatchet":{"ephemeralKeyPair":{"pubKey":"BVwKXxVcDIwfh1PJ75gcIUtI8VCqRNyMyRQKxaFVVKtk","privKey":"SFYTSRAh6uQFv+yaq/efvjgutniFx5DbBeLbeOfGfn0="},"lastRemoteEphemeralKey":"BSjgmmC+SFlYzcBeYgghYgEaCEKHiS+ayrd37syTxBg5","previousCounter":0,"rootKey":"4q4TSshWnk4ghyWG8GvEEuIz81ySpWbgGfnuEykeP/I="},"indexInfo":{"baseKey":"BUt2hP4ajAtB2n1nBt1ohqsjgQacGySL4cf1ISWVzEAP","baseKeyType":2,"closed":-1,"used":1703076546135,"created":1703076546135,"remoteIdentityKey":"BUXZUXFwz422S9/DkrS+0YEvieoVaHVUseQ8/4gU2Agv"},"_chains":{"BSjgmmC+SFlYzcBeYgghYgEaCEKHiS+ayrd37syTxBg5":{"chainKey":{"counter":5,"key":"zO1VrQ7SJF/tvCZqNDDzshEv+k7w6IwwIS3wchZKHHE="},"chainType":2,"messageKeys":{}},"BVwKXxVcDIwfh1PJ75gcIUtI8VCqRNyMyRQKxaFVVKtk":{"chainKey":{"counter":-1,"key":"Gx4ZLBVI9JDYd99Cys2fL91xzgpb23Jw+q941uVZrr0="},"chainType":1,"messageKeys":{}}}}},"version":"v1"}