{"_sessions":{"BRkPj7LIUsBDWWA/aWgA494I7T9asWIVJlulnzqLXiVT":{"registrationId":9042,"currentRatchet":{"ephemeralKeyPair":{"pubKey":"BbVTStJSmaLEXUQAlo8z7CSyuJJiX144k1xEDuhzop0h","privKey":"mCiq5GjzdnbpHNK/raXw2YLDK0oaQyeKFkQTWBvvKng="},"lastRemoteEphemeralKey":"BQIuSPywhnP/DG+cL5duQJ8PXO5WCIPPDj++hqeZEo5Z","previousCounter":0,"rootKey":"Hy+MM752q4NiVj5S4GJ9O1A/flv+P6kVn2HZqQIsCno="},"indexInfo":{"baseKey":"BRkPj7LIUsBDWWA/aWgA494I7T9asWIVJlulnzqLXiVT","baseKeyType":1,"closed":-1,"used":1703181730992,"created":1703181730992,"remoteIdentityKey":"BbtEZR4LUcYfnKhZVFoKF7IzB2ypTyIqm3JyyHePr3k3"},"_chains":{"BbVTStJSmaLEXUQAlo8z7CSyuJJiX144k1xEDuhzop0h":{"chainKey":{"counter":157,"key":"lGHkUfpkSG34Gsd7cgnRi1pEe9lS9JnwKR6SjZ1zxOs="},"chainType":1,"messageKeys":{}}},"pendingPreKey":{"signedKeyId":1,"baseKey":"BRkPj7LIUsBDWWA/aWgA494I7T9asWIVJlulnzqLXiVT","preKeyId":23}}},"version":"v1"}