{"_sessions":{"BR0ufyboDA5jPWwpCr5zEeII6qKQgV+qDy8EOumOoSgf":{"registrationId":1500218916,"currentRatchet":{"ephemeralKeyPair":{"pubKey":"BYt1rZ0q0opY3XSOL82N7vXnWcIu1FihqdH6umTJPFV0","privKey":"2IqysBjFSFoZcHx30yeIy1TUt5tottbNGo6h1J3Sp0I="},"lastRemoteEphemeralKey":"BeVzsrTxKh47xBEYtHIKHPMMCi8WKDrw7ucW481NdDYe","previousCounter":0,"rootKey":"tnbTYySNn4p3il78aNQ3qU5gfdyUjYM34LlCWrgFu2Y="},"indexInfo":{"baseKey":"BR0ufyboDA5jPWwpCr5zEeII6qKQgV+qDy8EOumOoSgf","baseKeyType":1,"closed":-1,"used":1703079047937,"created":1703079047937,"remoteIdentityKey":"Be22+WOc71W1q55Z2eL3zT5cXZ+ueVk0XTRxqU1fuhh5"},"_chains":{"BYt1rZ0q0opY3XSOL82N7vXnWcIu1FihqdH6umTJPFV0":{"chainKey":{"counter":1,"key":"k0SQP9Ob2mxU+aE5he5nhNuHaB7oFC6S9IlSrxLp/EY="},"chainType":1,"messageKeys":{}}},"pendingPreKey":{"signedKeyId":16,"baseKey":"BR0ufyboDA5jPWwpCr5zEeII6qKQgV+qDy8EOumOoSgf","preKeyId":7297737}}},"version":"v1"}