{"_sessions":{"BV9ZHjnTj9q7bIxF+/oHMUKH7CAMR8b7+9/QdubOMg1T":{"registrationId":116275147,"currentRatchet":{"ephemeralKeyPair":{"pubKey":"BRxH84noBQ6zPCELX1OqmcEdc3QvjbWh+t480ITRqVIl","privKey":"0DisUe9tIFX/os6Jnr8mZOXGz2G6GZLspGn9aH+Wo3U="},"lastRemoteEphemeralKey":"BZIFmJLYqa8Pb35XrK0gvn7Jf+OwXXXPl01pQgwolXEq","previousCounter":0,"rootKey":"0VugyfBHaqRstthnWS5lwGlgcGiiku+p2kVANm0/drM="},"indexInfo":{"baseKey":"BV9ZHjnTj9q7bIxF+/oHMUKH7CAMR8b7+9/QdubOMg1T","baseKeyType":2,"closed":-1,"used":1703157012851,"created":1703157012851,"remoteIdentityKey":"BQ7V90qRSeyyiRJLy0LWaWQM7q5EIxbCYdc9CgQl+cp/"},"_chains":{"BZIFmJLYqa8Pb35XrK0gvn7Jf+OwXXXPl01pQgwolXEq":{"chainKey":{"counter":0,"key":"CP1wWqHQTuPkZzt2UdDw09i7+cB5qVA8+1GHbF+kTIw="},"chainType":2,"messageKeys":{}},"BRxH84noBQ6zPCELX1OqmcEdc3QvjbWh+t480ITRqVIl":{"chainKey":{"counter":-1,"key":"VLa4TBPgGIsdO62rGBgyhxVbQKkxxuoZOOAhWDKSoUE="},"chainType":1,"messageKeys":{}}}}},"version":"v1"}