{"_sessions":{"Bfx8kNcAhqvSm9pDMvKWu12NSzInpYw3Q7YbnPcWgR51":{"registrationId":1945967568,"currentRatchet":{"ephemeralKeyPair":{"pubKey":"BeP8K2XpJAufHPqADGIIbIF8/YDovHu2pgIJdE9xwFAp","privKey":"GMQXnM7hTn1VbbM+CaxM7WbhyNQhyvHmeCYYcp7ZKGs="},"lastRemoteEphemeralKey":"BSjhS/9EcYtXv+bw8mNVnZr82ndaVjqNzybwuTunrnpQ","previousCounter":0,"rootKey":"00dU2A8mR+CwLjJMZsOLzyqhGuRD9GqLGFq13tmxOu0="},"indexInfo":{"baseKey":"Bfx8kNcAhqvSm9pDMvKWu12NSzInpYw3Q7YbnPcWgR51","baseKeyType":2,"closed":-1,"used":1703141562596,"created":1703141562596,"remoteIdentityKey":"Bef92yGAbOINRPbypVt9PCdlbvj5iLn4LiQU4u5Sv3NR"},"_chains":{"BSjhS/9EcYtXv+bw8mNVnZr82ndaVjqNzybwuTunrnpQ":{"chainKey":{"counter":0,"key":"aRM1GIcTaLe2KaUusUSw5eoGu0/A6j/yRUrCquOFJPQ="},"chainType":2,"messageKeys":{}},"BeP8K2XpJAufHPqADGIIbIF8/YDovHu2pgIJdE9xwFAp":{"chainKey":{"counter":-1,"key":"azxcqXejlGhXGLf3EjyF0b4tfWowZ8v8pHxGsGGBJwE="},"chainType":1,"messageKeys":{}}}}},"version":"v1"}