{"_sessions":{"BcdSQePw8Jpd3LhPpgsH4k+L1nDPAxcydKjR7hOiNmBP":{"registrationId":2101375754,"currentRatchet":{"ephemeralKeyPair":{"pubKey":"BeMvoEn0PQeIO++VL6LMIaUvKLrGfSQ82A1OH/N0ezg9","privKey":"wHCoICyy+8eBOjLD6QoKePFjcyvcEgepU39Ec2y8S0c="},"lastRemoteEphemeralKey":"BaAmbFIAoavJFeIeglt4aEbg1BJz7KpZANm0Ylxu3t9P","previousCounter":0,"rootKey":"zMe/L9zMvRZqS6P4yJENkpM2AzpitC34wVn5L1n7C2k="},"indexInfo":{"baseKey":"BcdSQePw8Jpd3LhPpgsH4k+L1nDPAxcydKjR7hOiNmBP","baseKeyType":2,"closed":-1,"used":1703158540898,"created":1703158540898,"remoteIdentityKey":"BWgCw4nK8CmldBL5L7kQEdYGhGfy6R6esmW1eQMXdace"},"_chains":{"BaAmbFIAoavJFeIeglt4aEbg1BJz7KpZANm0Ylxu3t9P":{"chainKey":{"counter":1,"key":"8btKX3JvULMDjaQA29PY4fP0+V6cEEHMz7YRKgtTkcM="},"chainType":2,"messageKeys":{"0":"sdW/JjeHSm75tEgKgXm7wP7iIgrMPovhF/mvNpVJIcE="}},"BeMvoEn0PQeIO++VL6LMIaUvKLrGfSQ82A1OH/N0ezg9":{"chainKey":{"counter":-1,"key":"dVDbcQj2aS1PTjAByLgLLDPgIi2FCiz8m/4e5dVFlMo="},"chainType":1,"messageKeys":{}}}}},"version":"v1"}