{"_sessions":{"BZLcPpA38CdUcUnNq12rhBin8JRS4U5dfksyKFjBgu8u":{"registrationId":408870314,"currentRatchet":{"ephemeralKeyPair":{"pubKey":"BSU3cXZVsqjlK9mWdzA0OUbtOU2wJzIN4WSWyQzAD3Md","privKey":"sE8jubfNhFX2mCWtoD/auZZ2eGvuNeVT0b3N1YrEKWk="},"lastRemoteEphemeralKey":"BU06Fjfd+7/gI7MvYQHxy56bm02OrtRYwUiLrIt8IQ1u","previousCounter":0,"rootKey":"+oD3UyZwd8KHAqGXQwNY1txXGDwTgd64w5ORjwI7AVQ="},"indexInfo":{"baseKey":"BZLcPpA38CdUcUnNq12rhBin8JRS4U5dfksyKFjBgu8u","baseKeyType":2,"closed":-1,"used":1703141562980,"created":1703141562980,"remoteIdentityKey":"BZSeqofrd1lFMczL8qUzD90JyE5AIjwGsXpWUAW/O/EK"},"_chains":{"BU06Fjfd+7/gI7MvYQHxy56bm02OrtRYwUiLrIt8IQ1u":{"chainKey":{"counter":0,"key":"bzb8fHkL3k9qTZOhl+/bgPSGRhz4JRGEFGb3fCkzIvI="},"chainType":2,"messageKeys":{}},"BSU3cXZVsqjlK9mWdzA0OUbtOU2wJzIN4WSWyQzAD3Md":{"chainKey":{"counter":-1,"key":"N5LudhwP+pHMlqqy3OB6fh6VgAPwOV6YjYyy/v6LkBM="},"chainType":1,"messageKeys":{}}}}},"version":"v1"}